user_pseudo_id,session_id,event_date,session_start,viewed_item,added_to_cart,began_checkout,added_payment,converted,device_category,os,country,region,traffic_source,traffic_medium,session_revenue,event_count,max_funnel_stage,funnel_stage_label
3468203.2989381922,8670883525,2021-01-10,1,0,0,0,0,0,mobile,iOS,India,Karnataka,<Other>,<Other>,0.0,1,1,session_only
8532290346.4500132267,3703794538,2021-01-16,1,0,0,0,0,0,desktop,Web,Chile,(not set),google,organic,0.0,1,1,session_only
6645560443.7860745725,7658374818,2021-01-12,1,1,0,0,0,0,desktop,Web,United States,California,<Other>,<Other>,0.0,2,2,view_item
5448700.7904176072,8570401818,2021-01-24,1,0,0,0,0,0,desktop,Macintosh,United States,New York,(direct),(none),0.0,1,1,session_only
3889957.3937150651,5269362325,2020-11-15,1,0,0,0,0,0,desktop,<Other>,India,Haryana,google,organic,0.0,1,1,session_only
5202605.8811439826,9539712565,2020-11-28,1,1,0,0,0,0,mobile,Web,United States,Vermont,<Other>,<Other>,0.0,2,2,view_item
38807944.2775419825,3193429475,2021-01-23,1,1,1,1,1,1,desktop,Macintosh,India,Uttar Pradesh,(data deleted),(data deleted),0.0,20,6,purchase
8687815.2855089496,3858411555,2020-12-19,1,1,1,1,1,1,desktop,Web,Bangladesh,Dhaka Division,google,cpc,39.8,18,6,purchase
83041531.0633617733,7412386227,2021-01-13,1,0,0,0,0,0,desktop,Web,United States,California,<Other>,<Other>,0.0,1,1,session_only
55570200.4023713914,5605656352,2020-12-27,1,1,1,0,0,0,mobile,iOS,United States,Texas,(direct),(none),0.0,12,3,add_to_cart
1307038.3688504236,8732346466,2021-01-05,1,1,0,0,0,0,mobile,Web,United States,Massachusetts,google,organic,0.0,2,2,view_item
43227257.7085335839,442696341,2021-01-30,1,0,0,0,0,0,desktop,<Other>,United States,North Carolina,(direct),(none),0.0,1,1,session_only
53263817.5868509099,2061495321,2020-11-13,1,1,0,1,1,1,mobile,Web,United States,Washington,<Other>,organic,0.0,10,6,purchase
77698221.3725392881,7440578465,2021-01-30,1,0,0,0,0,0,mobile,Android,India,Uttar Pradesh,<Other>,referral,0.0,1,1,session_only
59239556.9352837044,6968967554,2020-11-02,1,0,0,0,0,0,mobile,iOS,United States,Kentucky,google,cpc,0.0,1,1,session_only
7101841.8884258216,7020196515,2021-01-14,1,0,0,0,0,0,desktop,Macintosh,United States,New York,google,organic,0.0,1,1,session_only
29541414.7223524353,1393801523,2021-01-09,1,0,0,0,0,0,desktop,Web,Germany,Lower Saxony,(data deleted),(data deleted),0.0,1,1,session_only
37931608.9674266644,7760814339,2020-11-05,1,0,0,0,0,0,mobile,Android,Netherlands,North Holland,google,organic,0.0,1,1,session_only
7012652.4882388524,7009666495,2021-01-18,1,1,1,1,1,1,desktop,Web,India,Tamil Nadu,(data deleted),(data deleted),54.4,37,6,purchase
8338601.6590807440,3119654557,2021-01-18,1,0,0,0,0,0,desktop,Web,United States,Michigan,(data deleted),(data deleted),0.0,1,1,session_only
2109217.9522417623,1130030274,2020-11-14,1,0,0,0,0,0,mobile,iOS,Pakistan,Punjab,google,organic,0.0,1,1,session_only
28403059.6975007402,4388933504,2020-11-18,1,0,0,0,0,0,desktop,Macintosh,France,Auvergne-Rhone-Alpes,<Other>,referral,0.0,1,1,session_only
39194215.9343782468,368906497,2020-12-27,1,0,0,0,0,0,desktop,<Other>,United States,Texas,<Other>,referral,0.0,1,1,session_only
2248749.5754801592,7328726767,2021-01-12,1,1,0,0,0,0,desktop,Web,Taiwan,New Taipei City,google,organic,0.0,6,2,view_item
5534844.0753723357,9053649351,2020-11-18,1,0,0,0,0,0,desktop,Web,United States,(not set),shop.googlemerchandisestore.com,referral,0.0,1,1,session_only
8957119.4367225256,1200721690,2020-12-19,1,0,0,0,0,0,desktop,Web,India,Maharashtra,google,organic,0.0,1,1,session_only
58844752.6070240714,6676430616,2020-11-21,1,0,0,0,0,0,desktop,Web,Ukraine,(not set),<Other>,referral,0.0,1,1,session_only
2775425.8557083812,2052251043,2020-11-07,1,0,0,0,0,0,mobile,Web,Canada,Ontario,(direct),(none),0.0,1,1,session_only
85310430.0617882923,6928935542,2021-01-07,1,0,0,0,0,0,desktop,Web,France,Ile-de-France,<Other>,<Other>,0.0,1,1,session_only
30283883.5730704227,155284252,2021-01-12,1,0,0,0,0,0,desktop,Web,Uruguay,(not set),<Other>,<Other>,0.0,1,1,session_only
3638924459.4506626065,9682183055,2020-11-01,1,0,0,0,0,0,desktop,Web,United States,North Carolina,google,cpc,0.0,1,1,session_only
60488944.2681773057,4745686616,2021-01-04,1,0,0,0,0,0,desktop,Windows,United Kingdom,England,(direct),(none),0.0,1,1,session_only
8274431.0477770037,4873679027,2020-12-12,1,1,0,0,0,0,desktop,Web,Russia,(not set),google,organic,0.0,3,2,view_item
45008500.4913359156,669019661,2020-12-13,1,0,0,0,0,0,desktop,Web,Spain,Andalusia,google,cpc,0.0,1,1,session_only
65703460.7606989518,9632190300,2021-01-12,1,1,1,0,0,0,desktop,Windows,France,Auvergne-Rhone-Alpes,(direct),(none),0.0,25,3,add_to_cart
5112547.5852782750,742055496,2020-11-24,1,0,0,0,0,0,desktop,Web,India,West Bengal,google,cpc,0.0,1,1,session_only
84868240.4309852777,8287081599,2020-11-16,1,1,1,1,1,1,desktop,Web,France,Auvergne-Rhone-Alpes,<Other>,<Other>,58.32,22,6,purchase
78699581.6145840103,6923934802,2020-12-31,1,0,0,0,0,0,desktop,Web,United States,Iowa,(direct),(none),0.0,1,1,session_only
78275923.0724854576,2396885446,2020-11-05,1,1,0,0,0,0,mobile,Web,United Kingdom,Scotland,<Other>,<Other>,0.0,2,2,view_item
8528920.4522110657,7926348395,2020-11-09,1,0,0,0,0,0,desktop,Windows,Thailand,Bangkok,(data deleted),(data deleted),0.0,1,1,session_only
7927472.7957354770,1857491531,2020-11-09,1,1,0,0,0,0,desktop,Web,Hong Kong,(not set),google,organic,0.0,3,2,view_item
54938731.9493779961,3101378904,2021-01-12,1,0,0,0,0,0,desktop,Web,Malaysia,Selangor,<Other>,<Other>,0.0,1,1,session_only
22361387.1775832319,2774548645,2020-12-12,1,0,0,0,0,0,desktop,Windows,Russia,Moscow,google,organic,0.0,1,1,session_only
49570382.3701693309,5962243133,2021-01-22,1,0,0,0,0,0,desktop,Web,China,Zhejiang,google,organic,0.0,1,1,session_only
7679292.0278175186,6054344955,2020-12-23,1,1,1,0,0,0,desktop,Windows,France,Bourgogne-Franche-Comte,google,organic,0.0,3,3,add_to_cart
34471662.4655915632,4090432037,2020-12-29,1,0,0,0,0,0,mobile,Web,Thailand,(not set),google,organic,0.0,1,1,session_only
39424347.0583257547,4390669925,2021-01-16,1,0,0,0,0,0,desktop,Web,United States,Texas,google,cpc,0.0,1,1,session_only
81766978.2033601689,63842269,2020-12-31,1,1,1,1,1,1,desktop,Web,United States,Texas,(data deleted),(data deleted),0.0,13,6,purchase
15624171.0993991777,858741080,2021-01-21,1,0,0,0,0,0,desktop,Web,Canada,Quebec,google,organic,0.0,1,1,session_only
4216373.8949134928,9165053238,2020-11-03,1,1,0,0,0,0,desktop,<Other>,United States,Indiana,<Other>,referral,0.0,2,2,view_item
77828463.6196052927,9822251102,2021-01-16,1,0,0,0,0,0,desktop,Web,United Kingdom,England,(data deleted),(data deleted),0.0,1,1,session_only
3871264.6523294069,3339714398,2020-11-06,1,0,0,0,0,0,desktop,Web,Canada,Ontario,shop.googlemerchandisestore.com,referral,0.0,1,1,session_only
9074672.7592633648,5355656687,2021-01-22,1,1,1,0,0,0,desktop,Web,United States,Virginia,google,organic,0.0,15,3,add_to_cart
57723891.0072900843,3780286179,2021-01-13,1,1,0,0,0,0,desktop,Web,Canada,British Columbia,(direct),(none),0.0,3,2,view_item
3846548.7486177323,7669141308,2020-11-22,1,0,0,0,0,0,desktop,Macintosh,(not set),(not set),shop.googlemerchandisestore.com,referral,0.0,1,1,session_only
4027135.5269054201,5215258899,2020-12-29,1,0,0,0,0,0,mobile,Web,India,(not set),google,organic,0.0,1,1,session_only
10311707.9589395799,5720379039,2021-01-01,1,0,0,0,0,0,mobile,Web,India,Rajasthan,<Other>,<Other>,0.0,1,1,session_only
48543315.5917529018,2654639699,2021-01-21,1,1,0,0,0,0,mobile,Web,South Korea,Seoul,(direct),(none),0.0,6,2,view_item
58061299.3445028886,6191803171,2021-01-18,1,0,0,0,0,0,desktop,Web,United States,Massachusetts,shop.googlemerchandisestore.com,referral,0.0,1,1,session_only
47705051.4543207032,5323675210,2020-12-05,1,1,1,1,1,1,desktop,Web,China,(not set),<Other>,<Other>,55.36,19,6,purchase
2094894.6345457459,2633180424,2021-01-24,1,0,0,0,0,0,desktop,Macintosh,United States,Virginia,<Other>,organic,0.0,1,1,session_only
49466898.5970384481,391813284,2020-12-23,1,0,0,0,0,0,desktop,Web,United States,Georgia,<Other>,referral,0.0,1,1,session_only
1431095.2661797808,6653538321,2020-12-31,1,0,0,0,0,0,mobile,Web,United States,Texas,(direct),(none),0.0,1,1,session_only
3536939.6303946083,6360304588,2021-01-31,1,0,0,0,0,0,desktop,Macintosh,Ecuador,(not set),(direct),(none),0.0,1,1,session_only
23502471.1924698502,3180481157,2020-12-20,1,0,0,0,0,0,mobile,Web,United States,Washington,google,organic,0.0,1,1,session_only
22778962.0678600147,8556960207,2020-12-29,1,0,0,0,0,0,desktop,Windows,United States,Florida,(direct),(none),0.0,1,1,session_only
8205190142.1467001363,1244299967,2021-01-25,1,0,0,0,0,0,desktop,Web,United States,Virginia,google,organic,0.0,1,1,session_only
10381766.9353558763,1287967906,2020-11-05,1,0,0,0,0,0,mobile,Web,United States,Oklahoma,<Other>,<Other>,0.0,1,1,session_only
4432979.9079998002,3820920326,2021-01-18,1,0,0,0,0,0,desktop,Web,India,Punjab,<Other>,referral,0.0,1,1,session_only
4011505.5698082707,3929655524,2021-01-22,1,0,0,0,0,0,desktop,<Other>,Canada,Nova Scotia,google,organic,0.0,1,1,session_only
3262536.7146969110,9354694172,2020-11-23,1,0,0,0,0,0,mobile,Web,Ukraine,(not set),(direct),(none),0.0,1,1,session_only
55810914.2301719907,520229041,2021-01-16,1,0,0,0,0,0,tablet,Web,United States,Texas,(direct),(none),0.0,1,1,session_only
4612979.8417176355,8533158956,2020-11-13,1,1,0,1,1,1,mobile,Android,United States,California,google,organic,0.0,11,6,purchase
5295940.7964395080,9800070973,2021-01-07,1,0,0,0,0,0,desktop,Web,United States,California,(direct),(none),0.0,1,1,session_only
8311104.9036375231,5509774139,2020-11-13,1,0,0,0,0,0,desktop,Web,Hong Kong,(not set),<Other>,<Other>,0.0,1,1,session_only
17929956.7627548915,1592217320,2021-01-26,1,1,0,0,0,0,desktop,Web,Ireland,County Cork,google,organic,0.0,2,2,view_item
6871255.1487298571,5920152855,2021-01-16,1,0,0,0,0,0,mobile,iOS,Belgium,Flanders,(direct),(none),0.0,1,1,session_only
63437373.6996874444,1459757418,2020-11-16,1,1,0,0,0,0,mobile,Android,United States,California,<Other>,organic,0.0,2,2,view_item
63536006.8783353590,6063351603,2020-11-19,1,0,0,0,0,0,mobile,Web,Spain,Madrid,<Other>,<Other>,0.0,1,1,session_only
27116927.4561294277,2828775162,2020-11-14,1,0,0,0,0,0,mobile,Web,United States,Illinois,<Other>,<Other>,0.0,1,1,session_only
4910182.1833414862,7996277205,2020-11-15,1,0,0,0,0,0,mobile,Web,United Kingdom,England,google,organic,0.0,1,1,session_only
23147003.9144070396,690724672,2020-12-13,1,0,0,0,0,0,desktop,Web,Australia,Western Australia,(direct),(none),0.0,1,1,session_only
78943720.8380741139,699711932,2021-01-23,1,0,0,0,0,0,desktop,Web,Spain,(not set),(direct),(none),0.0,1,1,session_only
8217871.4007612154,9313839872,2020-12-05,1,0,0,0,0,0,desktop,Web,South Korea,Seoul,(direct),(none),0.0,1,1,session_only
5731542.5506826032,4377102733,2020-12-12,1,0,0,0,0,0,mobile,iOS,Singapore,(not set),google,cpc,0.0,1,1,session_only
73549247.9231269047,2531636500,2021-01-28,1,1,1,1,1,1,desktop,Macintosh,United States,Georgia,(direct),(none),0.0,16,6,purchase
19354134.2483671795,9035595689,2020-11-22,1,0,0,0,0,0,desktop,Web,Poland,Lower Silesian Voivodeship,google,organic,0.0,1,1,session_only
41079472.6864930693,9456422775,2020-12-31,1,1,0,0,0,0,desktop,Web,India,Jharkhand,(data deleted),(data deleted),0.0,3,2,view_item
68361373.3177827602,6744324839,2020-11-21,1,0,0,0,0,0,mobile,iOS,Canada,Ontario,shop.googlemerchandisestore.com,referral,0.0,1,1,session_only
4746192.7899999984,816372512,2021-01-13,1,0,0,0,0,0,desktop,Web,Brazil,State of Sao Paulo,(data deleted),(data deleted),0.0,1,1,session_only
9069485.6601851137,9431054072,2021-01-07,1,0,0,0,0,0,tablet,Web,India,Delhi,(direct),(none),0.0,1,1,session_only
75184723.4620778637,9982478196,2021-01-26,1,0,0,0,0,0,desktop,Web,United States,Virginia,<Other>,<Other>,0.0,1,1,session_only
57163239.3265412406,6550277254,2020-11-06,1,0,0,0,0,0,mobile,Web,United States,New York,<Other>,<Other>,0.0,1,1,session_only
6238461.8144887466,1736085015,2021-01-19,1,0,0,0,0,0,desktop,Web,United States,California,(direct),(none),0.0,1,1,session_only
3193247.2172494855,8043902685,2021-01-23,1,0,0,0,0,0,desktop,Windows,Pakistan,Punjab,(direct),(none),0.0,1,1,session_only
1829076.2703330632,3155753348,2020-11-02,1,0,0,0,0,0,mobile,iOS,United States,California,google,organic,0.0,1,1,session_only
4179997.4181496550,5141243360,2020-12-19,1,0,0,0,0,0,desktop,Web,Spain,Catalonia,(direct),(none),0.0,1,1,session_only
11778095.4777845088,9722008291,2020-11-15,1,0,0,0,0,0,desktop,Web,United States,California,(direct),(none),0.0,1,1,session_only
6431781.8718216034,5008118988,2021-01-13,1,1,0,0,0,0,desktop,Windows,United States,Texas,<Other>,<Other>,0.0,2,2,view_item
1131754.5265277968,3450508073,2020-11-28,1,1,0,1,1,1,desktop,Windows,United States,Connecticut,google,organic,90.4,26,6,purchase
65154462.1769822275,6686243264,2021-01-19,1,1,1,1,1,1,desktop,Macintosh,United States,Louisiana,google,organic,0.0,21,6,purchase
81894713.4201021228,9917322020,2021-01-28,1,0,0,0,0,0,desktop,Web,Taiwan,Taichung City,<Other>,<Other>,0.0,1,1,session_only
24296877.6095258136,8107913601,2021-01-24,1,0,0,0,0,0,desktop,Web,India,Odisha,<Other>,<Other>,0.0,1,1,session_only
8327979.6311857284,3387589711,2020-12-05,1,1,0,0,0,0,desktop,Web,United States,California,<Other>,<Other>,0.0,3,2,view_item
89058317.4991357813,8482187124,2020-11-03,1,0,0,0,0,0,desktop,Windows,United States,New York,google,organic,0.0,1,1,session_only
1402138.5184246691,9529994246,2021-01-02,1,0,0,0,0,0,desktop,Macintosh,United States,South Carolina,google,organic,0.0,1,1,session_only
66944130.0926594939,2161985957,2020-11-27,1,0,0,0,0,0,desktop,Windows,India,Karnataka,<Other>,referral,0.0,1,1,session_only
1862770.3845789134,3081642438,2020-12-25,1,1,0,0,0,0,mobile,Web,United States,Illinois,(direct),(none),0.0,3,2,view_item
4064985.7325912256,5237031132,2020-11-19,1,0,0,0,0,0,desktop,<Other>,India,Maharashtra,google,organic,0.0,1,1,session_only
8553673.9898557522,6496797079,2021-01-25,1,0,0,0,0,0,mobile,Web,United States,Michigan,(direct),(none),0.0,1,1,session_only
79513242.5212656345,320784188,2021-01-11,1,1,0,0,0,0,mobile,Web,India,Karnataka,google,organic,0.0,8,2,view_item
10569450.0721149278,4001591996,2021-01-19,1,0,0,0,0,0,desktop,Web,United States,Ohio,<Other>,<Other>,0.0,1,1,session_only
7665055.1479200551,3231713602,2020-12-12,1,0,0,0,0,0,mobile,Web,United States,Florida,<Other>,<Other>,0.0,1,1,session_only
82325376.3888104221,4743508367,2020-11-19,1,0,0,0,0,0,mobile,iOS,United States,South Carolina,(direct),(none),0.0,1,1,session_only
8698666737.1710911998,1552840427,2020-11-12,1,1,0,1,1,1,desktop,Web,United States,California,<Other>,referral,77.6,11,6,purchase
6621459.9347392967,9367707443,2021-01-22,1,1,0,0,0,0,desktop,Web,Spain,Valencian Community,(direct),(none),0.0,5,2,view_item
90337975.1352255171,7010641583,2020-11-19,1,0,0,0,0,0,mobile,Android,France,Ile-de-France,<Other>,<Other>,0.0,1,1,session_only
6818242.7895511899,9658895030,2020-11-24,1,0,0,0,0,0,desktop,Web,United States,Ohio,shop.googlemerchandisestore.com,referral,0.0,1,1,session_only
1126983.4891524717,9919777620,2021-01-19,1,0,0,0,0,0,desktop,Web,United States,Kansas,google,organic,0.0,1,1,session_only
13140650.3592368904,463717763,2020-11-14,1,1,0,1,1,1,mobile,Web,United States,Kentucky,(data deleted),(data deleted),57.44,39,6,purchase
55269160.6478659746,1081904394,2021-01-22,1,0,0,0,0,0,mobile,Web,United States,California,(direct),(none),0.0,1,1,session_only
5738213.8776268030,3457679237,2020-11-22,1,0,0,0,0,0,desktop,Windows,Mexico,(not set),<Other>,<Other>,0.0,1,1,session_only
50356431.3001346537,9983807318,2020-11-29,1,0,0,0,0,0,desktop,Macintosh,United Kingdom,England,<Other>,referral,0.0,1,1,session_only
3208220615.7148233601,6896720114,2021-01-21,1,0,0,0,0,0,mobile,Android,United States,New Jersey,shop.googlemerchandisestore.com,referral,0.0,1,1,session_only
2841474.3767047118,910798679,2020-12-19,1,0,0,0,0,0,mobile,iOS,United States,Tennessee,<Other>,referral,0.0,1,1,session_only
12139924.1578555409,6334960668,2020-12-19,1,0,0,0,0,0,mobile,Web,United States,Alabama,shop.googlemerchandisestore.com,referral,0.0,1,1,session_only
1264167.1066463010,1055890582,2021-01-13,1,0,0,0,0,0,desktop,Web,South Korea,Seoul,<Other>,<Other>,0.0,1,1,session_only
6027887.5211064946,899087817,2020-11-21,1,1,0,1,1,1,mobile,Web,Taiwan,Taipei City,<Other>,<Other>,0.0,10,6,purchase
88907765.6014714699,1582653113,2020-12-29,1,0,0,0,0,0,tablet,Web,United States,Florida,google,organic,0.0,1,1,session_only
7463654.6485476467,6858439126,2021-01-26,1,0,0,0,0,0,desktop,Web,Turkey,Istanbul,(direct),(none),0.0,1,1,session_only
10368170.4972563398,6571407879,2020-11-14,1,0,0,0,0,0,desktop,Web,United States,Georgia,google,cpc,0.0,1,1,session_only
6211075.6298965580,4313733874,2021-01-29,1,0,0,0,0,0,mobile,Web,United States,California,shop.googlemerchandisestore.com,referral,0.0,1,1,session_only
41398166.5305438348,9212382370,2020-12-05,1,0,0,0,0,0,mobile,Web,United States,Washington,(direct),(none),0.0,1,1,session_only
58262725.3475000805,5873151456,2021-01-04,1,1,0,0,0,0,desktop,Web,United States,Illinois,google,organic,0.0,3,2,view_item
45588272.1040465283,1089948255,2020-11-23,1,0,0,0,0,0,desktop,Web,United States,California,(direct),(none),0.0,1,1,session_only
6006421.3124289875,4999491420,2020-11-16,1,0,0,0,0,0,desktop,Windows,United States,Wisconsin,google,organic,0.0,1,1,session_only
17494077.2658372366,5285239473,2020-12-29,1,0,0,0,0,0,mobile,iOS,France,Ile-de-France,(data deleted),(data deleted),0.0,1,1,session_only
1275308.3855555179,9610694857,2020-12-26,1,0,0,0,0,0,mobile,iOS,United States,New York,(direct),(none),0.0,1,1,session_only
8039768.9129632537,5374644998,2021-01-07,1,0,0,0,0,0,desktop,Windows,Bangladesh,(not set),shop.googlemerchandisestore.com,referral,0.0,1,1,session_only
54182085.3966705097,4668041770,2020-11-14,1,0,0,0,0,0,mobile,Web,Canada,Quebec,<Other>,referral,0.0,1,1,session_only
35095435.2049835658,5547743213,2020-11-28,1,0,0,0,0,0,mobile,Web,Canada,Quebec,(direct),(none),0.0,1,1,session_only
29213420.6137198014,8530022782,2020-12-12,1,1,1,1,1,1,mobile,Android,United States,Colorado,(direct),(none),75.44,18,6,purchase
78941727.4226171286,5454244055,2020-11-03,1,0,0,0,0,0,desktop,Windows,Canada,British Columbia,(data deleted),(data deleted),0.0,1,1,session_only
65592472.2591863881,7759712421,2020-12-22,1,0,0,0,0,0,desktop,Windows,United States,New York,(direct),(none),0.0,1,1,session_only
27075681.7984115781,8285071562,2020-11-29,1,0,0,0,0,0,desktop,Windows,United States,Louisiana,google,organic,0.0,1,1,session_only
4116825.4321746815,4658627785,2020-11-24,1,0,0,0,0,0,mobile,iOS,Singapore,(not set),shop.googlemerchandisestore.com,referral,0.0,1,1,session_only
2902851.0883392055,3352689325,2020-12-31,1,1,0,0,0,0,mobile,Web,Pakistan,Sindh,google,organic,0.0,2,2,view_item
8303062.2770208464,6060107790,2020-11-03,1,0,0,0,0,0,desktop,Web,India,Maharashtra,(direct),(none),0.0,1,1,session_only
72525244.4757615854,3056869349,2021-01-03,1,1,1,1,0,0,desktop,Web,Taiwan,New Taipei City,shop.googlemerchandisestore.com,referral,0.0,16,4,begin_checkout
51672251.0954962193,6852153336,2020-11-29,1,0,0,0,0,0,desktop,Web,United States,Ohio,google,organic,0.0,1,1,session_only
3235415.4485917083,177994427,2020-12-25,1,1,1,0,0,0,desktop,Web,United States,Florida,google,cpc,0.0,4,3,add_to_cart
8441374.1225502286,9443397854,2020-11-28,1,0,0,0,0,0,mobile,Web,Chile,Santiago Metropolitan Region,google,cpc,0.0,1,1,session_only
58620662.3634849599,5438912669,2020-11-24,1,0,0,0,0,0,mobile,Web,United States,New Jersey,<Other>,referral,0.0,1,1,session_only
68401821.5253917410,5512987604,2020-12-20,1,0,0,0,0,0,desktop,Web,India,Rajasthan,(direct),(none),0.0,1,1,session_only
16093880.9382962150,9885750489,2021-01-26,1,1,1,1,1,1,mobile,Android,Poland,Kuyavian-Pomeranian Voivodeship,google,cpc,25.6,15,6,purchase
41309091.2187749767,4231873557,2020-12-27,1,0,0,0,0,0,mobile,iOS,United States,Illinois,<Other>,<Other>,0.0,1,1,session_only
79292102.4230832786,3611347529,2021-01-31,1,0,0,0,0,0,mobile,Web,India,Delhi,(direct),(none),0.0,1,1,session_only
13044428.2412481855,896777949,2020-12-20,1,0,0,0,0,0,desktop,Web,United States,California,google,cpc,0.0,1,1,session_only
8268852.4406584193,9656150151,2021-01-31,1,1,1,1,1,1,desktop,Web,South Korea,Gyeonggi-do,(direct),(none),0.0,22,6,purchase
3140731.0115938162,3414077257,2020-12-13,1,0,0,0,0,0,desktop,Web,Brazil,State of Rio de Janeiro,google,organic,0.0,1,1,session_only
7949643.2123713057,8983711070,2021-01-09,1,0,0,0,0,0,desktop,Macintosh,Canada,Ontario,(direct),(none),0.0,1,1,session_only
54306331.6560869413,9611552370,2021-01-21,1,0,0,0,0,0,desktop,Macintosh,Singapore,(not set),google,organic,0.0,1,1,session_only
1169660.2704170325,5520475076,2021-01-07,1,0,0,0,0,0,mobile,Web,South Korea,Seoul,google,organic,0.0,1,1,session_only
3634722.5332335025,5446654559,2021-01-09,1,1,1,1,1,1,desktop,Web,Slovenia,Ljubljana,google,organic,79.2,10,6,purchase
16078988.4663255100,9349505553,2020-11-07,1,0,0,0,0,0,mobile,Web,United States,Indiana,<Other>,<Other>,0.0,1,1,session_only
5470763.5560000100,5090917294,2021-01-05,1,0,0,0,0,0,desktop,Web,Spain,Catalonia,google,organic,0.0,1,1,session_only
59482809.1991975937,779664837,2021-01-05,1,0,0,0,0,0,mobile,Android,Hong Kong,(not set),(direct),(none),0.0,1,1,session_only
10704291.8496260293,1319526158,2020-12-19,1,0,0,0,0,0,desktop,Web,United States,District of Columbia,shop.googlemerchandisestore.com,referral,0.0,1,1,session_only
3473611.6564101732,5830318522,2021-01-08,1,0,0,0,0,0,desktop,Web,United States,South Carolina,shop.googlemerchandisestore.com,referral,0.0,1,1,session_only
1290044.2516475859,9703543398,2020-11-05,1,1,0,0,0,0,mobile,Web,Canada,New Brunswick,google,organic,0.0,2,2,view_item
1789139.4506132619,2931827083,2020-11-12,0,1,0,1,1,1,mobile,Android,United States,Massachusetts,shop.googlemerchandisestore.com,referral,37.6,10,6,purchase
4327163227.0264582033,5600818322,2020-12-26,1,0,0,0,0,0,desktop,Web,United Kingdom,England,shop.googlemerchandisestore.com,referral,0.0,1,1,session_only
61328699.4180587192,893957724,2020-12-26,1,1,0,0,0,0,mobile,iOS,United States,California,<Other>,organic,0.0,2,2,view_item
29463415.8216407149,8713445582,2020-12-22,1,0,0,0,0,0,mobile,iOS,India,West Bengal,<Other>,referral,0.0,1,1,session_only
1328815.5098053431,1089154065,2020-11-03,1,0,0,0,0,0,mobile,Web,United States,Tennessee,<Other>,referral,0.0,1,1,session_only
57463998.8777637362,527648341,2021-01-19,1,0,0,0,0,0,mobile,Android,Brazil,State of Sao Paulo,(direct),(none),0.0,1,1,session_only
11498518.0253548132,5708468300,2020-11-28,1,0,0,0,0,0,desktop,Web,Japan,Osaka,google,organic,0.0,1,1,session_only
1546385.3312710082,4928556726,2021-01-11,1,0,0,0,0,0,tablet,iOS,Singapore,(not set),(data deleted),(data deleted),0.0,1,1,session_only
82002366.0743318364,1290447988,2020-12-20,1,0,0,0,0,0,desktop,Web,New Zealand,Auckland,(direct),(none),0.0,1,1,session_only
23465501.9393499846,795562779,2020-12-12,1,0,0,0,0,0,mobile,Web,Canada,Ontario,<Other>,<Other>,0.0,1,1,session_only
40652857.6013892710,7471811002,2021-01-24,1,1,1,1,1,1,desktop,Windows,France,Ile-de-France,<Other>,referral,299.52,73,6,purchase
55628446.2071599925,2229139224,2020-11-23,1,0,0,0,0,0,mobile,iOS,Thailand,(not set),(direct),(none),0.0,1,1,session_only
43132099.9960320930,904866278,2021-01-10,1,0,0,0,0,0,mobile,Web,United States,Iowa,(direct),(none),0.0,1,1,session_only
2588693.4592272163,2568860866,2021-01-25,1,1,1,1,1,1,mobile,Web,India,Telangana,(direct),(none),0.0,14,6,purchase
39462834.0392060249,8092593867,2020-11-23,1,0,0,0,0,0,mobile,Web,Canada,Ontario,(direct),(none),0.0,1,1,session_only
4241349.5403805961,1041726077,2021-01-24,1,0,0,0,0,0,desktop,Web,Japan,Tokyo,google,organic,0.0,1,1,session_only
6769333.1035998265,9388138273,2020-11-27,1,0,0,0,0,0,desktop,Web,Spain,Catalonia,<Other>,referral,0.0,1,1,session_only
7654429.8987903835,2533865769,2021-01-08,1,0,0,0,0,0,desktop,Web,United States,New Jersey,google,organic,0.0,1,1,session_only
58002857.2067345052,1685627503,2020-12-23,1,0,0,0,0,0,mobile,Android,United States,New Jersey,google,organic,0.0,1,1,session_only
5945453.1621986642,1256005633,2020-11-09,1,0,0,0,0,0,desktop,Macintosh,United States,Michigan,(direct),(none),0.0,1,1,session_only
62588748.3077130398,1779287822,2021-01-29,1,0,0,0,0,0,desktop,Windows,South Korea,(not set),(data deleted),(data deleted),0.0,1,1,session_only
2042198.9256883103,2309180890,2020-12-13,1,0,0,0,0,0,desktop,Windows,Singapore,(not set),(direct),(none),0.0,1,1,session_only
1500526.7491962733,8680073758,2020-11-18,1,0,0,0,0,0,desktop,Macintosh,United States,New York,(direct),(none),0.0,1,1,session_only
5788753.6504747065,6933656627,2020-11-23,1,1,0,1,1,1,desktop,Windows,India,Tamil Nadu,google,organic,0.0,11,6,purchase
79361739.7045856930,2191716210,2021-01-28,1,0,0,0,0,0,desktop,Web,Australia,South Australia,(direct),(none),0.0,1,1,session_only
4509324.3779764853,8207877081,2020-12-19,1,0,0,0,0,0,mobile,Web,United States,Kentucky,(direct),(none),0.0,1,1,session_only
3442489.8686924691,3539921203,2020-11-21,1,1,0,1,1,1,mobile,Web,United States,California,<Other>,referral,0.0,6,6,purchase
92102813.3896259390,1139242718,2021-01-17,1,0,0,0,0,0,desktop,Web,United States,New Jersey,(data deleted),(data deleted),0.0,1,1,session_only
55961376.9532763185,7174602235,2020-11-16,1,0,0,0,0,0,mobile,iOS,Taiwan,Taipei City,shop.googlemerchandisestore.com,referral,0.0,1,1,session_only
5972008.6979196253,5561824345,2020-12-20,1,0,0,0,0,0,desktop,Web,United States,Texas,<Other>,<Other>,0.0,1,1,session_only
68496465.3221997085,6036794481,2020-12-25,1,0,0,0,0,0,desktop,Web,United States,Illinois,google,organic,0.0,1,1,session_only
48924075.4567371829,7841661499,2021-01-28,1,0,0,0,0,0,desktop,Web,United States,Washington,<Other>,<Other>,0.0,1,1,session_only
7900013.4299610943,9345215431,2020-11-03,1,0,0,0,0,0,mobile,Web,Canada,Ontario,google,cpc,0.0,1,1,session_only
1309510.1669805505,6699802214,2021-01-13,1,1,0,0,0,0,desktop,Web,United Kingdom,England,google,organic,0.0,5,2,view_item
32700378.6165033833,2723768448,2020-12-05,1,0,0,0,0,0,desktop,Web,Japan,(not set),(direct),(none),0.0,1,1,session_only
3264291.5415476502,2089229050,2021-01-31,1,0,0,0,0,0,mobile,Web,United States,Washington,google,organic,0.0,1,1,session_only
71499767.3111786037,8544192990,2020-12-19,1,0,0,0,0,0,desktop,Web,United States,Ohio,(direct),(none),0.0,1,1,session_only
40765276.6033983074,7396587706,2020-11-01,1,1,0,1,1,1,desktop,Web,United States,Virginia,<Other>,referral,47.6,9,6,purchase
1425818.3566246630,7188644592,2020-12-05,1,0,0,0,0,0,desktop,Web,Turkey,Istanbul,(direct),(none),0.0,1,1,session_only
41420108.7346927071,8901144331,2020-11-29,1,1,1,0,0,0,mobile,iOS,United States,New York,(data deleted),(data deleted),0.0,4,3,add_to_cart
2543619.8717661855,1011151489,2021-01-17,1,0,0,0,0,0,mobile,iOS,India,Karnataka,google,organic,0.0,1,1,session_only
7211338.4088977954,7585135515,2020-12-12,1,0,0,0,0,0,tablet,Web,United States,Pennsylvania,google,organic,0.0,1,1,session_only
4215921.5760606809,7227405722,2021-01-12,1,1,1,0,0,0,mobile,Android,United States,California,<Other>,<Other>,0.0,27,3,add_to_cart
23626372.8631126927,3484627283,2020-11-05,1,0,0,0,0,0,desktop,Web,Canada,Ontario,<Other>,organic,0.0,1,1,session_only
37239892.3250356482,8209987510,2020-12-26,1,1,0,0,0,0,desktop,Windows,Germany,Hamburg,google,organic,0.0,2,2,view_item
8787307.0992215270,3955196295,2021-01-25,1,0,0,0,0,0,desktop,Web,Azerbaijan,(not set),google,organic,0.0,1,1,session_only
71131680.6074048100,9097536993,2020-12-05,1,0,0,0,0,0,desktop,<Other>,Canada,Alberta,(direct),(none),0.0,1,1,session_only
7439707255.0176860272,6446057494,2021-01-03,1,0,0,0,0,0,desktop,Web,United States,California,google,organic,0.0,1,1,session_only
19078669.7900951769,3892632858,2020-12-29,1,0,0,0,0,0,mobile,Web,India,Uttar Pradesh,shop.googlemerchandisestore.com,referral,0.0,1,1,session_only
26445304.2971941665,8947671061,2021-01-28,1,0,0,0,0,0,desktop,<Other>,Canada,Quebec,<Other>,<Other>,0.0,1,1,session_only
34601914.8335175706,9475254292,2021-01-13,1,1,0,1,1,1,desktop,Windows,United States,California,(data deleted),(data deleted),0.0,10,6,purchase
90012353.2503633959,5953157610,2020-11-12,1,0,0,0,0,0,mobile,Web,France,Auvergne-Rhone-Alpes,google,organic,0.0,1,1,session_only
3924446513.4352961028,9868099016,2020-11-05,1,0,0,0,0,0,desktop,Windows,South Korea,Busan,(direct),(none),0.0,1,1,session_only
3439967.9105162168,3946470681,2021-01-26,1,0,0,0,0,0,desktop,Macintosh,China,Zhejiang,google,organic,0.0,1,1,session_only
64829923.0782582243,5054029734,2021-01-07,1,0,0,0,0,0,desktop,Windows,United States,Texas,google,organic,0.0,1,1,session_only
85130627.5488497441,8760609127,2021-01-07,1,0,0,0,0,0,desktop,Web,India,Maharashtra,google,organic,0.0,1,1,session_only
1481896.2869839980,3560228606,2021-01-29,1,0,0,0,0,0,desktop,Web,Denmark,Capital Region of Denmark,google,organic,0.0,1,1,session_only
5452494.2514852313,3866011348,2021-01-25,1,0,0,0,0,0,desktop,<Other>,Poland,Lower Silesian Voivodeship,google,organic,0.0,1,1,session_only
7647353.4102965905,3055777083,2021-01-11,1,0,0,0,0,0,desktop,Web,Canada,Quebec,google,organic,0.0,1,1,session_only
45234155.6458780754,451024044,2020-11-23,1,0,0,0,0,0,mobile,Android,United States,Florida,shop.googlemerchandisestore.com,referral,0.0,1,1,session_only
40463526.0103016336,1668956842,2021-01-26,1,0,0,0,0,0,tablet,Web,United States,Massachusetts,<Other>,organic,0.0,1,1,session_only
10273164.5274553015,4427359434,2021-01-03,1,1,0,0,0,0,mobile,Web,United States,Texas,(direct),(none),0.0,14,2,view_item
20968096.2144566926,1222991729,2020-12-29,1,1,1,1,1,1,mobile,Web,United States,Massachusetts,google,organic,0.0,11,6,purchase
8323282.6603797943,6390635378,2020-12-31,1,0,0,0,0,0,desktop,Macintosh,United States,New Jersey,google,organic,0.0,1,1,session_only
39214432.1935349913,3490357118,2021-01-05,1,1,0,1,1,1,desktop,Web,India,Haryana,(data deleted),(data deleted),0.0,31,6,purchase
3970370.5221834337,1593354899,2020-11-07,1,0,0,0,0,0,desktop,Web,United States,Virginia,(direct),(none),0.0,1,1,session_only
12700827.7135835751,7400541594,2021-01-11,1,0,0,0,0,0,mobile,Web,Taiwan,Taiwan Province,(direct),(none),0.0,1,1,session_only
1019616.6206482795,7667232811,2020-11-12,1,0,0,0,0,0,desktop,Macintosh,United States,Nevada,(data deleted),(data deleted),0.0,1,1,session_only
42739035.6452487261,4254599449,2021-01-04,1,0,0,0,0,0,mobile,Web,Hong Kong,(not set),<Other>,referral,0.0,1,1,session_only
7395126.9477096682,269273371,2021-01-08,1,0,0,0,0,0,mobile,Web,United States,New Jersey,google,organic,0.0,1,1,session_only
7169094459.2029245864,3791167697,2021-01-04,1,0,0,0,0,0,desktop,Web,Japan,Tokyo,<Other>,referral,0.0,1,1,session_only
25975559.7865020222,8019945249,2021-01-08,1,0,0,0,0,0,desktop,Web,Nepal,Central Development Region,google,organic,0.0,1,1,session_only
17321135.0692567373,6896903207,2020-12-24,1,0,0,0,0,0,desktop,Web,China,Guangdong Province,<Other>,<Other>,0.0,1,1,session_only
61431798.9750772389,3321396443,2020-11-24,1,0,0,0,0,0,desktop,Web,United States,South Dakota,<Other>,<Other>,0.0,1,1,session_only
50572337.6192128248,2753120388,2020-12-13,1,0,0,0,0,0,mobile,Web,Canada,Quebec,<Other>,referral,0.0,1,1,session_only
3873013.3662493816,7715076622,2021-01-28,1,0,0,0,0,0,desktop,Web,Taiwan,Taiwan Province,<Other>,organic,0.0,1,1,session_only
6747479.2725960130,9037562707,2020-11-07,1,0,0,0,0,0,desktop,Web,Colombia,(not set),google,cpc,0.0,1,1,session_only
6581984.8969220170,3097343187,2020-11-09,1,0,0,0,0,0,mobile,Web,Canada,Quebec,(direct),(none),0.0,1,1,session_only
8801970.3333501668,9940477943,2020-11-22,1,1,0,0,0,0,mobile,Web,United States,New Jersey,<Other>,<Other>,0.0,2,2,view_item
54129338.7252527004,6360188132,2021-01-03,1,0,0,0,0,0,desktop,<Other>,United States,California,google,organic,0.0,1,1,session_only
5281337.2238712350,1905590469,2020-11-27,1,1,0,0,0,0,desktop,Web,United States,Florida,(direct),(none),0.0,3,2,view_item
4571790.4716367763,7337475925,2021-01-21,1,1,1,1,1,1,desktop,Web,United States,Massachusetts,(data deleted),(data deleted),91.2,23,6,purchase
47329649.3111576347,7951579697,2020-11-28,1,0,0,0,0,0,tablet,Web,India,Haryana,google,organic,0.0,1,1,session_only
27754794.4046505931,1908894685,2020-11-24,1,1,0,1,1,1,desktop,<Other>,India,Delhi,google,organic,238.4,9,6,purchase
12672014.6442536750,8236575847,2020-12-23,1,0,0,0,0,0,desktop,Web,Canada,Quebec,<Other>,<Other>,0.0,1,1,session_only
42556189.4146439670,2385344592,2021-01-19,1,0,0,0,0,0,mobile,Web,Hong Kong,(not set),shop.googlemerchandisestore.com,referral,0.0,1,1,session_only
4633788.1699136217,6286319262,2021-01-14,1,0,0,0,0,0,desktop,Web,United States,Maryland,(direct),(none),0.0,1,1,session_only
27222063.7304816610,4918385656,2020-12-20,1,0,0,0,0,0,desktop,Web,China,Beijing,google,cpc,0.0,1,1,session_only
8848313.6690701237,7337970598,2020-11-26,1,1,1,0,0,0,desktop,Web,United States,Texas,(direct),(none),0.0,4,3,add_to_cart
57835536.7773961463,8203730978,2020-11-21,1,1,0,0,0,0,mobile,Web,Australia,Queensland,(direct),(none),0.0,5,2,view_item
5401028.6723765948,6096343042,2020-11-19,1,1,0,0,0,0,desktop,<Other>,Spain,Andalusia,(direct),(none),0.0,4,2,view_item
5936903.9974108418,1171022932,2020-12-25,1,0,0,0,0,0,desktop,Web,United States,New Hampshire,(direct),(none),0.0,1,1,session_only
54214855.0912461794,1986405359,2020-11-26,1,0,0,0,0,0,desktop,Windows,United Kingdom,England,(direct),(none),0.0,1,1,session_only
4369953.9894461998,851726223,2020-11-27,1,0,0,0,0,0,mobile,Android,United States,Georgia,(direct),(none),0.0,1,1,session_only
30509185.4786918873,3102085178,2020-11-16,1,1,0,1,1,1,tablet,iOS,Vietnam,Ho Chi Minh City,<Other>,<Other>,0.0,10,6,purchase
4519410.4141043241,2954696254,2020-11-23,1,1,0,0,0,0,desktop,Macintosh,Pakistan,Punjab,<Other>,referral,0.0,2,2,view_item
4042147.7382678521,4322462453,2021-01-04,1,0,0,0,0,0,mobile,Android,Ukraine,(not set),<Other>,referral,0.0,1,1,session_only
77005687.4514013148,9401818475,2020-12-22,1,0,0,0,0,0,mobile,iOS,Singapore,(not set),(direct),(none),0.0,1,1,session_only
80941656.6664995754,2264103664,2020-11-03,1,0,0,0,0,0,mobile,Web,Norway,(not set),(direct),(none),0.0,1,1,session_only
50695897.1535177891,9283879560,2021-01-13,1,0,0,0,0,0,desktop,Web,Spain,Madrid,google,organic,0.0,1,1,session_only
3249016.2346815527,2995720941,2020-11-16,1,0,0,0,0,0,mobile,Android,United States,Mississippi,(data deleted),(data deleted),0.0,1,1,session_only
1178795.1133493018,2004883209,2020-11-06,1,0,0,0,0,0,desktop,Windows,United States,California,(direct),(none),0.0,1,1,session_only
80571503.5135781027,6131233237,2021-01-18,1,0,0,0,0,0,mobile,Web,India,Punjab,google,organic,0.0,1,1,session_only
53303991.5386474674,1008929792,2021-01-29,1,0,0,0,0,0,desktop,<Other>,Switzerland,(not set),(direct),(none),0.0,1,1,session_only
8715268.4164327886,1883457620,2020-12-31,1,1,0,0,0,0,desktop,Windows,United States,Louisiana,google,organic,0.0,2,2,view_item
6457394.0467289981,6006978527,2021-01-08,1,1,1,1,1,1,desktop,Web,Spain,Catalonia,shop.googlemerchandisestore.com,referral,0.0,103,6,purchase
81099882.3757178180,9742238482,2020-11-21,1,1,0,0,0,0,mobile,Web,United States,Massachusetts,<Other>,referral,0.0,3,2,view_item
3370196.0460875623,7789066662,2020-11-16,1,1,0,1,1,1,desktop,Web,United States,Georgia,(data deleted),(data deleted),101.6,12,6,purchase
7914090.6488674554,7500493079,2020-11-12,1,1,0,0,0,0,mobile,iOS,United States,Texas,google,organic,0.0,2,2,view_item
6823420402.3320135555,9189489121,2020-11-24,1,0,0,0,0,0,desktop,Web,United States,Louisiana,google,cpc,0.0,1,1,session_only
32237894.7864730961,9992662697,2021-01-03,1,1,1,0,0,0,desktop,Windows,United States,Rhode Island,(data deleted),(data deleted),0.0,7,3,add_to_cart
23398538.5073850162,824765303,2021-01-21,1,0,0,0,0,0,desktop,Web,France,Occitanie,google,cpc,0.0,1,1,session_only
88744742.4017175238,8854931002,2020-12-13,1,0,0,0,0,0,desktop,Web,Malaysia,Federal Territory of Kuala Lumpur,(direct),(none),0.0,1,1,session_only
4689624.9766197166,3227300150,2021-01-19,1,0,0,0,0,0,mobile,Web,Mongolia,Ulaanbaatar,google,organic,0.0,1,1,session_only
53783983.7152908440,8363548051,2020-12-29,1,0,0,0,0,0,desktop,Windows,Brazil,State of Ceara,google,cpc,0.0,1,1,session_only
68732491.1866642062,184070372,2021-01-18,1,0,0,0,0,0,desktop,Web,Belgium,Wallonia,shop.googlemerchandisestore.com,referral,0.0,1,1,session_only
9191614969.9586626915,9147802136,2020-12-24,1,1,1,1,1,1,desktop,Windows,Chile,Santiago Metropolitan Region,(data deleted),(data deleted),0.0,78,6,purchase
48450375.7755748257,2852423261,2021-01-05,1,0,0,0,0,0,mobile,iOS,United States,Colorado,<Other>,<Other>,0.0,1,1,session_only
3235330.3477767428,5931445829,2021-01-28,1,1,0,0,0,0,mobile,Android,United States,Kentucky,google,organic,0.0,11,2,view_item
6814622.9266158770,5739155834,2021-01-28,1,1,1,1,1,1,desktop,Windows,United States,Utah,(data deleted),(data deleted),0.0,24,6,purchase
37587826.1974136781,7055837017,2020-11-21,1,0,0,0,0,0,mobile,Android,United States,Illinois,(direct),(none),0.0,1,1,session_only
32605717.8054907429,9351902088,2020-11-13,1,0,0,0,0,0,desktop,Web,South Africa,(not set),(data deleted),(data deleted),0.0,1,1,session_only
38820363.2818595515,6074251359,2020-12-05,0,1,1,1,1,1,desktop,Macintosh,United Kingdom,England,(data deleted),(data deleted),0.0,40,6,purchase
9171347188.6937475801,3013859582,2020-11-03,1,0,0,0,0,0,desktop,Web,Vietnam,Ho Chi Minh City,google,organic,0.0,1,1,session_only
84023198.9507677643,6210651016,2020-12-25,1,0,0,0,0,0,desktop,Web,United States,Texas,google,organic,0.0,1,1,session_only
8274236.3963143361,1984794608,2021-01-21,1,0,0,0,0,0,desktop,Web,Canada,Saskatchewan,google,cpc,0.0,1,1,session_only
73132361.0374349123,4866808984,2020-12-05,1,0,0,0,0,0,desktop,Macintosh,Spain,Madrid,google,organic,0.0,1,1,session_only
3465539.0488361457,2151839356,2021-01-13,1,0,0,0,0,0,mobile,iOS,Taiwan,Taipei City,shop.googlemerchandisestore.com,referral,0.0,1,1,session_only
77359001.5524081507,2041112728,2020-12-19,1,0,0,0,0,0,desktop,Web,India,Maharashtra,google,organic,0.0,1,1,session_only
3324563.2508640633,4072657772,2020-12-12,0,1,1,1,1,1,desktop,Macintosh,Poland,Lesser Poland Voivodeship,google,organic,0.0,8,6,purchase
2850810.3976555824,6122467665,2020-11-09,1,0,0,0,0,0,mobile,iOS,India,Rajasthan,<Other>,<Other>,0.0,1,1,session_only
87949529.8573622074,7231915409,2020-12-12,1,1,0,1,0,0,desktop,<Other>,Italy,Lombardy,(direct),(none),0.0,87,4,begin_checkout
3823171539.6208242596,8611756856,2020-12-05,1,1,0,1,1,1,mobile,iOS,Saudi Arabia,Riyadh Province,<Other>,referral,0.0,15,6,purchase
4228331781.7393521905,349713833,2020-12-27,1,0,0,0,0,0,tablet,Web,United States,Florida,google,organic,0.0,1,1,session_only
82134787.0513813177,9077716206,2021-01-09,1,0,0,0,0,0,mobile,Web,Netherlands,(not set),google,organic,0.0,1,1,session_only
75558922.3238288580,7259589683,2020-11-18,1,0,0,0,0,0,desktop,Web,United States,Maryland,google,organic,0.0,1,1,session_only
5683347.0153828873,8004445223,2020-11-24,1,1,0,0,0,0,desktop,Web,Turkey,(not set),(direct),(none),0.0,3,2,view_item
1673431.9302294455,9734056888,2020-12-30,1,0,0,0,0,0,mobile,Web,Australia,Victoria,(direct),(none),0.0,1,1,session_only
91853704.5811803713,4083231075,2020-11-12,1,0,0,0,0,0,mobile,Web,United States,Illinois,<Other>,<Other>,0.0,1,1,session_only
62077534.8492747697,3120016334,2020-11-26,1,0,0,0,0,0,mobile,iOS,United States,California,(direct),(none),0.0,1,1,session_only
58096745.3562069910,594113996,2020-11-06,1,0,0,0,0,0,desktop,Web,Canada,Ontario,(direct),(none),0.0,1,1,session_only
53838334.0914197581,6887718178,2020-11-27,1,0,0,0,0,0,mobile,iOS,United States,Georgia,<Other>,<Other>,0.0,1,1,session_only
3262431.5441323973,918732383,2021-01-12,1,0,0,0,0,0,desktop,Windows,India,Delhi,google,organic,0.0,1,1,session_only
70271461.0634247092,8781068968,2020-12-30,1,0,0,0,0,0,desktop,Web,India,Telangana,(direct),(none),0.0,1,1,session_only
9202750.8107633943,4634396586,2020-11-05,1,0,0,0,0,0,desktop,Web,India,Rajasthan,(direct),(none),0.0,1,1,session_only
8329516.5287309456,8672261855,2020-12-12,1,0,0,0,0,0,desktop,Windows,United States,Massachusetts,google,organic,0.0,1,1,session_only
45241637.2424955074,219912558,2020-11-05,1,0,0,0,0,0,tablet,Android,United Kingdom,England,(direct),(none),0.0,1,1,session_only
6009242.4069746413,3713358378,2021-01-13,1,0,0,0,0,0,desktop,Web,China,Zhejiang,google,organic,0.0,1,1,session_only
60657315.5754133803,7566110717,2021-01-10,1,1,0,0,0,0,mobile,Web,Slovenia,(not set),(direct),(none),0.0,3,2,view_item
2138292.9451229359,2865220824,2021-01-22,1,1,0,0,0,0,mobile,Android,United States,Maryland,google,organic,0.0,3,2,view_item
5054587697.5012997199,3686866888,2020-11-07,1,1,0,1,1,1,desktop,<Other>,Mexico,State of Mexico,shop.googlemerchandisestore.com,referral,139.2,13,6,purchase
63211216.6294219811,260770046,2020-11-12,1,0,0,0,0,0,desktop,Web,United Kingdom,England,shop.googlemerchandisestore.com,referral,0.0,1,1,session_only
80041864.0490284375,2568612811,2020-11-16,1,1,0,1,1,1,tablet,Web,Czechia,South Moravian Region,(direct),(none),33.8,20,6,purchase
64083521.6459869189,3959052700,2021-01-17,1,1,0,0,0,0,desktop,Windows,India,Karnataka,(direct),(none),0.0,3,2,view_item
90774164.9112972183,8699264704,2020-11-13,1,0,0,0,0,0,mobile,iOS,United States,California,shop.googlemerchandisestore.com,referral,0.0,1,1,session_only
8446730.2928509428,178005228,2021-01-18,1,0,0,0,0,0,mobile,Android,United States,Kentucky,google,organic,0.0,1,1,session_only
55981424.7122207341,4443814622,2020-12-05,1,1,1,1,1,1,desktop,<Other>,United States,California,google,organic,21.44,48,6,purchase
36337110.4405757782,3437183532,2020-12-29,1,0,0,0,0,0,desktop,Web,Azerbaijan,(not set),(direct),(none),0.0,1,1,session_only
56612582.0714072795,6948259597,2021-01-17,1,0,0,0,0,0,desktop,<Other>,United States,Connecticut,(direct),(none),0.0,1,1,session_only
11272218.1078380040,3082821095,2020-11-13,1,0,0,0,0,0,mobile,Android,United States,Florida,google,organic,0.0,1,1,session_only
8725946.0235546692,9319780169,2020-11-05,1,0,0,0,0,0,desktop,Web,United States,California,google,organic,0.0,1,1,session_only
64676742.6966473441,5282387721,2020-11-16,1,0,0,0,0,0,mobile,iOS,India,Delhi,(direct),(none),0.0,1,1,session_only
4030935.6900371408,5030874095,2021-01-10,1,0,0,0,0,0,desktop,Web,United States,North Carolina,google,organic,0.0,1,1,session_only
43134557.5055023675,9491962953,2020-11-02,1,0,0,0,0,0,mobile,Web,United States,Connecticut,google,cpc,0.0,1,1,session_only
3027498.8000240500,5112770726,2021-01-29,1,0,0,0,0,0,desktop,Macintosh,Canada,Ontario,<Other>,referral,0.0,1,1,session_only
4190103.1296618104,1306723239,2020-11-09,1,0,0,0,0,0,desktop,Windows,United States,Massachusetts,(direct),(none),0.0,1,1,session_only
14753078.5099047932,3512955019,2020-12-19,1,0,0,0,0,0,desktop,Web,United States,(not set),(direct),(none),0.0,1,1,session_only
5532261.4176778021,7621913578,2020-11-29,1,1,1,1,0,0,desktop,Web,United States,Massachusetts,google,organic,0.0,51,4,begin_checkout
24878106.0596646758,4901231235,2020-11-26,1,0,0,0,0,0,desktop,Web,India,Karnataka,(data deleted),(data deleted),0.0,1,1,session_only
8177680.1240049516,1653870593,2021-01-18,1,0,0,0,0,0,desktop,Windows,United States,Virginia,<Other>,<Other>,0.0,1,1,session_only
2372140.2300669362,4965694399,2020-11-27,1,1,0,1,1,1,mobile,iOS,France,Hauts-de-France,google,cpc,5.6,6,6,purchase
5101107.3375437813,9726418802,2020-11-27,1,0,0,0,0,0,desktop,Web,Japan,Kanagawa,(direct),(none),0.0,1,1,session_only
4391612.8817945841,3166265592,2021-01-09,1,0,0,0,0,0,desktop,Web,United States,Illinois,google,organic,0.0,1,1,session_only
5284586.6090643856,8186707962,2020-12-22,1,0,0,0,0,0,desktop,Web,Japan,Kanagawa,(direct),(none),0.0,1,1,session_only
4941025.1037689726,1180241177,2020-11-06,1,1,0,0,0,0,desktop,Web,United States,California,shop.googlemerchandisestore.com,referral,0.0,4,2,view_item
6312052.1283759821,4089004143,2020-11-16,1,0,0,0,0,0,mobile,iOS,Italy,Lazio,<Other>,<Other>,0.0,1,1,session_only
76874793.6611457255,9982370748,2021-01-01,1,0,0,0,0,0,desktop,Web,United States,California,(direct),(none),0.0,1,1,session_only
1741307.4746617528,7519139909,2021-01-09,1,1,0,0,0,0,desktop,Macintosh,United States,California,google,organic,0.0,2,2,view_item
25040095.0670087088,8806289142,2021-01-02,1,1,1,1,1,1,desktop,Web,United States,Illinois,(direct),(none),0.0,38,6,purchase
77180271.3667149712,7273710650,2021-01-11,1,0,0,0,0,0,desktop,Web,Japan,Kanagawa,<Other>,organic,0.0,1,1,session_only
4762645.5673235766,4895693861,2020-11-03,1,0,0,0,0,0,desktop,Web,United States,Florida,<Other>,<Other>,0.0,1,1,session_only
12179940.7158000510,2403291210,2021-01-30,1,0,0,0,0,0,mobile,iOS,France,Pays de la Loire,shop.googlemerchandisestore.com,referral,0.0,1,1,session_only
19068412.4932996231,2156438010,2021-01-08,1,0,0,0,0,0,mobile,Android,United States,Texas,<Other>,organic,0.0,1,1,session_only
46832563.8590653558,6056695397,2020-12-25,1,0,0,0,0,0,mobile,Android,United States,(not set),google,organic,0.0,1,1,session_only
3245685.4398509839,1001275312,2021-01-14,1,0,0,0,0,0,mobile,iOS,Taiwan,Taiwan Province,google,organic,0.0,1,1,session_only
92084431.6213990864,5136822828,2021-01-30,1,0,0,0,0,0,desktop,<Other>,India,Punjab,(direct),(none),0.0,1,1,session_only
22051300.1179670412,3890840403,2021-01-07,1,0,0,0,0,0,desktop,<Other>,Russia,(not set),<Other>,<Other>,0.0,1,1,session_only
34238764.7916817715,1003193501,2021-01-19,1,1,0,0,0,0,mobile,Web,France,Pays de la Loire,(direct),(none),0.0,2,2,view_item
3359617.5224778171,2878570194,2020-11-12,1,0,0,0,0,0,desktop,Web,United States,California,(direct),(none),0.0,1,1,session_only
2472011.2771956358,8118236449,2020-12-12,1,0,0,0,0,0,mobile,Web,India,Gujarat,google,organic,0.0,1,1,session_only
80906609.1190026304,9271709847,2020-11-19,1,0,0,0,0,0,mobile,Web,United States,Oregon,<Other>,organic,0.0,1,1,session_only
2137653.3415092436,4465739642,2020-11-24,1,0,0,0,0,0,mobile,iOS,Canada,Ontario,google,organic,0.0,1,1,session_only
1344816.6034452793,7298492238,2020-11-29,1,1,1,1,1,1,mobile,Web,Kazakhstan,Almaty Province,google,organic,131.2,41,6,purchase
2169985.6394805850,6003427821,2021-01-11,1,1,1,0,0,0,mobile,Web,United States,Florida,google,organic,0.0,12,3,add_to_cart
32064770.0346049771,8141992082,2020-12-05,1,0,0,0,0,0,mobile,Android,Norway,Viken,<Other>,<Other>,0.0,1,1,session_only
3646551.4047780517,9706345775,2020-12-19,1,1,0,1,0,0,desktop,Web,United States,Ohio,(direct),(none),0.0,14,4,begin_checkout
77760604.4160821049,5015488064,2021-01-07,1,1,0,0,0,0,desktop,Windows,United States,New Jersey,google,organic,0.0,5,2,view_item
5961617.0404314603,3671773916,2020-12-13,1,1,1,1,1,1,mobile,Android,United States,California,<Other>,<Other>,0.0,10,6,purchase
5817047.8350669320,837400366,2021-01-24,1,1,1,1,1,1,mobile,Android,United States,Illinois,google,organic,55.2,9,6,purchase
5234795413.9645399509,4856183969,2020-12-22,1,0,0,0,0,0,desktop,Macintosh,Nepal,Central Development Region,(data deleted),(data deleted),0.0,1,1,session_only
2227109.3866686675,9789539515,2020-11-07,1,1,0,1,1,1,desktop,Web,United States,New York,<Other>,organic,0.0,8,6,purchase
7299059.1364785969,3626117282,2020-11-05,1,1,0,0,0,0,mobile,Web,Canada,Quebec,<Other>,referral,0.0,3,2,view_item
59171943.3941123261,457014618,2021-01-22,1,0,0,0,0,0,desktop,Web,United Kingdom,England,google,organic,0.0,1,1,session_only
55121668.4089115770,5870621332,2021-01-05,1,1,0,0,0,0,desktop,Windows,United States,Georgia,<Other>,referral,0.0,6,2,view_item
10918558.7136127302,4757554785,2020-11-22,1,1,0,0,0,0,mobile,Android,Denmark,Capital Region of Denmark,google,organic,0.0,6,2,view_item
10322464.2722705363,5335979475,2020-11-09,1,0,0,0,0,0,mobile,Web,United States,Illinois,shop.googlemerchandisestore.com,referral,0.0,1,1,session_only
6232619.3185797826,6509398308,2020-12-24,1,0,0,0,0,0,desktop,Web,United States,Ohio,google,organic,0.0,1,1,session_only
3590159.2408057876,5843396755,2020-12-25,1,0,0,0,0,0,desktop,Web,United States,Washington,(direct),(none),0.0,1,1,session_only
1572556.4486088407,9348866247,2020-12-30,1,0,0,0,0,0,desktop,Web,Japan,Saitama,(direct),(none),0.0,1,1,session_only
1589925.9666525774,7894222873,2020-12-24,1,0,0,0,0,0,desktop,Web,United States,California,(direct),(none),0.0,1,1,session_only
90344273.0413717772,7686954159,2020-12-23,1,0,0,0,0,0,mobile,Web,Saudi Arabia,Eastern Province,(direct),(none),0.0,1,1,session_only
6072463.1803217592,5749653204,2021-01-12,1,1,0,0,0,0,desktop,Web,United States,Virginia,(direct),(none),0.0,29,2,view_item
35147189.5227232300,7375906126,2020-12-22,1,0,0,0,0,0,desktop,Web,Norway,Oslo,google,organic,0.0,1,1,session_only
6630699.0671543724,9913405624,2021-01-13,1,0,0,0,0,0,mobile,iOS,India,Uttar Pradesh,(data deleted),(data deleted),0.0,1,1,session_only
3545433.6598087358,5553796157,2021-01-16,1,0,0,0,0,0,desktop,Web,South Korea,Seoul,google,organic,0.0,1,1,session_only
6889983.8422229601,908507593,2020-11-23,1,0,0,0,0,0,mobile,Web,Croatia,City of Zagreb,<Other>,referral,0.0,1,1,session_only
56239780.1179793536,5746011709,2021-01-09,1,0,0,0,0,0,desktop,Web,United States,California,<Other>,organic,0.0,1,1,session_only
4926623.5543452635,586310040,2020-11-26,1,0,0,0,0,0,desktop,Web,Canada,Quebec,google,organic,0.0,1,1,session_only
90108351.4731589376,8432977972,2021-01-29,1,0,0,0,0,0,desktop,Windows,United States,Florida,google,cpc,0.0,1,1,session_only
89552752.6801467591,8133469627,2021-01-13,1,0,0,0,0,0,mobile,Web,Saudi Arabia,(not set),google,organic,0.0,1,1,session_only
1623046.5142234266,6013070344,2021-01-11,1,1,0,0,0,0,desktop,Web,United States,Massachusetts,<Other>,<Other>,0.0,4,2,view_item
3872624.6427937817,8783707771,2020-12-22,1,1,0,0,0,0,mobile,iOS,United States,Arizona,<Other>,referral,0.0,2,2,view_item
69531375.3245954092,5787606199,2020-11-14,1,1,0,1,1,1,desktop,Web,Egypt,(not set),(direct),(none),96.8,21,6,purchase
60755398.3026228071,1481072169,2020-11-02,1,1,0,0,0,0,mobile,Web,Peru,(not set),shop.googlemerchandisestore.com,referral,0.0,2,2,view_item
72925745.9777329204,2488801362,2021-01-25,0,1,0,0,0,0,desktop,Windows,United States,New York,shop.googlemerchandisestore.com,referral,0.0,1,2,view_item
4852837922.2140683122,3898607506,2021-01-21,1,0,0,0,0,0,desktop,Windows,United States,New Jersey,(direct),(none),0.0,1,1,session_only
3025436.0981062795,5681584323,2021-01-29,1,0,0,0,0,0,mobile,Android,India,West Bengal,<Other>,organic,0.0,1,1,session_only
7158332.0356186813,982415591,2020-12-25,1,0,0,0,0,0,desktop,Macintosh,South Korea,Gyeonggi-do,(data deleted),(data deleted),0.0,1,1,session_only
5707667.8088497653,1632478452,2020-12-26,1,0,0,0,0,0,mobile,Web,United States,Georgia,google,organic,0.0,1,1,session_only
55705271.7708631960,2270559256,2020-11-27,1,0,0,0,0,0,tablet,Android,United States,Utah,google,organic,0.0,1,1,session_only
44748890.9690535072,5749112168,2021-01-14,1,0,0,0,0,0,mobile,Web,United States,California,google,organic,0.0,1,1,session_only
3108130.0814905052,9492850856,2020-12-13,1,0,0,0,0,0,desktop,Web,United States,California,<Other>,<Other>,0.0,1,1,session_only
8786110.7158046809,1983083514,2021-01-01,1,0,0,0,0,0,mobile,Web,United States,Arizona,google,organic,0.0,1,1,session_only
1647977.3733094480,2487127015,2021-01-09,1,0,0,0,0,0,desktop,Web,Spain,Andalusia,<Other>,organic,0.0,1,1,session_only
72509178.7419711737,5762670975,2020-11-21,1,0,0,0,0,0,mobile,Web,United States,Connecticut,<Other>,referral,0.0,1,1,session_only
44402518.9178100762,3389377650,2020-12-27,1,0,0,0,0,0,desktop,Windows,India,Bihar,google,organic,0.0,1,1,session_only
8263735.6086224036,6610188541,2021-01-28,1,0,0,0,0,0,mobile,Web,Lithuania,(not set),google,organic,0.0,1,1,session_only
30198598.4576956328,3843908009,2020-12-31,1,0,0,0,0,0,desktop,Web,United States,Arizona,<Other>,<Other>,0.0,1,1,session_only
86435205.4808075934,7237851171,2021-01-10,1,1,0,0,0,0,desktop,Windows,India,Uttar Pradesh,(direct),(none),0.0,2,2,view_item
7468140.2877922670,3051001355,2020-11-03,1,0,0,0,0,0,desktop,Web,United States,South Carolina,<Other>,referral,0.0,1,1,session_only
62696551.7761006659,5166905536,2021-01-26,1,0,0,0,0,0,mobile,iOS,Japan,Tokyo,<Other>,referral,0.0,1,1,session_only
21225161.3432569536,4760723806,2020-11-18,1,0,0,0,0,0,desktop,Web,Canada,Ontario,google,organic,0.0,1,1,session_only
8706168.3679402081,5407495443,2020-11-19,1,1,0,0,0,0,desktop,Web,United States,Michigan,google,organic,0.0,18,2,view_item
54227281.3443007793,8508012745,2021-01-22,1,1,1,1,1,1,desktop,Macintosh,United States,Wisconsin,(data deleted),(data deleted),98.56,24,6,purchase
3742127.0513262736,1828195043,2020-11-27,1,0,0,0,0,0,tablet,Web,Portugal,Porto District,google,organic,0.0,1,1,session_only
2030717.5642851370,7654489804,2021-01-17,1,0,0,0,0,0,mobile,Web,United States,Illinois,<Other>,<Other>,0.0,1,1,session_only
35234451.7282906338,556372986,2020-11-21,1,1,0,0,0,0,desktop,Web,Ireland,County Dublin,google,organic,0.0,2,2,view_item
4908367.0394199093,2052643379,2021-01-30,1,0,0,0,0,0,desktop,Web,Canada,Ontario,google,organic,0.0,1,1,session_only
31440248.5373461907,6034529105,2020-11-24,1,0,0,0,0,0,desktop,Web,United Kingdom,England,google,organic,0.0,1,1,session_only
6055365.7969332141,4815063510,2021-01-09,1,0,0,0,0,0,desktop,Web,Nepal,Central Development Region,google,organic,0.0,1,1,session_only
79185283.5197522247,2158720342,2021-01-31,1,0,0,0,0,0,desktop,Macintosh,United States,Georgia,(direct),(none),0.0,1,1,session_only
51366013.9402082598,4934765223,2020-11-13,1,1,0,0,0,0,mobile,iOS,India,Tamil Nadu,google,organic,0.0,10,2,view_item
90295264.1995168215,1193662801,2020-11-28,1,0,0,0,0,0,mobile,iOS,United States,California,google,organic,0.0,1,1,session_only
45883002.4611637560,7156599469,2020-11-05,1,0,0,0,0,0,mobile,Android,Turkey,Istanbul,google,organic,0.0,1,1,session_only
6004970.4903650620,8787951116,2020-11-27,1,0,0,0,0,0,mobile,iOS,United States,Utah,google,organic,0.0,1,1,session_only
2169527.6390393102,2557822546,2020-12-20,1,0,0,0,0,0,desktop,Web,France,Brittany,(direct),(none),0.0,1,1,session_only
74278183.5476869276,1951378329,2020-11-01,1,0,0,0,0,0,mobile,iOS,United States,California,<Other>,<Other>,0.0,1,1,session_only
42405038.8323381302,6834990430,2020-11-26,1,1,1,1,1,1,desktop,Web,United States,Pennsylvania,google,organic,0.0,19,6,purchase
4462401.1120201529,2120700933,2021-01-02,1,0,0,0,0,0,desktop,Web,India,Karnataka,<Other>,referral,0.0,1,1,session_only
4649640.2214967005,1611967861,2021-01-28,1,1,0,0,0,0,mobile,Web,France,Ile-de-France,<Other>,<Other>,0.0,2,2,view_item
71836734.6503601948,1499653228,2020-12-31,1,0,0,0,0,0,tablet,iOS,Vietnam,Hanoi,<Other>,<Other>,0.0,1,1,session_only
77656525.3230874199,2503125535,2020-11-18,1,1,0,0,0,0,desktop,Windows,Ireland,County Dublin,google,organic,0.0,2,2,view_item
3051995.7094224224,5262596420,2020-11-02,1,1,0,1,1,1,desktop,Web,India,Telangana,google,organic,0.0,7,6,purchase
56425640.1462115623,7644238896,2021-01-01,1,0,0,0,0,0,desktop,<Other>,Taiwan,Taoyuan City,<Other>,<Other>,0.0,1,1,session_only
1007822.0143885764,8606106077,2020-12-31,1,0,0,0,0,0,mobile,iOS,Canada,Quebec,(direct),(none),0.0,1,1,session_only
86823681.8515117515,2968506141,2020-11-16,1,1,0,0,0,0,mobile,Web,United States,Washington,<Other>,<Other>,0.0,3,2,view_item
54837616.3006866049,1279746282,2020-11-05,1,0,0,0,0,0,mobile,Web,(not set),(not set),(direct),(none),0.0,1,1,session_only
2860992.4104221921,3270874828,2020-12-25,1,0,0,0,0,0,desktop,Web,United States,Ohio,<Other>,<Other>,0.0,1,1,session_only
71051654.7452617272,4497867449,2021-01-09,1,0,0,0,0,0,desktop,Web,United States,Virginia,(data deleted),(data deleted),0.0,1,1,session_only
33968530.6260635955,5219764985,2021-01-12,1,1,0,0,0,0,desktop,Web,United States,Pennsylvania,(data deleted),(data deleted),0.0,2,2,view_item
7213015.6061366000,9412678504,2021-01-16,1,0,0,0,0,0,desktop,<Other>,United States,Oklahoma,google,organic,0.0,1,1,session_only
86968468.1273949649,7447394051,2021-01-05,1,0,0,0,0,0,mobile,Android,Canada,British Columbia,google,organic,0.0,1,1,session_only
8194832.9486363830,702171321,2020-11-06,1,0,0,0,0,0,desktop,Windows,France,Provence-Alpes-Cote d'Azur,<Other>,organic,0.0,1,1,session_only
13944460.0360872793,4310942618,2020-11-02,1,1,0,0,0,0,desktop,Windows,Japan,(not set),(data deleted),(data deleted),0.0,2,2,view_item
4938661272.0368114493,7355214192,2020-11-06,1,0,0,0,0,0,mobile,iOS,Canada,Ontario,<Other>,referral,0.0,1,1,session_only
7738294.3434964616,6027191140,2021-01-23,1,0,0,0,0,0,desktop,Windows,United States,New York,google,organic,0.0,1,1,session_only
34533715.1208155895,2689840855,2020-12-13,1,0,0,0,0,0,mobile,Web,Canada,Ontario,google,organic,0.0,1,1,session_only
17600486.2275967341,9642737005,2020-11-27,1,1,1,1,1,1,tablet,Web,China,Shanghai,<Other>,referral,34.4,19,6,purchase
8915216.0009280106,9833946357,2020-12-22,1,0,0,0,0,0,desktop,Macintosh,United States,New Jersey,<Other>,referral,0.0,1,1,session_only
7164879.2146357031,5888879015,2020-11-05,1,1,0,0,0,0,mobile,Android,Russia,(not set),<Other>,<Other>,0.0,6,2,view_item
52863013.9673663031,2529345142,2021-01-23,1,1,0,0,0,0,mobile,Web,United Kingdom,England,<Other>,organic,0.0,5,2,view_item
13299343.8502521296,1283070836,2020-11-28,1,1,1,0,0,0,mobile,iOS,United States,New York,google,organic,0.0,3,3,add_to_cart
3136322893.6733243085,2018880057,2021-01-04,1,0,0,0,0,0,mobile,Android,United States,California,google,organic,0.0,1,1,session_only
31018091.1787224840,757429383,2021-01-22,1,1,0,0,0,0,mobile,Web,United States,Nebraska,shop.googlemerchandisestore.com,referral,0.0,4,2,view_item
8584689.9785113657,2143212868,2021-01-07,1,0,0,0,0,0,desktop,Windows,Canada,New Brunswick,(direct),(none),0.0,1,1,session_only
34891796.9509408890,6057582702,2020-12-30,1,0,0,0,0,0,desktop,Web,United States,California,<Other>,referral,0.0,1,1,session_only
35978168.2763520045,7686991375,2020-11-05,1,0,0,0,0,0,tablet,Web,United States,Nevada,google,organic,0.0,1,1,session_only
4249819.8624730891,4514400409,2021-01-28,1,0,0,0,0,0,desktop,Web,United States,Arizona,google,organic,0.0,1,1,session_only
6060062028.4637677482,2191982296,2021-01-19,1,0,0,0,0,0,mobile,iOS,United States,North Carolina,(direct),(none),0.0,1,1,session_only
15702080.7768373594,5955176760,2020-11-12,1,0,0,0,0,0,desktop,Web,United States,Massachusetts,google,organic,0.0,1,1,session_only
75923498.6709029087,5582787274,2021-01-22,1,0,0,0,0,0,desktop,Web,United States,Texas,<Other>,<Other>,0.0,1,1,session_only
51695066.7327115028,3854398688,2020-11-29,1,0,0,0,0,0,desktop,<Other>,Spain,Catalonia,(direct),(none),0.0,1,1,session_only
3518391.0129284351,1866116867,2021-01-09,1,1,0,0,0,0,mobile,Web,United States,Virginia,google,organic,0.0,4,2,view_item
3518983.9449821015,3213354055,2021-01-11,1,0,0,0,0,0,desktop,Web,United States,Indiana,<Other>,<Other>,0.0,1,1,session_only
78601897.3802764116,2539922156,2020-11-07,1,0,0,0,0,0,desktop,Web,United States,Massachusetts,(direct),(none),0.0,1,1,session_only
63923369.4105771632,8271134491,2020-11-15,1,0,0,0,0,0,desktop,Web,Ukraine,Lviv Oblast,google,cpc,0.0,1,1,session_only
57268788.8001579631,5164495009,2020-11-23,1,0,0,1,1,1,mobile,Android,United States,New York,(data deleted),(data deleted),0.0,6,6,purchase
48112161.3615402129,86545161,2020-11-19,1,0,0,0,0,0,desktop,Web,China,Zhejiang,(direct),(none),0.0,1,1,session_only
1446457.7139417622,5522901938,2020-12-23,1,0,0,0,0,0,desktop,Web,United States,South Carolina,google,organic,0.0,1,1,session_only
78379076.5595304351,4109755018,2020-12-23,1,0,0,0,0,0,tablet,iOS,India,Maharashtra,google,organic,0.0,1,1,session_only
3868373.8552176049,466086775,2021-01-02,1,0,0,0,0,0,desktop,Web,China,Guangdong Province,google,organic,0.0,1,1,session_only
19388075.6152731843,4021180275,2020-11-03,1,1,0,1,1,1,desktop,Windows,United States,Wisconsin,google,organic,0.0,38,6,purchase
56322972.7009359375,8624578206,2020-12-22,1,0,0,0,0,0,desktop,Web,Bulgaria,Sofia City Province,(direct),(none),0.0,1,1,session_only
56028719.4383186896,1143111567,2020-11-14,1,0,0,0,0,0,mobile,Web,United States,North Carolina,<Other>,<Other>,0.0,1,1,session_only
7712832.3034706195,3106280834,2020-11-08,1,0,0,0,0,0,mobile,iOS,France,Auvergne-Rhone-Alpes,google,organic,0.0,1,1,session_only
3984891.0076885264,7365828499,2020-12-13,1,0,0,0,0,0,desktop,Windows,Canada,Ontario,shop.googlemerchandisestore.com,referral,0.0,1,1,session_only
5970853.2285093470,7188075778,2020-11-01,1,1,0,0,0,0,desktop,Web,India,Madhya Pradesh,(direct),(none),0.0,3,2,view_item
2089319.1676906414,5045392272,2021-01-21,1,0,0,0,0,0,desktop,Web,United States,New York,(direct),(none),0.0,1,1,session_only
22043400.8788592433,9879998187,2020-11-12,1,0,0,0,0,0,desktop,Web,United States,Virginia,(data deleted),(data deleted),0.0,1,1,session_only
4350276.8439233339,2967976680,2021-01-09,1,0,0,0,0,0,desktop,Web,Vietnam,Ho Chi Minh City,google,organic,0.0,1,1,session_only
3135844.4823468768,3845826189,2020-11-06,1,0,0,0,0,0,desktop,Web,United Kingdom,(not set),(direct),(none),0.0,1,1,session_only
83811599.2720718561,6650968982,2020-12-31,1,0,0,0,0,0,desktop,Web,Italy,(not set),google,organic,0.0,1,1,session_only
46500191.2854774538,2911544023,2021-01-12,1,1,0,0,0,0,desktop,Web,United States,Idaho,<Other>,organic,0.0,2,2,view_item
23753152.0421194971,2683926831,2020-11-03,1,0,0,0,0,0,mobile,iOS,Taiwan,Taipei City,<Other>,<Other>,0.0,1,1,session_only
82548183.0067088569,6010095402,2021-01-12,1,0,0,0,0,0,mobile,Web,United States,California,<Other>,referral,0.0,1,1,session_only
78514647.9488411179,687046387,2020-11-12,1,0,0,0,0,0,mobile,Web,Canada,British Columbia,google,organic,0.0,1,1,session_only
6703544.4719399076,8919351760,2021-01-13,1,1,1,0,0,0,desktop,Web,United States,California,google,organic,0.0,8,3,add_to_cart
86228073.3358953203,5300375410,2020-11-18,1,1,0,0,0,0,desktop,Windows,United States,New York,google,organic,0.0,2,2,view_item
8129420.9480765655,6415147678,2021-01-25,1,0,0,0,0,0,desktop,Web,Canada,Ontario,shop.googlemerchandisestore.com,referral,0.0,1,1,session_only
81789591.7158589117,4016443778,2021-01-22,1,0,0,0,0,0,desktop,Windows,China,Zhejiang,(direct),(none),0.0,1,1,session_only
4055873.2804573216,7534087830,2020-11-16,1,1,0,1,1,1,mobile,Web,Thailand,Bangkok,google,organic,47.2,31,6,purchase
1255994.7906262940,1907477745,2021-01-16,1,0,0,0,0,0,mobile,Web,Canada,Saskatchewan,(direct),(none),0.0,1,1,session_only
6654171.1532894332,8527498156,2020-12-13,1,0,0,0,0,0,mobile,Android,United States,North Carolina,(data deleted),(data deleted),0.0,1,1,session_only
7563517.4284938425,637683807,2020-12-12,1,0,0,0,0,0,mobile,Web,United States,California,google,organic,0.0,1,1,session_only
38829312.2656921072,784260413,2020-12-23,1,0,0,0,0,0,desktop,Web,(not set),(not set),<Other>,<Other>,0.0,1,1,session_only
8721893.3537596674,4824872178,2021-01-11,1,0,0,0,0,0,mobile,Web,Germany,North Rhine-Westphalia,google,organic,0.0,1,1,session_only
5820769.2126830378,5301683048,2021-01-25,1,1,0,1,1,1,mobile,Android,Portugal,Lisbon,google,cpc,0.0,14,6,purchase
72213464.3676622940,9692775858,2020-12-19,1,0,0,0,0,0,desktop,Web,United Kingdom,England,<Other>,referral,0.0,1,1,session_only
17702591.5763865673,6760505793,2020-11-24,1,0,0,0,0,0,desktop,Web,United States,California,(data deleted),(data deleted),0.0,1,1,session_only
45659489.9729736957,959723611,2021-01-25,1,1,1,0,0,0,desktop,<Other>,United States,Connecticut,<Other>,referral,0.0,3,3,add_to_cart
91533651.4855288753,8876899915,2020-12-31,1,0,0,0,0,0,desktop,Web,United States,Texas,(direct),(none),0.0,1,1,session_only
80500558.3877373359,7331464432,2021-01-18,1,0,0,0,0,0,mobile,iOS,Poland,Lublin Voivodeship,(direct),(none),0.0,1,1,session_only
45613205.5101892171,461529059,2021-01-05,1,0,0,0,0,0,desktop,Web,United States,California,<Other>,referral,0.0,1,1,session_only
86532083.3097544693,1788736271,2020-12-26,1,0,0,0,0,0,desktop,Macintosh,United States,California,(data deleted),(data deleted),0.0,1,1,session_only
14451995.0989072042,8583878331,2020-12-05,1,0,0,0,0,0,desktop,Web,United States,Massachusetts,<Other>,referral,0.0,1,1,session_only
1620024.8966870933,8365675094,2021-01-01,1,0,0,0,0,0,desktop,Web,South Africa,Western Cape,(data deleted),(data deleted),0.0,1,1,session_only
1737457480.4580225947,2716590822,2021-01-25,1,0,0,0,0,0,mobile,iOS,Colombia,Valle del Cauca,<Other>,referral,0.0,1,1,session_only
28426508.7042302034,8879356363,2021-01-14,1,0,0,0,0,0,desktop,Web,Mexico,(not set),(direct),(none),0.0,1,1,session_only
4325314.4909952472,6591031327,2020-11-29,1,0,0,0,0,0,mobile,Web,South Korea,Gyeongsangbuk-do,<Other>,referral,0.0,1,1,session_only
48576391.5178282808,5020136194,2020-12-23,1,1,0,0,0,0,desktop,Windows,Canada,Ontario,(direct),(none),0.0,3,2,view_item
55273707.5418965883,5859067240,2020-12-13,1,1,1,1,1,0,mobile,iOS,India,Rajasthan,<Other>,<Other>,0.0,31,5,add_payment
5122115.1886795342,1735474769,2020-12-31,1,0,0,0,0,0,mobile,Web,India,Uttar Pradesh,google,organic,0.0,1,1,session_only
7063837.2435084619,9790944568,2021-01-03,1,0,0,0,0,0,desktop,Web,Poland,Greater Poland Voivodeship,google,organic,0.0,1,1,session_only
8987815.8288064219,4278345748,2021-01-04,1,0,0,0,0,0,desktop,Web,United States,New Mexico,google,organic,0.0,1,1,session_only
3565416.5998942212,4432537054,2020-11-16,1,1,0,0,0,0,mobile,Web,Singapore,(not set),(data deleted),(data deleted),0.0,15,2,view_item
87161223.8835286283,6618372749,2020-12-20,1,0,0,0,0,0,mobile,Web,Portugal,Lisbon,google,organic,0.0,1,1,session_only
80479000.3234054721,9824652588,2020-12-05,1,0,0,0,0,0,desktop,Web,Croatia,City of Zagreb,shop.googlemerchandisestore.com,referral,0.0,1,1,session_only
83598464.4899967855,4748101418,2021-01-11,1,1,1,1,1,1,desktop,Web,United States,Pennsylvania,shop.googlemerchandisestore.com,referral,37.28,19,6,purchase
60486952.4437620432,2320156464,2020-12-12,1,0,0,0,0,0,mobile,iOS,United States,Tennessee,(direct),(none),0.0,1,1,session_only
6126732.7150165335,9683931535,2021-01-22,1,1,0,0,0,0,desktop,Macintosh,Netherlands,Gelderland,(direct),(none),0.0,2,2,view_item
25091453.5122503952,6952547438,2021-01-05,1,0,0,0,0,0,desktop,Web,Spain,Andalusia,google,organic,0.0,1,1,session_only
81446984.1609942483,9872772949,2021-01-25,1,1,0,0,0,0,desktop,Web,India,Tamil Nadu,(data deleted),(data deleted),0.0,4,2,view_item
63530640.3666612990,2984655164,2020-12-27,1,1,1,1,1,1,desktop,Web,United States,Arizona,(direct),(none),10.4,26,6,purchase
7901568572.3851547985,4095934315,2020-11-03,1,0,0,0,0,0,desktop,Web,United States,West Virginia,google,organic,0.0,1,1,session_only
53161769.2345157082,2883427724,2020-11-27,1,0,0,0,0,0,desktop,Macintosh,Germany,North Rhine-Westphalia,<Other>,<Other>,0.0,1,1,session_only
31156808.0895595481,7214899703,2021-01-10,1,0,0,0,0,0,desktop,Web,United States,California,google,organic,0.0,1,1,session_only
12722863.0977241397,2489555868,2020-11-27,1,0,0,0,0,0,mobile,iOS,United States,South Carolina,<Other>,<Other>,0.0,1,1,session_only
3292684.9252653864,1912673045,2020-12-30,1,0,0,0,0,0,mobile,Web,United Kingdom,England,shop.googlemerchandisestore.com,referral,0.0,1,1,session_only
53338057.2925370697,5927367928,2021-01-08,1,1,0,0,0,0,mobile,iOS,France,Auvergne-Rhone-Alpes,google,organic,0.0,3,2,view_item
11053534.7676600461,3916994635,2021-01-19,1,0,0,0,0,0,desktop,Macintosh,Taiwan,Taipei City,google,organic,0.0,1,1,session_only
1112480.2331977019,9275683628,2020-11-28,1,1,1,1,1,1,mobile,Web,United States,Tennessee,<Other>,referral,57.6,8,6,purchase
52330236.5081844804,5151096194,2020-12-30,1,0,0,0,0,0,desktop,Macintosh,United States,Texas,<Other>,<Other>,0.0,1,1,session_only
5821297.0214384711,519284712,2020-11-21,1,1,0,0,0,0,desktop,Macintosh,Taiwan,Taipei City,google,organic,0.0,3,2,view_item
10187064.0030316274,922164487,2020-11-01,1,0,0,0,0,0,desktop,Web,United States,New York,(data deleted),(data deleted),0.0,1,1,session_only
7024265.5324502352,5914778017,2020-12-31,1,0,0,0,0,0,desktop,Web,United States,Wisconsin,<Other>,referral,0.0,1,1,session_only
8505900.4779790782,412948758,2021-01-10,1,1,0,0,0,0,mobile,Web,United States,Utah,shop.googlemerchandisestore.com,referral,0.0,2,2,view_item
4696219.9403845023,494995482,2021-01-31,1,1,1,1,1,1,mobile,Web,United States,Tennessee,<Other>,<Other>,0.0,13,6,purchase
2184879.3034949764,2185428453,2020-12-12,1,0,0,0,0,0,desktop,Windows,United States,Wyoming,(direct),(none),0.0,1,1,session_only
47876175.0439488568,8098781696,2021-01-16,1,0,0,0,0,0,desktop,Macintosh,United States,Florida,(direct),(none),0.0,1,1,session_only
42691601.1633633172,1710321022,2020-11-09,1,1,0,0,0,0,desktop,Web,Russia,(not set),google,organic,0.0,6,2,view_item
3141310.4554719491,3875529770,2020-12-12,1,0,0,0,0,0,desktop,Web,United States,Ohio,(data deleted),(data deleted),0.0,1,1,session_only
2798155.8136359339,4411502029,2020-11-03,1,1,0,1,1,1,desktop,Macintosh,Austria,Vienna,(direct),(none),28.799999999999997,25,6,purchase
62136943.1119526562,7449618620,2020-11-08,1,0,0,0,0,0,mobile,Web,United States,Indiana,<Other>,<Other>,0.0,1,1,session_only
4809411890.6517876225,5828300225,2021-01-04,1,0,0,0,0,0,desktop,Web,United States,New York,<Other>,<Other>,0.0,1,1,session_only
78262813.8596290982,469554521,2020-11-23,1,0,0,0,0,0,mobile,Android,China,Zhejiang,google,organic,0.0,1,1,session_only
1537200.9559704659,5244685922,2021-01-25,1,0,0,0,0,0,desktop,Web,United States,California,<Other>,referral,0.0,1,1,session_only
3486013.9727240213,4716267008,2021-01-10,1,0,0,0,0,0,desktop,Windows,United States,Ohio,(direct),(none),0.0,1,1,session_only
73576504.5109252200,2759149284,2021-01-17,1,0,0,0,0,0,desktop,<Other>,Vietnam,(not set),(data deleted),(data deleted),0.0,1,1,session_only
62856019.3238415642,4249155246,2020-11-28,1,1,1,1,1,1,desktop,Web,India,Rajasthan,(direct),(none),0.0,17,6,purchase
15551519.1240968812,2503975858,2021-01-22,1,0,0,0,0,0,desktop,Web,United States,Kansas,(data deleted),(data deleted),0.0,1,1,session_only
2314652.7895916826,9052243493,2020-11-28,1,1,1,1,1,1,desktop,Web,United States,Wisconsin,shop.googlemerchandisestore.com,referral,0.0,98,6,purchase
5357398.9994228120,6810762884,2021-01-29,1,1,0,0,0,0,mobile,Web,United States,Oklahoma,shop.googlemerchandisestore.com,referral,0.0,2,2,view_item
2069919.9905156294,5983439847,2020-12-30,1,0,0,0,0,0,mobile,Web,India,Karnataka,<Other>,<Other>,0.0,1,1,session_only
5501469.2427783308,9348145994,2020-12-27,1,0,0,0,0,0,desktop,Macintosh,India,Gujarat,google,organic,0.0,1,1,session_only
69660519.7906193251,1491574522,2020-12-20,1,1,0,0,0,0,desktop,Web,India,Andhra Pradesh,google,organic,0.0,2,2,view_item
1390751.8705199321,5526221784,2020-12-19,1,1,0,0,0,0,mobile,Android,Bulgaria,Sofia City Province,(direct),(none),0.0,2,2,view_item
8157582.8229581745,1722881553,2020-11-26,1,1,0,0,0,0,desktop,Macintosh,Peru,(not set),(data deleted),(data deleted),0.0,3,2,view_item
41141552.8387155159,123143440,2020-11-18,1,1,1,1,1,1,mobile,Web,Poland,Lodz Voivodeship,(direct),(none),79.2,11,6,purchase
5546335.5733710756,5283812971,2020-11-08,1,1,0,1,1,1,mobile,iOS,Poland,Silesian Voivodeship,<Other>,<Other>,0.0,15,6,purchase
58872907.9827141750,5434426947,2020-11-12,1,0,0,0,0,0,mobile,Android,United States,Virginia,google,organic,0.0,1,1,session_only
3644405.6914122756,6719025655,2021-01-17,1,0,0,0,0,0,desktop,Web,Peru,(not set),(data deleted),(data deleted),0.0,1,1,session_only
7765068.2862109789,6266571854,2020-11-16,1,1,0,0,0,0,mobile,Web,France,Nouvelle-Aquitaine,google,organic,0.0,2,2,view_item
75571709.1157982540,3876904400,2021-01-04,0,1,0,1,1,1,desktop,Web,United States,North Carolina,shop.googlemerchandisestore.com,referral,101.12,12,6,purchase
19641735.8752564886,3125030499,2020-11-08,1,0,0,0,0,0,desktop,Windows,Saudi Arabia,Riyadh Province,google,organic,0.0,1,1,session_only
27853675.9257650752,1957681433,2020-12-23,1,1,1,0,0,0,desktop,Web,United States,Virginia,google,organic,0.0,3,3,add_to_cart
83518446.2155734611,7523620218,2021-01-18,1,0,0,0,0,0,mobile,iOS,Serbia,(not set),(direct),(none),0.0,1,1,session_only
1630211.7221431924,2133374118,2020-11-13,1,0,0,0,0,0,desktop,Web,United States,South Carolina,shop.googlemerchandisestore.com,referral,0.0,1,1,session_only
32352567.5076117076,3261890485,2020-12-29,1,0,0,0,0,0,desktop,Web,United States,Colorado,google,organic,0.0,1,1,session_only
8322502.1331606535,4915093421,2020-11-13,1,0,0,0,0,0,desktop,Web,Portugal,Lisbon,google,organic,0.0,1,1,session_only
74394536.9552339505,7704863120,2020-12-12,1,0,0,0,0,0,mobile,Web,Canada,Ontario,<Other>,<Other>,0.0,1,1,session_only
8725126.6124114774,1051382092,2021-01-07,1,0,0,0,0,0,desktop,Windows,United States,New York,<Other>,<Other>,0.0,1,1,session_only
7348285.4818740716,1689586250,2020-11-26,1,0,0,0,0,0,desktop,Web,Hong Kong,(not set),<Other>,organic,0.0,1,1,session_only
85073862.5260159236,9161863253,2021-01-22,1,0,0,0,0,0,mobile,Web,Italy,Veneto,(direct),(none),0.0,1,1,session_only
2487892.4720122179,770873583,2020-11-27,1,0,0,0,0,0,mobile,Web,United States,Massachusetts,(direct),(none),0.0,1,1,session_only
8322934.4041387987,4653195727,2021-01-08,1,0,0,0,0,0,desktop,Windows,Spain,Canary Islands,google,organic,0.0,1,1,session_only
61052028.9800881969,1696819158,2020-12-24,1,0,0,0,0,0,desktop,Web,United States,Illinois,google,organic,0.0,1,1,session_only
38491855.3734683525,268243755,2021-01-23,1,0,0,0,0,0,mobile,Web,United States,New Hampshire,<Other>,<Other>,0.0,1,1,session_only
5883040.6870810557,6360780460,2020-12-20,1,0,0,0,0,0,desktop,Web,Singapore,(not set),google,organic,0.0,1,1,session_only
7856231.1146605733,3946300111,2021-01-11,1,0,0,0,0,0,mobile,Web,Canada,Ontario,<Other>,<Other>,0.0,1,1,session_only
2322379.1784633847,7887565794,2021-01-31,0,1,0,0,0,0,desktop,Web,Portugal,Lisbon,shop.googlemerchandisestore.com,referral,0.0,1,2,view_item
6758762.7554002605,223936500,2020-11-15,1,0,0,0,0,0,desktop,Web,Hong Kong,(not set),shop.googlemerchandisestore.com,referral,0.0,1,1,session_only
9200209.6870003626,5588318191,2020-11-12,1,0,0,0,0,0,desktop,Web,India,Telangana,<Other>,<Other>,0.0,1,1,session_only
58789736.1797943388,9878612773,2020-12-12,1,0,0,0,0,0,mobile,Web,United States,Kansas,google,organic,0.0,1,1,session_only
72489305.6422062250,4053516736,2021-01-26,1,0,0,0,0,0,desktop,Windows,United States,New Jersey,shop.googlemerchandisestore.com,referral,0.0,1,1,session_only
3884468.9280794846,6037938344,2020-11-16,1,1,0,0,0,0,desktop,Windows,United States,North Carolina,google,organic,0.0,2,2,view_item
36979121.8621323436,528537066,2021-01-09,1,0,0,0,0,0,desktop,Windows,Thailand,Bangkok,(data deleted),(data deleted),0.0,1,1,session_only
62564435.1689969057,9290254387,2020-12-27,1,0,0,0,0,0,desktop,Macintosh,France,Pays de la Loire,<Other>,referral,0.0,1,1,session_only
1732484.0991596514,9420672723,2020-11-26,1,0,0,0,0,0,mobile,Web,United Kingdom,England,(direct),(none),0.0,1,1,session_only
15794108.9642991370,2400206531,2020-11-02,1,0,0,0,0,0,mobile,Web,United States,Georgia,google,organic,0.0,1,1,session_only
3047018005.1317089158,134294287,2021-01-04,1,1,1,0,0,0,mobile,iOS,United States,California,google,organic,0.0,4,3,add_to_cart
53063750.7069056366,7048800896,2021-01-18,1,0,0,0,0,0,desktop,Web,United States,Georgia,google,organic,0.0,1,1,session_only
4454330.5465106881,4441456308,2020-11-24,1,0,0,0,0,0,desktop,Macintosh,United States,Ohio,<Other>,referral,0.0,1,1,session_only
23687755.9277542049,7558805951,2020-11-21,1,0,0,0,0,0,mobile,Web,India,Kerala,google,organic,0.0,1,1,session_only
39652472.1809478185,5409686295,2021-01-12,1,1,1,1,1,1,desktop,Macintosh,United States,Massachusetts,<Other>,<Other>,0.0,11,6,purchase
7228563.7799869763,2562454384,2021-01-05,1,1,1,0,0,0,desktop,Windows,United States,California,google,organic,0.0,5,3,add_to_cart
78362399.7586135259,8612630829,2021-01-26,1,0,0,0,0,0,desktop,Windows,Singapore,(not set),(direct),(none),0.0,1,1,session_only
49587126.1635368262,8330608161,2020-12-30,1,0,0,0,0,0,mobile,Android,India,Tamil Nadu,<Other>,referral,0.0,1,1,session_only
1155447.0316161943,3961383159,2020-11-24,1,1,0,0,0,0,desktop,Windows,Canada,Ontario,<Other>,<Other>,0.0,7,2,view_item
7803142.6813892268,1412574105,2021-01-21,1,0,0,0,0,0,desktop,Web,Ukraine,Kyiv city,google,organic,0.0,1,1,session_only
4670841.6660469429,4253630718,2021-01-17,1,1,0,1,1,1,mobile,iOS,India,Bihar,shop.googlemerchandisestore.com,referral,0.0,16,6,purchase
8546728.7332868418,2523947007,2021-01-29,1,0,0,0,0,0,mobile,Web,United Kingdom,England,google,organic,0.0,1,1,session_only
1438776.9221524135,3028358353,2021-01-10,1,0,0,0,0,0,desktop,Windows,United States,North Carolina,(direct),(none),0.0,1,1,session_only
6266810.8719095618,3365560490,2021-01-10,1,0,0,0,0,0,desktop,Windows,Canada,Manitoba,<Other>,<Other>,0.0,1,1,session_only
67300719.0613628944,3019741570,2020-11-14,1,1,0,1,1,1,desktop,Web,United States,Missouri,<Other>,<Other>,63.2,26,6,purchase
42685926.3416853106,1728309985,2020-11-12,1,0,0,0,0,0,desktop,Web,United States,Massachusetts,<Other>,<Other>,0.0,1,1,session_only
5450574.2922754541,6281030528,2021-01-29,1,1,1,1,1,1,desktop,Macintosh,India,Delhi,shop.googlemerchandisestore.com,referral,0.0,21,6,purchase
60577488.7083733578,1667343719,2020-12-13,1,0,0,0,0,0,desktop,Macintosh,Canada,Ontario,<Other>,referral,0.0,1,1,session_only
3215438.6446473622,9204405972,2020-11-08,1,1,0,0,0,0,mobile,Android,Australia,South Australia,<Other>,referral,0.0,2,2,view_item
1393848.4217498293,5233584296,2020-11-24,1,0,0,0,0,0,mobile,Android,Canada,Ontario,(direct),(none),0.0,1,1,session_only
4659091.6171446835,2983092092,2020-11-05,1,1,0,0,0,0,desktop,Web,France,Provence-Alpes-Cote d'Azur,(direct),(none),0.0,5,2,view_item
49802697.4168331352,6463150649,2020-12-23,1,1,0,0,0,0,mobile,Web,United States,Missouri,(direct),(none),0.0,4,2,view_item
30584278.0279643012,5854173356,2021-01-28,1,1,0,0,0,0,desktop,Web,France,Ile-de-France,<Other>,referral,0.0,2,2,view_item
82543497.4458278421,4553808965,2020-12-24,1,0,0,0,0,0,desktop,Windows,Germany,Baden-Wurttemberg,<Other>,<Other>,0.0,1,1,session_only
2286770.7196694016,3850284117,2020-11-07,1,1,0,0,0,0,mobile,Web,China,(not set),shop.googlemerchandisestore.com,referral,0.0,9,2,view_item
71409956.2205600982,571698773,2020-11-16,1,0,0,0,0,0,desktop,Web,Israel,Tel Aviv District,(data deleted),(data deleted),0.0,1,1,session_only
51794242.1108932832,7672120898,2021-01-04,1,1,0,0,0,0,desktop,Web,United States,Alabama,google,organic,0.0,2,2,view_item
8708338.5062032716,7059902821,2021-01-13,1,0,0,0,0,0,desktop,Web,United States,California,<Other>,<Other>,0.0,1,1,session_only
6647573.4233013451,2460784406,2021-01-16,1,0,0,0,0,0,desktop,Web,Brazil,State of Sao Paulo,google,organic,0.0,1,1,session_only
28817763.1064618601,1893531974,2020-11-03,1,0,0,0,0,0,mobile,Android,Thailand,Bangkok,(direct),(none),0.0,1,1,session_only
1083774.3336281696,6200586907,2020-12-26,1,0,0,0,0,0,mobile,iOS,Czechia,(not set),google,organic,0.0,1,1,session_only
42718559.8868717794,1580060466,2021-01-10,1,0,0,0,0,0,desktop,Web,Czechia,Prague,(data deleted),(data deleted),0.0,1,1,session_only
4568620.3650859083,9889362551,2021-01-24,1,1,1,1,1,1,desktop,Macintosh,Poland,Lower Silesian Voivodeship,google,organic,0.0,32,6,purchase
59513133.3632405517,5851203713,2020-11-22,1,0,0,0,0,0,desktop,Macintosh,United States,Virginia,<Other>,referral,0.0,1,1,session_only
75119217.0224912452,5193087568,2021-01-09,1,0,0,0,0,0,desktop,Windows,India,Maharashtra,google,cpc,0.0,1,1,session_only
3945067.6189159317,3982324975,2021-01-04,1,0,0,0,0,0,mobile,Web,United States,Washington,(direct),(none),0.0,1,1,session_only
74776603.1400530111,56987643,2020-11-09,1,1,0,0,0,0,desktop,Web,Taiwan,Taichung City,google,organic,0.0,2,2,view_item
7359349.4854707506,8735825532,2021-01-26,1,0,0,0,0,0,desktop,Web,Israel,Center District,<Other>,<Other>,0.0,1,1,session_only
8393814.9210003168,9886951978,2020-11-13,0,1,0,0,0,0,mobile,Web,United Kingdom,England,google,organic,0.0,1,2,view_item
48006205.0702282115,4560011996,2020-12-27,1,0,0,0,0,0,mobile,Android,Ireland,County Dublin,(direct),(none),0.0,1,1,session_only
1585207.5627804698,2914073745,2020-11-28,1,0,0,0,0,0,desktop,Macintosh,United States,Oklahoma,google,organic,0.0,1,1,session_only
57726778.6402449716,4632374069,2021-01-29,1,1,1,1,1,1,mobile,iOS,Canada,Manitoba,(direct),(none),0.0,22,6,purchase
9414364.3624994728,1106676988,2020-11-08,1,0,0,0,0,0,mobile,Web,India,Andhra Pradesh,(data deleted),(data deleted),0.0,1,1,session_only
4324749.6802610185,6968562369,2020-12-05,1,1,0,0,0,0,mobile,Web,Taiwan,New Taipei City,shop.googlemerchandisestore.com,referral,0.0,11,2,view_item
8324571.3187940756,5774056435,2020-11-09,1,0,0,0,0,0,desktop,Windows,United States,Alabama,(direct),(none),0.0,1,1,session_only
77566594.2793963584,350401404,2020-12-31,1,0,0,0,0,0,desktop,Web,Canada,Newfoundland and Labrador,google,organic,0.0,1,1,session_only
14076506.2727672769,1216239357,2020-12-23,1,0,0,0,0,0,mobile,iOS,United States,New York,(direct),(none),0.0,1,1,session_only
46916772.2869032247,4364203812,2020-11-28,1,0,0,0,0,0,mobile,Web,Singapore,(not set),<Other>,<Other>,0.0,1,1,session_only
45048556.2158797645,905238893,2021-01-07,1,0,0,0,0,0,mobile,iOS,Portugal,(not set),(direct),(none),0.0,1,1,session_only
6354182.0340556014,4641971634,2021-01-21,1,1,0,0,0,0,desktop,Web,Italy,Lazio,(data deleted),(data deleted),0.0,3,2,view_item
1181271.2559991025,737610401,2021-01-29,1,1,1,1,1,1,desktop,Windows,Singapore,(not set),<Other>,referral,70.4,9,6,purchase
88935431.3737395614,2942547057,2021-01-17,1,0,0,0,0,0,desktop,Web,United States,Virginia,<Other>,<Other>,0.0,1,1,session_only
35814913.9465119156,5517058904,2020-11-19,1,0,0,0,0,0,mobile,Web,Taiwan,Kaohsiung City,(direct),(none),0.0,1,1,session_only
6398514.3092233474,5635962455,2021-01-30,1,0,0,0,0,0,desktop,Web,Brazil,State of Minas Gerais,google,cpc,0.0,1,1,session_only
1314757.0467261222,1713959703,2020-12-19,1,0,0,0,0,0,mobile,Web,Canada,Alberta,google,organic,0.0,1,1,session_only
3964138.7855397091,1447184910,2021-01-23,1,0,0,0,0,0,desktop,Macintosh,Guatemala,Guatemala Department,shop.googlemerchandisestore.com,referral,0.0,1,1,session_only
89519522.3883954644,2340724472,2021-01-14,1,1,0,0,0,0,desktop,Web,United States,Wisconsin,google,organic,0.0,14,2,view_item
7184436.5495765285,1520296530,2020-11-22,1,1,0,0,0,0,mobile,iOS,United Arab Emirates,Dubai,(direct),(none),0.0,5,2,view_item
61934824.1039796845,3104931228,2021-01-11,1,1,0,0,0,0,desktop,Web,Romania,Bucharest,<Other>,organic,0.0,2,2,view_item
8413363.6105250946,4952891922,2021-01-21,1,0,0,0,0,0,mobile,Android,United States,Tennessee,google,organic,0.0,1,1,session_only
1591646.5017882458,696230719,2020-11-05,1,0,0,0,0,0,desktop,Web,United Kingdom,England,google,organic,0.0,1,1,session_only
68026212.7603606458,7507527824,2021-01-19,1,1,0,0,0,0,desktop,Web,United States,Virginia,(direct),(none),0.0,8,2,view_item
20631378.7981176516,1346399012,2021-01-07,1,0,0,0,0,0,mobile,Android,Canada,Ontario,(data deleted),(data deleted),0.0,1,1,session_only
2335807.3114829941,5754552740,2020-11-09,1,0,0,0,0,0,desktop,Web,India,Telangana,<Other>,referral,0.0,1,1,session_only
7113134.8694762086,8125411489,2021-01-14,1,0,0,0,0,0,desktop,Windows,China,Zhejiang,(data deleted),(data deleted),0.0,1,1,session_only
4986526846.4516987510,9432539302,2021-01-04,1,0,0,0,0,0,mobile,Android,Ireland,County Dublin,google,organic,0.0,1,1,session_only
85907898.8815746733,9649268016,2021-01-10,1,0,0,0,0,0,mobile,iOS,United States,Pennsylvania,shop.googlemerchandisestore.com,referral,0.0,1,1,session_only
45231556.5208578768,7464984644,2020-12-05,1,0,0,0,0,0,mobile,iOS,United States,Michigan,google,cpc,0.0,1,1,session_only
5889305.1596594172,4502066120,2020-11-24,0,1,0,1,1,1,desktop,Windows,Indonesia,West Java,<Other>,<Other>,165.92,35,6,purchase
1786298896.6443523244,4908683779,2020-11-03,1,0,0,0,0,0,mobile,iOS,Israel,Tel Aviv District,shop.googlemerchandisestore.com,referral,0.0,1,1,session_only
5005638.5489968792,7361200289,2021-01-25,1,0,0,0,0,0,desktop,Macintosh,China,Sichuan,google,organic,0.0,1,1,session_only
59667523.4267246363,7997245230,2020-11-12,1,0,0,0,0,0,desktop,Web,United Kingdom,England,google,organic,0.0,1,1,session_only
47145905.1521044039,9713597299,2021-01-19,1,0,0,0,0,0,desktop,Web,Norway,Oslo,shop.googlemerchandisestore.com,referral,0.0,1,1,session_only
7591374.9588093524,2253027071,2021-01-13,1,1,0,0,0,0,desktop,Macintosh,South Korea,Seoul,google,organic,0.0,2,2,view_item
9068618.6723674284,7972590129,2021-01-04,1,0,0,0,0,0,desktop,Windows,Canada,Ontario,shop.googlemerchandisestore.com,referral,0.0,1,1,session_only
75157703.2669574769,9366241192,2020-12-19,1,0,0,0,0,0,desktop,Web,France,Ile-de-France,google,organic,0.0,1,1,session_only
1735508.7429068778,8523981221,2021-01-10,1,0,0,0,0,0,desktop,Web,United States,Wisconsin,google,organic,0.0,1,1,session_only
5544546.1500144823,8377507170,2020-11-15,1,0,0,0,0,0,mobile,iOS,Canada,Ontario,(direct),(none),0.0,1,1,session_only
71705436.1517465913,2513670299,2020-12-05,1,1,0,0,0,0,desktop,Web,Italy,Lombardy,(direct),(none),0.0,2,2,view_item
44962537.0662822117,22464385,2020-11-27,1,0,0,0,0,0,desktop,Web,India,Uttar Pradesh,google,organic,0.0,1,1,session_only
49829531.1552372865,8396919099,2021-01-31,1,0,0,0,0,0,mobile,Android,Peru,(not set),google,organic,0.0,1,1,session_only
30129503.7074362162,6353443234,2020-11-16,1,0,0,1,1,1,desktop,Windows,India,Uttar Pradesh,google,cpc,0.0,5,6,purchase
7818780.8378033022,9377001407,2021-01-25,1,0,0,0,0,0,desktop,Web,Russia,(not set),<Other>,referral,0.0,1,1,session_only
1537004.9405438496,5905974169,2021-01-27,1,0,0,0,0,0,desktop,Web,Pakistan,Sindh,<Other>,<Other>,0.0,1,1,session_only
3354159.6981857363,5925921336,2020-11-02,1,0,0,0,0,0,mobile,Android,United States,California,(direct),(none),0.0,1,1,session_only
65776788.1930098856,1630411122,2021-01-13,1,0,0,0,0,0,desktop,Windows,Canada,Saskatchewan,<Other>,<Other>,0.0,1,1,session_only
12113079.8459580920,7950420911,2020-12-23,1,0,0,0,0,0,mobile,Android,United States,Ohio,google,cpc,0.0,1,1,session_only
85342918.8299354822,2501138717,2020-11-02,1,0,0,0,0,0,desktop,Web,United States,District of Columbia,google,organic,0.0,1,1,session_only
9211444.6849621341,4874465783,2021-01-04,1,0,0,0,0,0,desktop,Web,China,(not set),<Other>,organic,0.0,1,1,session_only
3164350.6251944911,1703637458,2021-01-30,1,0,0,0,0,0,desktop,<Other>,India,Maharashtra,<Other>,<Other>,0.0,1,1,session_only
81902867.0439817914,6955603544,2021-01-10,1,0,0,0,0,0,desktop,Macintosh,United States,Florida,google,organic,0.0,1,1,session_only
1822334.9360314931,9173713926,2020-12-25,1,0,0,0,0,0,desktop,Web,Bahrain,(not set),google,organic,0.0,1,1,session_only
5383180.4633077129,7853769179,2021-01-08,1,1,0,0,0,0,mobile,Web,United States,Wisconsin,(direct),(none),0.0,6,2,view_item
4168330.7056564592,7022219151,2020-12-30,1,0,0,0,0,0,desktop,Macintosh,United States,Colorado,(direct),(none),0.0,1,1,session_only
7458419.9161643092,2061443615,2021-01-12,1,0,0,0,0,0,mobile,iOS,Canada,Ontario,google,organic,0.0,1,1,session_only
7233953.8717824894,6290409894,2020-11-21,1,0,0,0,0,0,desktop,Windows,Italy,(not set),(direct),(none),0.0,1,1,session_only
3553395.1297526966,7376308000,2020-11-21,1,1,0,1,1,0,mobile,iOS,India,Maharashtra,(data deleted),(data deleted),0.0,5,5,add_payment
5252146.9750478473,803083828,2020-11-28,1,0,0,0,0,0,mobile,Android,India,Punjab,google,organic,0.0,1,1,session_only
4691826.5895735104,3553150919,2021-01-14,1,1,0,0,0,0,desktop,Macintosh,Kenya,Nairobi County,<Other>,<Other>,0.0,2,2,view_item
4351153.0382955465,4329191463,2020-11-13,1,0,0,0,0,0,tablet,Web,Vietnam,Ho Chi Minh City,shop.googlemerchandisestore.com,referral,0.0,1,1,session_only
43038329.0110993604,4114519565,2021-01-03,1,0,0,0,0,0,desktop,Macintosh,India,Telangana,google,organic,0.0,1,1,session_only
6827365.8156858707,2674948764,2021-01-14,1,0,0,0,0,0,mobile,Web,Greece,Decentralized Administration of Macedonia and Thrace,(direct),(none),0.0,1,1,session_only
8461430506.5332665618,9159807382,2020-11-02,1,0,0,0,0,0,mobile,iOS,Cyprus,(not set),google,organic,0.0,1,1,session_only
4132011.6882174034,511717430,2021-01-18,1,0,0,0,0,0,mobile,Web,China,Beijing,google,organic,0.0,1,1,session_only
64920042.7172093895,3619445740,2021-01-31,1,1,1,1,1,1,desktop,Web,Japan,(not set),(direct),(none),0.0,9,6,purchase
7376237.9718274085,9376503874,2020-12-22,1,1,0,0,0,0,mobile,Android,United States,New Jersey,google,organic,0.0,2,2,view_item
4703812.5119100032,7659771202,2020-11-03,1,0,0,0,0,0,mobile,iOS,India,Maharashtra,google,organic,0.0,1,1,session_only
43896076.3748308560,1304802117,2020-12-25,1,0,0,0,0,0,mobile,iOS,India,Delhi,google,organic,0.0,1,1,session_only
1415496610.8866083943,8000633858,2021-01-21,1,1,0,0,0,0,desktop,Web,United States,Texas,google,cpc,0.0,2,2,view_item
8422214.9227838302,6100621096,2020-11-24,1,0,0,0,0,0,desktop,Web,United States,California,<Other>,<Other>,0.0,1,1,session_only
40088615.0092284038,8562449722,2020-12-20,1,0,0,0,0,0,desktop,Windows,Canada,Quebec,<Other>,<Other>,0.0,1,1,session_only
75506311.9235782079,7285384995,2021-01-29,1,0,0,0,0,0,desktop,Web,United States,Illinois,(direct),(none),0.0,1,1,session_only
89037776.8788735360,7318238909,2020-12-23,1,0,0,0,0,0,desktop,Web,India,Tamil Nadu,(data deleted),(data deleted),0.0,1,1,session_only
54645480.8048605257,3036281115,2021-01-29,1,0,0,0,0,0,mobile,Web,Denmark,Capital Region of Denmark,<Other>,<Other>,0.0,1,1,session_only
55689084.7063063065,581649810,2021-01-23,1,1,1,1,1,1,mobile,Web,Taiwan,Taoyuan City,google,organic,99.76,41,6,purchase
5571819.8256743335,3789802245,2020-11-03,1,0,0,0,0,0,mobile,Android,India,West Bengal,<Other>,referral,0.0,1,1,session_only
87100009.4422763083,2002197838,2021-01-12,1,0,0,0,0,0,mobile,iOS,United States,Michigan,<Other>,referral,0.0,1,1,session_only
5065296.4627014295,5575651890,2021-01-10,1,0,0,0,0,0,desktop,Windows,Canada,Quebec,(direct),(none),0.0,1,1,session_only
48562774.4844842281,5569258369,2020-12-31,1,0,0,0,0,0,tablet,Web,United States,Massachusetts,shop.googlemerchandisestore.com,referral,0.0,1,1,session_only
85021542.2924521089,6084518273,2020-11-27,1,0,0,0,0,0,mobile,Web,South Korea,Seoul,<Other>,(data deleted),0.0,1,1,session_only
7776645.7170337765,5505367439,2020-11-13,1,0,0,0,0,0,desktop,Web,United States,Pennsylvania,google,organic,0.0,1,1,session_only
58903561.8296058166,5645016046,2020-11-18,1,0,0,0,0,0,desktop,Windows,United States,Minnesota,google,organic,0.0,1,1,session_only
57956894.3829098880,7427795313,2020-11-03,1,0,0,0,0,0,desktop,Web,United States,Texas,(data deleted),(data deleted),0.0,1,1,session_only
8053820.7131531397,2805425787,2021-01-24,1,0,0,0,0,0,mobile,Android,United States,Louisiana,(direct),(none),0.0,1,1,session_only
7362880.0623238326,5784757259,2021-01-08,1,1,0,0,0,0,mobile,iOS,United States,Massachusetts,(data deleted),(data deleted),0.0,4,2,view_item
1662132.7705678436,4485422087,2020-12-31,1,1,1,1,1,1,desktop,Web,United States,California,shop.googlemerchandisestore.com,referral,95.2,14,6,purchase
78467753.8436900517,5139807211,2021-01-23,1,1,0,0,0,0,mobile,iOS,United States,Texas,google,organic,0.0,2,2,view_item
21674652.1660788169,4996102587,2020-12-26,1,1,0,0,0,0,desktop,Web,United States,New York,<Other>,referral,0.0,2,2,view_item
50497945.7749506520,1656878630,2021-01-22,1,1,0,1,1,1,mobile,Web,Netherlands,(not set),(direct),(none),0.0,12,6,purchase
62734909.4547078868,2067132697,2020-12-13,1,0,0,0,0,0,desktop,Web,(not set),(not set),<Other>,<Other>,0.0,1,1,session_only
1544164.0714427806,8620085467,2020-12-23,1,0,0,0,0,0,mobile,Android,Canada,Quebec,<Other>,<Other>,0.0,1,1,session_only
56969245.0794104270,5681696155,2020-12-12,1,0,0,0,0,0,mobile,Web,Portugal,Lisbon,<Other>,<Other>,0.0,1,1,session_only
4064638.8986122443,7228865089,2020-11-22,1,0,0,0,0,0,mobile,Web,United States,Wisconsin,google,cpc,0.0,1,1,session_only
5302402.6859375489,4620167622,2020-11-15,1,0,0,0,0,0,desktop,Web,India,Delhi,google,cpc,0.0,1,1,session_only
52029744.3925915837,2418099345,2020-12-31,1,0,0,0,0,0,desktop,Macintosh,South Africa,(not set),<Other>,referral,0.0,1,1,session_only
19297862.2056411858,1695512045,2021-01-19,1,0,0,0,0,0,mobile,Web,United States,California,shop.googlemerchandisestore.com,referral,0.0,1,1,session_only
5583195.1557558354,6124998819,2021-01-17,1,0,0,0,0,0,desktop,Web,Ecuador,(not set),google,organic,0.0,1,1,session_only
5579434.4769739748,970687720,2020-12-05,1,1,1,1,1,1,desktop,Web,United States,Virginia,google,cpc,306.5,36,6,purchase
2137682.6965644539,5661957118,2020-11-02,1,1,0,0,0,0,mobile,Web,United States,Alabama,google,organic,0.0,2,2,view_item
1852242.1647811273,5177930618,2021-01-23,1,0,0,0,0,0,desktop,Web,India,Kerala,(direct),(none),0.0,1,1,session_only
5637710.4936907752,8958881933,2020-11-19,1,1,0,1,1,1,mobile,iOS,Mexico,Veracruz,<Other>,<Other>,161.2,38,6,purchase
49793755.7550891425,7448861652,2020-11-08,1,1,0,1,1,1,desktop,<Other>,Greece,Decentralized Administration of Macedonia and Thrace,(direct),(none),48.8,14,6,purchase
31417474.8321346201,5354228186,2021-01-25,1,1,1,1,1,1,mobile,Web,United States,Arizona,(direct),(none),4.64,15,6,purchase
6696360.7032077856,904732611,2021-01-13,1,1,0,0,0,0,mobile,Web,India,Gujarat,google,cpc,0.0,4,2,view_item
8273908566.5473390997,2335110243,2020-12-12,1,1,1,1,1,1,mobile,Web,Canada,Ontario,shop.googlemerchandisestore.com,referral,0.0,25,6,purchase
47502788.9952580369,1016634494,2020-11-03,1,1,0,0,0,0,tablet,Web,Colombia,Bogota,<Other>,<Other>,0.0,2,2,view_item
25571592.5550104235,3426388626,2020-11-19,1,1,0,0,0,0,mobile,iOS,India,Maharashtra,google,organic,0.0,2,2,view_item
61562100.4373329410,3521045966,2020-11-13,1,0,0,0,0,0,desktop,Web,India,Karnataka,<Other>,<Other>,0.0,1,1,session_only
5628368.0404548476,4805083876,2021-01-28,1,1,0,0,0,0,mobile,Web,Malaysia,(not set),<Other>,organic,0.0,5,2,view_item
1899380.6907560216,7900282241,2020-11-15,1,1,0,0,0,0,mobile,Web,South Korea,Gyeonggi-do,<Other>,<Other>,0.0,2,2,view_item
37300668.0534149115,6438999952,2021-01-11,1,1,0,0,0,0,mobile,Android,India,Telangana,(direct),(none),0.0,3,2,view_item
70644197.4180754505,4715528955,2020-11-12,1,0,0,0,0,0,desktop,Web,Israel,Tel Aviv District,google,organic,0.0,1,1,session_only
19265141.4000189896,3051403744,2021-01-19,1,1,0,0,0,0,desktop,Web,South Korea,Busan,google,organic,0.0,2,2,view_item
6785559.7059038813,9137454499,2020-12-19,1,1,0,0,0,0,desktop,Web,United States,California,google,organic,0.0,2,2,view_item
2291444.9096636649,1829230591,2020-11-05,1,0,0,0,0,0,mobile,iOS,United States,Texas,google,cpc,0.0,1,1,session_only
82112757.5340520514,6705519565,2021-01-28,1,0,0,0,0,0,mobile,Web,India,West Bengal,google,organic,0.0,1,1,session_only
2894908.3183759899,7858860925,2020-11-27,1,1,0,0,0,0,desktop,Windows,United States,North Carolina,google,organic,0.0,3,2,view_item
6920999.6285351460,7130185663,2020-12-12,1,0,0,0,0,0,desktop,Web,South Korea,Chungcheongnam-do,google,organic,0.0,1,1,session_only
8036441.7415369807,9868247066,2020-11-18,1,0,0,0,0,0,mobile,Android,Poland,Masovian Voivodeship,google,cpc,0.0,1,1,session_only
71937847.4447665678,7575158381,2021-01-31,1,0,0,0,0,0,mobile,Android,United States,Pennsylvania,google,cpc,0.0,1,1,session_only
25714855.2785380284,982385672,2020-12-25,1,1,0,0,0,0,mobile,Android,Australia,Western Australia,(data deleted),(data deleted),0.0,26,2,view_item
2638531.4937946565,9516097478,2020-11-29,1,1,1,1,1,1,desktop,Web,India,West Bengal,<Other>,<Other>,78.08,17,6,purchase
48000917.6829539436,8655653527,2020-12-12,1,0,0,0,0,0,mobile,Web,Serbia,(not set),google,organic,0.0,1,1,session_only
22746041.1094990964,9768168018,2020-12-23,1,1,0,0,0,0,mobile,iOS,United States,Illinois,(direct),(none),0.0,3,2,view_item
8965595.7820432229,1072060102,2021-01-23,1,0,0,0,0,0,desktop,Web,Canada,Manitoba,google,organic,0.0,1,1,session_only
62412080.3755755802,2808010455,2020-11-29,1,0,0,0,0,0,tablet,Android,United States,California,(data deleted),(data deleted),0.0,1,1,session_only
2246022.6057560301,4130293527,2020-12-13,1,1,0,0,0,0,desktop,Windows,United States,California,<Other>,<Other>,0.0,3,2,view_item
27007941.2216906026,3812457852,2021-01-18,1,0,0,0,0,0,desktop,Windows,Czechia,Prague,(data deleted),(data deleted),0.0,1,1,session_only
88789512.1075867094,1773842018,2020-12-20,1,0,0,0,0,0,mobile,iOS,Russia,Moscow,(direct),(none),0.0,1,1,session_only
4769723.6101907578,3981592165,2020-12-31,1,1,0,0,0,0,desktop,Web,Spain,Canary Islands,google,organic,0.0,14,2,view_item
7688722.6706829800,6570521727,2020-11-29,1,1,1,1,1,1,mobile,iOS,United States,California,google,organic,0.0,20,6,purchase
91541812.0825246466,9430873626,2020-12-05,1,1,0,1,1,1,mobile,Web,Russia,Moscow,(direct),(none),0.0,23,6,purchase
3653485.9741254491,4794402750,2020-11-18,1,0,0,0,0,0,mobile,Android,United States,(not set),(direct),(none),0.0,1,1,session_only
7138783.1718120700,1121243512,2021-01-14,1,0,0,0,0,0,desktop,Web,Russia,(not set),(direct),(none),0.0,1,1,session_only
51701762.1481057533,2178687592,2020-11-28,1,0,0,0,0,0,desktop,Web,United States,Maryland,(direct),(none),0.0,1,1,session_only
1971381.7081187625,2652090286,2020-11-03,1,0,0,0,0,0,mobile,iOS,United States,Georgia,(direct),(none),0.0,1,1,session_only
22281801.0264614527,8239079563,2021-01-31,1,0,0,0,0,0,desktop,Windows,United States,Indiana,(direct),(none),0.0,1,1,session_only
85823526.8395972401,2477465235,2020-11-21,1,0,0,0,0,0,tablet,iOS,Brazil,State of Ceara,(direct),(none),0.0,1,1,session_only
50366098.5914171865,4760286979,2020-11-07,1,0,0,0,0,0,desktop,Macintosh,Turkey,Ankara,google,organic,0.0,1,1,session_only
4928547.2465405229,7001960637,2021-01-11,1,0,0,0,0,0,mobile,Web,Netherlands,North Brabant,shop.googlemerchandisestore.com,referral,0.0,1,1,session_only
72166346.5088434047,9144798216,2021-01-14,1,0,0,0,0,0,desktop,Web,Israel,Center District,<Other>,(data deleted),0.0,1,1,session_only
10502708.0573185064,8380194419,2021-01-14,1,0,0,0,0,0,desktop,Web,United States,Massachusetts,(direct),(none),0.0,1,1,session_only
50937084.2181473723,7652378966,2021-01-25,1,1,0,0,0,0,desktop,Macintosh,Canada,Ontario,shop.googlemerchandisestore.com,referral,0.0,5,2,view_item
2116923.9377692863,2279627071,2020-12-13,1,0,0,0,0,0,desktop,Web,Canada,Alberta,<Other>,<Other>,0.0,1,1,session_only
11693588.9450739675,6379065293,2020-12-12,1,0,0,0,0,0,mobile,Web,China,Beijing,google,organic,0.0,1,1,session_only
67595424.7067864304,5868669923,2021-01-08,1,1,0,0,0,0,mobile,iOS,United States,California,google,organic,0.0,11,2,view_item
35732526.0236407643,3926445591,2020-11-13,1,0,0,0,0,0,desktop,Web,South Korea,Daegu,<Other>,referral,0.0,1,1,session_only
41668828.3934590990,9150775630,2020-12-20,1,1,0,1,1,1,mobile,iOS,United States,Virginia,google,organic,0.0,7,6,purchase
11392590.0164908768,2139757664,2020-12-22,1,0,0,0,0,0,desktop,Web,Spain,Catalonia,(data deleted),(data deleted),0.0,1,1,session_only
84310159.8366293870,670836340,2020-11-23,1,0,0,0,0,0,desktop,Web,Ireland,County Dublin,google,organic,0.0,1,1,session_only
52882750.9907342675,8443601611,2021-01-09,1,0,0,0,0,0,mobile,Android,Ireland,County Dublin,google,organic,0.0,1,1,session_only
27993257.9497660946,9831343885,2020-11-22,1,0,0,0,0,0,desktop,Web,Peru,(not set),google,organic,0.0,1,1,session_only
19720441.9581128172,544279505,2020-11-19,1,0,0,0,0,0,mobile,Web,United States,Florida,<Other>,referral,0.0,1,1,session_only
74967217.7116353514,5020905911,2020-11-19,1,0,0,0,0,0,mobile,Web,Canada,Ontario,google,organic,0.0,1,1,session_only
51175122.6669985322,1491110866,2020-11-12,1,0,0,0,0,0,desktop,Web,Egypt,Giza Governorate,(data deleted),(data deleted),0.0,1,1,session_only
6491308.9814710442,4362012132,2021-01-17,1,0,0,0,0,0,mobile,Android,Italy,Tuscany,<Other>,<Other>,0.0,1,1,session_only
7318021.9736801893,2158484249,2020-11-07,1,1,0,0,0,0,mobile,Android,India,Uttar Pradesh,google,cpc,0.0,2,2,view_item
6739789.4511635682,2623423797,2021-01-14,1,1,0,0,0,0,mobile,Android,Canada,Ontario,google,organic,0.0,2,2,view_item
62283079.8808491835,9717316698,2021-01-03,1,0,0,0,0,0,tablet,Web,United States,North Carolina,google,organic,0.0,1,1,session_only
3833251.6799171704,7275775327,2020-11-01,1,0,0,0,0,0,desktop,Macintosh,United States,Georgia,shop.googlemerchandisestore.com,referral,0.0,1,1,session_only
2477246.0534518173,5340747360,2021-01-30,1,0,0,0,0,0,desktop,Windows,Poland,Lower Silesian Voivodeship,google,organic,0.0,1,1,session_only
5221030.7300490471,5147567867,2021-01-19,1,1,0,0,0,0,mobile,Android,Bangladesh,(not set),google,organic,0.0,2,2,view_item
8102212.8084078362,3350837339,2020-11-21,0,1,0,0,0,0,mobile,iOS,United States,Illinois,(direct),(none),0.0,2,2,view_item
8284905.7456732592,8192277919,2020-11-01,1,0,0,0,0,0,mobile,iOS,Singapore,(not set),<Other>,<Other>,0.0,1,1,session_only
9997700.2258881857,9749273419,2021-01-25,1,0,0,0,0,0,mobile,iOS,United States,California,(direct),(none),0.0,1,1,session_only
2852393008.4725128857,6957988756,2020-11-16,1,0,0,0,0,0,desktop,Web,United States,Illinois,shop.googlemerchandisestore.com,referral,0.0,1,1,session_only
4397437.7726788389,984318510,2020-12-13,1,0,0,0,0,0,mobile,Web,Greece,(not set),(data deleted),(data deleted),0.0,1,1,session_only
60450744.4036962504,2183497397,2020-11-27,1,0,0,0,0,0,mobile,Android,Greece,"Decentralized Administration of Peloponnese, Western Greece and the Ionian",<Other>,<Other>,0.0,1,1,session_only
2291013.9086767318,5864907546,2021-01-18,1,0,0,0,0,0,mobile,Web,United States,Virginia,<Other>,<Other>,0.0,1,1,session_only
3123793.4741048557,7589066469,2021-01-08,1,0,0,0,0,0,desktop,Web,United States,Florida,(data deleted),(data deleted),0.0,1,1,session_only
30548868.9557051666,7009243437,2020-12-31,1,0,0,0,0,0,mobile,Android,India,Delhi,(data deleted),(data deleted),0.0,1,1,session_only
3227479.2485418228,168358496,2020-11-26,1,0,0,0,0,0,desktop,Web,United States,Texas,(direct),(none),0.0,1,1,session_only
2298973.0040736196,9263799567,2021-01-23,1,0,0,0,0,0,desktop,Macintosh,India,Gujarat,google,organic,0.0,1,1,session_only
91260810.1355237538,1336799403,2021-01-30,1,0,0,0,0,0,mobile,Web,United States,Florida,<Other>,<Other>,0.0,1,1,session_only
79086078.6567458829,635817782,2020-11-02,1,0,0,0,0,0,mobile,Web,India,Delhi,<Other>,<Other>,0.0,1,1,session_only
1967150.5725139574,4174108918,2020-11-07,1,0,0,0,0,0,mobile,Android,Egypt,Cairo Governorate,<Other>,<Other>,0.0,1,1,session_only
28361631.5376124869,290815895,2020-11-03,1,0,0,0,0,0,desktop,Web,Canada,Ontario,(direct),(none),0.0,1,1,session_only
2497110.4829855856,841334799,2020-12-29,1,0,0,0,0,0,desktop,Windows,United States,Georgia,google,organic,0.0,1,1,session_only
44688885.4348321792,3590013107,2020-12-13,1,0,0,0,0,0,mobile,Web,United States,Virginia,<Other>,organic,0.0,1,1,session_only
47512557.1077158577,2264437912,2021-01-04,1,1,0,0,0,0,desktop,Macintosh,United States,Texas,(data deleted),(data deleted),0.0,9,2,view_item
21613769.7736064143,22514495,2020-11-26,1,0,0,0,0,0,mobile,Android,United States,New York,google,organic,0.0,1,1,session_only
7592134.0761228666,2578294370,2020-12-23,1,0,0,0,0,0,mobile,Web,United States,California,google,organic,0.0,1,1,session_only
7446304.9265200636,831417054,2021-01-30,1,0,0,0,0,0,mobile,Web,United States,Massachusetts,(data deleted),(data deleted),0.0,1,1,session_only
3943600.4961505103,5153286628,2021-01-14,1,0,0,0,0,0,desktop,<Other>,United States,Virginia,<Other>,<Other>,0.0,1,1,session_only
17212306.7915035909,2101198072,2020-11-06,1,1,0,0,0,0,mobile,Android,Iraq,(not set),<Other>,referral,0.0,6,2,view_item
68403312.5831293745,155515658,2021-01-18,1,1,0,0,0,0,desktop,Web,Canada,Ontario,<Other>,<Other>,0.0,2,2,view_item
23205543.9388872834,8169851436,2020-11-02,1,0,0,0,0,0,desktop,Macintosh,Croatia,(not set),(direct),(none),0.0,1,1,session_only
7468279.0238776028,1331974571,2020-11-03,1,1,0,0,0,0,desktop,Web,United States,California,google,organic,0.0,11,2,view_item
90973766.7487316250,6529562409,2020-12-25,1,0,0,0,0,0,desktop,Web,Australia,New South Wales,<Other>,<Other>,0.0,1,1,session_only
80782685.3030204283,2757304250,2020-12-22,1,1,0,0,0,0,desktop,Web,United States,Texas,(direct),(none),0.0,2,2,view_item
16158597.9199900007,1139750578,2020-11-08,1,0,0,0,0,0,desktop,Windows,India,Tamil Nadu,(data deleted),(data deleted),0.0,1,1,session_only
87795805.9945879781,7376576613,2020-11-29,1,0,0,0,0,0,desktop,Web,United States,Minnesota,shop.googlemerchandisestore.com,referral,0.0,1,1,session_only
1270650.6052564575,4903854323,2021-01-17,1,0,0,0,0,0,mobile,Web,United States,Florida,(direct),(none),0.0,1,1,session_only
3540524.5744930134,6370269321,2020-11-24,1,0,0,0,0,0,mobile,Web,Netherlands,(not set),(data deleted),(data deleted),0.0,1,1,session_only
12004199.0644950872,8040703376,2021-01-21,1,1,0,0,0,0,mobile,Web,South Korea,Seoul,(direct),(none),0.0,2,2,view_item
71033757.8199858537,3443732417,2020-12-29,1,0,0,0,0,0,desktop,Web,United States,Alabama,google,cpc,0.0,1,1,session_only
1416421.5108958042,283739272,2020-11-19,1,1,1,1,1,1,mobile,iOS,Spain,Valencian Community,google,organic,0.0,21,6,purchase
4362713.8363943874,843410489,2021-01-16,1,0,0,0,0,0,mobile,iOS,Belgium,Flanders,(direct),(none),0.0,1,1,session_only
5649103.1235825158,9587702395,2020-11-02,1,0,0,0,0,0,mobile,Web,China,Zhejiang,shop.googlemerchandisestore.com,referral,0.0,1,1,session_only
7236024.1179262707,498617286,2021-01-07,1,0,0,0,0,0,desktop,Web,Hong Kong,(not set),<Other>,<Other>,0.0,1,1,session_only
59540617.1433536466,4422959040,2020-12-19,1,0,0,0,0,0,desktop,Macintosh,Mexico,Quintana Roo,<Other>,<Other>,0.0,1,1,session_only
59854552.1465572600,2907887039,2020-11-13,1,0,0,0,0,0,desktop,Macintosh,United States,(not set),shop.googlemerchandisestore.com,referral,0.0,1,1,session_only
2767600.1190297171,4373423308,2020-12-29,1,0,0,0,0,0,mobile,iOS,Canada,Ontario,(data deleted),(data deleted),0.0,1,1,session_only
98903855.6102221580,8761865260,2021-01-19,1,0,0,0,0,0,desktop,Web,Singapore,(not set),shop.googlemerchandisestore.com,referral,0.0,1,1,session_only
26805222.6736266784,1122061146,2021-01-26,1,0,0,0,0,0,mobile,iOS,United States,Virginia,<Other>,<Other>,0.0,1,1,session_only
7345754.5847183580,3709894096,2020-11-29,1,0,0,0,0,0,desktop,Web,United States,Idaho,(direct),(none),0.0,1,1,session_only
8259958.0888757777,3710792098,2021-01-12,1,0,0,0,0,0,desktop,Macintosh,United States,Idaho,shop.googlemerchandisestore.com,referral,0.0,1,1,session_only
2160483.6230829673,8940624280,2021-01-08,1,0,0,0,0,0,desktop,Web,United States,Colorado,google,organic,0.0,1,1,session_only
4487780.9759536757,7216156874,2020-11-23,1,1,0,1,1,1,desktop,Web,Chile,Santiago Metropolitan Region,<Other>,referral,26.4,44,6,purchase
9183094.9340100942,1882126027,2020-11-01,1,0,0,0,0,0,desktop,Windows,United States,Louisiana,(direct),(none),0.0,1,1,session_only
9024511.6036357081,8684895490,2021-01-28,1,1,0,0,0,0,desktop,Web,Indonesia,East Java,(direct),(none),0.0,2,2,view_item
7970363.0321929359,5703378954,2020-11-27,1,1,1,1,1,1,mobile,iOS,United States,Utah,shop.googlemerchandisestore.com,referral,125.6,45,6,purchase
1102350.4748467555,1127266875,2021-01-27,1,0,0,0,0,0,mobile,Android,United States,Florida,google,organic,0.0,1,1,session_only
10230389.2782796782,8309898193,2021-01-12,1,0,0,0,0,0,mobile,Android,United States,Washington,<Other>,<Other>,0.0,1,1,session_only
58799573.3930211564,8435057990,2021-01-17,1,0,0,0,0,0,desktop,Web,United States,California,<Other>,<Other>,0.0,1,1,session_only
4690975558.5693388345,8923802907,2020-11-23,1,1,0,1,1,1,desktop,Web,India,Bihar,google,organic,41.6,8,6,purchase
5262810.3075388799,8313823049,2020-11-06,1,0,0,0,0,0,desktop,Windows,United States,Kentucky,<Other>,<Other>,0.0,1,1,session_only
1665688.8930599154,2535012324,2021-01-16,1,1,0,0,0,0,desktop,Web,Iraq,(not set),<Other>,<Other>,0.0,19,2,view_item
5118167.2731595773,1697680106,2020-11-06,1,1,0,1,1,1,desktop,Web,United States,Maryland,google,organic,54.6,26,6,purchase
4796942.8086991202,1739871015,2021-01-10,1,0,0,0,0,0,mobile,Web,United Kingdom,England,google,organic,0.0,1,1,session_only
48284254.1267310874,704630901,2021-01-04,1,0,0,0,0,0,mobile,Android,United States,Wisconsin,google,organic,0.0,1,1,session_only
5458779.9389582032,3588202193,2021-01-28,1,1,0,0,0,0,desktop,Macintosh,China,Shanghai,<Other>,<Other>,0.0,2,2,view_item
7432096.1648633353,9082906991,2020-12-27,1,0,0,0,0,0,mobile,Web,United States,Tennessee,<Other>,<Other>,0.0,1,1,session_only
44574139.0210963180,9817631621,2020-11-24,1,1,0,1,1,1,desktop,Web,United Kingdom,England,(direct),(none),0.0,98,6,purchase
86828422.5805336433,246865717,2020-12-20,1,0,0,0,0,0,desktop,Macintosh,Hungary,(not set),(direct),(none),0.0,1,1,session_only
2891621.4823496268,1053600149,2021-01-19,1,0,0,0,0,0,desktop,Web,United States,Ohio,google,organic,0.0,1,1,session_only
56918435.2773638751,8950625038,2021-01-02,1,0,0,0,0,0,desktop,Web,Vietnam,Hanoi,<Other>,<Other>,0.0,1,1,session_only
49288108.7792907743,3884563399,2020-11-16,1,1,0,1,1,1,mobile,Web,India,Kerala,google,organic,0.0,9,6,purchase
4342323.6674773395,4353292323,2020-11-03,1,1,0,0,0,0,mobile,Web,United States,California,<Other>,<Other>,0.0,3,2,view_item
71510217.3315206080,516532527,2021-01-07,1,1,0,1,1,1,mobile,Web,United Kingdom,England,<Other>,organic,0.0,12,6,purchase
4059118.9697206448,8991069403,2021-01-24,0,1,0,0,0,0,mobile,Web,Japan,Hokkaido,shop.googlemerchandisestore.com,referral,0.0,11,2,view_item
8810473.0317827926,5572778386,2021-01-25,1,0,0,0,0,0,mobile,iOS,United States,Virginia,(direct),(none),0.0,1,1,session_only
49052342.9359213627,6686247260,2020-11-26,1,0,0,0,0,0,desktop,Windows,Taiwan,New Taipei City,<Other>,<Other>,0.0,1,1,session_only
34896691.4515166589,6412667490,2021-01-05,1,0,0,0,0,0,mobile,Android,Singapore,(not set),(direct),(none),0.0,1,1,session_only
17876040.1019597836,6946298182,2020-11-21,1,0,0,0,0,0,desktop,Macintosh,United States,Tennessee,google,organic,0.0,1,1,session_only
26374511.9708279488,7011539577,2020-11-27,1,0,0,0,0,0,mobile,Web,United States,Oregon,google,organic,0.0,1,1,session_only
40253842.8547271192,2683748706,2020-11-26,1,0,0,0,0,0,mobile,iOS,Taiwan,Taipei City,(direct),(none),0.0,1,1,session_only
13826569.5284694236,8340940810,2020-12-26,1,0,0,0,0,0,desktop,Web,United States,Illinois,(direct),(none),0.0,1,1,session_only
1714390.3397244639,3507649741,2020-12-19,1,0,0,0,0,0,mobile,Android,Russia,(not set),<Other>,<Other>,0.0,1,1,session_only
1121870826.9607265186,4228754487,2021-01-01,1,0,0,0,0,0,desktop,Web,China,Sichuan,(direct),(none),0.0,1,1,session_only
85884192.8213828637,5488937916,2021-01-12,1,0,0,0,0,0,mobile,iOS,Finland,Uusimaa,google,organic,0.0,1,1,session_only
17504950.8656207103,2534656469,2020-11-16,1,0,0,0,0,0,desktop,Web,United States,Texas,google,organic,0.0,1,1,session_only
2489361.9013892328,729087186,2021-01-22,1,0,0,0,0,0,mobile,iOS,Egypt,Cairo Governorate,shop.googlemerchandisestore.com,referral,0.0,1,1,session_only
11677998.3685150844,6781482112,2020-12-23,1,1,0,0,0,0,desktop,Web,United States,California,shop.googlemerchandisestore.com,referral,0.0,3,2,view_item
12264812.3741060161,3853450572,2021-01-22,1,0,0,0,0,0,desktop,Macintosh,United States,Michigan,(direct),(none),0.0,1,1,session_only
62213945.3692515236,3312396100,2020-12-30,1,0,0,0,0,0,desktop,Macintosh,Hong Kong,(not set),(direct),(none),0.0,1,1,session_only
83232025.6498681406,229358161,2021-01-13,1,1,0,0,0,0,desktop,Web,Portugal,(not set),<Other>,<Other>,0.0,3,2,view_item
2050675.3496114880,8831146868,2020-12-19,1,0,0,0,0,0,desktop,Windows,India,Uttar Pradesh,google,organic,0.0,1,1,session_only
10108200.7963914605,8170688842,2020-12-24,1,0,0,0,0,0,desktop,Web,Brazil,Federal District,<Other>,<Other>,0.0,1,1,session_only
61143030.8868627546,8813027938,2021-01-08,1,1,1,1,1,0,desktop,Web,United States,Maryland,shop.googlemerchandisestore.com,referral,0.0,55,5,add_payment
1630525.8323814828,7118915568,2021-01-27,1,0,0,0,0,0,mobile,Web,Peru,(not set),<Other>,<Other>,0.0,1,1,session_only
8733292.4197196088,2166579949,2020-12-24,1,0,0,0,0,0,mobile,Android,United States,Texas,<Other>,<Other>,0.0,1,1,session_only
3046093.2167709173,1425412188,2020-12-13,1,1,0,1,1,1,desktop,Web,United States,Utah,shop.googlemerchandisestore.com,referral,28.8,43,6,purchase
7582320.5507968852,5118426430,2020-11-16,1,1,0,0,0,0,mobile,Web,Indonesia,(not set),(direct),(none),0.0,2,2,view_item
22922538.3145929589,6241091407,2020-12-05,1,0,0,0,0,0,mobile,Web,Netherlands,North Brabant,google,organic,0.0,1,1,session_only
79753758.9540015064,8034552978,2020-12-23,1,1,0,0,0,0,desktop,Web,Spain,Canary Islands,(direct),(none),0.0,3,2,view_item
31430869.9028960991,5431854148,2020-11-08,1,0,0,0,0,0,desktop,Windows,Canada,Quebec,(direct),(none),0.0,1,1,session_only
5328498.8635573614,5149167276,2021-01-05,1,0,0,0,0,0,desktop,Web,Palestine,(not set),google,organic,0.0,1,1,session_only
8320426.4288667932,7679264781,2020-11-19,1,0,0,0,0,0,mobile,Android,United States,Indiana,(direct),(none),0.0,1,1,session_only
55786537.6072493009,7875347607,2020-12-27,1,0,0,0,0,0,mobile,Android,United States,California,google,organic,0.0,1,1,session_only
6743101.4280021996,3202863134,2021-01-26,1,1,0,1,1,1,desktop,Web,India,Uttar Pradesh,<Other>,organic,0.0,6,6,purchase
2044818.4935940581,6032037266,2021-01-14,1,0,0,0,0,0,mobile,Web,Switzerland,Zurich,google,organic,0.0,1,1,session_only
61114085.5311989221,5903173847,2021-01-19,1,0,0,0,0,0,mobile,Web,Romania,(not set),shop.googlemerchandisestore.com,referral,0.0,1,1,session_only
30393122.5908151107,5988794749,2020-11-16,1,1,0,1,1,1,tablet,Android,United States,California,(direct),(none),40.24,22,6,purchase
74589039.2924435558,1039000353,2021-01-03,1,0,0,0,0,0,desktop,Windows,United States,Connecticut,<Other>,referral,0.0,1,1,session_only
82818855.1645994432,5172601273,2021-01-24,1,0,0,0,0,0,mobile,Android,United States,Florida,google,organic,0.0,1,1,session_only
8578760291.8422846486,6768809745,2020-12-29,1,0,0,0,0,0,desktop,Web,France,Ile-de-France,google,organic,0.0,1,1,session_only
2956829.8164724582,4400588708,2021-01-05,1,1,0,0,0,0,mobile,iOS,Turkey,Istanbul,google,organic,0.0,2,2,view_item
2522139.8383510968,9071488868,2021-01-29,1,1,1,1,1,1,mobile,Web,China,Zhejiang,(data deleted),(data deleted),0.0,102,6,purchase
8272084.9075275878,2142759304,2020-12-23,1,0,0,0,0,0,mobile,Web,Pakistan,Punjab,google,cpc,0.0,1,1,session_only
75822446.9720737969,2051569816,2020-11-13,1,0,0,0,0,0,mobile,Android,Canada,Quebec,(data deleted),(data deleted),0.0,1,1,session_only
23834607.8372028172,5640845480,2020-12-13,1,0,0,0,0,0,mobile,Android,Sweden,Vastra Gotaland County,google,cpc,0.0,1,1,session_only
3041494.0908353891,9226256945,2020-11-02,1,1,0,0,0,0,mobile,Web,United States,Arizona,google,organic,0.0,2,2,view_item
8853825.9596486425,7569637205,2021-01-12,1,0,0,0,0,0,desktop,Web,United States,California,google,organic,0.0,1,1,session_only
30310108.2593912215,9184699430,2020-11-29,1,0,0,0,0,0,desktop,Web,India,West Bengal,google,organic,0.0,1,1,session_only
41315814.1296600862,3332076628,2020-12-22,1,0,0,0,0,0,mobile,Web,Netherlands,Gelderland,<Other>,referral,0.0,1,1,session_only
82481191.8323044735,5752990476,2020-12-05,1,0,0,0,0,0,mobile,iOS,Canada,Ontario,<Other>,organic,0.0,1,1,session_only
80851961.8747760624,42382809,2020-12-22,1,0,0,0,0,0,desktop,Windows,United States,Washington,<Other>,<Other>,0.0,1,1,session_only
10571609.5758293909,6195195066,2020-12-30,1,0,0,0,0,0,desktop,Windows,China,(not set),google,organic,0.0,1,1,session_only
86838635.5545894439,2822825419,2020-11-03,1,0,0,0,0,0,mobile,Web,United States,Washington,google,cpc,0.0,1,1,session_only
1136067.9439123354,9513159148,2021-01-30,1,0,0,0,0,0,desktop,Web,Switzerland,Zurich,<Other>,<Other>,0.0,1,1,session_only
46447555.4038041791,9406403408,2020-12-05,1,1,1,1,1,1,desktop,<Other>,China,(not set),(data deleted),(data deleted),17.5,8,6,purchase
61388378.3888341394,5801008592,2021-01-01,1,0,0,0,0,0,tablet,iOS,United States,California,(direct),(none),0.0,1,1,session_only
7131210.5286954008,5801016198,2020-11-28,1,0,0,0,0,0,desktop,Macintosh,Japan,Fukuoka,google,organic,0.0,1,1,session_only
7170696.6408611327,4100720469,2021-01-05,1,0,0,0,0,0,desktop,Macintosh,Israel,Tel Aviv District,google,organic,0.0,1,1,session_only
62324792.6290285350,2959506657,2020-11-21,1,0,0,0,0,0,mobile,Web,France,Ile-de-France,<Other>,organic,0.0,1,1,session_only
3444789.6731150713,6991066066,2021-01-12,1,0,0,0,0,0,desktop,Windows,Canada,Quebec,google,organic,0.0,1,1,session_only
7583456.2814931709,831417054,2021-01-31,1,0,0,0,0,0,desktop,Web,United States,Arizona,google,organic,0.0,1,1,session_only
69619880.4318008263,5792705809,2020-11-28,1,1,0,0,0,0,desktop,Windows,Italy,Veneto,<Other>,<Other>,0.0,3,2,view_item
5588516860.2526308199,5989069750,2021-01-10,1,0,0,0,0,0,mobile,Web,United States,Tennessee,shop.googlemerchandisestore.com,referral,0.0,1,1,session_only
4999604553.3908811985,8164796951,2020-12-30,1,0,0,0,0,0,desktop,Macintosh,United States,Nevada,<Other>,referral,0.0,1,1,session_only
5635507.2366333397,2669899964,2020-11-28,1,0,0,0,0,0,desktop,Windows,United States,California,google,organic,0.0,1,1,session_only
16807267.3221291868,5945761583,2021-01-25,1,0,0,0,0,0,mobile,iOS,United States,New York,<Other>,<Other>,0.0,1,1,session_only
8852686.2320515436,5433408977,2021-01-12,1,1,0,0,0,0,desktop,Web,India,Tamil Nadu,google,cpc,0.0,5,2,view_item
8465325.5564476254,4282152223,2020-11-01,1,1,0,0,0,0,desktop,Macintosh,Malaysia,Federal Territory of Kuala Lumpur,<Other>,(data deleted),0.0,11,2,view_item
95825156.8385460178,375324555,2020-11-21,1,1,0,0,0,0,desktop,Web,United States,Florida,<Other>,<Other>,0.0,4,2,view_item
4475675.6539983211,8055460581,2020-11-26,1,0,0,0,0,0,desktop,Web,United States,Massachusetts,(direct),(none),0.0,1,1,session_only
68350783.9251558329,1663262081,2020-12-12,1,1,1,1,1,1,mobile,iOS,Japan,Aichi,<Other>,referral,111.68,60,6,purchase
7316770.8989902767,3964145654,2020-11-03,1,0,0,0,0,0,mobile,Web,United States,California,google,organic,0.0,1,1,session_only
7039437.1967631953,6219972743,2021-01-16,1,0,0,0,0,0,desktop,Web,United States,Georgia,<Other>,referral,0.0,1,1,session_only
80886391.2489065064,9884630010,2021-01-10,1,0,0,0,0,0,desktop,Web,Taiwan,New Taipei City,google,organic,0.0,1,1,session_only
23068457.7257052922,5088212738,2021-01-02,1,1,0,0,0,0,mobile,iOS,El Salvador,San Salvador Department,(direct),(none),0.0,5,2,view_item
2943995.9930831427,156053578,2020-11-23,1,1,0,0,0,0,desktop,Web,United Kingdom,England,<Other>,<Other>,0.0,7,2,view_item
37752197.0509640563,7681133833,2021-01-18,1,0,0,0,0,0,desktop,Macintosh,Canada,Ontario,google,organic,0.0,1,1,session_only
31678390.6365978127,2082724259,2020-12-22,1,1,0,0,0,0,desktop,Web,India,Tamil Nadu,<Other>,<Other>,0.0,3,2,view_item
3017958579.0913443293,3026289197,2020-12-29,1,0,0,0,0,0,desktop,Web,United States,Indiana,<Other>,referral,0.0,1,1,session_only
3020296301.1487791316,8013814035,2020-11-24,1,0,0,0,0,0,desktop,Windows,Spain,Valencian Community,google,organic,0.0,1,1,session_only
35382148.2510609339,2327717836,2021-01-17,1,0,0,0,0,0,desktop,<Other>,Ukraine,Kyiv city,<Other>,<Other>,0.0,1,1,session_only
75529807.4313048585,8834897003,2021-01-24,1,1,0,0,0,0,desktop,Windows,Canada,Alberta,google,organic,0.0,2,2,view_item
78729300.1338724187,7159595667,2020-11-07,1,0,0,0,0,0,mobile,iOS,Canada,Alberta,<Other>,<Other>,0.0,1,1,session_only
12974768.7003356996,3583140920,2021-01-07,1,0,0,0,0,0,desktop,Web,Poland,Kuyavian-Pomeranian Voivodeship,<Other>,referral,0.0,1,1,session_only
8792032.7592531373,1916290086,2021-01-02,1,0,0,0,0,0,desktop,Web,Germany,North Rhine-Westphalia,google,organic,0.0,1,1,session_only
11248973.8765834958,5312837436,2020-11-27,1,1,0,0,0,0,desktop,Macintosh,Switzerland,St. Gallen,google,organic,0.0,2,2,view_item
92178209.1084190092,7719048542,2021-01-26,1,0,0,0,0,0,desktop,Web,United States,Michigan,google,organic,0.0,1,1,session_only
6746847557.4958126791,5799314688,2021-01-09,1,0,0,0,0,0,mobile,Web,United States,Illinois,<Other>,<Other>,0.0,1,1,session_only
25719168.5784770515,6989901735,2021-01-14,1,1,0,0,0,0,tablet,Web,United States,Michigan,(direct),(none),0.0,2,2,view_item
4133900.9112495491,8850868697,2020-11-14,1,0,0,0,0,0,mobile,iOS,Jordan,Amman Governorate,<Other>,organic,0.0,1,1,session_only
7942384.3669431630,9571863125,2020-12-22,1,1,0,0,0,0,desktop,Windows,Italy,Lombardy,<Other>,referral,0.0,2,2,view_item
87947221.3335130952,1714488412,2021-01-07,1,0,0,0,0,0,desktop,Web,Israel,Tel Aviv District,<Other>,<Other>,0.0,1,1,session_only
89518869.6658423059,645140379,2021-01-30,1,1,0,0,0,0,desktop,Web,India,Uttar Pradesh,google,organic,0.0,2,2,view_item
14993756.6435381053,7559333,2021-01-28,1,0,0,0,0,0,desktop,Web,Canada,British Columbia,(direct),(none),0.0,1,1,session_only
1648051.0376652234,7972778086,2020-11-28,1,0,0,0,0,0,desktop,Web,United States,California,(direct),(none),0.0,1,1,session_only
67777057.6624741355,3764763843,2021-01-14,1,0,0,0,0,0,mobile,Web,United States,California,<Other>,referral,0.0,1,1,session_only
5473250.3391788824,8667216652,2021-01-10,1,0,0,0,0,0,desktop,Web,Canada,Ontario,google,organic,0.0,1,1,session_only
24390811.8746959963,68818141,2020-12-27,1,0,0,0,0,0,desktop,Web,Canada,Ontario,(direct),(none),0.0,1,1,session_only
4459903.5121918332,8967340773,2021-01-13,1,0,0,0,0,0,mobile,Web,Canada,Nova Scotia,google,organic,0.0,1,1,session_only
4795784.2468175409,4808581553,2020-11-23,1,1,0,0,0,0,desktop,Web,United States,New Jersey,(direct),(none),0.0,2,2,view_item
2448765.8560833431,9646811428,2021-01-16,1,0,0,0,0,0,desktop,Web,Netherlands,North Holland,<Other>,referral,0.0,1,1,session_only
41707336.2964414489,6707384730,2020-11-09,1,1,0,0,0,0,desktop,Web,Canada,Alberta,<Other>,referral,0.0,4,2,view_item
52398984.5138432869,8648678427,2020-11-03,1,0,0,0,0,0,desktop,Macintosh,United States,Michigan,<Other>,organic,0.0,1,1,session_only
1559428.3939466807,3560282644,2021-01-09,1,0,0,0,0,0,mobile,Web,Nigeria,(not set),<Other>,referral,0.0,1,1,session_only
89105338.5519590735,877574107,2021-01-08,1,0,0,0,0,0,mobile,Web,India,West Bengal,google,organic,0.0,1,1,session_only
38871924.2268334022,8589019443,2020-11-28,1,0,0,0,0,0,mobile,Web,United States,Michigan,google,organic,0.0,1,1,session_only
61794278.1154647603,4671058133,2020-11-24,1,0,0,0,0,0,desktop,Web,United States,Virginia,google,organic,0.0,1,1,session_only
5237743.2231683146,4402642253,2021-01-03,1,1,0,0,0,0,mobile,Web,Canada,Quebec,(direct),(none),0.0,3,2,view_item
2090707.7103475144,9388337870,2020-11-03,1,0,0,0,0,0,desktop,Windows,Austria,Vienna,google,organic,0.0,1,1,session_only
6417937.0755743973,6385121996,2021-01-21,1,0,0,0,0,0,desktop,Windows,Canada,Quebec,(direct),(none),0.0,1,1,session_only
2482366.8136567248,1241525078,2021-01-21,1,0,0,0,0,0,mobile,Web,Canada,Quebec,(direct),(none),0.0,1,1,session_only
8438436140.7833510236,7197491507,2021-01-21,1,0,0,0,0,0,mobile,Web,Canada,Quebec,<Other>,organic,0.0,1,1,session_only
9044379.7920827743,6203967946,2020-12-31,1,1,0,0,0,0,desktop,Web,United States,California,google,organic,0.0,2,2,view_item
42807268.6210242414,1814891458,2020-11-12,1,1,0,1,1,1,mobile,Web,Ireland,(not set),(data deleted),(data deleted),32.48,10,6,purchase
2659696.8344437784,5058214750,2021-01-22,1,0,0,0,0,0,mobile,Web,Canada,Quebec,google,organic,0.0,1,1,session_only
5143408.5022593706,1329929055,2021-01-08,1,0,0,0,0,0,mobile,Web,United States,Nebraska,<Other>,referral,0.0,1,1,session_only
7446712.2726872272,7387798243,2020-11-03,1,1,0,1,1,0,desktop,Web,United States,Texas,google,cpc,0.0,25,5,add_payment
86042680.3367996535,2767249542,2020-11-12,1,0,0,0,0,0,desktop,Web,United States,Pennsylvania,(direct),(none),0.0,1,1,session_only
59957892.7730907705,3481941219,2021-01-21,1,0,0,0,0,0,desktop,Web,China,(not set),google,organic,0.0,1,1,session_only
8063389.9224871302,6899622136,2021-01-10,1,0,0,0,0,0,desktop,Web,United States,Florida,(direct),(none),0.0,1,1,session_only
2798934.1669190108,1556865048,2021-01-25,1,1,1,1,1,1,mobile,Web,United States,Nebraska,<Other>,<Other>,0.0,12,6,purchase
11186745.2530354859,4577429721,2020-11-29,1,1,0,0,0,0,desktop,Web,United States,Ohio,(direct),(none),0.0,2,2,view_item
8306051.0147360081,647283356,2021-01-30,1,1,0,1,1,1,desktop,Web,India,Delhi,google,organic,0.0,7,6,purchase
8667820.9585777357,2860642298,2020-11-29,1,0,0,0,0,0,mobile,Web,United States,Virginia,shop.googlemerchandisestore.com,referral,0.0,1,1,session_only
1803200.7777857363,2353518409,2020-12-27,1,1,1,1,1,1,mobile,iOS,United States,Nevada,(data deleted),(data deleted),0.0,13,6,purchase
26778814.5160212598,8042627421,2020-11-03,1,0,0,0,0,0,mobile,iOS,United States,Michigan,google,cpc,0.0,1,1,session_only
90840499.7278556017,9018260180,2020-11-18,1,0,0,0,0,0,desktop,Web,Canada,Saskatchewan,(direct),(none),0.0,1,1,session_only
4073373257.6439900789,5978198964,2021-01-11,1,0,0,0,0,0,desktop,Web,United States,North Carolina,google,organic,0.0,1,1,session_only
71247574.5829601913,5773378004,2020-12-12,1,1,1,1,1,1,desktop,Web,Canada,Ontario,google,organic,0.0,11,6,purchase
87168284.6508238700,38922246,2020-12-23,1,0,0,0,0,0,mobile,Web,Thailand,Bangkok,shop.googlemerchandisestore.com,referral,0.0,1,1,session_only
22294669.5431324045,8714395403,2021-01-11,1,0,0,0,0,0,desktop,<Other>,United States,California,google,organic,0.0,1,1,session_only
89922685.6006943658,4508480645,2021-01-28,1,0,0,0,0,0,desktop,Windows,Sweden,(not set),(direct),(none),0.0,1,1,session_only
61969665.2429682443,4979319226,2020-12-13,1,1,1,1,1,1,mobile,Android,India,Karnataka,<Other>,<Other>,46.4,14,6,purchase
1042840.6347571066,4942094220,2021-01-21,1,0,0,0,0,0,tablet,Web,United States,California,google,organic,0.0,1,1,session_only
2144533.8381720458,7231255404,2020-12-20,1,0,0,0,0,0,mobile,Web,United States,Colorado,google,organic,0.0,1,1,session_only
50677309.5352131251,6882104526,2020-11-13,1,1,0,0,0,0,desktop,Windows,United States,California,(direct),(none),0.0,24,2,view_item
44934001.1399778062,1420444019,2020-11-14,1,0,0,0,0,0,desktop,Web,United States,Michigan,(direct),(none),0.0,1,1,session_only
38686208.2125603721,1624570787,2020-11-01,1,1,0,1,1,1,desktop,Web,Turkey,(not set),(data deleted),(data deleted),0.0,7,6,purchase
66882037.3171931016,7914104462,2020-11-28,1,0,0,0,0,0,desktop,Macintosh,Switzerland,(not set),<Other>,referral,0.0,1,1,session_only
35140513.2443543158,4227568072,2020-12-26,1,0,0,0,0,0,mobile,iOS,Hong Kong,(not set),<Other>,<Other>,0.0,1,1,session_only
5501418.9433200969,1104175319,2021-01-22,1,1,1,1,1,1,mobile,Web,India,Maharashtra,<Other>,organic,111.12,25,6,purchase
62653256.4227251087,4879650618,2020-11-03,1,0,0,0,0,0,mobile,Web,United States,California,google,cpc,0.0,1,1,session_only
5153100.1715773458,6909150354,2020-12-05,1,1,1,0,0,0,desktop,Macintosh,United States,Missouri,google,organic,0.0,3,3,add_to_cart
39428413.8893702867,7978973293,2020-12-19,1,0,0,0,0,0,mobile,iOS,United States,Texas,(direct),(none),0.0,1,1,session_only
5975861475.3061082603,1102891477,2020-12-13,1,0,0,0,0,0,mobile,Web,United States,Maryland,google,organic,0.0,1,1,session_only
3919989.7524921467,1558132166,2021-01-02,1,0,0,0,0,0,desktop,Windows,Belgium,Flanders,(direct),(none),0.0,1,1,session_only
5469279.1259769726,2234445698,2020-11-09,1,0,0,0,0,0,mobile,Web,Ireland,County Dublin,google,cpc,0.0,1,1,session_only
2914301.0348640426,1833445946,2021-01-05,1,0,0,0,0,0,desktop,Windows,Austria,Vienna,shop.googlemerchandisestore.com,referral,0.0,1,1,session_only
71204564.1868132549,5841452735,2021-01-08,1,0,0,0,0,0,mobile,iOS,Germany,Hessen,google,organic,0.0,1,1,session_only
4046929.5590140109,423656848,2021-01-21,1,1,0,0,0,0,desktop,Web,Saudi Arabia,Makkah Province,google,cpc,0.0,3,2,view_item
25714855.2785380284,782881351,2020-12-23,1,1,0,0,0,0,desktop,Web,Australia,Western Australia,(data deleted),(data deleted),0.0,22,2,view_item
6191638.2889349277,5091819869,2020-11-27,1,1,0,1,1,1,mobile,iOS,United States,Idaho,(data deleted),(data deleted),0.0,5,6,purchase
1449263.0071158895,9151402318,2020-12-13,1,0,0,0,0,0,mobile,iOS,Iraq,(not set),(direct),(none),0.0,1,1,session_only
8360863.1399162163,2923257949,2020-12-20,1,0,0,0,0,0,desktop,Windows,United States,Oregon,google,organic,0.0,1,1,session_only
3418233.3504505721,7266088495,2020-12-31,1,0,0,0,0,0,desktop,Web,New Zealand,Auckland,<Other>,<Other>,0.0,1,1,session_only
49778476.8972005360,2101008836,2020-12-13,1,0,0,0,0,0,desktop,Web,India,Rajasthan,google,organic,0.0,1,1,session_only
15735778.2870917869,5351888243,2020-11-16,1,1,0,1,1,1,desktop,Web,South Korea,Seoul,(direct),(none),0.0,8,6,purchase
26849717.3546963867,4346686173,2020-12-12,1,0,0,0,0,0,desktop,Web,United States,Alabama,<Other>,referral,0.0,1,1,session_only
60361702.2534944937,1549882122,2021-01-08,1,1,0,1,1,1,mobile,Web,United Kingdom,England,<Other>,organic,29.6,9,6,purchase
9234069.4874293038,1669021316,2021-01-12,1,1,1,1,1,1,mobile,Web,United States,New Mexico,(direct),(none),103.2,18,6,purchase
82907240.3238436811,4663206643,2021-01-31,1,0,0,0,0,0,mobile,iOS,United Kingdom,England,(direct),(none),0.0,1,1,session_only
16821142.8240544866,8688262669,2021-01-01,1,0,0,0,0,0,desktop,Web,Spain,Canary Islands,<Other>,<Other>,0.0,1,1,session_only
85662069.0307145172,8040159660,2021-01-28,1,0,0,0,0,0,desktop,Web,Greece,Attica,google,organic,0.0,1,1,session_only
57319059.5488508012,3806120703,2020-12-29,1,0,0,0,0,0,mobile,Android,United States,(not set),google,organic,0.0,1,1,session_only
70134766.7495142676,7979700569,2021-01-30,1,1,0,0,0,0,mobile,Android,France,Nouvelle-Aquitaine,google,organic,0.0,2,2,view_item
23752015.4620793626,9393315395,2020-11-26,1,0,0,0,0,0,desktop,Web,India,West Bengal,<Other>,<Other>,0.0,1,1,session_only
49468099.7490716737,822842898,2021-01-14,1,0,0,0,0,0,desktop,Windows,United States,California,google,organic,0.0,1,1,session_only
60711567.3122107725,1024319250,2020-11-29,1,0,0,0,0,0,mobile,Web,India,Karnataka,google,organic,0.0,1,1,session_only
76458610.8169740598,6455589125,2021-01-08,1,0,0,0,0,0,desktop,Web,Brazil,(not set),google,organic,0.0,1,1,session_only
7708361.6535656281,8448400802,2021-01-02,1,0,0,0,0,0,mobile,iOS,Pakistan,Punjab,(direct),(none),0.0,1,1,session_only
39552957.6655136535,9712006296,2020-11-13,1,0,0,0,0,0,mobile,Android,United States,Illinois,<Other>,referral,0.0,1,1,session_only
22646362.7872198387,9886874217,2021-01-14,1,1,0,1,1,1,desktop,Windows,Spain,Catalonia,(direct),(none),32.48,61,6,purchase
1077333.7854228379,3940283087,2021-01-08,1,0,0,0,0,0,desktop,Web,Turkey,Istanbul,(direct),(none),0.0,1,1,session_only
3554647054.7036317504,1191334290,2021-01-19,1,0,0,0,0,0,mobile,Web,Denmark,Region of Southern Denmark,shop.googlemerchandisestore.com,referral,0.0,1,1,session_only
5913415.5213590960,9722576505,2020-12-12,1,0,0,0,0,0,desktop,Web,Netherlands,South Holland,(direct),(none),0.0,1,1,session_only
71773191.3267798855,461943109,2020-12-23,1,1,1,1,1,1,desktop,Web,India,Karnataka,shop.googlemerchandisestore.com,referral,203.2,41,6,purchase
6645084.9054286666,1977555465,2021-01-14,1,0,0,0,0,0,tablet,Web,United States,New York,google,organic,0.0,1,1,session_only
44710886.2413049588,844784428,2020-11-05,1,0,0,0,0,0,desktop,Web,Singapore,(not set),<Other>,referral,0.0,1,1,session_only
53642697.4530137930,3158576032,2020-11-18,1,0,0,0,0,0,desktop,Web,Poland,Silesian Voivodeship,google,organic,0.0,1,1,session_only
41835111.7456864729,5346786966,2020-11-14,1,0,0,0,0,0,desktop,Windows,United States,Missouri,google,organic,0.0,1,1,session_only
6299019.1659938021,1471865735,2020-11-03,1,0,0,0,0,0,desktop,Windows,Singapore,(not set),<Other>,<Other>,0.0,1,1,session_only
82287093.8379701104,1136594451,2021-01-01,1,0,0,0,0,0,desktop,Web,United States,California,(direct),(none),0.0,1,1,session_only
74316757.6757889067,4048446108,2021-01-16,1,0,0,0,0,0,tablet,iOS,India,Haryana,(direct),(none),0.0,1,1,session_only
3178461251.1336317633,365863982,2020-11-05,1,1,0,0,0,0,mobile,Web,United States,Illinois,(direct),(none),0.0,2,2,view_item
92543812.4801771743,9545435754,2020-12-12,1,1,1,1,1,1,desktop,Windows,United States,New York,<Other>,<Other>,0.0,13,6,purchase
7194222.8464645996,4238069426,2021-01-18,1,1,1,1,1,1,mobile,Web,United States,Pennsylvania,google,organic,57.68,22,6,purchase
53498819.9909832539,145541267,2020-12-31,1,0,0,0,0,0,desktop,<Other>,China,Guangdong Province,<Other>,<Other>,0.0,1,1,session_only
47003762.9569454700,5016504826,2021-01-10,1,0,0,0,0,0,desktop,Web,United States,(not set),google,organic,0.0,1,1,session_only
8293107.3968214621,35924061,2021-01-14,1,0,0,0,0,0,desktop,Web,United States,Texas,(direct),(none),0.0,1,1,session_only
5389224.5172671174,4640208575,2021-01-01,1,0,0,0,0,0,desktop,Web,United States,California,shop.googlemerchandisestore.com,referral,0.0,1,1,session_only
13043168.8706816095,4531942862,2020-11-19,1,0,0,0,0,0,mobile,Web,Canada,Ontario,(direct),(none),0.0,1,1,session_only
91537260.4386171622,1795773567,2021-01-29,1,0,0,0,0,0,mobile,Web,United States,Massachusetts,(direct),(none),0.0,1,1,session_only
7368096.0188158499,681112338,2020-12-12,1,0,0,0,0,0,mobile,Web,Singapore,(not set),<Other>,<Other>,0.0,1,1,session_only
5653827.3655339461,8521156054,2020-11-27,1,0,0,0,0,0,desktop,Macintosh,Canada,Ontario,google,organic,0.0,1,1,session_only
6723453.5585059922,7160816351,2020-12-24,1,0,0,0,0,0,desktop,Web,United States,Texas,google,organic,0.0,1,1,session_only
18904708.5217245823,9358537254,2021-01-12,1,0,0,0,0,0,mobile,Android,United States,Virginia,shop.googlemerchandisestore.com,referral,0.0,1,1,session_only
6855489.0940533197,5496000471,2021-01-17,1,0,0,0,0,0,desktop,Web,Poland,Masovian Voivodeship,shop.googlemerchandisestore.com,referral,0.0,1,1,session_only
3944916.9705241910,9566377316,2021-01-12,1,0,0,0,0,0,desktop,Web,United States,Georgia,google,organic,0.0,1,1,session_only
9030191.0800676002,678707274,2020-11-26,1,0,0,0,0,0,desktop,Windows,Japan,Tokyo,<Other>,<Other>,0.0,1,1,session_only
2845252.8825697901,2612611930,2021-01-11,1,1,0,0,0,0,mobile,Web,United States,Connecticut,google,organic,0.0,2,2,view_item
29625533.6319169088,1357843438,2021-01-07,1,1,1,1,1,1,mobile,Android,Taiwan,Taipei City,(direct),(none),79.75,24,6,purchase
4006092.7788482688,975129877,2020-11-29,1,0,0,0,0,0,desktop,Web,Germany,Bavaria,(data deleted),(data deleted),0.0,1,1,session_only
3178461251.1336317633,2898393779,2020-11-05,1,0,0,0,0,0,mobile,Web,United States,Illinois,<Other>,referral,0.0,1,1,session_only
55487803.9998830189,6955649885,2021-01-26,1,1,0,0,0,0,desktop,Windows,Canada,Ontario,<Other>,<Other>,0.0,2,2,view_item
25232982.8353008104,8820337550,2021-01-11,1,0,0,0,0,0,desktop,Windows,United States,New Jersey,(direct),(none),0.0,1,1,session_only
9132659.6132806114,2590571403,2020-11-29,1,0,0,0,0,0,mobile,Android,Egypt,Alexandria Governorate,google,organic,0.0,1,1,session_only
3711875.4744846122,3570374266,2021-01-11,1,0,0,0,0,0,desktop,Web,Romania,(not set),(direct),(none),0.0,1,1,session_only
27049937.4538614849,2532013453,2021-01-28,1,0,0,0,0,0,mobile,Android,United States,California,google,organic,0.0,1,1,session_only
71109462.9090667304,6736956125,2021-01-28,1,0,0,0,0,0,mobile,Android,United States,Ohio,(direct),(none),0.0,1,1,session_only
45603727.2733630129,2472798457,2021-01-09,1,0,0,0,0,0,desktop,Web,Ukraine,Kharkiv Oblast,google,organic,0.0,1,1,session_only
7194044.0660226304,2568341276,2020-12-19,1,0,0,0,0,0,desktop,Web,United States,Texas,google,organic,0.0,1,1,session_only
55157177.0371304329,6037294159,2021-01-24,1,0,0,0,0,0,desktop,Web,United Arab Emirates,Dubai,(direct),(none),0.0,1,1,session_only
26902842.9870893833,9119022327,2021-01-07,1,0,0,0,0,0,mobile,iOS,United States,California,<Other>,referral,0.0,1,1,session_only
79907461.8611751335,5626831343,2020-12-13,1,0,0,0,0,0,mobile,Android,United States,New York,google,organic,0.0,1,1,session_only
8019056.2763807170,8405218404,2020-11-03,1,0,0,0,0,0,desktop,Web,United States,Georgia,(direct),(none),0.0,1,1,session_only
7093218.1742412479,9497661526,2020-12-26,1,1,0,0,0,0,desktop,Macintosh,United States,Georgia,google,organic,0.0,2,2,view_item
33371724.9375218907,2702412227,2020-11-19,1,0,0,0,0,0,desktop,Windows,Israel,Center District,(direct),(none),0.0,1,1,session_only
53306501.4851787411,4350054300,2021-01-31,1,0,0,0,0,0,desktop,Web,Netherlands,Utrecht,google,organic,0.0,1,1,session_only
6575958.0998865139,8156222694,2021-01-12,1,0,0,0,0,0,mobile,Android,South Korea,Seoul,google,organic,0.0,1,1,session_only
3843108.9040213660,8609651571,2021-01-26,1,1,1,0,0,0,desktop,Web,United Arab Emirates,Dubai,<Other>,referral,0.0,3,3,add_to_cart
4782986850.4557006036,655411168,2020-11-02,1,0,0,0,0,0,desktop,Web,United States,New York,(direct),(none),0.0,1,1,session_only
8312964.7971653380,4381799772,2021-01-19,1,0,0,0,0,0,desktop,Windows,United States,Georgia,(direct),(none),0.0,1,1,session_only
6369557.5698501656,8042383480,2021-01-14,1,1,1,0,0,0,desktop,Web,Japan,(not set),google,cpc,0.0,8,3,add_to_cart
47455336.3770832404,689370733,2021-01-13,1,0,0,0,0,0,desktop,Web,Japan,Tokyo,(direct),(none),0.0,1,1,session_only
8966489207.6114531259,3488630926,2021-01-19,1,0,0,0,0,0,mobile,Web,United States,New York,google,organic,0.0,1,1,session_only
77052125.0799530822,3869980611,2021-01-19,1,1,0,1,1,1,desktop,Web,United States,New York,(data deleted),(data deleted),0.0,10,6,purchase
83974189.2537720458,1346992225,2020-11-14,1,0,0,0,0,0,desktop,Web,Sweden,(not set),(direct),(none),0.0,1,1,session_only
93878179.6755259380,7715244911,2020-11-24,0,1,0,0,0,0,mobile,Web,Canada,British Columbia,(data deleted),(data deleted),0.0,15,2,view_item
4623208.3134656734,2041862248,2020-11-02,1,0,0,0,0,0,mobile,Web,France,Ile-de-France,<Other>,<Other>,0.0,1,1,session_only
67392431.4077413983,4610469513,2020-11-13,1,1,0,0,0,0,tablet,Web,United States,California,google,organic,0.0,5,2,view_item
8750696.3178933258,6992132763,2021-01-09,1,0,0,0,0,0,mobile,Web,United Kingdom,Scotland,google,organic,0.0,1,1,session_only
63865275.7432738495,1861998319,2020-11-18,1,0,0,0,0,0,desktop,<Other>,Canada,Ontario,(direct),(none),0.0,1,1,session_only
4135598.5627503480,1001626540,2020-11-03,1,0,0,0,0,0,desktop,Macintosh,United States,Illinois,<Other>,<Other>,0.0,1,1,session_only
8937245.9263670045,2238210803,2021-01-24,1,0,0,0,0,0,mobile,iOS,United States,California,google,organic,0.0,1,1,session_only
57427745.0092339273,9927651236,2021-01-12,1,0,0,0,0,0,desktop,Windows,India,Delhi,google,organic,0.0,1,1,session_only
2807952.5889704218,8003525113,2020-12-12,1,1,1,1,1,1,desktop,Web,Taiwan,Taipei City,(direct),(none),32.48,28,6,purchase
37603584.9191891886,5705963045,2020-11-27,1,1,1,1,0,0,desktop,Web,United States,California,google,organic,0.0,5,4,begin_checkout
77880315.4848132701,3095041233,2021-01-24,1,0,0,0,0,0,desktop,Macintosh,United Kingdom,England,(direct),(none),0.0,1,1,session_only
32509162.0689367284,2428272325,2021-01-08,1,0,0,0,0,0,desktop,Web,United States,Minnesota,google,cpc,0.0,1,1,session_only
57127945.5139937037,3467852687,2020-11-02,1,1,0,0,0,0,desktop,Web,Singapore,(not set),google,organic,0.0,3,2,view_item
36054493.6493122435,9754216527,2021-01-03,1,0,0,0,0,0,desktop,Macintosh,Japan,Tokyo,google,organic,0.0,1,1,session_only
83507102.8245796729,8349876803,2020-11-24,1,0,0,0,0,0,desktop,Macintosh,United States,(not set),(direct),(none),0.0,1,1,session_only
5128606.0721185395,89525775,2021-01-14,1,0,0,0,0,0,desktop,<Other>,United States,Virginia,(direct),(none),0.0,1,1,session_only
30932721.8109754555,3350517358,2020-12-05,1,0,0,0,0,0,desktop,Web,India,Delhi,google,organic,0.0,1,1,session_only
8305712.2851736914,9783571117,2020-12-25,1,0,0,0,0,0,desktop,Web,Turkey,(not set),<Other>,<Other>,0.0,1,1,session_only
58811396.4037050701,6745801969,2021-01-29,1,0,0,0,0,0,desktop,Web,Colombia,Antioquia,<Other>,<Other>,0.0,1,1,session_only
5269593.1520847219,7716006673,2020-11-12,1,0,0,0,0,0,desktop,Web,United States,Washington,(direct),(none),0.0,1,1,session_only
52938235.0097958446,3002870251,2020-12-25,1,1,0,0,0,0,desktop,Web,India,Telangana,google,organic,0.0,6,2,view_item
73589099.9659940627,198882153,2020-12-30,1,0,0,0,0,0,desktop,Macintosh,United States,Illinois,<Other>,referral,0.0,1,1,session_only
5949077.9420227808,6895326428,2020-11-21,1,0,0,0,0,0,desktop,Web,United States,Massachusetts,shop.googlemerchandisestore.com,referral,0.0,1,1,session_only
90837564.4051935477,2338966039,2021-01-23,1,0,0,0,0,0,desktop,Web,France,Ile-de-France,<Other>,referral,0.0,1,1,session_only
38693124.8629644455,2551375177,2020-12-25,1,0,0,0,0,0,desktop,<Other>,India,Maharashtra,(direct),(none),0.0,1,1,session_only
39620760.1800091470,4207160178,2021-01-26,1,0,0,0,0,0,mobile,Android,India,Maharashtra,<Other>,organic,0.0,1,1,session_only
28702457.0491476491,4709783285,2021-01-12,1,0,0,0,0,0,mobile,iOS,United States,California,(direct),(none),0.0,1,1,session_only
71054767.3690493903,4378808624,2021-01-21,1,0,0,0,0,0,mobile,Web,United States,Connecticut,shop.googlemerchandisestore.com,referral,0.0,1,1,session_only
2772199.6945369926,1074337012,2020-12-25,1,1,0,0,0,0,mobile,Web,Italy,Veneto,(direct),(none),0.0,4,2,view_item
30605136.0759485418,8062826468,2021-01-13,1,1,0,0,0,0,desktop,Web,Japan,(not set),google,organic,0.0,2,2,view_item
46146978.5100846398,3317013513,2020-12-27,1,0,0,0,0,0,mobile,iOS,United States,Florida,google,organic,0.0,1,1,session_only
47942586.5901224046,7627065369,2020-12-26,1,0,0,0,0,0,desktop,Web,Italy,Lazio,google,organic,0.0,1,1,session_only
24427883.2801522617,1733493485,2020-11-29,1,0,0,0,0,0,mobile,iOS,Argentina,Buenos Aires Province,(direct),(none),0.0,1,1,session_only
77753550.3911301221,3710425565,2020-11-18,1,0,0,0,0,0,mobile,iOS,South Korea,Seoul,google,organic,0.0,1,1,session_only
1484160.8758308622,4157682093,2020-11-28,1,0,0,0,0,0,desktop,Windows,Spain,Valencian Community,google,organic,0.0,1,1,session_only
4039384.6390539041,3547530879,2020-11-21,1,1,0,0,0,0,desktop,Macintosh,Philippines,Metro Manila,<Other>,<Other>,0.0,2,2,view_item
88890409.0907454901,2569533344,2020-11-24,1,1,0,1,1,1,desktop,Windows,Bulgaria,Sofia City Province,google,organic,0.0,33,6,purchase
2090379.0478230995,427414541,2020-12-05,1,0,0,0,0,0,desktop,Web,Netherlands,Gelderland,(direct),(none),0.0,1,1,session_only
85958053.1882781212,281051185,2021-01-17,1,1,1,1,1,1,desktop,Web,Canada,British Columbia,<Other>,referral,0.0,12,6,purchase
35320407.1345495947,9885916357,2021-01-26,1,0,0,0,0,0,desktop,Web,Sweden,Stockholm County,google,organic,0.0,1,1,session_only
2353212.1002180349,7435502151,2020-12-30,1,0,0,0,0,0,mobile,iOS,United States,California,google,organic,0.0,1,1,session_only
61351434.3673176427,6539356847,2020-11-07,1,1,0,0,0,0,desktop,Web,Bangladesh,(not set),google,organic,0.0,4,2,view_item
65747653.9708199680,6790980989,2021-01-12,1,0,0,0,0,0,desktop,Web,India,Uttar Pradesh,(direct),(none),0.0,1,1,session_only
10520040.5388573769,1617694831,2020-11-19,1,1,0,0,0,0,desktop,Web,United States,Washington,(direct),(none),0.0,2,2,view_item
2189856.1203101574,2057864813,2021-01-13,1,0,0,0,0,0,desktop,Windows,Turkey,Istanbul,google,organic,0.0,1,1,session_only
7609580.8966807558,6710587324,2020-11-12,1,0,0,0,0,0,desktop,Macintosh,United States,New Hampshire,(direct),(none),0.0,1,1,session_only
1051871.1809246326,2060110739,2020-11-05,1,1,0,0,0,0,desktop,Web,Germany,Hamburg,(direct),(none),0.0,13,2,view_item
78794470.2477303093,4457628222,2020-12-25,1,0,0,0,0,0,mobile,iOS,Denmark,Central Denmark Region,google,organic,0.0,1,1,session_only
71762825.5075302570,4425064323,2021-01-18,1,1,0,1,0,0,mobile,iOS,United States,Virginia,google,organic,0.0,6,4,begin_checkout
5214424753.3397130789,5100371841,2021-01-02,1,1,0,0,0,0,mobile,Web,Hong Kong,(not set),google,organic,0.0,2,2,view_item
83176302.0908371650,3695173126,2020-11-18,1,1,0,0,0,0,mobile,Android,Kuwait,Hawalli Governorate,<Other>,referral,0.0,3,2,view_item
4164805.3234221782,4157636158,2020-11-26,1,0,0,0,0,0,desktop,Web,Philippines,Calabarzon,google,cpc,0.0,1,1,session_only
18774731.9551579052,4107842400,2020-11-21,1,0,0,0,0,0,desktop,Web,United States,Illinois,(direct),(none),0.0,1,1,session_only
7282704.1365588185,1254100467,2020-11-02,1,0,0,0,0,0,mobile,iOS,(not set),(not set),<Other>,<Other>,0.0,1,1,session_only
8093661.0062772456,9918453431,2020-11-01,1,0,0,0,0,0,desktop,Web,Czechia,Prague,(direct),(none),0.0,1,1,session_only
68122768.9414163937,4690730587,2021-01-31,1,0,0,0,0,0,desktop,Web,Hong Kong,(not set),google,organic,0.0,1,1,session_only
2826899.2011537534,3636416616,2021-01-21,1,0,0,0,0,0,desktop,Web,United Kingdom,England,google,cpc,0.0,1,1,session_only
41971282.6250033169,3592630502,2020-12-20,1,0,0,0,0,0,desktop,Macintosh,Spain,Andalusia,google,organic,0.0,1,1,session_only
8440873.2460604867,5371873986,2020-11-28,1,0,0,0,0,0,desktop,Windows,United States,New York,<Other>,<Other>,0.0,1,1,session_only
85305313.7561330759,2928107642,2021-01-19,1,0,0,0,0,0,desktop,Web,United States,Georgia,(direct),(none),0.0,1,1,session_only
1308094495.0389627773,7268158288,2020-11-14,1,0,0,0,0,0,desktop,Macintosh,United States,California,<Other>,<Other>,0.0,1,1,session_only
56113571.7461187367,2171977754,2020-11-09,1,1,0,1,1,1,desktop,<Other>,Indonesia,(not set),google,organic,65.2,21,6,purchase
70383077.8529793400,5115180528,2020-11-27,1,0,0,0,0,0,mobile,Web,United States,North Carolina,google,organic,0.0,1,1,session_only
7745903.5999868705,899643420,2020-12-26,1,1,0,0,0,0,desktop,Web,Italy,Veneto,(direct),(none),0.0,3,2,view_item
3175251.1512156274,7404893397,2021-01-10,1,0,0,0,0,0,desktop,Windows,United States,Michigan,(direct),(none),0.0,1,1,session_only
17489915.9893318242,9811603570,2020-11-12,1,0,0,0,0,0,mobile,Android,United States,Virginia,google,cpc,0.0,1,1,session_only
8957881.1085416437,7570794727,2021-01-24,1,0,0,0,0,0,mobile,Android,United Kingdom,England,<Other>,<Other>,0.0,1,1,session_only
50931157.6798112342,2055831672,2021-01-24,1,0,0,0,0,0,mobile,iOS,United States,Texas,<Other>,<Other>,0.0,1,1,session_only
5518879.3909624272,6102715301,2020-12-30,1,0,0,0,0,0,mobile,Android,United Kingdom,England,google,organic,0.0,1,1,session_only
7206647.6193057965,3546590958,2021-01-10,1,1,1,0,0,0,mobile,iOS,Egypt,Cairo Governorate,google,organic,0.0,6,3,add_to_cart
5484596.2823612762,6440545379,2021-01-05,1,0,0,0,0,0,mobile,Android,Venezuela,(not set),<Other>,<Other>,0.0,1,1,session_only
8956812.4262309376,2651306030,2020-12-30,1,0,0,0,0,0,desktop,Web,Italy,Marche,google,cpc,0.0,1,1,session_only
68297940.0087466179,5401313753,2021-01-16,1,0,0,0,0,0,mobile,Web,United States,Oregon,(direct),(none),0.0,1,1,session_only
28421954.0123924118,9110987474,2020-11-26,1,0,0,0,0,0,desktop,Web,United States,Tennessee,google,organic,0.0,1,1,session_only
6954070.4395141730,5460977976,2021-01-14,1,0,0,0,0,0,mobile,Android,United States,California,shop.googlemerchandisestore.com,referral,0.0,1,1,session_only
6740283.8554919404,5000961520,2021-01-07,1,0,0,0,0,0,mobile,Android,United States,Colorado,(data deleted),(data deleted),0.0,1,1,session_only
2265878.0595059594,5126202472,2021-01-07,1,1,1,1,1,1,desktop,Macintosh,France,Hauts-de-France,<Other>,<Other>,0.0,25,6,purchase
7357200496.1865973732,6657846722,2020-11-03,1,0,0,0,0,0,desktop,Web,Romania,(not set),<Other>,referral,0.0,1,1,session_only
5697322.5819543970,6233035299,2020-11-23,1,0,0,0,0,0,mobile,Android,Romania,Bucharest,(direct),(none),0.0,1,1,session_only
7294164.3850546792,148406460,2021-01-08,1,0,0,0,0,0,desktop,Web,Switzerland,Zurich,google,organic,0.0,1,1,session_only
80375964.1951011939,7187378313,2020-11-22,1,0,0,0,0,0,desktop,Web,Morocco,(not set),(direct),(none),0.0,1,1,session_only
11425625.1090656271,2205443455,2020-12-26,1,0,0,0,0,0,mobile,Web,United States,California,(direct),(none),0.0,1,1,session_only
5357127.1784602583,2383637113,2020-12-26,1,0,0,0,0,0,desktop,Web,Czechia,Prague,google,organic,0.0,1,1,session_only
1595015.8737026901,4017246713,2021-01-26,1,0,0,0,0,0,desktop,Web,United States,New Jersey,shop.googlemerchandisestore.com,referral,0.0,1,1,session_only
34618547.3297655232,2963517003,2020-12-05,1,1,1,1,1,1,desktop,Web,Germany,Baden-Wurttemberg,(direct),(none),0.0,14,6,purchase
16858254.9216877017,1917226722,2020-11-27,1,1,0,0,0,0,mobile,iOS,Canada,Alberta,<Other>,<Other>,0.0,20,2,view_item
8240924.9534820636,6361984795,2020-11-01,1,0,0,0,0,0,desktop,Web,United States,Virginia,shop.googlemerchandisestore.com,referral,0.0,1,1,session_only
6023010.4615140165,8762781876,2020-12-30,1,0,0,0,0,0,desktop,Web,United States,New York,google,organic,0.0,1,1,session_only
1303239.6077180843,669535393,2020-11-01,1,0,0,0,0,0,desktop,Web,Ireland,County Dublin,google,cpc,0.0,1,1,session_only
3436720.7907095454,5701772722,2021-01-17,1,0,0,0,0,0,desktop,Windows,India,Karnataka,<Other>,referral,0.0,1,1,session_only
8865545.1204580627,8073195222,2021-01-08,1,0,0,0,0,0,desktop,Web,United States,California,google,organic,0.0,1,1,session_only
56625395.7315960485,9946653921,2020-12-12,1,1,1,1,1,1,desktop,Web,Canada,Quebec,google,organic,81.2,18,6,purchase
30040366.9867903588,1152643532,2020-11-02,1,0,0,0,0,0,mobile,iOS,United States,Virginia,<Other>,<Other>,0.0,1,1,session_only
1358523755.6420201624,5791885514,2020-12-24,1,0,0,0,0,0,desktop,Web,India,Gujarat,<Other>,referral,0.0,1,1,session_only
2382322.2923214676,4569603554,2021-01-13,1,0,0,0,0,0,desktop,Web,United States,New York,(direct),(none),0.0,1,1,session_only
23867907.8928644984,8721656359,2021-01-08,1,0,0,0,0,0,mobile,Android,Spain,Madrid,shop.googlemerchandisestore.com,referral,0.0,1,1,session_only
47980797.5568477347,1915872519,2020-11-24,1,0,0,0,0,0,desktop,Windows,United States,California,(direct),(none),0.0,1,1,session_only
8751816.5038373217,6809849612,2020-11-14,1,0,0,0,0,0,desktop,Web,India,Madhya Pradesh,<Other>,<Other>,0.0,1,1,session_only
8053868.9732418159,560794567,2020-12-30,1,0,0,0,0,0,mobile,Web,Germany,North Rhine-Westphalia,(data deleted),(data deleted),0.0,1,1,session_only
61844126.1192592782,8498449023,2020-12-29,1,0,0,0,0,0,desktop,Windows,France,Occitanie,<Other>,<Other>,0.0,1,1,session_only
5780235.2990081722,4854812122,2020-12-20,1,1,0,0,0,0,desktop,Web,United States,Connecticut,<Other>,<Other>,0.0,15,2,view_item
1682325.2913109910,4422346672,2020-11-22,1,1,0,0,0,0,desktop,Windows,United States,Washington,google,cpc,0.0,9,2,view_item
60079266.9002660675,7990426852,2020-11-19,1,1,0,0,0,0,desktop,Web,Hong Kong,(not set),<Other>,referral,0.0,3,2,view_item
14319255.3033382454,9564268757,2021-01-21,1,0,0,0,0,0,mobile,Android,United States,Virginia,<Other>,<Other>,0.0,1,1,session_only
24111495.8884408541,4334031581,2021-01-23,1,1,0,1,0,0,mobile,Web,Colombia,Bogota,<Other>,referral,0.0,10,4,begin_checkout
6390136.7768246308,5309539177,2020-11-24,1,0,0,0,0,0,desktop,Web,United States,Colorado,google,organic,0.0,1,1,session_only
52124046.9073243372,1412846451,2021-01-29,1,0,0,0,0,0,mobile,iOS,United States,Illinois,<Other>,<Other>,0.0,1,1,session_only
1284133.7579148747,2775991152,2021-01-05,1,0,0,0,0,0,desktop,Web,Netherlands,North Holland,google,organic,0.0,1,1,session_only
7329327.2927230381,1160595031,2020-12-31,1,1,1,1,1,1,mobile,iOS,Guatemala,Guatemala Department,shop.googlemerchandisestore.com,referral,52.4,8,6,purchase
90424235.7760214282,3757828130,2021-01-22,1,1,0,0,0,0,mobile,Web,United Kingdom,England,google,organic,0.0,2,2,view_item
42364112.1688021016,180072429,2020-11-27,1,0,0,0,0,0,mobile,iOS,Germany,Baden-Wurttemberg,(direct),(none),0.0,1,1,session_only
20269946.4821259735,6783366164,2020-11-22,1,0,0,0,0,0,desktop,Web,United States,New Jersey,google,organic,0.0,1,1,session_only
78436314.4912828092,9958534575,2021-01-30,1,0,0,0,0,0,desktop,Web,United States,California,<Other>,<Other>,0.0,1,1,session_only
2733344574.3895597213,5848270209,2020-11-18,1,1,0,0,0,0,mobile,Web,United States,Arizona,google,organic,0.0,7,2,view_item
58315882.5752096362,9689428199,2021-01-17,1,0,0,0,0,0,mobile,Web,Canada,British Columbia,google,organic,0.0,1,1,session_only
2557408.0379880657,5513302697,2020-12-20,1,0,0,0,0,0,desktop,Web,United States,New York,(direct),(none),0.0,1,1,session_only
63986762.9036095554,2332159344,2021-01-05,1,0,0,0,0,0,desktop,Web,United States,New Jersey,<Other>,<Other>,0.0,1,1,session_only
2842289.6577419454,4780582608,2021-01-05,1,0,0,0,0,0,desktop,Windows,United States,California,google,organic,0.0,1,1,session_only
4228397.9560479355,1730957393,2020-12-29,1,1,1,1,1,1,mobile,iOS,India,Delhi,<Other>,<Other>,0.0,10,6,purchase
8665061.6135165531,9091244532,2021-01-07,1,0,0,0,0,0,mobile,Web,Canada,Quebec,google,organic,0.0,1,1,session_only
1484904.9490989890,4877650402,2020-11-19,1,1,0,0,0,0,desktop,Web,United Kingdom,England,<Other>,<Other>,0.0,2,2,view_item
72443617.2874587018,4937579173,2021-01-05,1,0,0,0,0,0,mobile,Android,India,Kerala,(direct),(none),0.0,1,1,session_only
3967651.5903054108,3390846551,2020-11-05,1,0,0,0,0,0,desktop,Web,United States,California,shop.googlemerchandisestore.com,referral,0.0,1,1,session_only
91133314.4607314875,155399889,2021-01-16,1,1,1,1,1,1,desktop,Web,Italy,Lazio,google,cpc,0.0,8,6,purchase
52923259.3254831017,3176128671,2020-12-31,1,0,0,0,0,0,desktop,Web,Sweden,(not set),<Other>,referral,0.0,1,1,session_only
8021433.5245484985,1441880554,2021-01-05,1,0,0,0,0,0,mobile,Web,United States,Pennsylvania,google,cpc,0.0,1,1,session_only
7665935112.9715741290,4567583372,2020-11-27,1,1,1,0,0,0,desktop,Web,United States,California,google,organic,0.0,21,3,add_to_cart
11229654.1765087729,8253311793,2021-01-25,1,0,0,0,0,0,desktop,Web,Turkey,Konya,<Other>,referral,0.0,1,1,session_only
4832040.9494794021,27903644,2021-01-12,1,0,0,0,0,0,mobile,iOS,United States,Virginia,google,organic,0.0,1,1,session_only
66586954.9090439023,6504093098,2020-12-12,1,1,1,1,1,1,mobile,iOS,United States,Massachusetts,(direct),(none),79.44,56,6,purchase
7890393.1092683889,7401782806,2020-11-23,1,1,0,0,0,0,mobile,iOS,United States,Virginia,google,organic,0.0,4,2,view_item
8638459.0629863463,746431037,2020-11-08,1,0,0,0,0,0,desktop,Web,Brazil,State of Rio Grande do Sul,(direct),(none),0.0,1,1,session_only
8749587912.0069923981,5971530555,2020-12-24,1,0,0,0,0,0,desktop,Web,United States,Georgia,shop.googlemerchandisestore.com,referral,0.0,1,1,session_only
8014289.6748929514,7478949022,2020-12-24,1,0,0,0,0,0,tablet,Web,India,Tamil Nadu,(direct),(none),0.0,1,1,session_only
33993808.8859424182,3536415405,2020-11-19,1,0,0,0,0,0,desktop,Web,United States,South Carolina,shop.googlemerchandisestore.com,referral,0.0,1,1,session_only
2774129.5676429649,6170703188,2021-01-02,1,0,0,0,0,0,desktop,Web,United States,Minnesota,<Other>,<Other>,0.0,1,1,session_only
2344220.0847755322,543800546,2020-11-18,1,1,0,0,0,0,mobile,iOS,Ireland,County Dublin,(direct),(none),0.0,3,2,view_item
24408962.3833432337,5303396010,2020-11-06,1,0,0,0,0,0,mobile,Android,United States,Texas,shop.googlemerchandisestore.com,referral,0.0,1,1,session_only
8935177.6570153378,5685119816,2021-01-05,1,0,0,0,0,0,mobile,Web,Greece,(not set),(direct),(none),0.0,1,1,session_only
15130516.9224389603,1482438116,2021-01-16,1,0,0,0,0,0,desktop,Web,United States,Connecticut,(direct),(none),0.0,1,1,session_only
71062656.1933422753,8764903121,2020-12-26,1,0,0,0,0,0,desktop,Web,Canada,Saskatchewan,<Other>,<Other>,0.0,1,1,session_only
5493004.6582649326,7153669129,2020-11-18,1,1,0,0,0,0,mobile,Web,Slovakia,(not set),<Other>,organic,0.0,4,2,view_item
20583768.1813501813,5451440805,2021-01-08,1,0,0,0,0,0,mobile,Web,Turkey,Kocaeli,(direct),(none),0.0,1,1,session_only
2467777.8423241515,3448843393,2020-12-26,1,0,0,0,0,0,mobile,Android,United Kingdom,England,<Other>,referral,0.0,1,1,session_only
47772386.9634573240,4738769314,2021-01-19,1,0,0,0,0,0,desktop,Web,United States,California,(direct),(none),0.0,1,1,session_only
26276963.3765861998,4154863102,2021-01-14,1,0,0,0,0,0,desktop,Web,Austria,Vienna,google,organic,0.0,1,1,session_only
5666346.9191647004,7727012960,2020-11-19,1,1,0,0,0,0,desktop,Macintosh,United States,New Jersey,<Other>,referral,0.0,12,2,view_item
34308059.0880124651,3207718210,2020-11-27,1,0,0,0,0,0,mobile,iOS,Taiwan,Taipei City,shop.googlemerchandisestore.com,referral,0.0,1,1,session_only
3578932.3328791713,5556373202,2020-12-05,1,1,1,0,0,0,desktop,Web,United Kingdom,England,(direct),(none),0.0,31,3,add_to_cart
6310896.4352688594,648023375,2020-12-13,1,0,0,0,0,0,desktop,Macintosh,China,(not set),google,cpc,0.0,1,1,session_only
5806159.8629252674,5850569428,2020-12-26,1,0,0,0,0,0,desktop,Web,United States,Maine,google,organic,0.0,1,1,session_only
1264713.6237516330,1441829527,2021-01-09,1,0,0,0,0,0,desktop,Web,Japan,Kanagawa,<Other>,<Other>,0.0,1,1,session_only
1533248.5561708598,7837616133,2020-11-13,1,0,0,0,0,0,desktop,Web,United States,New Jersey,(data deleted),(data deleted),0.0,1,1,session_only
39800859.9308313717,2576181081,2020-12-23,1,0,0,0,0,0,desktop,Web,United States,California,<Other>,organic,0.0,1,1,session_only
29571859.8096651775,6733019471,2020-11-22,1,0,0,0,0,0,tablet,Android,United States,Michigan,<Other>,organic,0.0,1,1,session_only
7652255.0101230871,2288610964,2020-11-23,1,1,0,1,1,1,desktop,Web,Austria,Vienna,shop.googlemerchandisestore.com,referral,153.6,11,6,purchase
5677502.2363207936,1115116677,2020-11-08,1,0,0,0,0,0,desktop,Web,Romania,(not set),shop.googlemerchandisestore.com,referral,0.0,1,1,session_only
43382307.1290802082,7744018777,2021-01-02,1,1,1,1,1,1,tablet,Android,United States,Massachusetts,google,organic,41.6,15,6,purchase
68463846.8484027823,9832438738,2020-11-24,1,1,0,0,0,0,desktop,Web,United Kingdom,England,<Other>,<Other>,0.0,3,2,view_item
4938041.2351150422,5940779681,2020-11-27,1,1,0,0,0,0,mobile,iOS,India,Telangana,(direct),(none),0.0,2,2,view_item
46456473.0726688262,5430789969,2021-01-08,1,0,0,0,0,0,desktop,Web,India,Maharashtra,(direct),(none),0.0,1,1,session_only
2497712.0716764016,4769540575,2020-11-27,1,0,0,0,0,0,mobile,Android,United States,Florida,google,cpc,0.0,1,1,session_only
8836177.7270797203,3458109421,2021-01-19,1,0,0,0,0,0,mobile,iOS,France,Ile-de-France,shop.googlemerchandisestore.com,referral,0.0,1,1,session_only
15275195.7597888695,2425707155,2021-01-14,1,1,1,0,0,0,desktop,Web,United States,Washington,<Other>,referral,0.0,6,3,add_to_cart
4012626.4946334484,9725463255,2020-11-02,1,0,0,0,0,0,desktop,Web,United States,Maine,google,organic,0.0,1,1,session_only
4181269.4301482035,9611658658,2021-01-24,1,0,0,0,0,0,desktop,Web,Sweden,(not set),(direct),(none),0.0,1,1,session_only
58494000.3106433806,3428607681,2021-01-23,1,1,1,1,1,1,desktop,Macintosh,Netherlands,North Holland,shop.googlemerchandisestore.com,referral,0.0,20,6,purchase
47179590.1535337377,2135081088,2020-11-18,1,1,0,0,0,0,desktop,Macintosh,United States,California,<Other>,referral,0.0,2,2,view_item
46306688.0838950110,8028994126,2020-11-16,1,0,0,0,0,0,desktop,Windows,India,Uttar Pradesh,(direct),(none),0.0,1,1,session_only
18161607.9002799024,8932603319,2020-12-13,1,1,1,1,1,1,mobile,iOS,United States,Utah,google,organic,36.8,20,6,purchase
57655144.7573784360,9099028988,2020-12-20,1,1,1,1,1,1,desktop,Web,United Kingdom,England,(direct),(none),0.0,8,6,purchase
3440741.1522290593,6322088165,2021-01-19,1,0,0,0,0,0,mobile,Android,United States,Michigan,(data deleted),(data deleted),0.0,1,1,session_only
7050360.8456258420,3326625507,2020-12-23,1,0,0,0,0,0,desktop,Windows,France,Normandy,google,organic,0.0,1,1,session_only
3670188.6246746398,1715612784,2020-12-13,1,0,0,0,0,0,desktop,Macintosh,Switzerland,Zurich,(data deleted),(data deleted),0.0,1,1,session_only
61452462.3220151751,468085397,2021-01-29,1,0,0,0,0,0,desktop,Web,United States,Louisiana,(direct),(none),0.0,1,1,session_only
628363132.9737513033,3765856769,2020-12-19,0,1,1,1,1,1,desktop,Web,United Kingdom,England,<Other>,<Other>,190.64,77,6,purchase
4811657.7001717843,5785348343,2020-11-22,1,0,0,0,0,0,desktop,Macintosh,United States,Virginia,<Other>,<Other>,0.0,1,1,session_only
4006092.7788482688,4746585775,2020-12-13,1,0,0,0,0,0,desktop,Web,Germany,Bavaria,(direct),(none),0.0,1,1,session_only
26738567.5605733676,2760684876,2020-12-29,1,0,0,0,0,0,mobile,Web,Spain,Valencian Community,(direct),(none),0.0,1,1,session_only
19228958.7068995993,8502606271,2021-01-22,1,0,0,0,0,0,desktop,Web,United States,New York,<Other>,<Other>,0.0,1,1,session_only
63099626.9264282887,664683408,2020-11-24,1,0,0,0,0,0,desktop,Macintosh,China,Sichuan,google,organic,0.0,1,1,session_only
7361142.6870698466,9218520788,2021-01-01,1,0,0,0,0,0,desktop,Web,United States,California,(direct),(none),0.0,1,1,session_only
2145702.3346455915,5580508036,2020-11-16,1,1,0,1,1,1,mobile,Android,United States,Alabama,<Other>,referral,0.0,23,6,purchase
18854440.9535162000,665184089,2021-01-17,1,1,0,0,0,0,desktop,Macintosh,France,Bourgogne-Franche-Comte,<Other>,referral,0.0,2,2,view_item
57875052.1028310793,7427056893,2020-11-15,1,0,0,0,0,0,desktop,Windows,United States,California,(direct),(none),0.0,1,1,session_only
1338173.7652271249,9480790213,2020-12-25,1,0,0,0,0,0,mobile,Web,United Arab Emirates,Dubai,<Other>,referral,0.0,1,1,session_only
30788398.6519683405,8160790074,2021-01-09,1,0,0,0,0,0,desktop,Web,Singapore,(not set),google,cpc,0.0,1,1,session_only
29570964.3192916968,4413056015,2021-01-13,1,1,1,1,1,1,desktop,Web,United States,Nebraska,(data deleted),(data deleted),68.1,32,6,purchase
11329760.7226955983,4933732819,2020-11-08,1,0,0,0,0,0,desktop,Web,United States,California,google,organic,0.0,1,1,session_only
40918425.0480131676,1673824153,2021-01-01,1,0,0,0,0,0,desktop,Windows,Japan,Osaka,google,organic,0.0,1,1,session_only
57916002.7019851226,2650559836,2020-11-28,1,0,0,0,0,0,desktop,Web,United States,Michigan,<Other>,<Other>,0.0,1,1,session_only
86013817.4881299152,2222102555,2021-01-29,1,0,0,0,0,0,mobile,Web,Iraq,(not set),<Other>,referral,0.0,1,1,session_only
4816024223.9975738601,5773492180,2020-11-28,1,0,0,0,0,0,mobile,Web,United Kingdom,Scotland,<Other>,referral,0.0,1,1,session_only
74220003.7512127927,483345354,2021-01-07,1,0,0,0,0,0,desktop,Web,United States,Washington,(data deleted),(data deleted),0.0,1,1,session_only
4413825.0110818688,1453275538,2021-01-07,1,0,0,0,0,0,desktop,Macintosh,United States,Virginia,google,organic,0.0,1,1,session_only
92527345.0269499335,8125363123,2020-11-12,1,0,0,0,0,0,desktop,Web,United States,New Hampshire,(direct),(none),0.0,1,1,session_only
49858212.3458661273,2287835608,2020-11-27,1,0,0,0,0,0,mobile,Web,United States,Washington,(direct),(none),0.0,1,1,session_only
5430975.7523687455,3281134982,2021-01-11,1,1,1,1,1,1,mobile,Web,Canada,Quebec,(data deleted),(data deleted),55.38,102,6,purchase
44090511.7669520738,2816918134,2021-01-25,1,0,0,0,0,0,mobile,iOS,United States,Florida,google,organic,0.0,1,1,session_only
3319138.4206530605,8876233495,2021-01-29,1,0,0,0,0,0,desktop,Web,United States,California,<Other>,<Other>,0.0,1,1,session_only
7251826.9020487840,8143506975,2020-12-13,1,0,0,0,0,0,desktop,Web,Canada,Ontario,(direct),(none),0.0,1,1,session_only
85300829.7007575520,7246234895,2020-11-27,1,1,1,1,1,1,mobile,Web,United States,Rhode Island,(direct),(none),0.0,16,6,purchase
7228778.0572739758,6380813846,2020-11-06,1,0,0,0,0,0,mobile,Android,United States,Wisconsin,shop.googlemerchandisestore.com,referral,0.0,1,1,session_only
5194588.6033200781,2942131405,2020-11-02,1,0,0,0,0,0,mobile,Web,Canada,New Brunswick,(data deleted),(data deleted),0.0,1,1,session_only
6638780.9391043782,4006452513,2021-01-12,1,1,0,0,0,0,mobile,Web,United States,New York,(data deleted),(data deleted),0.0,4,2,view_item
34071006.2976708918,5716735847,2021-01-13,1,0,0,0,0,0,desktop,Windows,Canada,British Columbia,<Other>,<Other>,0.0,1,1,session_only
7685614.4078665390,7361456924,2020-11-29,1,1,0,0,0,0,desktop,Windows,India,Andhra Pradesh,<Other>,referral,0.0,2,2,view_item
15634814.2140062040,9505534552,2020-12-13,1,0,0,0,0,0,desktop,Web,Canada,Ontario,google,organic,0.0,1,1,session_only
73078136.3225910100,6789693317,2021-01-19,1,0,0,0,0,0,desktop,Web,United States,Washington,google,organic,0.0,1,1,session_only
2953392.7872990297,5164965143,2020-11-12,1,0,0,0,0,0,mobile,Web,Mexico,Guanajuato,google,organic,0.0,1,1,session_only
4039658.4678570572,9020670692,2021-01-04,1,0,0,0,0,0,desktop,Web,United States,Wisconsin,(direct),(none),0.0,1,1,session_only
45927913.7104554991,6324350796,2021-01-05,1,0,0,0,0,0,desktop,Web,United States,Illinois,google,organic,0.0,1,1,session_only
51986505.2747565154,6474452548,2020-11-24,0,1,0,1,1,1,desktop,Web,United States,California,(data deleted),(data deleted),73.28,53,6,purchase
8718338.9436904788,8615348727,2020-12-13,1,1,0,0,0,0,desktop,Web,United States,Virginia,google,organic,0.0,3,2,view_item
90838414.0705310213,7662587306,2020-11-16,1,0,0,0,0,0,mobile,Web,China,Zhejiang,<Other>,referral,0.0,1,1,session_only
31828387.4498193697,7086821850,2020-12-29,1,0,0,0,0,0,desktop,Windows,United States,Louisiana,google,organic,0.0,1,1,session_only
26214059.5183689443,9851458681,2021-01-01,1,0,0,0,0,0,mobile,iOS,Venezuela,(not set),google,cpc,0.0,1,1,session_only
8777079.4532894893,1860558148,2021-01-25,1,0,0,0,0,0,mobile,Web,Hong Kong,(not set),<Other>,referral,0.0,1,1,session_only
21036959.2247964375,6226797621,2021-01-21,1,0,0,0,0,0,desktop,Windows,Turkey,Ankara,(direct),(none),0.0,1,1,session_only
3728485562.8758387184,5362331857,2021-01-03,1,1,0,0,0,0,desktop,Macintosh,Italy,Veneto,<Other>,organic,0.0,2,2,view_item
76467513.3853970500,7533391429,2021-01-13,1,0,0,0,0,0,mobile,Web,United States,Texas,<Other>,<Other>,0.0,1,1,session_only
58314224.7848465228,2179464726,2020-11-21,1,1,0,0,0,0,desktop,<Other>,United States,Illinois,(direct),(none),0.0,7,2,view_item
2920072.9279220069,476931540,2021-01-08,1,0,0,0,0,0,mobile,Android,United States,Connecticut,(direct),(none),0.0,1,1,session_only
39275747.6636278579,6150440729,2020-11-22,1,0,0,0,0,0,mobile,iOS,United States,Illinois,shop.googlemerchandisestore.com,referral,0.0,1,1,session_only
83933104.6658324863,2864977469,2020-12-19,1,0,0,0,0,0,desktop,<Other>,China,Shanghai,google,organic,0.0,1,1,session_only
7444026.6095363759,1768635012,2020-12-19,1,1,0,0,0,0,mobile,Web,India,Kerala,<Other>,<Other>,0.0,4,2,view_item
5790368.9222837534,3884081917,2020-11-05,1,1,0,0,0,0,desktop,Web,United States,South Carolina,(direct),(none),0.0,6,2,view_item
11844612.3163356090,4416719189,2020-12-12,1,0,0,0,0,0,desktop,Windows,United States,California,<Other>,referral,0.0,1,1,session_only
39235146.7307595194,250717712,2020-12-25,1,0,0,0,0,0,desktop,Windows,United States,Georgia,<Other>,<Other>,0.0,1,1,session_only
1343183.0946697453,349651850,2021-01-12,1,1,0,0,0,0,mobile,Android,Luxembourg,(not set),google,organic,0.0,8,2,view_item
18161607.9002799024,1523076158,2021-01-03,1,1,1,1,1,1,mobile,iOS,United States,Utah,<Other>,referral,71.76,62,6,purchase
32227223.2549741823,585917942,2020-11-21,1,1,0,0,0,0,desktop,Web,United States,Arizona,shop.googlemerchandisestore.com,referral,0.0,2,2,view_item
51194671.7668554055,647949269,2021-01-28,1,0,0,0,0,0,desktop,Web,United States,South Carolina,(direct),(none),0.0,1,1,session_only
84534898.7989426950,6766980500,2020-12-19,1,1,0,1,1,1,desktop,Web,United States,Texas,(direct),(none),42.08,12,6,purchase
79402073.5731718655,1612511765,2021-01-04,1,0,0,0,0,0,desktop,Windows,United States,Michigan,google,organic,0.0,1,1,session_only
79987904.9208709522,4290593053,2020-11-27,1,0,0,0,0,0,mobile,Web,Japan,Kanagawa,(direct),(none),0.0,1,1,session_only
6452031.7513884529,6315878301,2020-11-13,1,0,0,0,0,0,mobile,Web,Switzerland,Vaud,google,organic,0.0,1,1,session_only
4868677.7149173834,6927703002,2020-12-25,1,0,0,0,0,0,desktop,Web,India,Tamil Nadu,google,organic,0.0,1,1,session_only
6259818.0362639925,3342262684,2020-11-06,1,0,0,0,0,0,mobile,Web,Taiwan,New Taipei City,(data deleted),(data deleted),0.0,1,1,session_only
31533924.4114751750,3387608745,2021-01-14,1,0,0,0,0,0,mobile,iOS,Turkey,Istanbul,google,organic,0.0,1,1,session_only
3291312159.4107284703,7583637448,2021-01-21,1,0,0,0,0,0,desktop,Web,Switzerland,(not set),google,organic,0.0,1,1,session_only
4729160.8854073081,1926812872,2021-01-29,1,0,0,0,0,0,desktop,Web,United States,Louisiana,google,organic,0.0,1,1,session_only
51605325.8215613948,5912552341,2020-11-16,1,1,0,1,1,1,mobile,Web,United States,Georgia,(data deleted),(data deleted),14.56,36,6,purchase
67595199.2954118867,5938478376,2021-01-12,1,0,0,0,0,0,desktop,Windows,United States,California,(direct),(none),0.0,1,1,session_only
83034427.9075910470,4257795516,2021-01-18,1,0,0,0,0,0,desktop,Web,India,West Bengal,google,organic,0.0,1,1,session_only
87218331.1467023217,5539257569,2021-01-03,1,0,0,0,0,0,desktop,Web,India,Maharashtra,(direct),(none),0.0,1,1,session_only
55800996.4365989462,4497267954,2020-11-27,1,1,0,1,1,0,mobile,Web,India,Uttar Pradesh,<Other>,<Other>,0.0,9,5,add_payment
4851163.3709461483,2354061781,2021-01-21,1,0,0,0,0,0,mobile,Web,United States,North Carolina,(direct),(none),0.0,1,1,session_only
88245583.1297759390,7039243297,2021-01-16,1,0,0,0,0,0,mobile,Web,Algeria,(not set),google,organic,0.0,1,1,session_only
1197596.6971314265,7822167526,2020-11-13,1,1,0,1,1,1,mobile,Android,Malaysia,Selangor,(data deleted),(data deleted),112.32,20,6,purchase
33429307.2106206803,2976128215,2021-01-26,1,1,0,0,0,0,mobile,Web,United States,Georgia,<Other>,referral,0.0,2,2,view_item
46791236.3720310839,5093223629,2020-11-19,1,1,1,1,1,0,desktop,Web,United States,New Jersey,(data deleted),(data deleted),0.0,68,5,add_payment
82769036.0910249611,4327036608,2021-01-25,1,1,1,1,1,1,desktop,Web,France,Provence-Alpes-Cote d'Azur,<Other>,<Other>,97.76,36,6,purchase
43217487.4005061318,1208223863,2020-11-23,1,1,0,0,0,0,desktop,Windows,India,Gujarat,(direct),(none),0.0,2,2,view_item
8310931.7519914979,6791945983,2020-11-03,1,0,0,0,0,0,desktop,Web,Belgium,Flanders,<Other>,<Other>,0.0,1,1,session_only
53251829.3453249719,4784165668,2021-01-17,1,0,0,0,0,0,desktop,Windows,South Korea,Seoul,shop.googlemerchandisestore.com,referral,0.0,1,1,session_only
1291734.4504402975,273423098,2020-12-25,1,0,0,0,0,0,desktop,Web,United States,Louisiana,google,organic,0.0,1,1,session_only
71706603.2631255790,8208160075,2020-11-21,1,1,0,0,0,0,desktop,<Other>,Spain,(not set),(data deleted),(data deleted),0.0,2,2,view_item
1137257.9945768766,54080158,2020-11-05,1,0,0,0,0,0,desktop,Web,(not set),(not set),google,organic,0.0,1,1,session_only
6260063.7026501108,141071945,2020-11-05,1,0,0,0,0,0,mobile,iOS,India,Delhi,google,organic,0.0,1,1,session_only
31042503.4432463250,606481136,2020-11-19,1,0,0,0,0,0,desktop,<Other>,United States,West Virginia,<Other>,referral,0.0,1,1,session_only
2892875.4456116070,3155675425,2020-11-23,1,0,0,0,0,0,mobile,Web,China,(not set),(direct),(none),0.0,1,1,session_only
3887909.4679555941,5090854435,2020-12-29,1,0,0,0,0,0,desktop,Macintosh,South Korea,Incheon,(direct),(none),0.0,1,1,session_only
63867321.1717750297,9512635206,2020-11-19,1,0,0,0,0,0,desktop,Web,United States,Virginia,google,organic,0.0,1,1,session_only
2712680.6240230887,8638429985,2021-01-19,1,0,0,0,0,0,desktop,Web,Belarus,Minsk Region,google,organic,0.0,1,1,session_only
17210816.2332399467,6782064864,2021-01-08,1,0,0,0,0,0,mobile,Web,Canada,Ontario,google,organic,0.0,1,1,session_only
3018597.2762664803,9461074224,2021-01-13,1,0,0,0,0,0,desktop,Web,Canada,Ontario,<Other>,<Other>,0.0,1,1,session_only
2770840.2880303503,868364119,2020-12-26,1,0,0,0,0,0,desktop,Web,United States,New York,google,organic,0.0,1,1,session_only
66021745.1784185552,3377857691,2021-01-21,1,1,1,1,1,0,desktop,Web,United States,California,google,organic,0.0,20,5,add_payment
108761510.6345569726,2559504699,2020-11-18,1,1,0,0,0,0,desktop,Windows,Hong Kong,(not set),google,organic,0.0,2,2,view_item
6963741.9108992032,1364820800,2020-12-12,1,1,0,0,0,0,mobile,Web,Canada,Ontario,<Other>,referral,0.0,2,2,view_item
50441241.2371168491,895618510,2021-01-18,1,0,0,0,0,0,mobile,iOS,India,Kerala,(direct),(none),0.0,1,1,session_only
52967156.4707002689,2545460104,2020-11-03,1,1,0,0,0,0,desktop,Windows,United Arab Emirates,Dubai,google,organic,0.0,2,2,view_item
53733551.4684608407,5520191032,2021-01-13,1,0,0,0,0,0,desktop,Macintosh,United States,New York,(data deleted),(data deleted),0.0,1,1,session_only
7461457.3378053799,4846844606,2021-01-28,1,0,0,0,0,0,desktop,Windows,United States,Kansas,(direct),(none),0.0,1,1,session_only
27350134.0433276893,4040951475,2020-11-29,1,0,0,0,0,0,mobile,iOS,United States,New York,<Other>,<Other>,0.0,1,1,session_only
68031567.4103680925,5126717877,2021-01-19,1,0,0,0,0,0,desktop,Web,United States,Colorado,google,organic,0.0,1,1,session_only
41909712.0358402114,2916627371,2021-01-19,1,0,0,0,0,0,mobile,Android,United States,Washington,(direct),(none),0.0,1,1,session_only
8010164.1169258521,7871632040,2021-01-04,0,1,0,0,0,0,mobile,Web,Austria,Lower Austria,(data deleted),(data deleted),0.0,2,2,view_item
88327398.3320018895,6996840474,2021-01-09,1,0,0,0,0,0,desktop,Web,Kenya,Nairobi County,google,organic,0.0,1,1,session_only
2896256.1147990242,9531479762,2020-11-03,1,1,0,0,0,0,mobile,Web,United States,Wisconsin,shop.googlemerchandisestore.com,referral,0.0,2,2,view_item
5217710.3172346014,9354820204,2021-01-08,1,0,0,0,0,0,mobile,Android,United States,New York,shop.googlemerchandisestore.com,referral,0.0,1,1,session_only
10340730.1522964574,2438126488,2020-12-24,1,1,0,0,0,0,desktop,Macintosh,Germany,North Rhine-Westphalia,<Other>,referral,0.0,12,2,view_item
29122727.4353297560,5925337361,2020-12-05,1,0,0,0,0,0,mobile,Web,India,Punjab,google,organic,0.0,1,1,session_only
35052066.2813337110,5755046909,2020-11-03,1,1,0,1,1,1,mobile,Web,Canada,Quebec,<Other>,referral,35.6,15,6,purchase
1096819.8855518147,202304277,2021-01-22,1,1,0,0,0,0,mobile,Web,United States,Florida,<Other>,<Other>,0.0,3,2,view_item
45205087.9905177130,1449509153,2021-01-07,1,0,0,0,0,0,desktop,Web,Myanmar (Burma),Yangon Region,google,organic,0.0,1,1,session_only
6458314.8858866456,7136870019,2020-11-16,1,0,0,0,0,0,desktop,Macintosh,Singapore,(not set),google,organic,0.0,1,1,session_only
6709796.4976562435,3382619241,2020-11-26,1,0,0,0,0,0,desktop,Web,Hong Kong,(not set),google,organic,0.0,1,1,session_only
7739568.2488883791,8183327564,2020-11-02,1,0,0,0,0,0,mobile,iOS,South Korea,Seoul,<Other>,<Other>,0.0,1,1,session_only
8026395.1865002498,232899394,2021-01-11,1,0,0,0,0,0,desktop,Web,Canada,Quebec,<Other>,referral,0.0,1,1,session_only
7285756326.1533513847,4926648680,2020-11-22,1,1,0,1,1,1,desktop,Web,India,Uttar Pradesh,(data deleted),(data deleted),569.6,8,6,purchase
2899473.5054089842,9004549216,2020-12-24,1,1,0,0,0,0,desktop,Windows,Japan,(not set),<Other>,organic,0.0,3,2,view_item
3413276979.7104631005,6121874903,2021-01-31,1,0,0,0,0,0,mobile,Web,United States,Illinois,(direct),(none),0.0,1,1,session_only
8408343.2091774939,2210785871,2020-11-15,1,1,0,0,0,0,tablet,Web,Canada,Ontario,<Other>,<Other>,0.0,2,2,view_item
78079165.0299499537,672713095,2020-11-06,1,0,0,0,0,0,desktop,Web,Netherlands,South Holland,(direct),(none),0.0,1,1,session_only
64938878.4889717664,6243521283,2020-12-26,1,0,0,0,0,0,desktop,Windows,Turkey,(not set),google,cpc,0.0,1,1,session_only
50290807.8892498778,8061360966,2021-01-24,1,0,0,0,0,0,desktop,Web,United States,Minnesota,<Other>,referral,0.0,1,1,session_only
23942739.9247589672,8729699175,2020-12-05,1,0,0,0,0,0,desktop,<Other>,United States,Arizona,google,organic,0.0,1,1,session_only
37612468.6285724429,5655695156,2020-12-26,1,0,0,0,0,0,desktop,Macintosh,Ireland,County Dublin,<Other>,referral,0.0,1,1,session_only
82544338.6275608427,4017559717,2021-01-31,1,0,0,0,0,0,tablet,Web,Spain,Andalusia,<Other>,<Other>,0.0,1,1,session_only
24919524.3527481880,8343189428,2020-12-19,1,0,0,0,0,0,desktop,<Other>,Canada,Alberta,<Other>,<Other>,0.0,1,1,session_only
5792085.1083862935,3740797020,2021-01-02,1,0,0,0,0,0,desktop,Macintosh,United States,Missouri,google,organic,0.0,1,1,session_only
1130823.1260673950,5071219693,2021-01-13,1,0,0,0,0,0,desktop,<Other>,Thailand,Bangkok,<Other>,<Other>,0.0,1,1,session_only
48592150.5991988925,3750376067,2021-01-31,1,0,0,0,0,0,desktop,Windows,United States,District of Columbia,google,organic,0.0,1,1,session_only
6539211.5897264262,6098974845,2020-11-13,1,1,0,0,0,0,desktop,Windows,Indonesia,(not set),google,organic,0.0,3,2,view_item
61118967.8056730478,9038796364,2021-01-17,1,1,1,1,1,1,desktop,Web,United States,Virginia,google,organic,0.0,19,6,purchase
24556447.3255447965,4457634285,2021-01-25,1,1,0,0,0,0,desktop,Windows,Canada,Ontario,<Other>,referral,0.0,7,2,view_item
4210709.1836131564,2247096598,2021-01-28,1,0,0,0,0,0,desktop,Web,New Zealand,Auckland,google,organic,0.0,1,1,session_only
89766043.3020012952,5907236623,2021-01-19,1,1,0,0,0,0,desktop,Web,United States,Florida,google,cpc,0.0,2,2,view_item
15064711.2603753706,8489920292,2021-01-22,1,0,0,0,0,0,desktop,Macintosh,Bangladesh,(not set),(direct),(none),0.0,1,1,session_only
8453900.9995504664,8284604029,2020-11-24,1,0,0,0,0,0,desktop,Macintosh,United States,California,(direct),(none),0.0,1,1,session_only
29089116.0663336587,6318319626,2020-11-14,1,0,0,0,0,0,mobile,iOS,Italy,Lombardy,google,organic,0.0,1,1,session_only
27815556.2090097227,7805303530,2021-01-21,1,1,1,1,1,1,mobile,iOS,United States,New Mexico,google,organic,104.97,26,6,purchase
74890920.4631721990,2938397996,2021-01-13,1,0,0,0,0,0,mobile,Web,United States,Illinois,<Other>,<Other>,0.0,1,1,session_only
2241716.4901696041,1533164730,2020-12-27,1,0,0,0,0,0,desktop,Web,Portugal,(not set),(direct),(none),0.0,1,1,session_only
7025300.6104157644,7834468396,2020-11-14,1,0,0,0,0,0,mobile,Android,United States,New Mexico,shop.googlemerchandisestore.com,referral,0.0,1,1,session_only
1687036713.2266619188,7993790743,2020-12-12,1,0,0,0,0,0,desktop,Web,India,Bihar,google,organic,0.0,1,1,session_only
58088161.9440703145,3304201383,2020-11-23,1,1,0,0,0,0,desktop,Windows,Canada,British Columbia,(direct),(none),0.0,3,2,view_item
7616416.3442436459,3916958638,2021-01-14,1,1,1,1,1,1,mobile,Web,Austria,Vienna,google,organic,19.25,20,6,purchase
64347064.3624433445,6935748119,2021-01-03,1,1,0,0,0,0,desktop,Web,China,(not set),<Other>,<Other>,0.0,2,2,view_item
74703344.8902615998,6431334585,2021-01-18,1,0,0,0,0,0,desktop,Web,United States,Oklahoma,(direct),(none),0.0,1,1,session_only
11460164.6700154389,4570464697,2021-01-26,1,1,0,0,0,0,mobile,Web,United States,Pennsylvania,(direct),(none),0.0,5,2,view_item
1735324.3249399275,9098411566,2020-12-29,1,0,0,0,0,0,desktop,Web,United States,Wisconsin,google,organic,0.0,1,1,session_only
49596582.7329505843,3437561577,2020-12-31,1,0,0,0,0,0,mobile,Android,India,Bihar,google,organic,0.0,1,1,session_only
68761345.4656669185,799535346,2021-01-22,1,1,0,0,0,0,desktop,Macintosh,United States,Colorado,<Other>,<Other>,0.0,2,2,view_item
7334882.3118353095,833688422,2020-11-13,1,0,0,0,0,0,desktop,Web,United States,Illinois,google,organic,0.0,1,1,session_only
3624134.3753925329,7282347157,2020-12-29,1,1,0,0,0,0,mobile,Web,United States,Wisconsin,<Other>,<Other>,0.0,2,2,view_item
6282075.2538602367,6934625205,2021-01-03,1,0,0,0,0,0,desktop,Web,United States,Arizona,<Other>,<Other>,0.0,1,1,session_only
9271118.4432601653,1180107367,2020-11-07,1,0,0,0,0,0,desktop,Windows,Peru,(not set),<Other>,organic,0.0,1,1,session_only
68848831.9499415626,1444573148,2021-01-28,1,1,1,1,1,1,mobile,Web,United States,Massachusetts,(direct),(none),3.52,11,6,purchase
6032451.7452548139,5977837934,2020-12-22,1,0,0,0,0,0,desktop,Web,India,Madhya Pradesh,(direct),(none),0.0,1,1,session_only
8014841.1053156137,7036504608,2021-01-17,1,0,0,0,0,0,desktop,Web,Italy,Campania,(direct),(none),0.0,1,1,session_only
53652360.9182605739,1751604847,2021-01-10,1,0,0,0,0,0,mobile,Web,India,Delhi,(direct),(none),0.0,1,1,session_only
6513142641.0207382200,8094866461,2021-01-08,1,0,0,0,0,0,desktop,Web,United States,Kansas,(direct),(none),0.0,1,1,session_only
80803953.1034293074,8824340906,2020-11-24,1,0,0,0,0,0,mobile,iOS,United States,Tennessee,<Other>,referral,0.0,1,1,session_only
3533420963.4647145098,5715019516,2021-01-23,1,0,0,0,0,0,desktop,Web,Ireland,County Dublin,(data deleted),(data deleted),0.0,1,1,session_only
65995649.3899035012,9641292024,2021-01-16,1,0,0,0,0,0,mobile,Android,Netherlands,North Holland,(data deleted),(data deleted),0.0,1,1,session_only
2697787.2422183099,739821685,2020-11-22,1,1,0,0,0,0,mobile,Android,Sri Lanka,Western Province,(data deleted),(data deleted),0.0,5,2,view_item
76876371.3221182665,2072138033,2020-11-12,1,0,0,0,0,0,desktop,Web,Denmark,Region Zealand,<Other>,referral,0.0,1,1,session_only
5997472.0368010178,2335925686,2020-11-14,1,0,0,0,0,0,mobile,Web,Canada,Ontario,google,cpc,0.0,1,1,session_only
3773269.8339069125,855796696,2021-01-24,1,0,0,0,0,0,desktop,Web,United States,California,google,cpc,0.0,1,1,session_only
47439165.5147551041,2332765202,2021-01-03,1,1,1,1,1,1,desktop,Web,Colombia,Bogota,(data deleted),(data deleted),19.2,8,6,purchase
4843510.3602975177,6594955613,2021-01-04,1,0,0,0,0,0,mobile,Android,United Kingdom,Scotland,<Other>,<Other>,0.0,1,1,session_only
5610659.5775243175,4443818841,2020-12-24,1,0,0,0,0,0,mobile,iOS,United States,District of Columbia,google,cpc,0.0,1,1,session_only
8844609.7426930725,4686413281,2020-12-30,1,0,0,0,0,0,desktop,Windows,United States,California,<Other>,<Other>,0.0,1,1,session_only
11571174.3020336838,1050282868,2021-01-26,1,0,0,0,0,0,desktop,Macintosh,Saudi Arabia,Eastern Province,<Other>,referral,0.0,1,1,session_only
2805653.7353141994,45272475,2020-12-05,1,0,0,0,0,0,mobile,iOS,China,Fujian,shop.googlemerchandisestore.com,referral,0.0,1,1,session_only
4372179.4296459421,2802646168,2020-11-16,1,1,0,0,0,0,desktop,Web,France,Ile-de-France,<Other>,<Other>,0.0,3,2,view_item
20430077.3847574569,6116459392,2021-01-23,1,0,0,0,0,0,mobile,Web,United States,California,google,organic,0.0,1,1,session_only
5258498.5020950639,4321270077,2020-12-12,1,0,0,0,0,0,mobile,iOS,United States,Virginia,(direct),(none),0.0,1,1,session_only
8411531.2848942669,5751495480,2020-11-05,1,0,0,0,0,0,desktop,Macintosh,Brazil,State of Sao Paulo,(direct),(none),0.0,1,1,session_only
2581961.0865217083,3875944566,2021-01-21,1,0,0,0,0,0,desktop,Macintosh,United States,Massachusetts,(direct),(none),0.0,1,1,session_only
6156407.3943889916,340094814,2020-12-25,1,0,0,0,0,0,desktop,Windows,United States,(not set),<Other>,<Other>,0.0,1,1,session_only
6742206898.4468030354,8493644893,2021-01-28,1,0,0,0,0,0,desktop,Web,United States,Washington,(direct),(none),0.0,1,1,session_only
2228043.8560179636,4655810764,2021-01-30,1,0,0,0,0,0,desktop,Web,United States,California,<Other>,<Other>,0.0,1,1,session_only
90835920.5827191570,4793231634,2020-11-03,1,0,0,0,0,0,desktop,Macintosh,Singapore,(not set),<Other>,<Other>,0.0,1,1,session_only
24741027.1907357456,4947104198,2021-01-25,1,1,0,0,0,0,desktop,Web,United States,California,(direct),(none),0.0,3,2,view_item
28054539.7823938163,3953569918,2020-11-15,1,0,0,0,0,0,desktop,Windows,India,Bihar,google,cpc,0.0,1,1,session_only
8546984.0054522108,9893380348,2020-11-26,1,0,0,0,0,0,mobile,Web,Pakistan,Punjab,google,organic,0.0,1,1,session_only
50924450.1711753621,3550907037,2020-11-03,1,1,0,1,1,1,desktop,Web,Saudi Arabia,Riyadh Province,shop.googlemerchandisestore.com,referral,54.16,9,6,purchase
61565775.5462455272,1755666723,2021-01-11,1,0,0,0,0,0,desktop,Web,United States,California,google,organic,0.0,1,1,session_only
86333819.8174364300,8622373204,2021-01-24,1,0,0,0,0,0,desktop,Windows,Canada,Quebec,shop.googlemerchandisestore.com,referral,0.0,1,1,session_only
72174428.6579916336,4365121920,2020-11-26,1,0,0,0,0,0,mobile,Web,United States,Virginia,google,organic,0.0,1,1,session_only
28653286.8611297345,5914099464,2021-01-24,1,0,0,0,0,0,desktop,Web,Colombia,Bogota,(direct),(none),0.0,1,1,session_only
48440003.9281356825,4313587576,2020-12-23,1,0,0,0,0,0,desktop,Macintosh,United States,Missouri,<Other>,referral,0.0,1,1,session_only
45529743.2756914140,5761918775,2021-01-05,1,1,1,1,1,1,desktop,Windows,United States,Montana,(data deleted),(data deleted),0.0,15,6,purchase
16742044.9186902921,4885063678,2020-12-19,1,0,0,0,0,0,desktop,Web,United States,Alabama,<Other>,organic,0.0,1,1,session_only
55542931.7084954193,7903316132,2020-12-30,1,1,0,1,1,1,mobile,Android,United States,Massachusetts,google,organic,34.72,16,6,purchase
16175161.6086174829,6077187851,2021-01-03,1,0,0,0,0,0,desktop,Web,United States,Colorado,<Other>,<Other>,0.0,1,1,session_only
7879399.1830984489,2487926006,2020-12-31,1,0,0,0,0,0,desktop,Web,India,Delhi,(direct),(none),0.0,1,1,session_only
7859049.6283587859,8607988778,2021-01-26,1,0,0,0,0,0,mobile,iOS,United States,California,google,organic,0.0,1,1,session_only
85956274.3311914591,228889623,2021-01-12,1,0,0,0,0,0,desktop,Web,United States,New Jersey,google,organic,0.0,1,1,session_only
2440184409.7007449084,3241478253,2021-01-07,1,0,0,0,0,0,desktop,Windows,United States,California,(direct),(none),0.0,1,1,session_only
5537175384.4657836073,8956414385,2021-01-10,1,1,0,0,0,0,desktop,<Other>,Canada,Nova Scotia,<Other>,<Other>,0.0,4,2,view_item
74185185.1699848303,3342318777,2021-01-24,1,0,0,0,0,0,desktop,Macintosh,United States,California,<Other>,<Other>,0.0,1,1,session_only
8895596.4774980585,7491068980,2021-01-12,1,0,0,0,0,0,mobile,Web,China,(not set),google,organic,0.0,1,1,session_only
56692663.9917763115,5443622165,2021-01-13,1,1,0,0,0,0,desktop,Windows,Belgium,Brussels,<Other>,<Other>,0.0,3,2,view_item
27494864.3399990143,9304139691,2021-01-25,1,1,0,0,0,0,desktop,Macintosh,India,Bihar,<Other>,<Other>,0.0,2,2,view_item
8530335.0587436692,8295383858,2021-01-11,1,0,0,0,0,0,desktop,Web,Turkey,Istanbul,(direct),(none),0.0,1,1,session_only
6124369.2118584602,7769290714,2021-01-22,1,1,1,1,1,1,mobile,Web,Poland,Kuyavian-Pomeranian Voivodeship,shop.googlemerchandisestore.com,referral,81.92,23,6,purchase
5373594.5912476237,1568023242,2020-11-02,1,0,0,0,0,0,mobile,Android,Canada,Ontario,(direct),(none),0.0,1,1,session_only
3101309.4130059982,597190059,2021-01-05,1,1,0,0,0,0,desktop,Windows,Jordan,Amman Governorate,<Other>,<Other>,0.0,2,2,view_item
19938055.7727831741,114172409,2020-11-03,1,0,0,0,0,0,mobile,Web,United States,Virginia,(direct),(none),0.0,1,1,session_only
7528571.7813360805,8260333337,2021-01-24,1,0,0,1,1,1,mobile,Android,Philippines,Metro Manila,google,organic,106.16,6,6,purchase
64871789.5564479247,9505057370,2020-12-12,1,0,0,0,0,0,mobile,iOS,Poland,Masovian Voivodeship,google,organic,0.0,1,1,session_only
37250294.4002346037,9771420707,2021-01-22,1,1,1,1,1,1,desktop,Macintosh,United States,Illinois,(data deleted),(data deleted),91.6,11,6,purchase
57674187.7868531604,990890932,2021-01-07,1,0,0,0,0,0,tablet,Web,India,Tamil Nadu,(direct),(none),0.0,1,1,session_only
4372902.4645874834,701890151,2020-11-03,1,0,0,0,0,0,desktop,Web,Thailand,(not set),google,organic,0.0,1,1,session_only
29314033.0552497315,7990571931,2021-01-16,1,0,0,0,0,0,mobile,Android,Netherlands,Flevoland,<Other>,organic,0.0,1,1,session_only
66510195.2541562413,7618795172,2020-11-18,1,1,0,0,0,0,mobile,iOS,Denmark,Central Denmark Region,google,organic,0.0,5,2,view_item
5127685.6365629915,1931609205,2021-01-07,1,0,0,0,0,0,desktop,Macintosh,Brazil,State of Parana,<Other>,referral,0.0,1,1,session_only
73710167.4476788273,4269011334,2020-11-03,1,1,0,0,0,0,desktop,Web,Taiwan,New Taipei City,google,organic,0.0,2,2,view_item
1280391.8433026064,7006827514,2020-11-16,1,0,0,0,0,0,mobile,Web,United States,California,(direct),(none),0.0,1,1,session_only
89991200.9249985696,3338604470,2021-01-26,1,0,0,0,0,0,desktop,Web,United States,Wyoming,<Other>,referral,0.0,1,1,session_only
8830090.7883102923,3856570331,2021-01-22,1,1,0,0,0,0,desktop,Web,China,Shanghai,google,organic,0.0,6,2,view_item
80667469.3822556620,5249105106,2020-12-24,1,0,0,0,0,0,desktop,Web,Germany,Bavaria,<Other>,<Other>,0.0,1,1,session_only
6266467.7992501797,5693447802,2021-01-21,1,0,0,0,0,0,desktop,Web,United States,Montana,<Other>,referral,0.0,1,1,session_only
45360189.4191074482,3947810410,2020-12-22,1,0,0,0,0,0,mobile,Web,United States,California,(direct),(none),0.0,1,1,session_only
5572774684.5698209837,9790041101,2021-01-10,1,1,0,0,0,0,mobile,Web,United States,California,shop.googlemerchandisestore.com,referral,0.0,3,2,view_item
49712945.7182468784,6714102143,2020-11-07,1,0,0,0,0,0,mobile,Web,Philippines,Metro Manila,<Other>,<Other>,0.0,1,1,session_only
7155808.7640610842,3565137081,2021-01-17,1,0,0,0,0,0,desktop,Web,United States,Pennsylvania,<Other>,<Other>,0.0,1,1,session_only
6678215.2972406418,8063217677,2021-01-14,1,0,0,0,0,0,desktop,Windows,India,Madhya Pradesh,(data deleted),(data deleted),0.0,1,1,session_only
44911583.9319974514,5101499673,2021-01-10,1,0,0,0,0,0,desktop,Web,United States,Texas,google,organic,0.0,1,1,session_only
6870589.2418825951,5504849886,2021-01-01,1,0,0,0,0,0,mobile,Android,China,Shanghai,(direct),(none),0.0,1,1,session_only
4121123.6519596361,6113774478,2021-01-18,1,0,0,0,0,0,desktop,Macintosh,Canada,Ontario,(direct),(none),0.0,1,1,session_only
53887436.1726083498,3733151609,2020-11-03,1,1,0,1,1,1,desktop,Web,United States,Oregon,(direct),(none),219.2,16,6,purchase
37312105.5532220035,9256867519,2021-01-22,1,0,0,0,0,0,desktop,Web,Sri Lanka,Western Province,(data deleted),(data deleted),0.0,1,1,session_only
9152343.7490370412,139330190,2020-12-30,1,0,0,0,0,0,desktop,Macintosh,Canada,British Columbia,(direct),(none),0.0,1,1,session_only
4157821.9855840567,4944471068,2020-11-21,1,0,0,0,0,0,desktop,Windows,India,Delhi,google,cpc,0.0,1,1,session_only
53844489.6274243274,3571167071,2021-01-28,1,0,0,0,0,0,desktop,Windows,United States,Maryland,(direct),(none),0.0,1,1,session_only
6836841.0624840342,7336177822,2021-01-18,1,1,0,0,0,0,mobile,Web,China,(not set),google,organic,0.0,2,2,view_item
14339105.0477958415,460858595,2021-01-24,1,0,0,0,0,0,mobile,Android,United States,Maryland,shop.googlemerchandisestore.com,referral,0.0,1,1,session_only
3733523.1133827978,3235061309,2020-11-03,1,0,0,0,0,0,desktop,Windows,United States,California,(direct),(none),0.0,1,1,session_only
57271824.6772176500,4543398668,2020-11-23,1,0,0,0,0,0,desktop,Web,India,Karnataka,google,organic,0.0,1,1,session_only
8313269.8071476969,2016307343,2021-01-17,1,0,0,0,0,0,desktop,Windows,Hong Kong,(not set),(direct),(none),0.0,1,1,session_only
5688037266.0857618782,6892053852,2021-01-25,1,0,0,0,0,0,mobile,Web,United States,California,<Other>,<Other>,0.0,1,1,session_only
18074881.0964232252,7459563127,2021-01-28,1,0,0,0,0,0,desktop,Web,South Korea,Seoul,<Other>,<Other>,0.0,1,1,session_only
48432429.3928184457,7813028563,2020-12-20,1,1,0,0,0,0,mobile,Android,United Kingdom,England,(data deleted),(data deleted),0.0,3,2,view_item
8760245.3046399244,5963467674,2020-11-03,1,0,0,1,1,1,desktop,Web,United States,Washington,(data deleted),(data deleted),0.0,9,6,purchase
55046000.3238965222,1244458376,2020-11-18,1,0,0,0,0,0,desktop,Web,Brazil,(not set),<Other>,<Other>,0.0,1,1,session_only
59038939.1669945122,8056790691,2020-12-12,1,0,0,0,0,0,desktop,Windows,Malaysia,(not set),(data deleted),(data deleted),0.0,1,1,session_only
60495405.9378381067,8135089594,2020-12-27,1,0,0,0,0,0,mobile,Android,United States,California,<Other>,organic,0.0,1,1,session_only
4259874.0352622108,3126830053,2021-01-18,1,0,0,0,0,0,mobile,Web,China,Zhejiang,google,organic,0.0,1,1,session_only
5820333.9332715565,6740082338,2020-11-14,1,1,0,0,0,0,mobile,Web,Spain,Canary Islands,(data deleted),(data deleted),0.0,4,2,view_item
40810614.6993876384,7007530615,2020-12-23,1,1,0,1,1,1,desktop,Web,Canada,Quebec,(direct),(none),0.0,22,6,purchase
79970014.8691705860,4887523869,2020-11-22,1,0,0,0,0,0,desktop,Web,Canada,British Columbia,google,organic,0.0,1,1,session_only
4497141.6369363579,1676002865,2021-01-26,1,0,0,0,0,0,mobile,Web,United States,California,<Other>,referral,0.0,1,1,session_only
32967997.1154805213,3946083633,2021-01-14,1,0,0,0,0,0,desktop,Web,United States,Massachusetts,(direct),(none),0.0,1,1,session_only
7236065.0817561231,5943421461,2021-01-13,1,0,0,0,0,0,mobile,iOS,Luxembourg,(not set),<Other>,<Other>,0.0,1,1,session_only
65176207.4321969263,7780351007,2020-11-09,1,0,0,0,0,0,tablet,Web,United States,Wisconsin,(data deleted),(data deleted),0.0,1,1,session_only
42583182.3977693374,3813611241,2021-01-08,1,1,1,1,1,1,mobile,Android,United Kingdom,England,(direct),(none),205.2,18,6,purchase
8452311.3681765761,1461985971,2020-12-22,1,0,0,0,0,0,desktop,Web,India,Telangana,(data deleted),(data deleted),0.0,1,1,session_only
24887468.6115227979,6834346962,2021-01-22,1,0,0,0,0,0,mobile,iOS,United States,North Carolina,(direct),(none),0.0,1,1,session_only
40073340.7794376474,8179170892,2020-11-24,1,1,0,1,1,1,mobile,Web,India,Delhi,(direct),(none),0.0,13,6,purchase
5545758.1738428433,3340006705,2020-11-27,1,0,0,0,0,0,desktop,Web,United States,Massachusetts,google,organic,0.0,1,1,session_only
4748101.3302501249,8648651459,2021-01-14,1,0,0,0,0,0,mobile,Web,Portugal,(not set),(direct),(none),0.0,1,1,session_only
80020802.9618747547,1235498812,2020-12-23,1,1,0,0,0,0,desktop,Web,Poland,Masovian Voivodeship,shop.googlemerchandisestore.com,referral,0.0,2,2,view_item
37593422.9906625599,2849973782,2021-01-14,1,0,0,0,0,0,desktop,Web,United States,North Carolina,(direct),(none),0.0,1,1,session_only
73838625.3054699351,2172823022,2020-11-14,1,0,0,0,0,0,mobile,iOS,Colombia,Bogota,(data deleted),(data deleted),0.0,1,1,session_only
6050400.1592934348,2279788585,2020-11-28,1,1,1,1,1,1,mobile,Web,United States,Texas,(direct),(none),20.3,14,6,purchase
11475299.7411697947,2910214464,2020-11-23,1,1,0,1,0,0,mobile,Web,Australia,Victoria,<Other>,<Other>,0.0,5,4,begin_checkout
44592735.5716726226,5884195100,2020-11-21,1,0,0,0,0,0,mobile,Web,India,Delhi,<Other>,referral,0.0,1,1,session_only
8136011.8090654630,5006787922,2020-11-03,1,0,0,0,0,0,desktop,Windows,Canada,Quebec,google,organic,0.0,1,1,session_only
5154661706.5611310435,4942584944,2020-11-29,1,0,0,0,0,0,desktop,Web,Italy,Lombardy,google,cpc,0.0,1,1,session_only
14944158.8956068153,8194645468,2020-12-19,1,0,0,0,0,0,mobile,Android,United States,California,<Other>,<Other>,0.0,1,1,session_only
37867240.5579748055,2373984412,2021-01-30,1,0,0,0,0,0,mobile,Web,United States,Louisiana,google,organic,0.0,1,1,session_only
2606932.0086194042,2926397118,2021-01-24,1,0,0,0,0,0,desktop,Windows,United States,Kentucky,google,organic,0.0,1,1,session_only
6624718.4218321165,4133114421,2021-01-02,1,0,0,0,0,0,mobile,Android,India,Uttar Pradesh,google,cpc,0.0,1,1,session_only
61476220.5706681203,6367499162,2020-12-29,1,1,1,1,1,1,desktop,Windows,Canada,Newfoundland and Labrador,(direct),(none),33.3,10,6,purchase
4007904491.8610518552,1240312242,2020-12-22,1,0,0,0,0,0,mobile,Web,United States,North Carolina,<Other>,<Other>,0.0,1,1,session_only
37189708.2554397089,5456184989,2021-01-11,1,0,0,0,0,0,desktop,Windows,Canada,Ontario,google,organic,0.0,1,1,session_only
8432840.4931630528,6282431970,2020-11-06,1,0,0,0,0,0,desktop,Web,United States,California,<Other>,referral,0.0,1,1,session_only
1479469.0272429574,8668875811,2021-01-22,1,0,0,0,0,0,mobile,Web,Italy,Lombardy,google,cpc,0.0,1,1,session_only
38721167.5859202551,3857933243,2021-01-04,1,1,0,0,0,0,tablet,iOS,Indonesia,East Java,google,organic,0.0,5,2,view_item
4460996.3717121407,605621068,2020-12-24,1,0,0,0,0,0,desktop,Web,United States,New York,google,organic,0.0,1,1,session_only
81388569.6893813014,2244509890,2021-01-04,1,0,0,0,0,0,desktop,Web,United States,Pennsylvania,<Other>,<Other>,0.0,1,1,session_only
1215879.3923386632,3812002333,2020-12-12,1,1,0,0,0,0,desktop,Web,United States,California,google,organic,0.0,10,2,view_item
2614353.3492066885,1599995650,2020-12-20,1,0,0,0,0,0,desktop,Windows,United States,Virginia,<Other>,<Other>,0.0,1,1,session_only
4857880.5414022270,9046978438,2020-11-21,1,1,0,0,0,0,mobile,Web,Hong Kong,(not set),(direct),(none),0.0,3,2,view_item
6667843.4909115665,1807760391,2021-01-23,1,1,0,0,0,0,desktop,Windows,(not set),(not set),<Other>,<Other>,0.0,4,2,view_item
1534773.3101496826,8122702140,2020-11-02,1,1,0,1,1,1,mobile,Android,Canada,Quebec,(data deleted),(data deleted),236.39999999999998,125,6,purchase
70309913.1554005955,930963124,2020-12-13,1,0,0,0,0,0,mobile,Web,United Kingdom,England,<Other>,referral,0.0,1,1,session_only
2989440294.1086418256,1964276107,2020-12-22,1,1,1,0,0,0,mobile,Web,South Korea,Gyeonggi-do,<Other>,<Other>,0.0,4,3,add_to_cart
62007499.4288384554,1061742860,2021-01-03,1,0,0,0,0,0,mobile,Web,India,Karnataka,(data deleted),(data deleted),0.0,1,1,session_only
38167925.9719691247,8379689863,2021-01-25,1,0,0,0,0,0,mobile,iOS,South Korea,Seoul,<Other>,<Other>,0.0,1,1,session_only
4055961.2903422421,2973988483,2020-11-24,1,1,0,1,1,1,desktop,Windows,United States,California,shop.googlemerchandisestore.com,referral,55.2,20,6,purchase
50978681.5498331227,927963087,2021-01-24,1,0,0,0,0,0,desktop,Web,United States,North Carolina,<Other>,<Other>,0.0,1,1,session_only
6814040.6016341307,9639061091,2020-12-27,1,0,0,0,0,0,mobile,Web,Canada,British Columbia,(data deleted),(data deleted),0.0,1,1,session_only
24056580.0756837489,5859572723,2020-12-19,1,0,0,0,0,0,mobile,Web,Ukraine,Kharkiv Oblast,google,cpc,0.0,1,1,session_only
9109906.9654049883,6088220765,2021-01-16,1,0,0,0,0,0,mobile,Android,United States,Maryland,(direct),(none),0.0,1,1,session_only
18959111.1595509886,8502619544,2021-01-21,1,1,0,1,1,1,desktop,Windows,Taiwan,New Taipei City,<Other>,referral,83.6,30,6,purchase
2840146.1505910825,9573817181,2020-11-12,1,1,0,1,1,1,desktop,Web,United States,North Carolina,shop.googlemerchandisestore.com,referral,29.6,9,6,purchase
8801837.5777346351,1997875380,2020-11-05,1,0,0,0,0,0,mobile,Web,United States,Maryland,<Other>,<Other>,0.0,1,1,session_only
36392826.6620744008,2136412394,2020-11-24,1,0,0,0,0,0,mobile,Android,United States,Texas,<Other>,<Other>,0.0,1,1,session_only
59093798.9575010617,4359932084,2021-01-29,1,1,0,0,0,0,mobile,Android,United States,Connecticut,google,organic,0.0,2,2,view_item
1156267.7307671299,1457072819,2021-01-11,1,1,1,0,0,0,desktop,Web,United States,Virginia,<Other>,<Other>,0.0,5,3,add_to_cart
62972640.1817910937,2102444624,2020-12-23,1,1,1,1,1,1,mobile,iOS,India,Uttar Pradesh,(direct),(none),38.48,32,6,purchase
65379383.1204760997,6462560508,2020-11-28,1,1,1,0,0,0,desktop,Web,India,Maharashtra,<Other>,referral,0.0,3,3,add_to_cart
1648388.5965747272,9069666184,2021-01-14,1,1,0,0,0,0,mobile,Web,United States,Illinois,(direct),(none),0.0,3,2,view_item
48257938.8288959289,4339462882,2020-11-09,1,0,0,0,0,0,mobile,iOS,Singapore,(not set),google,organic,0.0,1,1,session_only
62632375.0663262315,4388525355,2020-11-24,1,1,0,0,0,0,desktop,Macintosh,Brazil,State of Sao Paulo,google,organic,0.0,4,2,view_item
60671469.8143467650,9027164374,2021-01-08,1,0,0,0,0,0,mobile,Web,Japan,(not set),(direct),(none),0.0,1,1,session_only
24471192.8543126263,9193138405,2021-01-31,1,0,0,0,0,0,mobile,Android,India,Haryana,shop.googlemerchandisestore.com,referral,0.0,1,1,session_only
49625864.9176816663,3522853507,2020-11-28,1,1,1,1,1,1,desktop,Web,India,Delhi,<Other>,referral,75.6,43,6,purchase
3904619.2269720250,8771542893,2020-12-12,1,0,0,0,0,0,desktop,Windows,India,Telangana,google,organic,0.0,1,1,session_only
5127769.9496045535,578027312,2020-11-27,1,0,0,0,0,0,desktop,Web,Canada,Manitoba,(direct),(none),0.0,1,1,session_only
69029321.0506068343,3876009030,2021-01-28,1,1,0,0,0,0,desktop,Web,Guatemala,Guatemala Department,google,organic,0.0,2,2,view_item
3383751.0389176828,5455539944,2020-11-03,1,0,0,0,0,0,mobile,Android,India,West Bengal,google,organic,0.0,1,1,session_only
37658302.8108685928,1784387702,2021-01-13,1,0,0,0,0,0,mobile,iOS,India,Telangana,shop.googlemerchandisestore.com,referral,0.0,1,1,session_only
78570226.2524911290,4629001893,2021-01-26,1,0,0,0,0,0,desktop,Web,Netherlands,North Holland,google,organic,0.0,1,1,session_only
75946438.5225154555,178376757,2020-11-09,1,1,0,1,1,1,mobile,iOS,United States,Florida,(data deleted),(data deleted),57.2,24,6,purchase
3531968.0313630378,338854573,2020-11-19,1,0,0,0,0,0,desktop,Web,Germany,Baden-Wurttemberg,(direct),(none),0.0,1,1,session_only
63311841.5025842300,1853135030,2020-12-20,1,0,0,0,0,0,mobile,Web,India,Gujarat,<Other>,<Other>,0.0,1,1,session_only
48261122.7235279047,8918463711,2020-12-20,1,0,0,0,0,0,desktop,Web,United States,Hawaii,google,organic,0.0,1,1,session_only
86953811.9568548667,1707198081,2021-01-07,1,1,1,1,1,1,desktop,Windows,United States,California,google,organic,0.0,25,6,purchase
3994576.9382741079,4443963460,2020-11-16,1,1,0,0,0,0,desktop,Web,Netherlands,South Holland,(direct),(none),0.0,2,2,view_item
88895298.5266720129,2337119492,2021-01-05,1,0,0,0,0,0,desktop,Web,India,Maharashtra,google,organic,0.0,1,1,session_only
2166661.3964759244,4307269667,2020-11-16,1,1,0,1,0,0,desktop,Windows,India,Maharashtra,google,organic,0.0,61,4,begin_checkout
67189880.9552377528,671657240,2020-12-23,1,0,0,0,0,0,desktop,<Other>,Ireland,County Dublin,<Other>,<Other>,0.0,1,1,session_only
3226734.5274870207,7270927636,2021-01-08,1,0,0,0,0,0,desktop,Web,Taiwan,Taipei City,(direct),(none),0.0,1,1,session_only
37161157.4440817959,3561483109,2020-12-20,1,0,0,0,0,0,mobile,iOS,Canada,Quebec,<Other>,<Other>,0.0,1,1,session_only
63268662.4672553961,2354874038,2020-12-29,1,0,0,0,0,0,desktop,Web,Ukraine,Kharkiv Oblast,(direct),(none),0.0,1,1,session_only
86672048.6133800686,7455946885,2021-01-18,1,0,0,0,0,0,mobile,Android,New Zealand,(not set),(data deleted),(data deleted),0.0,1,1,session_only
64274477.5905102311,8064592995,2021-01-19,1,1,0,1,1,1,desktop,<Other>,United States,Nebraska,google,organic,26.4,36,6,purchase
35195251.1605916634,5905516107,2020-11-13,1,0,0,0,0,0,desktop,Web,United States,Florida,google,organic,0.0,1,1,session_only
80882264.9240632073,2145041900,2020-12-26,1,0,0,0,0,0,desktop,Web,Romania,(not set),<Other>,<Other>,0.0,1,1,session_only
4398378.1009070083,7620696108,2020-11-12,1,0,0,0,0,0,mobile,Web,Germany,Brandenburg,(direct),(none),0.0,1,1,session_only
3329280.6588864343,9263999123,2021-01-07,1,1,0,0,0,0,desktop,Web,Portugal,Lisbon,(direct),(none),0.0,2,2,view_item
1051288.9523352374,301526162,2021-01-01,1,0,0,0,0,0,desktop,Web,Bangladesh,(not set),<Other>,referral,0.0,1,1,session_only
79173479.1654218830,676818399,2021-01-21,1,1,1,1,1,1,mobile,iOS,United States,Illinois,google,organic,0.0,9,6,purchase
2789445.8338787020,1186466490,2020-12-05,1,1,0,0,0,0,mobile,Web,South Korea,Seoul,google,organic,0.0,5,2,view_item
21412502.2062030019,2157757356,2020-11-23,1,0,0,0,0,0,desktop,Web,Indonesia,West Java,(direct),(none),0.0,1,1,session_only
3291666.2185697988,3351243925,2020-12-22,1,1,1,1,1,1,desktop,Web,India,Uttar Pradesh,<Other>,<Other>,216.16,67,6,purchase
7607882.6340028627,9019703777,2021-01-23,1,0,0,0,0,0,mobile,Android,India,Gujarat,<Other>,organic,0.0,1,1,session_only
5407612.3141758192,5804493680,2020-11-19,1,1,0,0,0,0,desktop,Web,Australia,Queensland,(direct),(none),0.0,7,2,view_item
67248893.7777015149,7690632895,2021-01-31,1,0,0,0,0,0,mobile,Android,Mexico,Mexico City,shop.googlemerchandisestore.com,referral,0.0,1,1,session_only
7724758.3838553173,1625733760,2020-11-09,1,0,0,0,0,0,desktop,Macintosh,United States,Nebraska,google,organic,0.0,1,1,session_only
75419947.4926953366,9071038835,2020-11-06,1,1,0,0,0,0,desktop,Web,United States,Michigan,(data deleted),(data deleted),0.0,2,2,view_item
4543943.2062613612,7686266786,2020-11-15,1,1,0,0,0,0,mobile,Web,China,Beijing,shop.googlemerchandisestore.com,referral,0.0,3,2,view_item
33812018.8053328164,7561905949,2021-01-28,1,0,0,0,0,0,desktop,Macintosh,United States,California,(data deleted),(data deleted),0.0,1,1,session_only
5127792815.7731374457,1378574864,2020-11-12,1,0,0,0,0,0,mobile,iOS,Colombia,Bogota,google,organic,0.0,1,1,session_only
1072671.9427956387,3190910371,2020-11-29,1,0,0,0,0,0,mobile,iOS,United States,California,<Other>,<Other>,0.0,1,1,session_only
30626949.5420294926,9986346293,2021-01-29,1,0,0,0,0,0,mobile,iOS,United States,California,(direct),(none),0.0,1,1,session_only
54959933.2720180719,1038505042,2020-11-13,1,0,0,0,0,0,desktop,Macintosh,Spain,Madrid,google,organic,0.0,1,1,session_only
87412472.4892743412,6119698905,2021-01-29,1,0,0,0,0,0,desktop,Web,Ukraine,Odessa Oblast,<Other>,<Other>,0.0,1,1,session_only
9801662.9087681660,7200566500,2021-01-29,1,0,0,0,0,0,desktop,Web,India,Gujarat,google,organic,0.0,1,1,session_only
19375882.4574804048,5099164473,2020-11-28,1,0,0,0,0,0,desktop,Macintosh,United States,Ohio,google,organic,0.0,1,1,session_only
88889966.6356996375,5185158779,2020-12-19,1,1,0,0,0,0,mobile,Web,Canada,Ontario,(direct),(none),0.0,2,2,view_item
71887902.6884854131,5275055324,2020-12-12,1,1,1,0,0,0,mobile,Web,Canada,Quebec,<Other>,referral,0.0,12,3,add_to_cart
26589793.7206177737,9383271017,2020-11-13,1,0,0,0,0,0,desktop,Web,Japan,Kanagawa,shop.googlemerchandisestore.com,referral,0.0,1,1,session_only
30601082.7495047857,3691169315,2020-12-19,1,1,0,0,0,0,mobile,Web,United States,Colorado,(direct),(none),0.0,2,2,view_item
67199937.0839483428,1543302912,2021-01-19,1,1,1,1,1,1,mobile,Web,Colombia,(not set),google,organic,86.24,53,6,purchase
1706801.8360520007,1306366088,2021-01-08,1,0,0,0,0,0,desktop,Web,United States,Virginia,<Other>,organic,0.0,1,1,session_only
58748447.0753149701,1215792995,2020-12-19,1,0,0,0,0,0,mobile,Web,United States,Indiana,(direct),(none),0.0,1,1,session_only
5376803.2257790220,315421223,2021-01-28,1,0,0,0,0,0,desktop,<Other>,Australia,Victoria,google,organic,0.0,1,1,session_only
3085497.6982980324,7067546030,2020-11-01,1,0,0,0,0,0,desktop,Web,United States,Washington,<Other>,organic,0.0,1,1,session_only
76236262.3256398802,2198734443,2020-11-18,1,1,0,1,1,1,desktop,Macintosh,Pakistan,Islamabad Capital Territory,(data deleted),(data deleted),0.0,6,6,purchase
7126472.0694134929,4980420948,2021-01-14,1,0,0,0,0,0,mobile,Web,Belgium,Flanders,google,organic,0.0,1,1,session_only
69515249.1151910994,2309895457,2021-01-10,1,0,0,0,0,0,mobile,Web,United States,Ohio,(direct),(none),0.0,1,1,session_only
90904314.0163404530,1024126458,2021-01-07,1,0,0,0,0,0,mobile,Android,Australia,Queensland,google,organic,0.0,1,1,session_only
2283000.8954970509,6701162889,2021-01-25,1,0,0,0,0,0,mobile,Web,Ukraine,Kyiv city,google,cpc,0.0,1,1,session_only
70363552.7910124136,6142133909,2021-01-18,1,0,0,0,0,0,desktop,Macintosh,United States,California,<Other>,<Other>,0.0,1,1,session_only
78684132.3155117087,3651063228,2021-01-29,1,0,0,0,0,0,mobile,Web,(not set),(not set),google,organic,0.0,1,1,session_only
8197755.1218008245,5299381535,2020-11-22,1,0,0,0,0,0,desktop,Web,United States,Pennsylvania,google,organic,0.0,1,1,session_only
3444481.4936632943,7825976277,2020-11-02,1,0,0,0,0,0,mobile,iOS,Taiwan,Taipei City,google,organic,0.0,1,1,session_only
68623166.2284477503,827220379,2020-11-05,1,0,0,0,0,0,desktop,Macintosh,Canada,British Columbia,(direct),(none),0.0,1,1,session_only
3910148.1631688095,9009452420,2021-01-31,1,1,0,0,0,0,mobile,Web,United States,California,google,organic,0.0,2,2,view_item
7150524.6762125457,4373235436,2021-01-16,1,0,0,0,0,0,desktop,Web,Italy,Tuscany,shop.googlemerchandisestore.com,referral,0.0,1,1,session_only
6882271.8134534509,5001035307,2020-12-19,1,0,0,0,0,0,desktop,Web,Belarus,Minsk Region,google,organic,0.0,1,1,session_only
83270276.3854877679,8296631810,2021-01-09,1,0,0,0,0,0,desktop,Web,India,Maharashtra,google,cpc,0.0,1,1,session_only
5151638.7390896078,6136184276,2020-12-12,1,0,0,0,0,0,mobile,Web,Turkey,(not set),(direct),(none),0.0,1,1,session_only
18880720.4642042162,2537964317,2020-11-23,1,0,0,0,0,0,mobile,Web,Poland,Silesian Voivodeship,(direct),(none),0.0,1,1,session_only
45570786.1368613561,565982216,2020-12-24,1,0,0,0,0,0,mobile,Web,Belgium,Flanders,google,organic,0.0,1,1,session_only
24930507.1389370840,3492794229,2020-12-12,1,0,0,0,0,0,desktop,Web,United States,New York,<Other>,<Other>,0.0,1,1,session_only
75838009.2952049398,8945673000,2020-11-05,1,1,0,1,1,1,desktop,Web,Spain,Catalonia,<Other>,referral,46.4,6,6,purchase
3348570.9239999669,1088347589,2020-12-24,1,0,0,0,0,0,desktop,Web,Japan,(not set),(direct),(none),0.0,1,1,session_only
4922350002.5475973196,5658969281,2021-01-18,1,1,0,0,0,0,mobile,Web,United States,Nebraska,(direct),(none),0.0,3,2,view_item
3971757.7073084081,1608746696,2020-12-19,1,0,0,0,0,0,mobile,Web,Italy,Tuscany,<Other>,organic,0.0,1,1,session_only
5370791.8493049094,6956590674,2020-12-31,1,0,0,0,0,0,mobile,iOS,Brazil,State of Sao Paulo,<Other>,<Other>,0.0,1,1,session_only
24729014.9702848912,811555649,2021-01-18,1,0,0,0,0,0,mobile,iOS,United States,Arizona,<Other>,<Other>,0.0,1,1,session_only
41595170.5926211247,8919329435,2021-01-07,1,0,0,0,0,0,mobile,Android,India,Uttar Pradesh,<Other>,<Other>,0.0,1,1,session_only
15551519.1240968812,6173837134,2021-01-22,1,0,0,0,0,0,desktop,Web,United States,Kansas,(direct),(none),0.0,2,1,session_only
69795223.3991192143,4275880556,2020-11-18,1,0,0,0,0,0,mobile,Web,United States,Michigan,shop.googlemerchandisestore.com,referral,0.0,1,1,session_only
9093799142.7939445290,6359664167,2020-12-13,1,1,1,1,0,0,mobile,iOS,United States,South Carolina,<Other>,<Other>,0.0,50,4,begin_checkout
8048188.8046733475,3169360511,2020-11-29,1,0,0,0,0,0,tablet,Web,Canada,Ontario,<Other>,referral,0.0,1,1,session_only
26311660.3005086097,346901164,2020-11-15,1,1,0,1,0,0,mobile,Web,United States,Illinois,google,organic,0.0,60,4,begin_checkout
2038222.8759672390,7513108042,2020-12-30,1,1,0,0,0,0,desktop,Macintosh,United States,Pennsylvania,(direct),(none),0.0,2,2,view_item
3769731.1237786752,7327195411,2021-01-23,1,1,0,0,0,0,mobile,Web,India,Madhya Pradesh,(direct),(none),0.0,2,2,view_item
42529043.0443917424,2287215491,2021-01-07,1,0,0,0,0,0,desktop,Web,United States,New York,(direct),(none),0.0,1,1,session_only
1764749.5190098705,3422232571,2020-12-19,1,0,0,0,0,0,desktop,Web,United States,Arizona,<Other>,<Other>,0.0,1,1,session_only
5473720.1341445653,7257803273,2021-01-19,1,0,0,0,0,0,desktop,Macintosh,United States,Maine,<Other>,organic,0.0,1,1,session_only
16261203.0811855805,8784837465,2021-01-01,1,0,0,0,0,0,mobile,Android,United States,Virginia,google,organic,0.0,1,1,session_only
6762805.6017188798,658349732,2020-11-16,1,0,0,0,0,0,mobile,Android,Canada,Ontario,google,organic,0.0,1,1,session_only
5532910.8860614978,2925740826,2021-01-18,1,0,0,0,0,0,mobile,iOS,Spain,Madrid,google,organic,0.0,1,1,session_only
3339925.1953749958,9527757769,2021-01-13,1,0,0,0,0,0,desktop,Windows,India,Haryana,shop.googlemerchandisestore.com,referral,0.0,1,1,session_only
13087278.0923738182,5224301656,2020-11-14,1,0,0,0,0,0,mobile,Web,United Kingdom,England,<Other>,<Other>,0.0,1,1,session_only
72711872.4740784162,6622510724,2021-01-26,1,0,0,0,0,0,tablet,iOS,Canada,Ontario,google,organic,0.0,1,1,session_only
66925511.8147430585,1047855381,2020-11-05,1,1,0,1,1,1,mobile,Web,United Kingdom,England,<Other>,referral,0.0,6,6,purchase
33361357.2318824235,3630171721,2020-12-27,1,0,0,0,0,0,mobile,Android,South Korea,Seoul,google,organic,0.0,1,1,session_only
16155597.9846906900,4186299890,2020-12-12,1,1,1,1,1,1,mobile,Android,Netherlands,North Holland,<Other>,organic,16.24,15,6,purchase
22693591.1582032793,2528375802,2021-01-19,1,0,0,0,0,0,desktop,Windows,France,Nouvelle-Aquitaine,(direct),(none),0.0,1,1,session_only
7160392.9262054755,8998300204,2020-11-06,1,0,0,0,0,0,desktop,Web,Thailand,(not set),google,organic,0.0,1,1,session_only
7691538.9398184621,2526094117,2020-11-07,1,1,0,0,0,0,desktop,Web,India,Maharashtra,google,cpc,0.0,4,2,view_item
37810290.9817883591,5313113048,2020-11-05,1,0,0,0,0,0,desktop,Web,Turkey,(not set),google,cpc,0.0,1,1,session_only
25879125.6931706099,5836786348,2021-01-08,1,0,0,0,0,0,desktop,Windows,United States,Montana,<Other>,<Other>,0.0,1,1,session_only
61176984.7533472290,5366808475,2021-01-16,1,0,0,0,0,0,mobile,Web,United States,Massachusetts,(direct),(none),0.0,1,1,session_only
53982377.9231749924,158136381,2020-11-13,1,1,0,1,1,1,mobile,Web,Peru,(not set),google,organic,0.0,16,6,purchase
1735740.0362728656,5564584052,2020-12-22,1,1,1,1,1,1,desktop,Macintosh,Austria,(not set),google,organic,0.0,13,6,purchase
73424628.5901378284,6979665788,2020-11-23,1,0,0,0,0,0,desktop,Web,United States,California,(direct),(none),0.0,1,1,session_only
72297680.5752601625,1599628581,2021-01-25,1,0,0,0,0,0,desktop,Windows,Portugal,(not set),google,organic,0.0,1,1,session_only
6449258.7274826720,7574494782,2020-11-22,1,0,0,0,0,0,desktop,Web,United States,Connecticut,<Other>,<Other>,0.0,1,1,session_only
24957050.8596678061,7924725082,2020-12-29,1,1,1,1,1,1,desktop,Web,Canada,Ontario,<Other>,<Other>,50.1,27,6,purchase
34922290.9207844925,3232625602,2020-11-18,1,0,0,0,0,0,desktop,Macintosh,United States,California,<Other>,<Other>,0.0,1,1,session_only
51563851.8604882232,8193675817,2020-11-19,1,0,0,0,0,0,desktop,Web,Colombia,Bogota,(direct),(none),0.0,1,1,session_only
37790279.7779210172,7686881723,2020-12-05,1,1,0,0,0,0,mobile,Web,India,Uttar Pradesh,(direct),(none),0.0,6,2,view_item
5402869.9850263213,2482459693,2021-01-08,1,0,0,0,0,0,mobile,Web,United States,Georgia,google,organic,0.0,1,1,session_only
1768698.8083301977,5408269534,2020-11-14,1,1,0,0,0,0,desktop,Macintosh,United States,Massachusetts,(data deleted),(data deleted),0.0,2,2,view_item
3079766.6871197027,8748274886,2021-01-25,1,0,0,0,0,0,desktop,Web,United States,Texas,google,organic,0.0,1,1,session_only
43944422.7290989401,5212407105,2020-12-24,1,0,0,0,0,0,mobile,iOS,Canada,Quebec,shop.googlemerchandisestore.com,referral,0.0,1,1,session_only
8609652.2028682684,4536695055,2021-01-21,1,1,1,0,0,0,desktop,Windows,China,Zhejiang,google,organic,0.0,3,3,add_to_cart
4188184.7955867221,7381984771,2020-12-31,1,0,0,0,0,0,desktop,Macintosh,United States,Alabama,<Other>,<Other>,0.0,1,1,session_only
8563672023.4470210271,2495646886,2020-12-20,1,1,1,1,1,1,mobile,Web,India,Assam,<Other>,referral,90.96,71,6,purchase
59775574.4383908959,6169543264,2020-11-23,1,0,0,0,0,0,mobile,Web,Spain,Basque Country,<Other>,<Other>,0.0,1,1,session_only
59828151.9201641647,6438904615,2020-12-30,1,0,0,0,0,0,desktop,Windows,United States,Arkansas,(direct),(none),0.0,1,1,session_only
4531529.6009305728,866474781,2020-11-29,1,0,0,0,0,0,desktop,Web,India,Madhya Pradesh,google,organic,0.0,1,1,session_only
86206070.7507032016,4142178046,2021-01-12,1,0,0,0,0,0,desktop,Macintosh,Canada,Ontario,(direct),(none),0.0,1,1,session_only
8371934.8285683421,3646645310,2021-01-05,1,1,0,0,0,0,mobile,Web,United States,Virginia,<Other>,referral,0.0,3,2,view_item
59147211.5535044276,3222014635,2021-01-19,1,0,0,0,0,0,desktop,Web,Colombia,(not set),google,organic,0.0,1,1,session_only
42498977.9294405209,3308228284,2020-11-28,1,0,0,0,0,0,desktop,Web,Russia,Moscow,google,organic,0.0,1,1,session_only
4488654.1801980273,1742712066,2020-12-30,1,0,0,0,0,0,mobile,Web,United States,Florida,google,organic,0.0,1,1,session_only
55175953.3660741446,5793922097,2020-12-23,1,0,0,0,0,0,desktop,Web,Canada,Quebec,(data deleted),(data deleted),0.0,1,1,session_only
4468175.5214523255,5025773643,2020-11-29,1,0,0,0,0,0,desktop,Web,United States,Texas,google,organic,0.0,1,1,session_only
8028854.1964655068,2918146272,2020-11-03,1,0,0,0,0,0,desktop,Macintosh,Japan,Tokyo,<Other>,referral,0.0,1,1,session_only
28719754.1659097118,2398653566,2021-01-07,1,0,0,0,0,0,desktop,Web,United States,District of Columbia,<Other>,<Other>,0.0,1,1,session_only
68491006.9628256931,9223911089,2021-01-03,1,1,0,0,0,0,desktop,Web,South Korea,Gyeonggi-do,(direct),(none),0.0,2,2,view_item
40015966.9997600942,4828947040,2020-11-15,1,0,0,0,0,0,desktop,Web,United States,Florida,google,organic,0.0,1,1,session_only
2554609494.2346657395,6979049784,2020-11-19,1,1,1,1,1,1,mobile,Android,United States,Massachusetts,<Other>,<Other>,0.0,14,6,purchase
3559211.4331685084,9980071719,2021-01-28,1,0,0,0,0,0,mobile,Web,United States,Illinois,google,organic,0.0,1,1,session_only
81532415.4492028788,1315074178,2021-01-11,1,0,0,0,0,0,desktop,Web,Taiwan,Taichung City,<Other>,<Other>,0.0,1,1,session_only
22377110.5213362491,9877610918,2020-11-03,1,0,0,0,0,0,desktop,Web,Ireland,(not set),(direct),(none),0.0,1,1,session_only
2542344.3384090321,5698000846,2020-11-14,1,1,0,0,0,0,mobile,Web,United States,Pennsylvania,google,organic,0.0,3,2,view_item
1063993.8622609365,158036368,2020-12-13,1,0,0,0,0,0,mobile,Web,Ukraine,Kyiv city,google,organic,0.0,1,1,session_only
5999162.1707877693,639644818,2020-11-23,1,0,0,0,0,0,mobile,Web,United States,New Jersey,google,organic,0.0,1,1,session_only
25872226.5591619564,2984680361,2021-01-21,1,1,0,0,0,0,desktop,Windows,United States,New Jersey,google,organic,0.0,2,2,view_item
1081592.3165818288,4408337246,2021-01-12,1,1,0,0,0,0,mobile,iOS,India,West Bengal,(direct),(none),0.0,2,2,view_item
78612484.6027183752,3403815452,2020-11-05,1,0,0,0,0,0,desktop,Web,Czechia,Prague,(direct),(none),0.0,1,1,session_only
8410148.9230137910,8912607165,2020-12-29,1,0,0,0,0,0,desktop,Web,Japan,Tokyo,(direct),(none),0.0,1,1,session_only
51953381.1365730706,4271373241,2020-12-20,1,0,0,0,0,0,mobile,Android,Croatia,City of Zagreb,shop.googlemerchandisestore.com,referral,0.0,1,1,session_only
74517200.3485518539,9119524461,2020-12-26,1,0,0,0,0,0,mobile,Android,India,Gujarat,<Other>,referral,0.0,1,1,session_only
73398530.5874928957,3854998839,2020-11-24,1,0,0,0,0,0,mobile,Android,Hong Kong,(not set),(direct),(none),0.0,1,1,session_only
5976309.6254162175,3079008028,2020-12-12,1,1,0,1,1,1,desktop,Web,United States,Maryland,google,organic,17.6,7,6,purchase
7082688.6896056624,7769362086,2021-01-14,0,1,0,0,0,0,mobile,Web,France,Grand Est,shop.googlemerchandisestore.com,referral,0.0,1,2,view_item
47549759.7003729916,5940308874,2021-01-31,1,0,0,0,0,0,desktop,Web,United States,California,google,cpc,0.0,1,1,session_only
55822481.7506237435,913847486,2021-01-19,1,1,0,0,0,0,desktop,Macintosh,Belgium,Brussels,<Other>,<Other>,0.0,2,2,view_item
4504269.7766606821,6643451978,2020-11-15,1,0,0,0,0,0,mobile,Web,Switzerland,(not set),(direct),(none),0.0,1,1,session_only
53647291.0041263868,6263579402,2020-11-22,1,0,0,0,0,0,mobile,Web,United States,Georgia,<Other>,referral,0.0,1,1,session_only
15231996.5541215005,1932157421,2020-12-23,1,0,0,0,0,0,mobile,iOS,United States,Texas,(direct),(none),0.0,1,1,session_only
7600750164.6368069031,327379955,2020-11-01,1,0,0,0,0,0,desktop,Web,Turkey,(not set),google,organic,0.0,1,1,session_only
33390097.8110509618,566236453,2020-11-21,1,1,0,0,0,0,mobile,iOS,Canada,Ontario,google,organic,0.0,2,2,view_item
37945261.4154684725,3001932683,2021-01-07,1,0,0,0,0,0,mobile,Android,United States,California,(direct),(none),0.0,1,1,session_only
7040433.8845610108,5257383200,2021-01-13,1,1,0,0,0,0,desktop,Web,China,Beijing,<Other>,<Other>,0.0,2,2,view_item
77292147.6433505358,3822180540,2020-12-12,1,0,0,0,0,0,mobile,Android,Thailand,(not set),google,organic,0.0,1,1,session_only
77925078.7568331646,1541067084,2021-01-28,1,1,0,0,0,0,mobile,Android,India,West Bengal,<Other>,referral,0.0,2,2,view_item
53177328.3890147949,763560140,2021-01-07,1,0,0,0,0,0,desktop,Web,United States,New Jersey,google,cpc,0.0,1,1,session_only
6230309.0031413452,2544633796,2021-01-12,1,1,0,0,0,0,mobile,Web,Canada,Alberta,(direct),(none),0.0,3,2,view_item
2062597.4446893340,3575524579,2020-11-27,1,1,0,0,0,0,desktop,Web,United Kingdom,England,google,organic,0.0,2,2,view_item
2730945.0060160580,9970411490,2021-01-14,1,0,0,0,0,0,desktop,Web,Spain,Basque Country,(direct),(none),0.0,1,1,session_only
24145877.3481512182,7441725751,2020-11-22,1,1,0,0,0,0,desktop,<Other>,Norway,Viken,(data deleted),(data deleted),0.0,2,2,view_item
1577730.6536343723,199507218,2020-11-26,1,1,1,1,1,1,mobile,Web,Peru,(not set),google,organic,0.0,60,6,purchase
6640223.4785925003,6082538628,2020-11-06,1,0,0,0,0,0,desktop,Windows,United States,Texas,<Other>,<Other>,0.0,1,1,session_only
7218418.1329776852,4826048846,2020-12-20,1,0,0,0,0,0,desktop,<Other>,Taiwan,Kaohsiung City,(direct),(none),0.0,1,1,session_only
4310889.4709793568,5697282894,2021-01-07,1,0,0,0,0,0,mobile,iOS,United States,New York,google,organic,0.0,1,1,session_only
2132245.1197553742,9193467554,2020-11-03,1,0,0,0,0,0,desktop,Web,United States,Michigan,<Other>,referral,0.0,1,1,session_only
23461068.8732802407,4426066072,2021-01-12,1,0,0,0,0,0,desktop,Web,Canada,British Columbia,(direct),(none),0.0,1,1,session_only
8654309.3003760469,2631027550,2020-12-05,1,1,1,0,0,0,mobile,Android,India,Uttar Pradesh,(data deleted),(data deleted),0.0,7,3,add_to_cart
5816242.9499138654,1937244829,2020-12-20,1,0,0,0,0,0,desktop,Windows,United States,South Carolina,google,organic,0.0,1,1,session_only
55957778.1809400142,8266907587,2020-11-07,1,0,0,0,0,0,desktop,Macintosh,Japan,Tokyo,(direct),(none),0.0,1,1,session_only
3167181.7400995414,7084065740,2020-11-27,1,0,0,0,0,0,desktop,Windows,Canada,Ontario,(direct),(none),0.0,1,1,session_only
2666470.5691573546,7211886449,2021-01-07,1,0,0,0,0,0,mobile,Android,United States,California,google,organic,0.0,1,1,session_only
27962774.2184638544,8899665291,2021-01-11,1,0,0,0,0,0,desktop,Web,China,Guangdong Province,google,organic,0.0,1,1,session_only
1206734.6425248624,1143873826,2020-12-24,1,0,0,0,0,0,desktop,Windows,United States,Utah,(direct),(none),0.0,1,1,session_only
6153608.9737608054,1710764878,2021-01-01,1,1,0,0,0,0,desktop,Web,Czechia,(not set),<Other>,<Other>,0.0,3,2,view_item
7408774.3040064792,1256479315,2021-01-18,1,0,0,0,0,0,desktop,Web,United States,California,<Other>,referral,0.0,1,1,session_only
80721546.6137070098,4943118040,2021-01-19,1,0,0,0,0,0,desktop,Web,Chile,Santiago Metropolitan Region,<Other>,referral,0.0,1,1,session_only
73708046.7486055032,3561167922,2021-01-13,1,0,0,0,0,0,mobile,Web,United Kingdom,England,(direct),(none),0.0,1,1,session_only
18383544.6572002162,2896324917,2020-11-28,1,1,1,1,1,1,desktop,Web,India,Uttar Pradesh,(data deleted),(data deleted),0.0,29,6,purchase
33633724.0188155010,3070933737,2020-11-26,1,1,0,0,0,0,mobile,iOS,United States,Illinois,<Other>,organic,0.0,3,2,view_item
62392737.4856348337,4667278929,2021-01-14,1,0,0,0,0,0,desktop,Windows,United States,Alabama,google,organic,0.0,1,1,session_only
8757118.3903256942,7875040540,2020-12-23,1,0,0,0,0,0,mobile,Web,United States,California,google,organic,0.0,1,1,session_only
7539262.3076888050,6761178267,2020-11-16,1,0,0,0,0,0,desktop,Web,United States,Pennsylvania,google,cpc,0.0,1,1,session_only
99826321.7020196151,5612925192,2021-01-25,1,1,1,1,1,1,desktop,Web,South Korea,Ulsan,<Other>,<Other>,0.0,80,6,purchase
1128506.1373272142,3131071903,2020-11-27,1,0,0,0,0,0,desktop,Windows,Colombia,Bogota,(direct),(none),0.0,1,1,session_only
80536550.4410904175,8800865925,2021-01-25,1,0,0,0,0,0,mobile,Web,United States,Michigan,(data deleted),(data deleted),0.0,1,1,session_only
6019845884.2801644411,6155456014,2020-12-31,1,1,0,0,0,0,mobile,iOS,United States,California,(data deleted),(data deleted),0.0,2,2,view_item
8541071.1736036850,7332541894,2020-11-29,1,1,0,0,0,0,desktop,Web,United States,Virginia,google,organic,0.0,2,2,view_item
8331240.4708385932,4376479266,2021-01-14,1,1,0,0,0,0,desktop,Web,Sri Lanka,Western Province,google,organic,0.0,2,2,view_item
2095299.8404862362,459653339,2021-01-21,1,1,1,1,1,1,desktop,Web,Spain,Asturias,<Other>,organic,132.48000000000002,52,6,purchase
24621869.3837238115,1924147707,2021-01-26,1,0,0,0,0,0,mobile,Android,France,Auvergne-Rhone-Alpes,(direct),(none),0.0,1,1,session_only
16272344.4800995208,7942743008,2021-01-04,1,0,0,0,0,0,desktop,Web,Canada,Alberta,google,organic,0.0,1,1,session_only
1452032191.7640413004,1915196034,2020-11-05,1,0,0,0,0,0,desktop,Web,Singapore,(not set),<Other>,<Other>,0.0,1,1,session_only
7028020.8936237397,6622692368,2021-01-21,1,1,0,0,0,0,desktop,Web,Denmark,Capital Region of Denmark,(data deleted),(data deleted),0.0,2,2,view_item
84095779.3384475643,5759621310,2021-01-12,1,0,0,0,0,0,mobile,Web,United States,California,<Other>,<Other>,0.0,1,1,session_only
1189643.6653312879,1699285748,2020-11-09,1,1,0,1,1,1,mobile,Web,United States,California,<Other>,<Other>,46.4,10,6,purchase
72992911.8232338557,5750878975,2020-11-19,1,0,0,0,0,0,desktop,Web,Canada,Ontario,<Other>,<Other>,0.0,1,1,session_only
79579853.0520588965,1963216269,2020-12-05,1,1,1,1,1,1,desktop,Macintosh,United States,Tennessee,(direct),(none),76.72,49,6,purchase
44150558.9042388067,1775240731,2020-11-01,1,1,0,0,0,0,mobile,Android,United States,New York,google,cpc,0.0,2,2,view_item
2167343.6164963557,9767561213,2021-01-01,1,0,0,0,0,0,desktop,Macintosh,United States,Oklahoma,(direct),(none),0.0,1,1,session_only
1112990.0743774653,6795399639,2020-11-29,1,0,0,0,0,0,mobile,iOS,Australia,New South Wales,(direct),(none),0.0,1,1,session_only
1562444795.1729019065,9287422959,2021-01-14,1,0,0,0,0,0,mobile,Web,United States,Georgia,(direct),(none),0.0,1,1,session_only
22283497.4900938085,4820598066,2020-12-05,1,0,0,0,0,0,desktop,Web,China,Guangdong Province,(direct),(none),0.0,1,1,session_only
2053727.0669237227,1242508335,2021-01-14,1,1,0,0,0,0,mobile,iOS,India,Karnataka,google,organic,0.0,2,2,view_item
3620092.1058028576,4622513056,2020-11-16,1,0,0,0,0,0,mobile,Web,India,Kerala,<Other>,<Other>,0.0,1,1,session_only
4673336.9798887417,9293713013,2020-11-01,1,0,0,0,0,0,mobile,Web,India,West Bengal,shop.googlemerchandisestore.com,referral,0.0,1,1,session_only
50252934.4870278443,192271370,2021-01-25,1,0,0,0,0,0,mobile,Android,Poland,Lower Silesian Voivodeship,google,organic,0.0,1,1,session_only
60234291.5422711963,5365862174,2020-11-24,1,1,0,0,0,0,mobile,iOS,Lithuania,(not set),<Other>,<Other>,0.0,2,2,view_item
86653136.4411303050,6139910642,2021-01-31,1,0,0,0,0,0,desktop,Windows,United States,Massachusetts,google,organic,0.0,1,1,session_only
22163415.5336101561,7239426144,2021-01-26,1,1,0,0,0,0,mobile,iOS,Turkey,(not set),(direct),(none),0.0,6,2,view_item
283048892.0970417209,8743252045,2020-12-12,1,0,0,0,0,0,desktop,Web,Canada,Ontario,google,cpc,0.0,1,1,session_only
9801286.1775834555,8035434855,2020-11-03,1,0,0,0,0,0,desktop,Web,United States,Oregon,<Other>,organic,0.0,1,1,session_only
8307559.0666666862,5917565030,2020-11-01,1,1,0,1,0,0,desktop,Web,Switzerland,Zurich,shop.googlemerchandisestore.com,referral,0.0,60,4,begin_checkout
1928474.9451438129,2453518157,2021-01-30,1,0,0,0,0,0,desktop,Web,Mexico,Mexico City,<Other>,<Other>,0.0,1,1,session_only
1394102.7869033217,7876025284,2021-01-25,1,1,0,1,1,1,desktop,Web,Sweden,Stockholm County,google,organic,58.1,15,6,purchase
3471424.5326821818,6743922538,2020-11-12,1,1,0,0,0,0,desktop,Windows,Hong Kong,(not set),<Other>,<Other>,0.0,2,2,view_item
4292338.4553650467,579894597,2021-01-28,1,0,0,0,0,0,desktop,Macintosh,India,Maharashtra,<Other>,organic,0.0,1,1,session_only
59022901.5649081382,2701569989,2021-01-16,1,0,0,0,0,0,desktop,Macintosh,United States,New Jersey,google,organic,0.0,1,1,session_only
56400764.3238026653,2561418505,2020-12-29,1,0,0,0,0,0,mobile,Web,United States,Iowa,google,organic,0.0,1,1,session_only
8238012.2868475480,9545256639,2020-12-23,1,0,0,0,0,0,desktop,Web,Canada,Ontario,google,organic,0.0,1,1,session_only
6272078.2015854173,4196234135,2021-01-26,1,0,0,0,0,0,desktop,Web,United States,Texas,shop.googlemerchandisestore.com,referral,0.0,1,1,session_only
44825120.7846112797,9659266708,2020-11-12,1,0,0,0,0,0,desktop,Web,United States,California,<Other>,referral,0.0,1,1,session_only
8478496.5371841491,9285270581,2021-01-03,1,0,0,0,0,0,mobile,Android,South Korea,Seoul,<Other>,<Other>,0.0,1,1,session_only
6586010.4608449327,2016364684,2020-11-28,1,0,0,0,0,0,desktop,Web,Spain,(not set),<Other>,<Other>,0.0,1,1,session_only
51297596.8958268812,9938651739,2020-11-23,1,0,0,0,0,0,desktop,<Other>,United States,Illinois,google,organic,0.0,1,1,session_only
28919480.2143476929,5258600721,2021-01-14,1,0,0,0,0,0,mobile,Android,Taiwan,New Taipei City,<Other>,<Other>,0.0,1,1,session_only
2667016.7089083423,3108838527,2020-11-18,1,0,0,0,0,0,desktop,Windows,United States,Nebraska,google,organic,0.0,1,1,session_only
24637689.7308560808,4678943198,2021-01-13,1,0,0,0,0,0,desktop,Web,United States,Oregon,(direct),(none),0.0,1,1,session_only
74816304.1491115591,5414331554,2020-11-15,1,0,0,0,0,0,desktop,Web,India,Uttar Pradesh,shop.googlemerchandisestore.com,referral,0.0,1,1,session_only
4602945.9366420751,3889609528,2021-01-11,1,1,1,1,1,1,mobile,Android,Peru,(not set),shop.googlemerchandisestore.com,referral,19.2,46,6,purchase
5146751.2449405377,5546354590,2021-01-31,1,0,0,0,0,0,desktop,Windows,Australia,Victoria,shop.googlemerchandisestore.com,referral,0.0,1,1,session_only
91139667.2537437325,2484984697,2021-01-23,1,0,0,0,0,0,desktop,Web,United States,New York,(direct),(none),0.0,1,1,session_only
13166605.4695745241,6862547622,2020-12-31,1,0,0,0,0,0,desktop,Web,United States,New York,(direct),(none),0.0,1,1,session_only
75808832.5660637309,9668830962,2020-11-05,1,0,0,0,0,0,mobile,Web,United States,New York,(data deleted),(data deleted),0.0,1,1,session_only
77809064.3331441607,4253730487,2021-01-13,1,0,0,0,0,0,desktop,Web,United States,Nebraska,<Other>,<Other>,0.0,1,1,session_only
5808797.4610267352,2786485998,2020-12-13,1,0,0,0,0,0,mobile,iOS,Colombia,(not set),<Other>,referral,0.0,1,1,session_only
19243421.4462236293,8690541035,2021-01-08,1,0,0,0,0,0,desktop,Windows,United States,Pennsylvania,<Other>,<Other>,0.0,1,1,session_only
5371581.3594336355,6006775830,2020-11-19,1,1,0,0,0,0,mobile,Web,United States,Washington,google,cpc,0.0,2,2,view_item
89733125.7447142734,2345794813,2020-11-06,1,0,0,0,0,0,mobile,Android,Greece,Attica,(direct),(none),0.0,1,1,session_only
3900769.4604963216,6903747398,2020-11-15,1,0,0,0,0,0,desktop,Windows,Taiwan,Taipei City,google,organic,0.0,1,1,session_only
8715677.0452175404,1458380374,2020-12-31,1,0,0,0,0,0,mobile,Web,United States,New York,(direct),(none),0.0,1,1,session_only
64309790.5726766216,9874994604,2021-01-01,1,0,0,0,0,0,mobile,Web,United States,Texas,<Other>,<Other>,0.0,1,1,session_only
2768703.4866675938,7535468847,2020-11-24,1,1,0,1,1,1,desktop,Macintosh,United States,California,<Other>,organic,0.0,14,6,purchase
56474129.7444736490,3995606957,2021-01-04,1,1,0,0,0,0,mobile,Web,France,Ile-de-France,(direct),(none),0.0,2,2,view_item
62451232.1869402798,9678722031,2021-01-09,1,0,0,0,0,0,desktop,Web,United States,Arkansas,<Other>,referral,0.0,1,1,session_only
9167353.3850071993,5200529453,2020-11-27,1,0,0,0,0,0,mobile,Web,United States,New Jersey,(data deleted),(data deleted),0.0,1,1,session_only
60935045.4741377519,1029143768,2020-11-22,1,1,0,0,0,0,desktop,Macintosh,United States,Maryland,(direct),(none),0.0,2,2,view_item
18036720.7251987191,6929869198,2021-01-11,1,0,0,0,0,0,mobile,Web,United States,Indiana,<Other>,<Other>,0.0,1,1,session_only
74520601.4169998563,2700015012,2021-01-25,1,0,0,0,0,0,desktop,Macintosh,United States,California,google,organic,0.0,1,1,session_only
86353648.2651476336,3495112279,2021-01-19,1,0,0,0,0,0,desktop,Web,Netherlands,Drenthe,google,organic,0.0,1,1,session_only
7844487.6014180652,7550170927,2020-11-16,1,0,0,0,0,0,mobile,iOS,India,Karnataka,shop.googlemerchandisestore.com,referral,0.0,1,1,session_only
8207125.9859666735,9869425577,2020-12-19,1,0,0,0,0,0,desktop,Windows,United States,Texas,(direct),(none),0.0,1,1,session_only
4785000.6466260297,3843518212,2021-01-30,1,0,0,0,0,0,mobile,Android,United States,North Carolina,(direct),(none),0.0,1,1,session_only
7775153352.2660547991,9012933825,2021-01-17,1,0,0,0,0,0,desktop,Web,United States,Arizona,google,organic,0.0,1,1,session_only
26212336.5639969148,7551661,2021-01-13,1,0,0,0,0,0,mobile,Web,United States,Virginia,google,organic,0.0,1,1,session_only
4892773.9115897137,7026244682,2020-11-14,1,0,0,0,0,0,desktop,Web,United States,New York,google,organic,0.0,1,1,session_only
12344534.0893063989,6656641609,2020-11-18,1,1,0,1,1,1,desktop,Macintosh,Singapore,(not set),<Other>,referral,115.44,29,6,purchase
20526634.2348369699,7175081880,2020-11-14,1,0,0,0,0,0,mobile,Web,United States,Alabama,<Other>,<Other>,0.0,1,1,session_only
33137967.7057896234,8803155239,2020-11-12,1,0,0,0,0,0,desktop,Windows,Serbia,(not set),<Other>,referral,0.0,1,1,session_only
55313333.8413369578,5745088304,2021-01-13,1,1,1,1,1,1,desktop,Macintosh,Hong Kong,(not set),google,cpc,23.85,27,6,purchase
3034255.2807572992,65977458,2021-01-29,1,0,0,0,0,0,desktop,Windows,United States,Texas,(data deleted),(data deleted),0.0,1,1,session_only
1349811.1244559364,3605561048,2020-11-26,1,1,1,1,1,1,mobile,Web,New Zealand,(not set),(direct),(none),75.52,37,6,purchase
49858174.7581504379,7075034751,2020-12-12,1,0,0,0,0,0,desktop,Web,United States,Minnesota,<Other>,<Other>,0.0,1,1,session_only
8714703.3416601320,5450124421,2021-01-01,1,0,0,0,0,0,mobile,Web,Taiwan,Taipei City,google,organic,0.0,1,1,session_only
5804389.7290516546,5735320460,2020-12-05,1,1,0,0,0,0,mobile,iOS,Singapore,(not set),<Other>,<Other>,0.0,2,2,view_item
79305682.3139114086,6863250586,2020-12-23,1,0,0,0,0,0,mobile,Web,India,Uttar Pradesh,(direct),(none),0.0,1,1,session_only
63225063.6114121850,3143134358,2021-01-22,1,0,0,0,0,0,mobile,Android,United States,New York,(data deleted),(data deleted),0.0,1,1,session_only
5359856.2753871743,4322565270,2020-11-24,0,1,0,0,0,0,mobile,Android,United States,Illinois,shop.googlemerchandisestore.com,referral,0.0,2,2,view_item
6733163.4017833928,3094483418,2020-11-29,1,0,0,0,0,0,desktop,Web,Germany,North Rhine-Westphalia,shop.googlemerchandisestore.com,referral,0.0,1,1,session_only
15272268.2621248841,5845565470,2021-01-31,1,0,0,0,0,0,mobile,Android,United States,Michigan,(data deleted),(data deleted),0.0,1,1,session_only
6649421.5846275441,7247422061,2020-11-03,1,0,0,0,0,0,desktop,Web,France,Grand Est,<Other>,<Other>,0.0,1,1,session_only
17259666.5911630347,3276060263,2020-11-26,1,0,0,0,0,0,mobile,Web,United States,Texas,shop.googlemerchandisestore.com,referral,0.0,1,1,session_only
1034306.9443759767,6222894628,2021-01-19,1,0,0,0,0,0,desktop,Web,Italy,Sicily,google,cpc,0.0,1,1,session_only
75946438.5225154555,3455371746,2020-11-09,1,1,0,1,1,1,mobile,iOS,United States,Florida,google,organic,70.4,16,6,purchase
20605044.8152708795,7917511070,2020-11-07,1,1,0,1,0,0,desktop,Windows,South Korea,Seoul,google,organic,0.0,5,4,begin_checkout
8276291.7041418256,3088351892,2020-12-27,1,0,0,0,0,0,mobile,iOS,United States,Georgia,(direct),(none),0.0,1,1,session_only
63131874.5571437815,3845766912,2021-01-05,1,0,0,0,0,0,mobile,iOS,United States,South Dakota,(direct),(none),0.0,1,1,session_only
54675259.4668015952,2487654877,2020-12-29,1,0,0,0,0,0,mobile,iOS,Germany,Berlin,(direct),(none),0.0,1,1,session_only
7903329.5386645960,9299683712,2021-01-11,1,0,0,0,0,0,desktop,Web,India,Uttar Pradesh,(direct),(none),0.0,1,1,session_only
24424279.7437856578,6315075535,2020-11-23,1,0,0,0,0,0,desktop,Web,India,Karnataka,google,organic,0.0,1,1,session_only
2203210.9939577858,9298771708,2020-11-21,1,0,0,0,0,0,desktop,Macintosh,United States,Missouri,shop.googlemerchandisestore.com,referral,0.0,1,1,session_only
6115983.2241878817,883579080,2021-01-05,1,1,0,1,1,1,desktop,Web,United States,Colorado,shop.googlemerchandisestore.com,referral,5.6,17,6,purchase
67797239.4017208605,2875023581,2020-12-31,1,0,0,0,0,0,mobile,iOS,India,Rajasthan,google,cpc,0.0,1,1,session_only
6780900.2461795919,9317431290,2020-12-26,1,0,0,0,0,0,desktop,Web,United States,Pennsylvania,google,cpc,0.0,1,1,session_only
5545015.0309134929,9363021638,2021-01-25,1,0,0,0,0,0,desktop,Web,United Kingdom,England,<Other>,<Other>,0.0,1,1,session_only
2327001275.6133403546,3701750730,2021-01-12,1,0,0,0,0,0,mobile,iOS,Vietnam,Ho Chi Minh City,<Other>,referral,0.0,1,1,session_only
7666500.8392761525,5454856627,2020-11-09,1,0,0,0,0,0,mobile,iOS,Israel,Tel Aviv District,(direct),(none),0.0,1,1,session_only
4690928.1025717138,5790086534,2021-01-07,1,0,0,0,0,0,desktop,Macintosh,India,Maharashtra,google,organic,0.0,1,1,session_only
61715893.6230146289,6757262116,2020-11-05,1,1,0,0,0,0,mobile,Web,Canada,Quebec,(direct),(none),0.0,5,2,view_item
29533567.4870048331,154843666,2020-12-24,1,0,0,0,0,0,desktop,Web,Indonesia,Jakarta,<Other>,<Other>,0.0,1,1,session_only
90290905.8923197635,3444514047,2020-12-25,1,0,0,0,0,0,desktop,Windows,Canada,British Columbia,<Other>,<Other>,0.0,1,1,session_only
15687307.8321501682,1428082951,2020-12-22,1,1,0,0,0,0,mobile,Web,United States,Alaska,<Other>,referral,0.0,2,2,view_item
18222174.8869767431,5875557216,2021-01-24,1,1,0,1,1,1,mobile,iOS,United States,North Carolina,google,cpc,55.2,18,6,purchase
1655781.0131717336,7149574481,2020-12-25,1,0,0,0,0,0,mobile,Web,United States,Texas,(data deleted),(data deleted),0.0,1,1,session_only
11145021.7205722780,488494627,2021-01-22,1,1,1,1,1,0,desktop,<Other>,China,(not set),(data deleted),(data deleted),0.0,13,5,add_payment
8191070.2190536989,2187636070,2020-12-05,1,1,0,0,0,0,mobile,iOS,Colombia,Bogota,(direct),(none),0.0,4,2,view_item
22742166.0686364226,9257102660,2021-01-17,1,0,0,0,0,0,desktop,Web,Canada,Ontario,google,organic,0.0,1,1,session_only
8876141.1213299136,1681721962,2020-11-09,1,0,0,0,0,0,desktop,Windows,United States,Texas,(data deleted),(data deleted),0.0,1,1,session_only
7853923.7365516285,5665821472,2020-12-12,1,0,0,0,0,0,mobile,iOS,United States,New York,google,organic,0.0,1,1,session_only
88271460.7466264517,3305875939,2020-11-23,1,0,0,0,0,0,mobile,Web,United States,California,<Other>,<Other>,0.0,1,1,session_only
4151447.2805423714,8245313204,2020-11-13,1,1,0,1,0,0,desktop,Macintosh,United States,Texas,<Other>,<Other>,0.0,6,4,begin_checkout
88130669.8245321254,5162086719,2020-11-13,1,1,0,0,0,0,desktop,Windows,United States,Maine,(direct),(none),0.0,5,2,view_item
57041078.8240607446,7077084413,2020-11-06,1,0,0,0,0,0,desktop,Windows,United Kingdom,England,google,organic,0.0,1,1,session_only
1406835.9194617748,256156680,2020-11-21,1,1,0,0,0,0,tablet,Web,United States,Georgia,google,organic,0.0,2,2,view_item
22009654.2488378268,2442751543,2021-01-21,1,1,0,0,0,0,desktop,Web,Turkey,Istanbul,<Other>,referral,0.0,2,2,view_item
24503446.8704811231,7090153746,2020-12-31,1,0,0,0,0,0,desktop,Macintosh,United States,Illinois,(data deleted),(data deleted),0.0,1,1,session_only
5392283.9395841462,5612509880,2020-12-26,1,0,0,0,0,0,desktop,Windows,United States,Louisiana,google,organic,0.0,1,1,session_only
10804716.4690763920,6489752935,2021-01-14,1,1,0,0,0,0,mobile,Web,United States,North Carolina,(direct),(none),0.0,2,2,view_item
19836852.1305338355,7531853532,2021-01-22,1,0,0,0,0,0,desktop,Web,Colombia,(not set),<Other>,referral,0.0,1,1,session_only
22222567.3132315095,9220922942,2020-11-21,1,0,0,0,0,0,desktop,Web,India,Telangana,(direct),(none),0.0,1,1,session_only
5094830.1357312948,9115079896,2020-12-12,1,1,1,1,1,1,mobile,Android,United States,Arizona,<Other>,<Other>,46.4,37,6,purchase
78219633.9430694856,2127020755,2020-11-26,1,1,1,0,0,0,mobile,iOS,Canada,Manitoba,(data deleted),(data deleted),0.0,7,3,add_to_cart
73471888.7391320750,5029887627,2020-12-19,1,0,0,0,0,0,desktop,Web,United States,Pennsylvania,<Other>,organic,0.0,1,1,session_only
74739501.3030266961,7360330482,2020-11-12,1,0,0,0,0,0,desktop,Web,India,Madhya Pradesh,shop.googlemerchandisestore.com,referral,0.0,1,1,session_only
69405581.1224030471,2207908223,2020-12-29,1,0,0,0,0,0,desktop,Web,United States,New York,shop.googlemerchandisestore.com,referral,0.0,1,1,session_only
49857813.8275314178,8170975359,2021-01-18,1,0,0,0,0,0,desktop,Web,(not set),(not set),(data deleted),(data deleted),0.0,1,1,session_only
273139000.1965378641,7324861768,2020-11-12,1,0,0,0,0,0,desktop,Windows,United States,Kansas,google,organic,0.0,1,1,session_only
8658374.7527029214,4808043348,2021-01-25,1,0,0,0,0,0,mobile,Android,United States,Massachusetts,google,organic,0.0,1,1,session_only
6339343.8838216191,8938915133,2020-11-07,1,1,0,1,1,1,desktop,Web,Turkey,Istanbul,<Other>,<Other>,87.68,29,6,purchase
10255021.3300028724,1245286908,2021-01-14,1,0,0,0,0,0,mobile,Web,United States,New York,<Other>,organic,0.0,1,1,session_only
1910592.0861095097,2442065890,2020-11-12,1,0,0,0,0,0,mobile,Web,United Kingdom,England,google,organic,0.0,1,1,session_only
67645951.0267341626,1727087961,2020-12-20,1,0,0,0,0,0,desktop,Web,Singapore,(not set),shop.googlemerchandisestore.com,referral,0.0,1,1,session_only
79337444.7804615263,8818316078,2020-11-26,1,0,0,0,0,0,mobile,Android,China,Zhejiang,(direct),(none),0.0,1,1,session_only
25975919.8078802563,6209141692,2021-01-30,0,1,1,1,1,1,desktop,Web,United Kingdom,England,shop.googlemerchandisestore.com,referral,0.0,32,6,purchase
3308917.5645002589,2688749325,2021-01-10,1,1,0,1,1,1,mobile,Android,United Kingdom,England,google,organic,0.0,75,6,purchase
27672685.5261386072,8954332648,2020-11-27,1,0,0,0,0,0,desktop,Web,Germany,Bavaria,google,cpc,0.0,1,1,session_only
37239665.1068658628,4486760593,2020-12-29,1,1,0,0,0,0,tablet,iOS,United States,Pennsylvania,google,organic,0.0,2,2,view_item
5103944.6440692076,8796834364,2021-01-17,1,0,0,0,0,0,mobile,iOS,United States,California,<Other>,<Other>,0.0,1,1,session_only
5500181.4520363356,2818314064,2021-01-09,1,0,0,0,0,0,desktop,Web,United States,California,shop.googlemerchandisestore.com,referral,0.0,1,1,session_only
8263594.2448894938,1125484603,2021-01-13,1,0,0,0,0,0,mobile,iOS,India,Maharashtra,google,organic,0.0,1,1,session_only
1560267.4692808394,9083197539,2020-12-05,1,0,0,0,0,0,desktop,Windows,India,Delhi,google,organic,0.0,1,1,session_only
73475159.1910497828,8142222322,2020-12-23,1,0,0,0,0,0,desktop,Web,United States,California,google,organic,0.0,1,1,session_only
5306746.6239676903,3188269717,2021-01-03,1,0,0,0,0,0,desktop,Web,United States,Arizona,(direct),(none),0.0,1,1,session_only
46818337.0976808855,129578379,2020-11-24,1,0,0,0,0,0,desktop,Windows,United States,Florida,(data deleted),(data deleted),0.0,1,1,session_only
83655263.6542600317,5618415565,2020-12-12,1,1,0,0,0,0,desktop,Web,United States,California,<Other>,<Other>,0.0,2,2,view_item
80921507.1393350408,326317035,2020-11-16,1,1,0,1,1,0,desktop,Web,India,Uttar Pradesh,<Other>,referral,0.0,23,5,add_payment
2486828.6808702814,1400303596,2020-11-27,1,0,0,0,0,0,desktop,Web,United States,Texas,google,organic,0.0,1,1,session_only
34805919.8387869200,2606390927,2021-01-28,1,0,0,0,0,0,desktop,Windows,Spain,Madrid,(direct),(none),0.0,1,1,session_only
4185835.8244175486,3788504306,2021-01-13,1,0,0,0,0,0,desktop,Web,United Kingdom,England,<Other>,organic,0.0,1,1,session_only
3124894.2857829744,56778550,2021-01-02,1,0,0,0,0,0,mobile,Android,India,Maharashtra,google,organic,0.0,1,1,session_only
38959026.2537060723,5416150225,2020-12-24,1,1,0,0,0,0,desktop,Macintosh,Canada,Ontario,shop.googlemerchandisestore.com,referral,0.0,2,2,view_item
7146886.8539557844,4772084337,2021-01-23,1,1,0,0,0,0,desktop,Web,China,Zhejiang,<Other>,referral,0.0,2,2,view_item
1056020.6709260931,3082210096,2021-01-07,1,0,0,0,0,0,desktop,Windows,India,(not set),google,organic,0.0,1,1,session_only
7905637.6582393984,6200005412,2021-01-29,1,0,0,0,0,0,desktop,<Other>,Brazil,State of Sao Paulo,<Other>,referral,0.0,1,1,session_only
69064877.5854121514,4652204039,2021-01-19,1,1,1,0,0,0,desktop,Windows,United States,Oklahoma,(data deleted),(data deleted),0.0,43,3,add_to_cart
23387400.5022728230,6321615657,2021-01-21,1,1,1,0,0,0,mobile,iOS,Austria,(not set),(data deleted),(data deleted),0.0,13,3,add_to_cart
7721617.5603287441,8382600122,2021-01-03,1,0,0,0,0,0,desktop,Web,United Kingdom,England,<Other>,referral,0.0,1,1,session_only
60645912.2701318758,4275284626,2020-11-06,1,0,0,0,0,0,desktop,Web,Ireland,County Dublin,<Other>,<Other>,0.0,1,1,session_only
50880351.5095606255,3967803741,2020-12-24,1,0,0,0,0,0,desktop,Web,India,Uttar Pradesh,google,organic,0.0,1,1,session_only
46894423.2988983577,5576575181,2020-12-29,1,0,0,0,0,0,mobile,Web,Taiwan,Taipei City,<Other>,<Other>,0.0,1,1,session_only
6131566.0955290779,384294357,2021-01-08,1,0,0,0,0,0,desktop,Web,United States,(not set),google,cpc,0.0,1,1,session_only
1847885.0088338703,2807177100,2020-11-27,1,0,0,0,0,0,tablet,Web,United States,Texas,shop.googlemerchandisestore.com,referral,0.0,1,1,session_only
7559912.9781390099,5174568807,2020-11-03,1,0,0,0,0,0,desktop,Web,Canada,British Columbia,(direct),(none),0.0,1,1,session_only
8845245.5428587608,8712076991,2020-11-02,1,1,0,0,0,0,desktop,Web,Italy,Lombardy,<Other>,<Other>,0.0,3,2,view_item
43455228.2627430565,5745108958,2021-01-26,1,0,0,0,0,0,desktop,Web,India,Madhya Pradesh,google,organic,0.0,1,1,session_only
84746782.7341767806,6284504166,2021-01-07,1,1,0,0,0,0,desktop,Web,United States,Ohio,(data deleted),(data deleted),0.0,2,2,view_item
78450880.7068055802,2731029160,2020-11-08,1,1,0,0,0,0,desktop,Web,Philippines,(not set),google,organic,0.0,6,2,view_item
75742445.9474881882,2579120030,2021-01-01,1,0,0,0,0,0,desktop,Web,South Korea,Seoul,shop.googlemerchandisestore.com,referral,0.0,1,1,session_only
19513909.1930785161,4480906158,2021-01-26,1,0,0,0,0,0,desktop,Web,Taiwan,Taoyuan City,google,organic,0.0,1,1,session_only
18695060.5768558318,1617045811,2020-11-26,1,0,0,0,0,0,tablet,Web,United Kingdom,England,<Other>,referral,0.0,1,1,session_only
3321484.6184098717,8068111401,2020-11-08,1,1,0,1,1,1,desktop,Web,United States,California,<Other>,<Other>,0.0,11,6,purchase
57862327.2750529599,8253794478,2020-12-20,1,0,0,0,0,0,desktop,Macintosh,India,Maharashtra,google,organic,0.0,1,1,session_only
89868127.9597068230,5243076097,2020-12-20,1,0,0,0,0,0,tablet,iOS,United States,Maryland,google,organic,0.0,1,1,session_only
7200270.4930340640,7082770776,2020-11-03,1,0,0,0,0,0,mobile,Web,United States,North Carolina,google,organic,0.0,1,1,session_only
83398690.1158049348,3033765892,2021-01-12,1,0,0,0,0,0,desktop,Web,India,Tamil Nadu,<Other>,<Other>,0.0,1,1,session_only
71359306.2704790511,8514563726,2021-01-07,1,0,0,0,0,0,mobile,Web,United States,Indiana,google,organic,0.0,1,1,session_only
3601633821.8104582019,2813992784,2020-12-23,1,0,0,0,0,0,desktop,Web,India,Uttar Pradesh,(direct),(none),0.0,1,1,session_only
9014422.3125796012,2445732400,2020-11-13,1,0,0,0,0,0,mobile,iOS,United States,Washington,(direct),(none),0.0,1,1,session_only
2393244.2245274301,5709637740,2021-01-25,1,1,1,1,1,1,desktop,Macintosh,United States,Florida,(data deleted),(data deleted),40.8,18,6,purchase
2463895.4044352613,877896066,2020-11-29,1,0,0,0,0,0,desktop,Web,South Korea,Seoul,<Other>,<Other>,0.0,1,1,session_only
3291666.2185697988,5196051060,2021-01-05,1,0,0,0,0,0,desktop,Web,India,Uttar Pradesh,google,organic,0.0,1,1,session_only
84593905.6115959211,4587582193,2020-11-03,1,0,0,0,0,0,desktop,Web,United States,California,google,organic,0.0,1,1,session_only
46474424.4341494720,840433974,2020-11-02,1,0,0,0,0,0,desktop,Web,United States,Indiana,(direct),(none),0.0,1,1,session_only
17844149.8037417851,6149967105,2020-12-31,1,0,0,0,0,0,mobile,iOS,(not set),(not set),(direct),(none),0.0,1,1,session_only
6020872.8317499836,2734298746,2021-01-24,1,0,0,0,0,0,desktop,Web,Canada,Ontario,(data deleted),(data deleted),0.0,1,1,session_only
37009627.4122196731,9137926344,2021-01-18,1,0,0,0,0,0,mobile,iOS,United States,California,(data deleted),(data deleted),0.0,1,1,session_only
95391139.6120978599,142084124,2021-01-25,1,0,0,0,0,0,tablet,Web,United States,Texas,(direct),(none),0.0,1,1,session_only
8451624.9554637460,5794383662,2020-11-13,1,0,0,0,0,0,desktop,Macintosh,United States,Connecticut,shop.googlemerchandisestore.com,referral,0.0,1,1,session_only
8582279.2759806066,6842558567,2020-11-09,1,0,0,0,0,0,desktop,Web,United States,California,(data deleted),(data deleted),0.0,1,1,session_only
84868101.3777523266,2228635396,2021-01-21,1,0,0,0,0,0,desktop,Windows,India,Maharashtra,google,organic,0.0,1,1,session_only
26023849.3539048561,2391201273,2020-11-23,1,0,0,0,0,0,desktop,Web,United States,Iowa,(direct),(none),0.0,1,1,session_only
88283447.4123070249,4095729469,2021-01-19,1,0,0,0,0,0,desktop,Web,United States,Tennessee,<Other>,<Other>,0.0,1,1,session_only
70352512.9478018036,417796280,2020-11-22,1,0,0,0,0,0,desktop,Web,India,Delhi,(direct),(none),0.0,1,1,session_only
7897972.0197469890,8704745881,2021-01-29,1,1,0,0,0,0,mobile,Web,South Korea,Seoul,<Other>,referral,0.0,2,2,view_item
3742730.2051032119,7644609201,2021-01-13,1,0,0,0,0,0,mobile,Web,United States,California,google,organic,0.0,1,1,session_only
8220529.3177444723,5032133277,2021-01-14,1,0,0,0,0,0,mobile,Android,United States,Texas,<Other>,<Other>,0.0,1,1,session_only
33942926.6102969838,7085225637,2020-11-24,1,0,0,0,0,0,desktop,Web,Austria,Vienna,<Other>,<Other>,0.0,1,1,session_only
7209172.2039208722,3816141273,2021-01-14,1,1,1,1,1,1,mobile,Web,Italy,Lazio,google,organic,29.95,52,6,purchase
48844818.5332348507,5182673681,2021-01-18,1,0,0,0,0,0,mobile,Web,India,Tamil Nadu,google,organic,0.0,1,1,session_only
25138727.1624541514,912157325,2020-11-15,1,0,0,0,0,0,mobile,iOS,United States,Maryland,shop.googlemerchandisestore.com,referral,0.0,1,1,session_only
80109448.9950350437,9439880628,2020-11-06,1,0,0,0,0,0,mobile,Web,India,Haryana,(direct),(none),0.0,1,1,session_only
31456855.2528933945,4783028456,2020-12-13,1,1,1,1,1,1,mobile,Web,United States,Arkansas,(direct),(none),0.0,12,6,purchase
5003386.3270741768,1578394502,2021-01-31,1,0,0,0,0,0,desktop,Web,France,Ile-de-France,(direct),(none),0.0,1,1,session_only
28903492.6388225224,3656283782,2021-01-17,1,0,0,0,0,0,desktop,Web,Japan,Tokyo,<Other>,<Other>,0.0,1,1,session_only
8432751538.7671839608,3217500110,2020-11-21,1,1,0,1,0,0,desktop,Macintosh,United States,New York,<Other>,<Other>,0.0,58,4,begin_checkout
16880302.3429202387,1066466014,2021-01-28,1,0,0,0,0,0,mobile,iOS,United States,Ohio,google,organic,0.0,1,1,session_only
1175250.9129579707,114426254,2020-11-19,1,1,0,0,0,0,mobile,Web,United States,Minnesota,google,organic,0.0,4,2,view_item
56611853.0703271595,3740620650,2021-01-30,1,0,0,0,0,0,desktop,Macintosh,France,Brittany,<Other>,<Other>,0.0,1,1,session_only
86336316.8474513429,8773987266,2020-11-12,1,1,0,0,0,0,desktop,Web,Malaysia,Selangor,google,organic,0.0,2,2,view_item
1920938.0150374573,8594537777,2021-01-18,1,0,0,0,0,0,mobile,iOS,Ukraine,(not set),shop.googlemerchandisestore.com,referral,0.0,1,1,session_only
4767726.9459482026,1565213425,2021-01-03,1,0,0,0,0,0,mobile,Web,Canada,Ontario,<Other>,referral,0.0,1,1,session_only
47364188.0401773816,9084228022,2021-01-19,1,0,0,0,0,0,desktop,Web,Israel,Tel Aviv District,google,organic,0.0,1,1,session_only
42608158.8667590262,4291446646,2020-11-22,1,0,0,0,0,0,desktop,Web,United States,California,(direct),(none),0.0,1,1,session_only
7757973.7783845224,3059696646,2020-11-28,1,0,0,0,0,0,desktop,Windows,India,Maharashtra,<Other>,referral,0.0,1,1,session_only
9190839.0093756352,2941462638,2021-01-03,1,0,0,0,0,0,desktop,Web,United States,Florida,(direct),(none),0.0,1,1,session_only
5556931.4130646183,1619704626,2021-01-17,1,1,0,0,0,0,tablet,iOS,Indonesia,West Java,<Other>,<Other>,0.0,2,2,view_item
80340232.7297916675,6864067875,2021-01-05,1,0,0,0,0,0,desktop,Web,Hong Kong,(not set),<Other>,referral,0.0,1,1,session_only
6672710.8051954306,1011839249,2020-11-02,1,0,0,0,0,0,desktop,Macintosh,Canada,Ontario,(direct),(none),0.0,1,1,session_only
20884444.1490442155,1566445822,2020-11-05,1,1,0,1,1,0,mobile,iOS,United States,Washington,shop.googlemerchandisestore.com,referral,0.0,9,5,add_payment
11244559.2162291869,5331226827,2020-11-13,1,0,0,0,0,0,desktop,Web,United States,Missouri,<Other>,referral,0.0,1,1,session_only
8550301.2923871316,1457862283,2020-11-19,1,0,0,0,0,0,desktop,Web,United Kingdom,England,google,organic,0.0,1,1,session_only
18738649.9223861296,9604292964,2020-11-15,1,0,0,0,0,0,mobile,Web,Turkey,Istanbul,google,organic,0.0,1,1,session_only
65219984.2178733921,936444841,2020-12-20,1,0,0,0,0,0,desktop,Web,United States,New York,google,organic,0.0,1,1,session_only
6665474.0274439103,1006828126,2021-01-28,1,0,0,0,0,0,mobile,Web,Belgium,Flanders,shop.googlemerchandisestore.com,referral,0.0,1,1,session_only
49586604.9699668208,7215216270,2021-01-04,1,0,0,0,0,0,tablet,Web,United Kingdom,England,(direct),(none),0.0,1,1,session_only
1949652.0089426482,8267375475,2020-12-05,1,0,0,0,0,0,desktop,Windows,Spain,Madrid,google,organic,0.0,1,1,session_only
49446280.3210245756,1101532824,2020-11-05,1,0,0,0,0,0,mobile,Android,United States,New York,(data deleted),(data deleted),0.0,1,1,session_only
71881324.8940935475,9095734341,2020-12-23,1,1,0,0,0,0,mobile,Android,Canada,Alberta,(direct),(none),0.0,2,2,view_item
30873552.1417038715,7959215817,2021-01-04,1,0,0,0,0,0,desktop,Web,Canada,Alberta,<Other>,referral,0.0,1,1,session_only
1545175.2689462665,6308378897,2021-01-23,1,0,0,0,0,0,desktop,Macintosh,Saudi Arabia,(not set),(direct),(none),0.0,1,1,session_only
48732924.4698713989,5921479788,2021-01-09,1,0,0,0,0,0,desktop,Macintosh,Japan,Kanagawa,<Other>,<Other>,0.0,1,1,session_only
4279397.2636657360,6984738649,2021-01-13,1,0,0,0,0,0,mobile,Web,United States,New York,<Other>,<Other>,0.0,1,1,session_only
71386249.4137228829,1445448826,2020-11-29,1,0,0,0,0,0,mobile,Web,Thailand,Bangkok,<Other>,<Other>,0.0,1,1,session_only
37652979.4694183176,5438386896,2021-01-07,1,0,0,0,0,0,mobile,iOS,United States,Massachusetts,(direct),(none),0.0,1,1,session_only
2169887.4224840328,482182007,2021-01-09,1,0,0,0,0,0,desktop,Macintosh,United States,Texas,google,organic,0.0,1,1,session_only
67391455.3832286263,858283485,2020-11-24,1,1,0,1,1,1,desktop,Web,United Kingdom,England,<Other>,organic,0.0,14,6,purchase
4602892.2116628424,9106983381,2020-11-29,1,0,0,0,0,0,desktop,Web,Netherlands,Gelderland,<Other>,<Other>,0.0,1,1,session_only
78072573.2858682040,8364321369,2020-11-18,1,1,0,0,0,0,desktop,Web,Croatia,(not set),<Other>,<Other>,0.0,2,2,view_item
5742745.0788235628,3623952542,2021-01-11,1,1,0,0,0,0,mobile,Web,Finland,Uusimaa,google,organic,0.0,2,2,view_item
7774478.1597260657,3984419153,2021-01-07,1,0,0,0,0,0,tablet,Web,United States,Texas,google,organic,0.0,1,1,session_only
41314468.9760284683,1795393132,2020-12-25,1,1,0,0,0,0,desktop,Macintosh,United States,Texas,google,organic,0.0,2,2,view_item
43155146.6544650148,2557786915,2020-12-31,1,0,0,0,0,0,desktop,Windows,Mexico,Baja California,google,organic,0.0,1,1,session_only
87240285.5616402274,3061543075,2020-11-27,1,0,0,0,0,0,desktop,Macintosh,India,Karnataka,(direct),(none),0.0,1,1,session_only
37883347.5559567522,7085738752,2020-11-01,1,0,0,0,0,0,desktop,Macintosh,United States,North Carolina,(direct),(none),0.0,1,1,session_only
6498226.5868694780,9996325720,2020-11-13,1,0,0,0,0,0,desktop,Web,United States,Texas,(data deleted),(data deleted),0.0,1,1,session_only
8944476.4612408212,8302788518,2020-11-01,1,0,0,0,0,0,desktop,Web,Taiwan,Taiwan Province,<Other>,referral,0.0,1,1,session_only
4651745.9677906503,9847871321,2020-12-19,1,0,0,0,0,0,desktop,Windows,United States,California,(direct),(none),0.0,1,1,session_only
61773986.1672076483,1555480026,2020-11-21,1,1,0,0,0,0,desktop,Web,United States,Indiana,shop.googlemerchandisestore.com,referral,0.0,3,2,view_item
6731649.2397948744,8181580375,2020-11-08,1,1,0,1,1,1,mobile,iOS,Portugal,Lisbon,google,organic,26.4,10,6,purchase
5988079.2931629360,2383199414,2020-12-05,1,0,0,0,0,0,desktop,Web,Spain,Galicia,<Other>,<Other>,0.0,1,1,session_only
27104789.3965863569,9554292933,2020-11-13,1,0,0,0,0,0,mobile,Web,Australia,Queensland,google,organic,0.0,1,1,session_only
61670005.9365406909,30402790,2021-01-21,1,0,0,0,0,0,mobile,Android,Indonesia,Jakarta,<Other>,referral,0.0,1,1,session_only
30450890.2660516674,1291004901,2020-11-24,1,0,0,0,0,0,desktop,Web,United States,Washington,(data deleted),(data deleted),0.0,1,1,session_only
19547218.7102622443,7005807046,2021-01-25,1,0,0,0,0,0,desktop,Web,United States,Virginia,google,organic,0.0,1,1,session_only
74944051.7443195402,8248705611,2020-12-30,1,0,0,0,0,0,desktop,Web,South Korea,Daegu,(direct),(none),0.0,1,1,session_only
2135620.0147292449,8393688938,2021-01-21,1,0,0,0,0,0,desktop,Web,United States,California,<Other>,referral,0.0,1,1,session_only
8238214.9346551024,7585253092,2020-11-18,1,1,0,0,0,0,desktop,Windows,United Kingdom,England,<Other>,referral,0.0,2,2,view_item
79677269.4180879894,1225588648,2020-11-15,1,1,0,1,1,1,desktop,Web,United States,California,(data deleted),(data deleted),0.0,13,6,purchase
5202505.7642689639,15954102,2020-12-29,1,0,0,0,0,0,mobile,Web,United States,Nevada,<Other>,referral,0.0,1,1,session_only
1483314.8065613555,9699338407,2020-12-23,1,0,0,0,0,0,mobile,Web,United States,California,(direct),(none),0.0,1,1,session_only
7222401.0856597547,5653907979,2021-01-08,1,0,0,0,0,0,desktop,Macintosh,United States,Kentucky,<Other>,referral,0.0,1,1,session_only
1719486.7857183625,9381486840,2021-01-25,1,0,0,0,0,0,mobile,Android,Mexico,(not set),(direct),(none),0.0,1,1,session_only
24483717.7848676127,1796763913,2021-01-29,1,0,0,0,0,0,desktop,Web,United States,Washington,(direct),(none),0.0,1,1,session_only
25143008.9756043827,1355445872,2021-01-25,1,0,0,0,0,0,desktop,Web,United States,New York,google,organic,0.0,1,1,session_only
6414419.8507651015,8654809074,2020-12-23,1,0,0,0,0,0,mobile,Web,Russia,Moscow,google,organic,0.0,1,1,session_only
2250964.3428222963,6248761311,2020-12-20,1,1,0,0,0,0,mobile,Web,United States,Texas,shop.googlemerchandisestore.com,referral,0.0,2,2,view_item
8154628.9376988546,5791010590,2021-01-24,1,0,0,0,0,0,desktop,Windows,United States,Georgia,<Other>,referral,0.0,1,1,session_only
4550630.3246963864,2094947392,2020-11-18,1,1,1,1,1,0,mobile,Web,Israel,Tel Aviv District,(direct),(none),0.0,27,5,add_payment
7720183.1753250186,681756061,2020-11-28,1,0,0,0,0,0,mobile,Android,Japan,(not set),google,organic,0.0,1,1,session_only
2927899.9248071430,4694272431,2021-01-14,1,0,0,0,0,0,desktop,Web,Sweden,Stockholm County,google,organic,0.0,1,1,session_only
728829369.2824618995,8949360351,2020-11-09,1,0,0,0,0,0,desktop,Windows,United States,New York,google,organic,0.0,1,1,session_only
4662498.5805693836,5231148714,2020-12-23,1,0,0,0,0,0,mobile,Android,India,Uttar Pradesh,(direct),(none),0.0,1,1,session_only
4433277.8456659000,5835926300,2021-01-12,1,0,0,0,0,0,desktop,Windows,United States,Tennessee,(direct),(none),0.0,1,1,session_only
73675039.4997970214,9906861355,2021-01-02,1,0,0,0,0,0,desktop,Web,United States,Florida,google,organic,0.0,1,1,session_only
39400292.8721400208,9005075382,2021-01-16,1,0,0,0,0,0,desktop,Web,Canada,Ontario,<Other>,referral,0.0,1,1,session_only
36386395.6851970559,4891371685,2020-11-27,1,0,0,0,0,0,mobile,Android,Indonesia,Central Java,(direct),(none),0.0,1,1,session_only
99528947.5361658341,9603609925,2020-12-26,1,1,0,0,0,0,desktop,Web,India,West Bengal,<Other>,<Other>,0.0,2,2,view_item
8090861.2089799124,9068967453,2020-11-06,1,0,0,0,0,0,desktop,Web,United States,Texas,google,organic,0.0,1,1,session_only
49338484.8834497287,225217629,2020-11-23,1,1,0,1,1,1,desktop,Macintosh,(not set),(not set),google,organic,0.0,14,6,purchase
7805212.5773682148,2954714141,2020-11-14,1,0,0,0,0,0,desktop,Web,Mexico,State of Mexico,google,organic,0.0,1,1,session_only
59694500.4289953345,2319641206,2020-11-19,1,0,0,0,0,0,mobile,Android,United States,California,google,organic,0.0,1,1,session_only
54815208.5824969318,3323482298,2020-12-05,1,0,0,0,0,0,mobile,Web,Austria,Vienna,<Other>,referral,0.0,1,1,session_only
5457133.8833500958,1560656726,2020-11-08,1,0,0,0,0,0,mobile,iOS,United States,Oregon,(direct),(none),0.0,1,1,session_only
7236065.0817561231,5835140701,2021-01-07,1,1,1,1,0,0,mobile,iOS,Luxembourg,(not set),(data deleted),(data deleted),0.0,27,4,begin_checkout
1190105.2838697926,9080178515,2021-01-11,1,0,0,0,0,0,desktop,Windows,United States,New York,(data deleted),(data deleted),0.0,1,1,session_only
36670433.9320088493,4812538824,2021-01-18,1,0,0,0,0,0,desktop,Web,United States,Minnesota,google,organic,0.0,1,1,session_only
13989145.2117368033,6391051643,2021-01-13,1,0,0,0,0,0,desktop,Web,Canada,Ontario,(direct),(none),0.0,1,1,session_only
3203906.2938884724,4957474490,2020-11-24,1,0,0,0,0,0,desktop,Web,United States,Massachusetts,(direct),(none),0.0,1,1,session_only
6716404.0059380101,5773612511,2021-01-01,1,0,0,0,0,0,desktop,Windows,Saudi Arabia,(not set),(direct),(none),0.0,1,1,session_only
66387718.2316672970,4926450680,2020-11-03,1,0,0,0,0,0,desktop,Web,United States,(not set),shop.googlemerchandisestore.com,referral,0.0,1,1,session_only
15900623.5532056008,5954047758,2020-11-18,1,0,0,0,0,0,tablet,iOS,United States,Illinois,google,organic,0.0,1,1,session_only
7531239.5848119902,9499266540,2021-01-29,1,0,0,0,0,0,desktop,Web,United States,New York,shop.googlemerchandisestore.com,referral,0.0,1,1,session_only
26531550.1915300171,2229130296,2021-01-09,1,0,0,0,0,0,desktop,Web,Canada,Newfoundland and Labrador,shop.googlemerchandisestore.com,referral,0.0,1,1,session_only
4696848.9032557040,4271447918,2020-11-12,1,0,0,0,0,0,desktop,Windows,Poland,Masovian Voivodeship,<Other>,<Other>,0.0,1,1,session_only
39483313.6703915893,2406658443,2021-01-10,1,0,0,0,0,0,desktop,Macintosh,Brazil,State of Rio de Janeiro,<Other>,<Other>,0.0,1,1,session_only
5549453484.2001648500,7842673290,2021-01-03,1,0,0,0,0,0,mobile,Web,United States,North Carolina,google,organic,0.0,1,1,session_only
65391740.8900718296,3890069157,2021-01-11,1,0,0,0,0,0,mobile,Web,United States,Tennessee,(direct),(none),0.0,1,1,session_only
13806249.2138526560,1603308898,2021-01-07,1,1,0,0,0,0,mobile,Android,Vietnam,(not set),<Other>,referral,0.0,4,2,view_item
8007430.4451740753,6314355515,2021-01-02,1,0,0,0,0,0,mobile,Web,Italy,Tuscany,<Other>,<Other>,0.0,1,1,session_only
6139519660.0542827101,1733870339,2021-01-12,1,1,0,1,1,1,desktop,Web,United Kingdom,England,(direct),(none),71.44,11,6,purchase
9005481.2449187277,6388307922,2021-01-05,1,0,0,0,0,0,mobile,Web,Germany,Bavaria,google,organic,0.0,1,1,session_only
18236215.7899877176,7576318085,2021-01-21,1,1,0,0,0,0,mobile,Android,United States,Utah,google,organic,0.0,2,2,view_item
5598890.6235065568,6396232795,2020-11-24,1,0,0,0,0,0,mobile,Web,United States,Virginia,(direct),(none),0.0,1,1,session_only
86013817.4881299152,206701117,2021-01-30,1,1,0,0,0,0,mobile,Web,Iraq,(not set),(direct),(none),0.0,2,2,view_item
82486305.6510926657,9141294466,2021-01-21,1,0,0,0,0,0,desktop,Web,Singapore,(not set),google,organic,0.0,1,1,session_only
3820683.6928647962,3961897574,2021-01-31,1,0,0,0,0,0,mobile,Android,United States,California,<Other>,<Other>,0.0,1,1,session_only
4205866.9242590014,1271548508,2021-01-21,1,0,0,0,0,0,desktop,Windows,United States,California,shop.googlemerchandisestore.com,referral,0.0,1,1,session_only
59561627.8494922966,5387297246,2020-11-12,1,0,0,0,0,0,desktop,Web,Canada,British Columbia,google,organic,0.0,1,1,session_only
8404511.3408596525,1971298247,2020-11-12,1,1,0,1,1,1,desktop,Web,United States,Nebraska,(direct),(none),131.9,25,6,purchase
6819052.5420637790,1471015321,2020-11-03,1,1,0,0,0,0,desktop,Web,India,Uttar Pradesh,(direct),(none),0.0,3,2,view_item
86480572.0190669289,40685468,2020-12-25,1,0,0,0,0,0,desktop,Web,Canada,Alberta,<Other>,referral,0.0,1,1,session_only
2995803.1682835482,7996929989,2020-11-19,1,0,0,0,0,0,mobile,Web,United States,Illinois,google,organic,0.0,1,1,session_only
41728211.8464410021,5069123910,2021-01-01,1,0,0,0,0,0,mobile,Web,United States,North Dakota,google,organic,0.0,1,1,session_only
55646843.6088564567,2522819393,2021-01-07,1,1,0,0,0,0,desktop,Web,Philippines,Metro Manila,google,organic,0.0,2,2,view_item
44566035.1846504973,4180547849,2021-01-01,1,0,0,0,0,0,tablet,iOS,United States,Texas,<Other>,<Other>,0.0,1,1,session_only
41143637.6903597490,9379816853,2020-11-01,1,1,0,0,0,0,mobile,Web,Brazil,State of Minas Gerais,<Other>,<Other>,0.0,3,2,view_item
8357168.7961856853,3210808153,2021-01-12,1,1,0,0,0,0,mobile,Web,United States,Connecticut,google,organic,0.0,2,2,view_item
19316824.7298773201,7352363696,2021-01-13,1,0,0,0,0,0,desktop,Windows,United States,Pennsylvania,google,organic,0.0,1,1,session_only
12816948.5742296397,7975037036,2020-11-28,1,0,0,0,0,0,mobile,iOS,Japan,Fukuoka,(data deleted),(data deleted),0.0,1,1,session_only
65890819.5802797271,2857658385,2021-01-26,1,0,0,0,0,0,desktop,Macintosh,United Kingdom,England,<Other>,organic,0.0,1,1,session_only
17862647.7891094237,2947482985,2020-11-26,1,0,0,0,0,0,mobile,Web,United States,(not set),<Other>,organic,0.0,1,1,session_only
60865680.9694385103,4377120559,2020-11-23,1,1,0,1,1,1,mobile,Android,United States,New York,google,cpc,0.0,8,6,purchase
70994602.4685743257,960350918,2020-11-09,1,1,0,0,0,0,desktop,Windows,United States,California,(direct),(none),0.0,3,2,view_item
67040791.4479700641,630516487,2020-11-12,1,0,0,0,0,0,mobile,Web,India,Madhya Pradesh,(direct),(none),0.0,1,1,session_only
2063079.5586760696,3176039002,2021-01-25,1,1,0,0,0,0,mobile,Web,India,Delhi,google,organic,0.0,4,2,view_item
7176345.2266617154,6084150408,2021-01-04,1,0,0,0,0,0,mobile,iOS,United Kingdom,England,(direct),(none),0.0,1,1,session_only
8744104.2253840774,7909434025,2021-01-03,1,0,0,0,0,0,tablet,Web,United States,New York,<Other>,<Other>,0.0,1,1,session_only
89779875.2832471673,5867184675,2020-12-30,1,0,0,0,0,0,desktop,Macintosh,Switzerland,Canton of Bern,google,organic,0.0,1,1,session_only
65445635.8984945074,6090516185,2021-01-16,1,0,0,0,0,0,desktop,Web,Australia,New South Wales,google,organic,0.0,1,1,session_only
53909723.7564739768,6264871757,2021-01-30,1,0,0,0,0,0,desktop,Web,Cyprus,(not set),(direct),(none),0.0,1,1,session_only
4260672102.3740716197,3605216852,2020-12-31,1,0,0,0,0,0,mobile,Web,Indonesia,Jakarta,google,organic,0.0,1,1,session_only
6456915.0904199714,653775164,2020-11-06,1,1,0,0,0,0,desktop,Web,Netherlands,Flevoland,google,cpc,0.0,9,2,view_item
1448508.1710418886,9581984565,2020-11-16,1,0,0,0,0,0,desktop,Web,China,Guangdong Province,(data deleted),(data deleted),0.0,1,1,session_only
12485307.5806877734,8033476719,2020-11-12,0,1,0,1,1,1,desktop,Web,United States,Georgia,(data deleted),(data deleted),54.4,6,6,purchase
86534123.2442676586,4820691213,2021-01-25,1,1,0,0,0,0,desktop,Web,Australia,Queensland,<Other>,referral,0.0,2,2,view_item
1210917.6683120214,742619152,2020-11-13,1,0,0,0,0,0,mobile,Web,Spain,Madrid,google,organic,0.0,1,1,session_only
20384532.9189138413,6886366907,2020-11-26,1,0,0,0,0,0,mobile,Web,United States,Texas,google,organic,0.0,1,1,session_only
64209533.0058826128,9259568843,2020-11-29,1,0,0,0,0,0,mobile,Android,United States,Pennsylvania,google,organic,0.0,1,1,session_only
46770555.2936840452,5147958832,2021-01-26,1,0,0,0,0,0,mobile,iOS,Philippines,Central Luzon,(direct),(none),0.0,1,1,session_only
42625343.7597269708,3264932469,2020-11-16,1,0,0,0,0,0,desktop,Macintosh,United Kingdom,England,<Other>,referral,0.0,1,1,session_only
7993984.2024021372,3982643456,2020-11-26,1,0,0,0,0,0,desktop,Web,United States,California,<Other>,<Other>,0.0,1,1,session_only
7491772.4402157850,6053037486,2020-11-15,1,0,0,0,0,0,mobile,iOS,United States,Washington,<Other>,referral,0.0,1,1,session_only
62525214.4515620251,3288675324,2020-11-19,1,1,0,0,0,0,mobile,iOS,Netherlands,South Holland,shop.googlemerchandisestore.com,referral,0.0,2,2,view_item
7456364.3891941507,4672688315,2020-12-23,1,0,0,0,0,0,mobile,iOS,United Kingdom,England,<Other>,<Other>,0.0,1,1,session_only
1303576263.9958417796,6093099691,2021-01-21,1,0,0,0,0,0,mobile,Web,United States,California,google,organic,0.0,1,1,session_only
1633752.9713927114,9340270251,2021-01-12,1,0,0,0,0,0,desktop,Macintosh,Hungary,Budapest,google,organic,0.0,1,1,session_only
6555010327.8785736499,3072763788,2020-12-24,1,0,0,0,0,0,desktop,Web,India,Punjab,<Other>,<Other>,0.0,1,1,session_only
2231205792.0033112424,2546196104,2020-12-19,1,0,0,0,0,0,desktop,Web,Israel,Center District,google,organic,0.0,1,1,session_only
7634450.7489916014,8422622881,2021-01-03,1,1,0,1,1,1,mobile,Web,Russia,(not set),(direct),(none),0.0,7,6,purchase
70810166.7730219014,1607644174,2021-01-30,1,0,0,0,0,0,desktop,Web,Canada,British Columbia,google,organic,0.0,1,1,session_only
58480256.3628284955,2401609335,2020-12-12,1,0,0,0,0,0,mobile,Web,United States,California,google,organic,0.0,1,1,session_only
8082094.7255771934,5054487868,2021-01-29,1,1,0,0,0,0,mobile,Web,India,Tamil Nadu,google,organic,0.0,2,2,view_item
13043200.8424953018,6613040521,2020-11-09,1,1,0,1,1,1,desktop,Web,United States,Washington,<Other>,referral,46.4,7,6,purchase
18577212.7102061116,4038130575,2020-11-22,1,0,0,0,0,0,desktop,Web,India,Maharashtra,google,organic,0.0,1,1,session_only
81239443.7295133992,4794468326,2020-12-19,1,0,0,0,0,0,mobile,Web,United States,Georgia,(direct),(none),0.0,1,1,session_only
1185362.2146731261,8223792661,2021-01-28,1,0,0,0,0,0,mobile,Web,China,Zhejiang,google,organic,0.0,1,1,session_only
71926460.0894534679,3539420499,2021-01-16,1,1,0,0,0,0,mobile,iOS,Philippines,Metro Manila,<Other>,<Other>,0.0,3,2,view_item
54007404.6056992005,3611443955,2020-12-12,1,0,0,0,0,0,mobile,Web,Croatia,(not set),google,organic,0.0,1,1,session_only
67426498.5132805350,7480653041,2020-12-19,1,1,0,0,0,0,desktop,Web,Singapore,(not set),(data deleted),(data deleted),0.0,3,2,view_item
91704753.9608745832,2039224224,2021-01-04,1,0,0,0,0,0,desktop,Web,Netherlands,(not set),google,cpc,0.0,1,1,session_only
4339400.4609618009,4803604052,2020-11-07,1,1,0,1,1,1,desktop,Web,United States,Florida,<Other>,referral,0.0,15,6,purchase
33304790.7769989248,3088866003,2020-12-12,1,0,0,0,0,0,mobile,Web,United States,North Carolina,<Other>,referral,0.0,1,1,session_only
7708361.6535656281,1632517057,2021-01-04,1,0,0,0,0,0,mobile,iOS,Pakistan,Punjab,(data deleted),(data deleted),0.0,1,1,session_only
5572965.7912046877,3338388816,2020-11-18,1,0,0,0,0,0,mobile,Android,United States,Florida,google,organic,0.0,1,1,session_only
76553297.6424575211,8648603815,2020-11-29,1,1,1,1,1,1,mobile,iOS,United States,California,<Other>,<Other>,0.0,7,6,purchase
9129339.3433387339,470401139,2020-12-23,1,0,0,0,0,0,desktop,Web,United States,California,google,organic,0.0,1,1,session_only
37657350.9876173824,2304785114,2021-01-21,1,1,0,1,1,1,mobile,Web,Japan,Kanagawa,(data deleted),(data deleted),55.2,9,6,purchase
50644686.1594601824,9555757672,2020-12-29,1,0,0,0,0,0,desktop,Macintosh,United States,New York,(direct),(none),0.0,1,1,session_only
11446993.7876701936,1700233849,2020-11-13,1,0,0,0,0,0,mobile,Web,Australia,Victoria,<Other>,<Other>,0.0,1,1,session_only
47578480.2815150633,6644591299,2020-11-09,1,1,0,0,0,0,mobile,Web,United Kingdom,England,<Other>,<Other>,0.0,28,2,view_item
7526576.6134969053,4267382710,2021-01-28,1,0,0,0,0,0,desktop,Web,Canada,British Columbia,<Other>,<Other>,0.0,1,1,session_only
64846097.2247732845,6993958336,2021-01-28,1,1,1,1,1,1,mobile,Web,South Korea,Seoul,(direct),(none),0.0,39,6,purchase
1704767.6168359047,8130145273,2021-01-02,1,0,0,0,0,0,mobile,iOS,United States,Georgia,google,organic,0.0,1,1,session_only
75055254.7698589131,174121962,2021-01-30,1,0,0,0,0,0,desktop,Macintosh,United States,Tennessee,google,organic,0.0,1,1,session_only
2338004.0280743161,9166663273,2021-01-07,1,0,0,0,0,0,desktop,Web,Switzerland,(not set),<Other>,<Other>,0.0,1,1,session_only
8686165.8321109241,3899369608,2020-11-08,1,0,0,0,0,0,desktop,Windows,United States,California,<Other>,<Other>,0.0,1,1,session_only
6620147.6414857793,2216804845,2020-12-20,1,0,0,0,0,0,mobile,Web,Canada,Ontario,<Other>,<Other>,0.0,1,1,session_only
55644254.4106717055,5060748245,2021-01-26,1,1,0,0,0,0,desktop,Web,United States,Virginia,(direct),(none),0.0,2,2,view_item
3760710.2699216269,5287548584,2020-11-07,1,0,0,0,0,0,desktop,Web,Canada,Ontario,<Other>,referral,0.0,1,1,session_only
5679437.0006495580,7279059781,2021-01-01,1,0,0,0,0,0,desktop,Windows,United States,Wisconsin,<Other>,referral,0.0,1,1,session_only
797858357.4787680442,5691472555,2020-11-03,1,0,0,0,0,0,desktop,Web,Bangladesh,(not set),google,organic,0.0,1,1,session_only
8013076.3242762812,5510104546,2021-01-17,1,1,0,0,0,0,desktop,Web,United States,Wyoming,google,organic,0.0,2,2,view_item
5497273.8738846974,8490278118,2021-01-18,1,0,0,0,0,0,desktop,Web,Colombia,(not set),<Other>,referral,0.0,1,1,session_only
4691578.9171456999,916392188,2021-01-11,1,0,0,0,0,0,mobile,Web,Canada,British Columbia,shop.googlemerchandisestore.com,referral,0.0,1,1,session_only
7926630955.7996310700,2174740273,2021-01-17,1,0,0,0,0,0,mobile,iOS,United States,Texas,(direct),(none),0.0,1,1,session_only
7875335.0360529788,9032526454,2020-12-30,1,0,0,0,0,0,desktop,Web,Finland,Uusimaa,google,cpc,0.0,1,1,session_only
43748516.8294601828,3177925659,2020-12-25,1,0,0,0,0,0,mobile,iOS,United States,Georgia,<Other>,organic,0.0,1,1,session_only
60147064.2249989835,2876958641,2020-12-27,1,0,0,0,0,0,desktop,Web,Colombia,(not set),<Other>,<Other>,0.0,1,1,session_only
4468716.9279152438,8630124973,2020-11-27,1,1,0,0,0,0,desktop,Windows,Mexico,Veracruz,<Other>,referral,0.0,2,2,view_item
9156571.6666122518,6715663861,2020-11-09,1,0,0,0,0,0,desktop,Windows,Norway,Oslo,<Other>,<Other>,0.0,1,1,session_only
6645248.4206087954,263819114,2021-01-28,1,0,0,0,0,0,desktop,Macintosh,United States,California,google,organic,0.0,1,1,session_only
92041464.9267104160,3804213055,2020-12-13,1,1,0,0,0,0,mobile,Android,Canada,Ontario,google,organic,0.0,2,2,view_item
8002028.4623869254,2122344410,2021-01-23,1,0,0,0,0,0,desktop,Windows,United States,Florida,google,organic,0.0,1,1,session_only
59061039.5435612071,5620625787,2020-11-28,1,1,1,1,1,1,desktop,Web,Switzerland,(not set),(direct),(none),76.96,52,6,purchase
4784834.0473611412,8571085602,2020-11-21,1,0,0,0,0,0,desktop,Macintosh,Egypt,(not set),<Other>,referral,0.0,1,1,session_only
4661426.1427946318,7744390688,2021-01-19,1,1,0,0,0,0,mobile,Web,Taiwan,Taipei City,google,organic,0.0,5,2,view_item
1439682.5725229694,8262036573,2020-12-30,1,0,0,0,0,0,mobile,Web,Taiwan,Taichung City,<Other>,organic,0.0,1,1,session_only
5805568.7076319531,5014058457,2020-12-23,1,1,0,0,0,0,tablet,Web,South Korea,(not set),(direct),(none),0.0,3,2,view_item
14698600.8231858763,9269223769,2021-01-11,1,0,0,0,0,0,mobile,Android,United States,North Carolina,google,organic,0.0,1,1,session_only
32799285.2698292622,5653573091,2020-11-06,1,0,0,0,0,0,mobile,Web,China,Zhejiang,(data deleted),(data deleted),0.0,1,1,session_only
8944209.9449320997,2260011911,2021-01-02,1,0,0,0,0,0,mobile,Web,United States,Michigan,(direct),(none),0.0,1,1,session_only
2291351.4186502014,5881176159,2020-12-05,1,0,0,0,0,0,mobile,Web,India,Rajasthan,(direct),(none),0.0,1,1,session_only
3028032.5019865987,5328598108,2020-11-21,1,0,0,0,0,0,mobile,Web,United States,Idaho,(direct),(none),0.0,1,1,session_only
8518452.7768252419,1655187968,2021-01-08,1,0,0,0,0,0,desktop,Web,Brazil,State of Sao Paulo,google,organic,0.0,1,1,session_only
1555976.1447566714,5360925038,2021-01-21,1,0,0,0,0,0,mobile,Web,(not set),(not set),google,organic,0.0,1,1,session_only
15842166.9525851157,8230889252,2020-12-24,1,0,0,0,0,0,desktop,Web,United States,California,<Other>,<Other>,0.0,1,1,session_only
2826036.8165007769,2983948553,2021-01-02,1,0,0,0,0,0,desktop,Web,India,Kerala,google,organic,0.0,1,1,session_only
7311472.7624692736,9342927413,2020-12-19,1,0,0,0,0,0,desktop,Windows,United States,California,<Other>,<Other>,0.0,1,1,session_only
82959733.6718138821,8553342956,2021-01-22,1,0,0,0,0,0,desktop,Windows,Canada,British Columbia,(direct),(none),0.0,1,1,session_only
79401148.9172093747,3890229118,2020-11-22,1,1,0,0,0,0,desktop,Web,India,Bihar,<Other>,referral,0.0,4,2,view_item
70014610.1290988612,5637680855,2021-01-07,1,0,0,0,0,0,desktop,Web,Portugal,Lisbon,google,organic,0.0,1,1,session_only
82358109.0532333111,1040725681,2021-01-05,1,0,0,0,0,0,desktop,Windows,United States,Missouri,google,organic,0.0,1,1,session_only
59132156.2069239207,9210159651,2021-01-03,1,0,0,0,0,0,desktop,Web,Australia,Victoria,(direct),(none),0.0,1,1,session_only
8157582.8229581745,6796571315,2020-11-24,1,1,0,0,0,0,desktop,Macintosh,Peru,(not set),<Other>,<Other>,0.0,3,2,view_item
16910310.8084135944,7181615294,2021-01-05,1,0,0,0,0,0,desktop,Web,China,Guizhou,google,organic,0.0,1,1,session_only
2414697.6438253840,3441605450,2021-01-05,1,0,0,0,0,0,desktop,Macintosh,United States,Colorado,google,organic,0.0,1,1,session_only
83527123.1102554782,1236350207,2021-01-29,1,1,0,0,0,0,desktop,Web,Albania,(not set),<Other>,<Other>,0.0,2,2,view_item
162357291.7922001436,7422957880,2020-11-27,1,0,0,0,0,0,desktop,Windows,Turkey,Istanbul,<Other>,<Other>,0.0,1,1,session_only
42337167.9040418119,8868915027,2020-12-22,1,0,0,0,0,0,desktop,Web,Indonesia,Jakarta,google,organic,0.0,1,1,session_only
7755107.3922626463,7924070722,2021-01-05,1,0,0,0,0,0,mobile,Android,United States,Maryland,<Other>,referral,0.0,1,1,session_only
7461331.4499994836,5582841820,2020-11-13,1,1,0,1,1,1,desktop,Windows,India,Madhya Pradesh,shop.googlemerchandisestore.com,referral,55.2,9,6,purchase
54813418.3332925078,3411544958,2020-11-15,1,0,0,0,0,0,tablet,Web,United States,Washington,<Other>,<Other>,0.0,1,1,session_only
3244119.8909180266,8657356645,2021-01-14,1,1,0,0,0,0,desktop,Windows,United States,Iowa,google,organic,0.0,3,2,view_item
73405033.3843485831,8764305267,2020-11-27,1,0,0,0,0,0,desktop,Macintosh,Philippines,Calabarzon,shop.googlemerchandisestore.com,referral,0.0,1,1,session_only
30682555.2709119402,3545242770,2020-12-29,1,0,0,0,0,0,mobile,Web,France,Nouvelle-Aquitaine,<Other>,referral,0.0,1,1,session_only
6693250.4035995046,7118526136,2021-01-22,1,0,0,0,0,0,desktop,Web,India,Telangana,<Other>,referral,0.0,1,1,session_only
7994525.0687544955,4426856570,2020-12-13,1,0,0,0,0,0,mobile,iOS,China,Beijing,google,organic,0.0,1,1,session_only
6713952.2082139432,4676052442,2021-01-13,1,0,0,0,0,0,mobile,Android,(not set),(not set),<Other>,<Other>,0.0,1,1,session_only
90716168.7530234658,9425343713,2020-11-05,1,0,0,0,0,0,desktop,Web,(not set),(not set),google,organic,0.0,1,1,session_only
6261335.4438444318,1109853448,2020-12-23,1,1,1,0,0,0,mobile,Android,United States,Washington,google,organic,0.0,9,3,add_to_cart
2822593.7399533872,509580724,2021-01-07,1,0,0,0,0,0,mobile,Android,Canada,British Columbia,google,organic,0.0,1,1,session_only
63759047.3785705079,1575225186,2021-01-11,1,0,0,0,0,0,desktop,Web,United States,Massachusetts,(direct),(none),0.0,1,1,session_only
64374176.0861046626,9717458978,2021-01-07,1,0,0,0,0,0,desktop,Windows,Spain,Madrid,google,organic,0.0,1,1,session_only
59526968.3896655025,3563264907,2020-12-19,1,0,0,0,0,0,mobile,Android,Argentina,Buenos Aires Province,shop.googlemerchandisestore.com,referral,0.0,1,1,session_only
6649467.0716948167,4972751282,2021-01-03,1,0,0,0,0,0,desktop,Macintosh,United States,Maryland,google,organic,0.0,1,1,session_only
48003223.4943874070,8168998158,2021-01-08,1,1,0,0,0,0,mobile,Web,United States,Texas,google,cpc,0.0,6,2,view_item
1072818.1526773872,7875457409,2020-11-18,1,0,0,0,0,0,mobile,iOS,Hong Kong,(not set),<Other>,referral,0.0,1,1,session_only
20258988.0971633599,4240765072,2021-01-30,1,0,0,0,0,0,mobile,iOS,Germany,Schleswig-Holstein,(direct),(none),0.0,1,1,session_only
46280449.8223038468,6970828053,2020-12-24,1,0,0,0,0,0,desktop,Windows,Canada,Ontario,shop.googlemerchandisestore.com,referral,0.0,1,1,session_only
83818025.1252474367,5647985119,2021-01-21,1,1,1,0,0,0,mobile,Web,United States,Texas,google,cpc,0.0,4,3,add_to_cart
53332167.8811392015,3166419648,2020-11-08,1,1,0,0,0,0,desktop,Web,United States,Hawaii,google,organic,0.0,2,2,view_item
3344450353.4565493688,9788111488,2020-11-03,1,0,0,0,0,0,mobile,Web,Mexico,Baja California,(data deleted),(data deleted),0.0,1,1,session_only
83122453.5394732985,5368239420,2020-12-20,1,1,1,1,1,1,desktop,Web,United States,Massachusetts,shop.googlemerchandisestore.com,referral,44.96,27,6,purchase
12921729.7383461315,323112840,2020-11-12,1,1,0,1,1,1,desktop,Windows,South Korea,(not set),google,organic,16.24,27,6,purchase
6847380.6532537312,9996997003,2021-01-28,1,1,1,1,1,1,desktop,Web,United States,Ohio,<Other>,referral,0.0,27,6,purchase
2029731.8781505079,8310953128,2021-01-18,1,0,0,0,0,0,mobile,Web,France,Ile-de-France,<Other>,<Other>,0.0,1,1,session_only
9145101667.4461576716,5701148626,2020-11-16,1,0,0,0,0,0,mobile,Web,Colombia,Bogota,(direct),(none),0.0,1,1,session_only
7646522.0396292431,3380201265,2021-01-26,1,1,1,1,1,1,mobile,Android,Algeria,(not set),(direct),(none),0.0,19,6,purchase
5885213.1592086159,3481216800,2021-01-21,1,0,0,0,0,0,desktop,Web,Singapore,(not set),(direct),(none),0.0,1,1,session_only
1646662926.4708069250,4039448850,2020-11-27,1,0,0,0,0,0,desktop,Web,United States,Massachusetts,<Other>,<Other>,0.0,1,1,session_only
5546049.7774569245,3290192290,2020-12-20,1,1,0,0,0,0,desktop,Macintosh,United Arab Emirates,Dubai,<Other>,referral,0.0,2,2,view_item
8982816.9590565746,3132126279,2020-11-16,1,0,0,0,0,0,mobile,Android,India,Madhya Pradesh,<Other>,<Other>,0.0,1,1,session_only
2990075.0842706996,6290832059,2020-11-02,1,0,0,0,0,0,mobile,Web,United States,Virginia,google,organic,0.0,1,1,session_only
81942320.4419998514,5497859243,2021-01-07,1,0,0,0,0,0,mobile,iOS,Egypt,Giza Governorate,<Other>,organic,0.0,1,1,session_only
97972803.2842897102,3167241861,2020-12-20,1,1,0,0,0,0,desktop,Macintosh,United States,Louisiana,google,organic,0.0,14,2,view_item
13794003.4756374877,9003963656,2020-11-02,1,0,0,0,0,0,mobile,Web,United States,Michigan,<Other>,<Other>,0.0,1,1,session_only
7057506.4900871899,5974313050,2021-01-29,1,1,0,0,0,0,desktop,Web,Italy,Lombardy,google,organic,0.0,24,2,view_item
69881438.2542965707,1887712269,2020-12-19,1,0,0,0,0,0,mobile,iOS,Netherlands,South Holland,google,organic,0.0,1,1,session_only
3342492.9714945477,8144808426,2020-11-14,1,0,0,0,0,0,desktop,Web,Belgium,Flanders,(direct),(none),0.0,1,1,session_only
14086870.7589160542,5925229000,2020-11-27,1,0,0,0,0,0,desktop,Windows,United States,California,(data deleted),(data deleted),0.0,1,1,session_only
15095060.1268552110,5966296189,2020-11-01,1,0,0,0,0,0,desktop,Macintosh,Turkey,Izmir,(direct),(none),0.0,1,1,session_only
48443685.2361009350,687491808,2021-01-22,1,1,0,0,0,0,mobile,Android,Singapore,(not set),(direct),(none),0.0,2,2,view_item
16021505.6315183434,9437570257,2021-01-05,1,0,0,0,0,0,desktop,Windows,Hong Kong,(not set),google,organic,0.0,1,1,session_only
24730584.3649999643,4306654064,2021-01-25,1,1,0,1,1,1,desktop,Macintosh,Chile,(not set),(direct),(none),140.8,8,6,purchase
53132817.7758017210,6371257993,2020-12-12,1,1,1,1,1,1,desktop,Web,India,Karnataka,google,organic,71.3,41,6,purchase
92916829.1888474417,9847609041,2020-12-23,1,0,0,0,0,0,desktop,Web,United Kingdom,England,(direct),(none),0.0,1,1,session_only
57767587.6044708795,5949372370,2020-11-05,1,0,0,0,0,0,mobile,iOS,Denmark,Capital Region of Denmark,<Other>,<Other>,0.0,1,1,session_only
6396696190.4710695761,3732337370,2021-01-04,1,0,0,0,0,0,mobile,Web,United States,Pennsylvania,google,organic,0.0,1,1,session_only
84928329.8193077775,1015078153,2020-12-20,1,0,0,0,0,0,mobile,Web,Singapore,(not set),<Other>,referral,0.0,1,1,session_only
60855318.0999449065,7335815997,2021-01-28,1,0,0,0,0,0,desktop,Web,Canada,British Columbia,(direct),(none),0.0,1,1,session_only
31024797.6388458898,8509798346,2021-01-21,1,0,0,0,0,0,mobile,Web,United States,Virginia,(direct),(none),0.0,1,1,session_only
35470614.5598127438,474679782,2020-11-28,1,1,1,0,0,0,mobile,Web,United States,Colorado,<Other>,referral,0.0,23,3,add_to_cart
27282030.9688682768,5134956688,2020-11-13,1,0,0,0,0,0,desktop,Web,China,Zhejiang,google,organic,0.0,1,1,session_only
2347136868.5644212502,5167524393,2021-01-05,1,0,0,0,0,0,desktop,Web,India,Tamil Nadu,google,organic,0.0,1,1,session_only
74865091.6611455531,1867046937,2021-01-05,1,0,0,0,0,0,desktop,Windows,China,Zhejiang,<Other>,referral,0.0,1,1,session_only
7024968.8376080858,9613671760,2020-12-20,1,0,0,0,0,0,desktop,Web,Canada,Ontario,google,organic,0.0,1,1,session_only
5780470.5681744451,4096954275,2020-11-18,1,0,0,0,0,0,mobile,Web,United States,Utah,<Other>,<Other>,0.0,1,1,session_only
4747460.0075896243,5389393320,2021-01-05,1,0,0,0,0,0,mobile,Web,United States,Virginia,<Other>,<Other>,0.0,1,1,session_only
36790685.1685066825,5613953223,2021-01-28,1,0,0,0,0,0,mobile,Web,Poland,Greater Poland Voivodeship,google,organic,0.0,1,1,session_only
25308407.1015254036,2618251928,2021-01-05,1,0,0,0,0,0,desktop,Web,Germany,(not set),google,organic,0.0,1,1,session_only
60921737.9631062130,8569010486,2021-01-08,1,0,0,0,0,0,mobile,iOS,Canada,Ontario,google,organic,0.0,1,1,session_only
8499101.6352966235,8481932168,2021-01-07,1,0,0,0,0,0,mobile,Web,Russia,Moscow,(data deleted),(data deleted),0.0,1,1,session_only
3339025.4996070229,9765615957,2021-01-11,1,0,0,0,0,0,desktop,Web,India,Delhi,<Other>,<Other>,0.0,1,1,session_only
3943894.5156082984,210017424,2020-12-27,1,0,0,0,0,0,desktop,Web,Germany,Baden-Wurttemberg,(direct),(none),0.0,1,1,session_only
55272972.6592041237,6599280929,2020-11-16,1,0,0,0,0,0,mobile,Web,Canada,Prince Edward Island,<Other>,<Other>,0.0,1,1,session_only
7002874.0979080043,4596576750,2020-12-20,1,0,0,0,0,0,desktop,Web,Nepal,Central Development Region,google,organic,0.0,1,1,session_only
8214299.2030521634,1374913140,2020-12-24,1,1,1,1,1,1,mobile,Web,United States,North Carolina,<Other>,referral,0.0,26,6,purchase
23351045.0398248221,1394348298,2020-12-22,1,0,0,0,0,0,desktop,Windows,United States,California,google,organic,0.0,1,1,session_only
4941428.2801084311,5691070723,2021-01-03,1,0,0,0,0,0,desktop,Windows,United Kingdom,England,<Other>,referral,0.0,1,1,session_only
82652686.3113918560,2516737229,2021-01-08,1,0,0,0,0,0,desktop,Web,Brazil,State of Rio de Janeiro,(direct),(none),0.0,1,1,session_only
1079913.1905515044,7625481607,2020-12-30,1,1,1,1,1,0,mobile,iOS,Vietnam,(not set),<Other>,<Other>,0.0,16,5,add_payment
2539574.4974116792,9472929337,2020-11-05,1,0,0,0,0,0,desktop,Web,Netherlands,South Holland,shop.googlemerchandisestore.com,referral,0.0,1,1,session_only
7234910.6652215674,5759709757,2020-12-05,1,0,0,0,0,0,desktop,Macintosh,United States,Arkansas,<Other>,<Other>,0.0,1,1,session_only
10641698.9127472349,6805810165,2020-11-05,1,0,0,0,0,0,mobile,iOS,South Korea,Seoul,google,cpc,0.0,1,1,session_only
23809830.8427550807,898775416,2021-01-09,1,0,0,0,0,0,desktop,Web,United States,Wisconsin,google,organic,0.0,1,1,session_only
5182423.0554090990,1963224331,2021-01-22,1,1,0,0,0,0,mobile,Web,United States,California,<Other>,<Other>,0.0,2,2,view_item
83838889.0920377595,205798819,2020-12-24,1,0,0,0,0,0,desktop,Web,United States,Pennsylvania,<Other>,<Other>,0.0,1,1,session_only
21543463.6844852902,8843687670,2020-11-02,1,0,0,0,0,0,desktop,Macintosh,Egypt,Cairo Governorate,google,organic,0.0,1,1,session_only
3399736952.5437224186,2260323107,2020-11-06,1,0,0,0,0,0,desktop,Windows,United States,Ohio,shop.googlemerchandisestore.com,referral,0.0,1,1,session_only
70055245.2207254777,5448069675,2020-11-21,1,1,0,0,0,0,desktop,Windows,(not set),(not set),google,cpc,0.0,2,2,view_item
42642498.1212303916,4203200969,2020-11-29,1,0,0,0,0,0,mobile,iOS,United States,Virginia,google,organic,0.0,1,1,session_only
3792297975.9154868848,2989578332,2020-11-06,1,0,0,0,0,0,desktop,Web,Sweden,Stockholm County,google,organic,0.0,1,1,session_only
8448350.0703669895,9066696202,2020-12-22,1,0,0,0,0,0,desktop,Web,United States,California,shop.googlemerchandisestore.com,referral,0.0,1,1,session_only
13562910.9531241417,5362415635,2021-01-13,1,0,0,0,0,0,mobile,Android,United States,Florida,shop.googlemerchandisestore.com,referral,0.0,1,1,session_only
3553365.4624875474,4483164684,2020-11-16,1,0,0,0,0,0,mobile,Web,United States,Oklahoma,google,organic,0.0,1,1,session_only
5531042.5260163145,757773583,2020-12-31,1,0,0,0,0,0,desktop,Macintosh,Kuwait,Hawalli Governorate,(direct),(none),0.0,1,1,session_only
55456714.5626062263,9018344625,2021-01-29,1,0,0,0,0,0,mobile,Android,China,Beijing,google,cpc,0.0,1,1,session_only
80911937.3527657222,7141030601,2021-01-19,1,0,0,0,0,0,desktop,Web,Australia,Victoria,shop.googlemerchandisestore.com,referral,0.0,1,1,session_only
3091736.0273308554,7061074016,2021-01-14,1,1,1,1,1,1,mobile,Web,United Kingdom,England,google,organic,0.0,30,6,purchase
88332892.9795942490,1699392635,2021-01-18,1,0,0,0,0,0,desktop,Macintosh,Canada,Quebec,<Other>,<Other>,0.0,1,1,session_only
6984301.6567815487,4304204989,2021-01-02,1,0,0,0,0,0,desktop,Windows,Canada,British Columbia,google,organic,0.0,1,1,session_only
4302718.5353539509,6237791893,2020-12-22,1,0,0,0,0,0,mobile,Web,United States,Washington,<Other>,<Other>,0.0,1,1,session_only
9128667.1999769596,8705401725,2020-11-13,1,0,0,0,0,0,mobile,iOS,United States,Minnesota,<Other>,referral,0.0,1,1,session_only
2098333.9649554977,8979323355,2020-11-01,1,0,0,0,0,0,mobile,Web,Mexico,Sonora,(direct),(none),0.0,1,1,session_only
26837560.1693570029,3315056906,2021-01-18,1,0,0,0,0,0,desktop,Web,Romania,(not set),google,cpc,0.0,1,1,session_only
42132335.2507497949,2373924127,2021-01-22,1,1,0,1,0,0,desktop,Web,India,Madhya Pradesh,shop.googlemerchandisestore.com,referral,0.0,12,4,begin_checkout
46987674.3809893293,9271982095,2020-11-23,1,0,0,0,0,0,desktop,Web,India,Maharashtra,(direct),(none),0.0,1,1,session_only
55221913.8487208936,7479671074,2020-11-22,1,0,0,0,0,0,desktop,Web,Canada,Quebec,google,cpc,0.0,1,1,session_only
30130563.6233597117,131855525,2021-01-21,1,0,0,0,0,0,desktop,Web,Dominican Republic,(not set),google,cpc,0.0,1,1,session_only
3721763.9910731807,5894093118,2020-11-19,1,0,0,0,0,0,mobile,iOS,United States,Illinois,(direct),(none),0.0,1,1,session_only
48951914.4533357056,7293437957,2020-11-03,1,0,0,0,0,0,mobile,Web,United States,West Virginia,(direct),(none),0.0,1,1,session_only
82798575.5745676213,4503308323,2020-12-12,1,0,0,0,0,0,mobile,Web,Brazil,State of Parana,google,organic,0.0,1,1,session_only
2682687.1043898770,400479099,2021-01-22,1,0,0,0,0,0,desktop,Web,India,Uttar Pradesh,google,organic,0.0,1,1,session_only
4527874.4482970363,4861547445,2020-12-31,1,1,0,0,0,0,desktop,Web,Spain,Valencian Community,<Other>,<Other>,0.0,2,2,view_item
51872895.8457334925,8572979595,2021-01-14,1,0,0,0,0,0,mobile,Web,United States,Oregon,(direct),(none),0.0,1,1,session_only
2126401.4085453799,9157144569,2021-01-28,1,0,0,0,0,0,desktop,Web,United States,Iowa,google,organic,0.0,1,1,session_only
75946131.1127724333,3111640644,2020-12-12,1,0,0,0,0,0,desktop,Web,Singapore,(not set),(direct),(none),0.0,1,1,session_only
2249313.6767373056,5731267149,2020-11-22,1,1,0,0,0,0,mobile,Web,China,(not set),<Other>,referral,0.0,4,2,view_item
64858791.4314091727,1011899906,2020-12-29,1,0,0,0,0,0,mobile,Web,Thailand,(not set),(direct),(none),0.0,1,1,session_only
2146541.4898438928,3195403949,2020-11-15,1,0,0,0,0,0,mobile,iOS,India,Uttar Pradesh,<Other>,referral,0.0,1,1,session_only
9197973422.7962893360,1976966922,2021-01-03,1,0,0,0,0,0,mobile,Web,United States,Oklahoma,shop.googlemerchandisestore.com,referral,0.0,1,1,session_only
71549130.1051477783,8482399038,2021-01-05,1,0,0,0,0,0,desktop,Web,United States,California,(direct),(none),0.0,1,1,session_only
2809027.2977655174,6614229456,2021-01-12,1,0,0,0,0,0,mobile,Android,Canada,Ontario,shop.googlemerchandisestore.com,referral,0.0,1,1,session_only
16781365.5167027314,4085441289,2021-01-21,1,1,1,1,1,1,desktop,Windows,France,Nouvelle-Aquitaine,google,organic,86.88,49,6,purchase
1622688.5780874562,9199515223,2020-11-12,1,1,0,1,0,0,mobile,Web,Tunisia,Tunis,(direct),(none),0.0,6,4,begin_checkout
78331614.5702890138,1251531947,2021-01-24,1,1,1,1,1,1,mobile,iOS,United States,Oklahoma,google,cpc,235.52,37,6,purchase
10606483.3589819766,6933709412,2020-12-19,1,0,0,0,0,0,desktop,Windows,United States,Georgia,google,organic,0.0,1,1,session_only
7443464.2292113369,5708896983,2020-11-02,1,0,0,0,0,0,desktop,Web,United States,New York,google,organic,0.0,1,1,session_only
85595625.7077397918,9955360026,2021-01-02,1,0,0,0,0,0,desktop,Web,United States,Florida,(data deleted),(data deleted),0.0,1,1,session_only
54470199.5650040925,4944433206,2020-11-19,1,0,0,0,0,0,desktop,Web,United States,California,<Other>,<Other>,0.0,1,1,session_only
14954221.0542495276,749593954,2020-11-27,1,0,0,0,0,0,desktop,Web,United States,Pennsylvania,(data deleted),(data deleted),0.0,1,1,session_only
11659652.1162280644,4610393205,2020-12-29,1,0,0,0,0,0,mobile,Web,United States,Washington,google,organic,0.0,1,1,session_only
8926225.9345063255,8429875403,2020-11-22,1,1,0,1,1,1,mobile,Web,United States,California,google,organic,20.8,11,6,purchase
44997248.8742590626,2837282215,2020-11-01,1,0,0,0,0,0,desktop,Macintosh,Sweden,Vastra Gotaland County,google,cpc,0.0,1,1,session_only
84735929.0073061844,2690639203,2021-01-13,1,1,0,0,0,0,mobile,Android,France,Nouvelle-Aquitaine,<Other>,referral,0.0,2,2,view_item
89267756.6432543280,9860632161,2020-11-06,1,1,0,1,1,1,desktop,Web,United States,Texas,<Other>,referral,0.0,7,6,purchase
67802167.2850022690,8903156544,2021-01-26,1,0,0,0,0,0,desktop,Web,Spain,Madrid,(direct),(none),0.0,1,1,session_only
7306056.7546685249,8271264328,2021-01-08,1,0,0,0,0,0,desktop,Web,Hong Kong,(not set),<Other>,organic,0.0,1,1,session_only
49763807.4422718360,4087577961,2021-01-19,1,0,0,0,0,0,mobile,iOS,South Korea,Busan,google,organic,0.0,1,1,session_only
89545082.6092784332,870329319,2020-12-27,1,0,0,0,0,0,desktop,Macintosh,Canada,Manitoba,google,organic,0.0,1,1,session_only
5448676.4851093045,3772423662,2020-11-03,1,0,0,0,0,0,desktop,Web,Canada,Ontario,<Other>,referral,0.0,1,1,session_only
30129092.4306136996,1938144312,2020-11-16,1,0,0,0,0,0,mobile,iOS,United States,California,google,organic,0.0,1,1,session_only
4958713.6586294189,6460921837,2020-11-24,1,1,0,1,1,1,mobile,Android,United States,Washington,(data deleted),(data deleted),0.0,12,6,purchase
73207412.0457543465,3685842459,2020-12-25,1,0,0,0,0,0,mobile,Web,United States,New York,(direct),(none),0.0,1,1,session_only
11450387.3518230882,9897574479,2021-01-11,1,0,0,0,0,0,mobile,Web,Spain,Catalonia,<Other>,referral,0.0,1,1,session_only
80628679.0117031774,6634230318,2020-11-26,1,0,0,0,0,0,mobile,Web,United States,New Mexico,google,cpc,0.0,1,1,session_only
31458058.6325043882,6930908975,2021-01-12,1,1,0,0,0,0,mobile,iOS,United Kingdom,England,<Other>,<Other>,0.0,2,2,view_item
1743892.1438448463,1699398098,2020-12-13,1,0,0,0,0,0,desktop,Macintosh,United States,California,(direct),(none),0.0,1,1,session_only
15026805.0874752852,8246047018,2021-01-10,1,0,0,0,0,0,desktop,Web,Canada,Manitoba,google,organic,0.0,1,1,session_only
29301176.9113244352,2368416136,2020-11-14,1,0,0,0,0,0,tablet,Web,United States,California,(direct),(none),0.0,1,1,session_only
37727422.7811764148,1956762732,2021-01-04,1,1,0,0,0,0,desktop,Web,United States,California,(direct),(none),0.0,2,2,view_item
7568151323.3922257841,1766777316,2020-11-16,1,0,0,0,0,0,mobile,Web,Canada,Ontario,<Other>,<Other>,0.0,1,1,session_only
4137173.0986669389,3362170712,2021-01-24,1,0,0,0,0,0,desktop,Web,India,Uttar Pradesh,google,organic,0.0,1,1,session_only
9130640.2139762011,7626561463,2020-11-03,1,1,0,1,1,1,desktop,Windows,United States,Pennsylvania,<Other>,referral,0.0,13,6,purchase
53197894.1693926812,4708979813,2020-12-19,1,0,0,0,0,0,tablet,Web,United States,California,<Other>,<Other>,0.0,1,1,session_only
7962040.5949620473,2002788625,2020-11-14,1,0,0,0,0,0,desktop,Web,Australia,Victoria,<Other>,<Other>,0.0,1,1,session_only
73703491.3326508351,7799603337,2020-11-05,1,0,0,0,0,0,mobile,Web,Russia,(not set),(direct),(none),0.0,1,1,session_only
4396517.0449398795,1277302967,2021-01-28,1,0,0,0,0,0,desktop,Web,India,Gujarat,(direct),(none),0.0,1,1,session_only
7690113.7081066189,9906875376,2021-01-10,1,1,0,0,0,0,desktop,Web,United States,Florida,(direct),(none),0.0,2,2,view_item
1615123.5152514827,8691538168,2020-11-19,1,1,0,0,0,0,mobile,Android,United States,Kentucky,<Other>,<Other>,0.0,2,2,view_item
8119630.3011387515,3653881516,2020-11-07,1,1,0,0,0,0,mobile,Android,Mexico,Queretaro,(direct),(none),0.0,2,2,view_item
4893266.2980093308,1819824799,2021-01-26,1,0,0,0,0,0,mobile,Web,Singapore,(not set),shop.googlemerchandisestore.com,referral,0.0,1,1,session_only
6030482.2123692127,7338119809,2021-01-12,1,0,0,0,0,0,desktop,Windows,South Korea,Gyeonggi-do,<Other>,<Other>,0.0,1,1,session_only
60952591.4557630098,471872768,2020-12-22,1,0,0,0,0,0,desktop,Web,United States,Massachusetts,<Other>,<Other>,0.0,1,1,session_only
86830206.7601947271,1136378052,2020-11-23,1,0,0,0,0,0,desktop,Windows,India,Karnataka,(direct),(none),0.0,1,1,session_only
6161725.6792354505,8953483678,2020-11-19,1,0,0,0,0,0,mobile,Web,Brazil,(not set),(direct),(none),0.0,1,1,session_only
6739806.2308600832,3611640037,2021-01-31,1,0,0,0,0,0,desktop,Windows,United States,Washington,google,cpc,0.0,1,1,session_only
59881976.1815940735,6421905525,2020-11-27,1,1,1,1,1,1,desktop,Windows,United States,New Jersey,(data deleted),(data deleted),0.0,11,6,purchase
7396333.3118947463,7674318885,2020-11-18,1,0,0,0,0,0,desktop,Macintosh,United States,California,<Other>,referral,0.0,1,1,session_only
19460729.3200307483,7134610607,2020-11-26,1,0,0,0,0,0,mobile,iOS,Ireland,County Cork,<Other>,organic,0.0,1,1,session_only
1223682.9594057132,9370216074,2020-12-27,1,0,0,0,0,0,desktop,Macintosh,United States,New York,<Other>,<Other>,0.0,1,1,session_only
2316396.1142872665,8641526483,2021-01-07,1,0,0,0,0,0,desktop,Web,India,Delhi,<Other>,<Other>,0.0,1,1,session_only
68954399.2937384944,1376071121,2020-11-12,1,0,0,0,0,0,desktop,Web,South Africa,Gauteng,(data deleted),(data deleted),0.0,1,1,session_only
72198383.9579503697,2996183082,2020-11-16,1,1,0,0,0,0,desktop,Web,Peru,(not set),google,organic,0.0,5,2,view_item
7188395.7153434491,5228392996,2021-01-26,1,0,0,0,0,0,desktop,Windows,United States,California,(direct),(none),0.0,1,1,session_only
4417976915.7219052509,9577697058,2020-11-18,1,0,0,0,0,0,desktop,Web,Brazil,State of Sao Paulo,google,organic,0.0,1,1,session_only
3126388.9370578649,8874774035,2020-12-26,1,0,0,0,0,0,desktop,Windows,Netherlands,Groningen,(direct),(none),0.0,1,1,session_only
12453936.3763547481,2061804194,2020-11-29,1,0,0,0,0,0,desktop,Windows,Taiwan,Taipei City,google,organic,0.0,1,1,session_only
72957336.1004222273,7169712203,2021-01-21,1,1,1,1,1,1,desktop,Macintosh,South Korea,Seoul,(direct),(none),0.0,60,6,purchase
26141114.5825032206,5665900197,2020-11-12,1,0,0,0,0,0,desktop,<Other>,Taiwan,Taichung City,(direct),(none),0.0,1,1,session_only
88987870.6694141588,4637683125,2020-11-08,1,0,0,0,0,0,mobile,Web,Pakistan,Sindh,google,organic,0.0,1,1,session_only
19269171.4944563728,9976226815,2020-12-29,1,0,0,0,0,0,mobile,iOS,India,Gujarat,<Other>,organic,0.0,1,1,session_only
7423752.6321182908,4189323904,2020-11-09,1,0,0,0,0,0,desktop,Web,United States,New York,(direct),(none),0.0,1,1,session_only
5617805.9629889641,6895887789,2020-12-13,1,0,0,0,0,0,mobile,Web,China,Zhejiang,google,organic,0.0,1,1,session_only
28884221.1994535006,4742498336,2021-01-10,1,1,1,1,1,1,mobile,Web,United States,New York,(direct),(none),97.1,30,6,purchase
71903346.8185180527,7685192608,2020-12-05,1,0,0,0,0,0,desktop,Windows,United States,Washington,google,organic,0.0,1,1,session_only
8540256.4458966852,1282189024,2020-12-20,1,0,0,0,0,0,desktop,Web,United States,California,google,organic,0.0,1,1,session_only
74987195.6466302162,9435090099,2020-12-19,1,1,0,0,0,0,mobile,Web,United States,Illinois,<Other>,referral,0.0,5,2,view_item
81159336.2832423093,1505801310,2020-11-16,1,0,0,0,0,0,mobile,Web,Saudi Arabia,Riyadh Province,(direct),(none),0.0,1,1,session_only
62972640.1817910937,837940635,2020-12-22,1,1,0,0,0,0,mobile,iOS,India,Uttar Pradesh,google,organic,0.0,3,2,view_item
4813769.0011382132,1089078550,2020-11-28,1,0,0,0,0,0,mobile,iOS,Canada,Quebec,google,cpc,0.0,1,1,session_only
36412770.3785080201,4666647354,2020-12-19,1,0,0,0,0,0,mobile,Web,Poland,Masovian Voivodeship,<Other>,organic,0.0,1,1,session_only
5734449.5800874101,9724621971,2020-12-25,1,0,0,0,0,0,desktop,Web,United States,California,<Other>,<Other>,0.0,1,1,session_only
3445455.3050336326,1930223493,2020-11-14,1,1,0,0,0,0,mobile,iOS,Thailand,Bangkok,(direct),(none),0.0,2,2,view_item
45684941.5589855626,259819460,2020-11-02,1,0,0,0,0,0,desktop,Web,Canada,Alberta,google,organic,0.0,1,1,session_only
37860384.8559517707,8559780775,2021-01-13,1,0,0,0,0,0,mobile,Android,India,Tamil Nadu,(data deleted),(data deleted),0.0,1,1,session_only
8833184.9293423708,8264299880,2020-12-25,1,0,0,0,0,0,desktop,Web,India,Gujarat,google,cpc,0.0,1,1,session_only
1544812.1347673920,6041964504,2021-01-21,1,0,0,0,0,0,desktop,Windows,India,West Bengal,<Other>,referral,0.0,1,1,session_only
5989475.7364314230,8036979703,2020-12-22,1,0,0,0,0,0,desktop,Web,United States,California,(direct),(none),0.0,1,1,session_only
76980254.0046497045,7197313969,2020-11-28,1,0,0,0,0,0,desktop,Web,Italy,Lazio,google,organic,0.0,1,1,session_only
5122098.0301599063,4917363830,2020-11-21,1,0,0,0,0,0,desktop,Macintosh,Egypt,Cairo Governorate,<Other>,referral,0.0,1,1,session_only
76479161.9409361531,9895209581,2020-11-12,1,0,0,0,0,0,desktop,Macintosh,Kazakhstan,Almaty Province,(direct),(none),0.0,1,1,session_only
6417025.6488811094,4180581656,2020-11-15,1,1,0,1,0,0,desktop,Web,Canada,Ontario,<Other>,<Other>,0.0,58,4,begin_checkout
8476490.0114125135,452283376,2020-11-29,1,0,0,0,0,0,mobile,Web,United States,South Carolina,(direct),(none),0.0,1,1,session_only
20430077.3847574569,7135038920,2021-01-23,1,1,0,0,0,0,mobile,Web,United States,California,google,organic,0.0,3,2,view_item
19343039.6741654596,6654203843,2021-01-31,1,0,0,0,0,0,desktop,Web,Chile,(not set),(direct),(none),0.0,1,1,session_only
77358157.4999153196,3303685165,2021-01-22,1,1,1,1,1,0,mobile,Web,Israel,Tel Aviv District,google,organic,0.0,7,5,add_payment
48213276.4854415490,9842284662,2020-11-24,1,0,0,0,0,0,desktop,Web,United States,Florida,shop.googlemerchandisestore.com,referral,0.0,1,1,session_only
6429326.8588481465,2897508088,2020-12-26,1,0,0,0,0,0,mobile,iOS,United States,Massachusetts,(data deleted),(data deleted),0.0,1,1,session_only
3862237.5669533459,2115607658,2021-01-02,1,1,0,0,0,0,desktop,Web,India,Andhra Pradesh,google,organic,0.0,2,2,view_item
8636312098.5742946963,7082823004,2020-11-14,1,0,0,0,0,0,desktop,<Other>,Bangladesh,(not set),(direct),(none),0.0,1,1,session_only
8812227.0907125355,2270314956,2020-12-26,1,0,0,0,0,0,mobile,iOS,United States,California,(direct),(none),0.0,1,1,session_only
6042025.6285866416,4846474997,2021-01-02,1,0,0,0,0,0,desktop,Macintosh,United States,Ohio,google,organic,0.0,1,1,session_only
47441729.6532603313,1148288253,2020-12-19,1,0,0,0,0,0,desktop,Windows,Australia,New South Wales,google,organic,0.0,1,1,session_only
62066680.1774836176,2293079093,2020-11-22,1,0,0,0,0,0,desktop,Web,Singapore,(not set),<Other>,referral,0.0,1,1,session_only
14415639.5712299315,3655026345,2020-11-26,1,0,0,0,0,0,mobile,iOS,Malaysia,Federal Territory of Kuala Lumpur,google,organic,0.0,1,1,session_only
37578853.6316312957,1790115948,2020-12-22,1,0,0,0,0,0,mobile,Web,Canada,Ontario,google,organic,0.0,1,1,session_only
2328519.4644618586,3338354872,2020-12-13,1,0,0,0,0,0,mobile,iOS,Spain,Castile and Leon,google,organic,0.0,1,1,session_only
51583469.2020873687,7540016287,2021-01-03,1,0,0,0,0,0,desktop,Macintosh,Latvia,Riga,<Other>,referral,0.0,1,1,session_only
87169216.0678808443,4760086614,2021-01-10,1,1,1,0,0,0,desktop,Macintosh,France,Ile-de-France,<Other>,referral,0.0,17,3,add_to_cart
11030377.1533827140,9669516634,2020-11-27,1,0,0,0,0,0,mobile,Android,India,Delhi,(direct),(none),0.0,1,1,session_only
85633186.5041656278,2077903598,2020-12-26,1,0,0,0,0,0,mobile,Web,United States,California,(direct),(none),0.0,1,1,session_only
5255499.5169270727,2723620057,2021-01-13,1,0,0,0,0,0,desktop,Windows,India,Maharashtra,(direct),(none),0.0,1,1,session_only
1111195.2086696596,4065833720,2021-01-08,1,0,0,0,0,0,mobile,Web,Poland,Lesser Poland Voivodeship,<Other>,referral,0.0,1,1,session_only
4497493.2699924985,1322445000,2020-11-27,1,0,0,0,0,0,mobile,Web,United States,Michigan,(direct),(none),0.0,1,1,session_only
7747909.7082747333,1977789142,2021-01-13,1,0,0,0,0,0,desktop,Web,Germany,North Rhine-Westphalia,<Other>,referral,0.0,1,1,session_only
38787767.8075716565,9958102430,2020-12-12,1,0,0,0,0,0,mobile,iOS,United States,Pennsylvania,(data deleted),(data deleted),0.0,1,1,session_only
77708882.7981259938,2487985903,2021-01-17,1,0,0,0,0,0,tablet,Web,Indonesia,West Java,<Other>,<Other>,0.0,1,1,session_only
47222275.5147294527,841039045,2021-01-09,1,0,0,0,0,0,mobile,Android,Singapore,(not set),<Other>,referral,0.0,1,1,session_only
19745127.2299311176,9568062782,2021-01-21,1,0,0,0,0,0,desktop,Web,United States,Missouri,(direct),(none),0.0,1,1,session_only
5616915.7413492185,340063491,2021-01-02,1,0,0,0,0,0,desktop,Macintosh,United States,California,google,cpc,0.0,1,1,session_only
9015165.0190594143,9777963499,2021-01-13,1,0,0,0,0,0,desktop,Web,India,Uttar Pradesh,google,organic,0.0,1,1,session_only
7296461.4695211972,9612243184,2020-12-12,1,0,0,0,0,0,mobile,Web,India,Karnataka,<Other>,organic,0.0,1,1,session_only
4780116.6336425284,1183257936,2020-11-19,1,0,0,0,0,0,mobile,Web,Nigeria,Lagos,(direct),(none),0.0,1,1,session_only
57649127.1544684507,6808244185,2020-11-18,1,0,0,0,0,0,desktop,Web,Spain,Catalonia,<Other>,<Other>,0.0,1,1,session_only
7235382.4092075152,71357498,2020-11-21,1,0,0,0,0,0,desktop,Web,India,Uttar Pradesh,<Other>,<Other>,0.0,1,1,session_only
3972701.7502307717,8614992318,2020-11-09,1,0,0,0,0,0,desktop,Macintosh,United Kingdom,England,<Other>,<Other>,0.0,1,1,session_only
79579853.0520588965,9639521029,2020-12-12,1,1,1,1,1,1,desktop,Macintosh,United States,Tennessee,(data deleted),(data deleted),71.52,49,6,purchase
88047722.9006162292,7721383238,2020-12-13,1,0,0,0,0,0,desktop,Windows,United States,California,(direct),(none),0.0,1,1,session_only
6362027.7667077925,2024220543,2020-11-27,1,0,0,0,0,0,mobile,Web,India,Tamil Nadu,(direct),(none),0.0,1,1,session_only
7088648.3942447209,3594029242,2020-12-22,1,0,0,0,0,0,desktop,Web,United States,California,<Other>,<Other>,0.0,1,1,session_only
3159540.1126739516,7122540643,2020-11-03,1,0,0,0,0,0,desktop,Web,United States,New York,google,cpc,0.0,1,1,session_only
7167937.8118911937,3422714447,2020-12-31,1,0,0,0,0,0,mobile,Android,Canada,Alberta,<Other>,<Other>,0.0,1,1,session_only
4229717.4815659011,591684992,2021-01-28,1,0,0,0,0,0,desktop,Web,Vietnam,Ho Chi Minh City,(data deleted),(data deleted),0.0,1,1,session_only
1635490.0356115180,739689747,2020-12-12,1,0,0,0,0,0,desktop,Macintosh,Japan,Tokyo,google,organic,0.0,1,1,session_only
4330779.5659197334,1298695599,2020-11-06,1,0,0,0,0,0,desktop,Macintosh,United States,Indiana,<Other>,referral,0.0,1,1,session_only
6907870.6816785534,4672623841,2021-01-24,1,1,1,1,1,1,desktop,<Other>,United States,California,(data deleted),(data deleted),0.0,47,6,purchase
37312730.1216270172,8111847613,2020-11-24,1,1,0,1,1,1,tablet,Web,United States,Georgia,<Other>,<Other>,0.0,12,6,purchase
87068928.3775816967,2075587258,2020-12-25,1,0,0,0,0,0,desktop,Macintosh,Indonesia,West Java,google,organic,0.0,1,1,session_only
3695839.4718642603,378279399,2020-12-19,1,0,0,0,0,0,desktop,Windows,South Korea,Chungcheongnam-do,<Other>,referral,0.0,1,1,session_only
44640638.5240973545,3777621478,2021-01-04,1,0,0,0,0,0,desktop,Windows,India,Telangana,google,organic,0.0,1,1,session_only
31787822.0146075209,7982332504,2020-11-21,1,1,0,1,0,0,desktop,Web,United States,Virginia,<Other>,<Other>,0.0,13,4,begin_checkout
15795288.9820596399,4857649201,2020-11-16,1,0,0,0,0,0,desktop,Windows,Australia,New South Wales,google,cpc,0.0,1,1,session_only
4565317088.8669266509,9611792029,2021-01-25,1,0,0,0,0,0,desktop,Web,Italy,Campania,google,organic,0.0,1,1,session_only
50119886.1537339434,8866460683,2020-11-22,1,0,0,0,0,0,mobile,iOS,United States,Tennessee,(direct),(none),0.0,1,1,session_only
9206406566.8979078954,1902998357,2020-11-27,1,0,0,0,0,0,tablet,Web,France,Centre-Val de Loire,google,organic,0.0,1,1,session_only
5606272.9957309287,1230916046,2020-11-18,1,1,0,0,0,0,mobile,Web,United States,Indiana,shop.googlemerchandisestore.com,referral,0.0,2,2,view_item
3086639.3847803643,5439858981,2020-11-09,1,1,0,0,0,0,mobile,Android,India,Karnataka,<Other>,referral,0.0,2,2,view_item
8424214.8647015708,8926806262,2021-01-02,1,0,0,0,0,0,desktop,Web,Canada,Quebec,shop.googlemerchandisestore.com,referral,0.0,1,1,session_only
5247045.3321411478,9348462893,2021-01-28,1,0,0,0,0,0,desktop,Web,Singapore,(not set),google,organic,0.0,1,1,session_only
67219954.8671420437,3899286670,2020-11-24,1,0,0,0,0,0,mobile,Web,United States,Virginia,<Other>,<Other>,0.0,1,1,session_only
14302032.1404243708,8929053178,2021-01-09,1,1,1,1,1,1,mobile,Web,United States,California,(direct),(none),23.75,32,6,purchase
42564424.1702292746,1105118911,2021-01-01,1,0,0,0,0,0,desktop,Macintosh,United States,Arkansas,<Other>,<Other>,0.0,1,1,session_only
6039986.2427041519,6772132337,2021-01-28,1,1,0,0,0,0,mobile,Web,United States,Massachusetts,<Other>,organic,0.0,2,2,view_item
8766233.7552638303,7190845551,2020-12-30,1,0,0,0,0,0,desktop,Web,United States,New York,google,organic,0.0,1,1,session_only
91770331.5012545551,545674571,2021-01-05,1,0,0,0,0,0,mobile,Web,United States,Maine,(data deleted),(data deleted),0.0,1,1,session_only
3242915.8961841434,1953421155,2021-01-09,1,0,0,0,0,0,desktop,Macintosh,Spain,Madrid,<Other>,<Other>,0.0,1,1,session_only
1462232.5557259830,9599230634,2020-11-13,1,0,0,0,0,0,desktop,Web,Poland,Masovian Voivodeship,(direct),(none),0.0,1,1,session_only
17222618.2006406921,4452410708,2020-11-09,1,0,0,0,0,0,desktop,Web,United States,Texas,google,organic,0.0,1,1,session_only
87026385.9550391048,2508032584,2021-01-03,1,0,0,0,0,0,desktop,Web,United States,Texas,google,organic,0.0,1,1,session_only
38261843.7597187705,9450830543,2021-01-17,1,0,0,0,0,0,mobile,iOS,Canada,Ontario,shop.googlemerchandisestore.com,referral,0.0,1,1,session_only
7143009544.0618551888,7830755667,2020-12-25,1,0,0,0,0,0,desktop,Macintosh,United States,California,(direct),(none),0.0,1,1,session_only
12612352.2821050264,9901167850,2021-01-19,1,0,0,0,0,0,tablet,Android,Guatemala,Guatemala Department,<Other>,referral,0.0,1,1,session_only
64341861.8413774437,8616942981,2021-01-19,1,0,0,0,0,0,desktop,Windows,United Kingdom,Scotland,<Other>,referral,0.0,1,1,session_only
3759094.4720352671,6989740071,2021-01-26,1,0,0,0,0,0,desktop,Web,Brazil,State of Sao Paulo,(direct),(none),0.0,1,1,session_only
38206290.7742169506,3212014321,2021-01-10,1,1,0,0,0,0,desktop,Web,Netherlands,(not set),google,organic,0.0,2,2,view_item
4296643.9048027754,8809887815,2020-11-18,1,0,0,0,0,0,desktop,Web,India,Maharashtra,(direct),(none),0.0,1,1,session_only
68431214.2032318201,1599140801,2021-01-18,1,0,0,0,0,0,mobile,Android,Bosnia & Herzegovina,Federation of Bosnia and Herzegovina,<Other>,referral,0.0,1,1,session_only
63060678.6269508391,8594000568,2020-12-22,1,0,0,0,0,0,mobile,Web,Philippines,Metro Manila,<Other>,<Other>,0.0,1,1,session_only
81248110.1059937740,6981906691,2021-01-02,1,0,0,0,0,0,mobile,iOS,China,Guangdong Province,google,organic,0.0,1,1,session_only
8588501201.0090895807,5254411543,2020-12-30,1,0,0,0,0,0,desktop,Web,United States,California,shop.googlemerchandisestore.com,referral,0.0,1,1,session_only
7800810.3847750292,4013232833,2020-11-14,1,0,0,0,0,0,desktop,Windows,Poland,Lodz Voivodeship,(direct),(none),0.0,1,1,session_only
8033278.0240570751,7078103873,2020-12-24,1,0,0,0,0,0,desktop,Web,United States,Minnesota,(direct),(none),0.0,1,1,session_only
50939647.2275692985,2114599962,2020-12-30,1,0,0,0,0,0,desktop,Windows,Japan,(not set),google,organic,0.0,1,1,session_only
70354728.4398580412,5054780465,2021-01-12,1,0,0,0,0,0,mobile,iOS,India,Delhi,google,organic,0.0,1,1,session_only
21296629.7218600303,569409083,2021-01-28,1,1,0,0,0,0,mobile,Web,Taiwan,Taipei City,google,organic,0.0,3,2,view_item
5373702.2027479816,2003723845,2020-12-20,1,0,0,0,0,0,desktop,Web,Vietnam,(not set),google,organic,0.0,1,1,session_only
20578258.7353566486,3272869052,2021-01-23,1,0,0,0,0,0,desktop,Web,United States,Massachusetts,shop.googlemerchandisestore.com,referral,0.0,1,1,session_only
1920897.0922779931,6392438080,2020-11-08,1,0,0,0,0,0,desktop,Windows,Bulgaria,Sofia City Province,(data deleted),(data deleted),0.0,1,1,session_only
24815819.0591891644,7590441223,2021-01-31,1,0,0,0,0,0,mobile,Web,United Arab Emirates,Dubai,<Other>,<Other>,0.0,1,1,session_only
1559930.7416565217,3518723229,2021-01-29,1,1,1,1,1,1,desktop,Web,Switzerland,Zurich,(direct),(none),0.0,27,6,purchase
61389058.5363241711,795599953,2020-11-19,1,0,0,0,0,0,mobile,Web,United States,Ohio,google,organic,0.0,1,1,session_only
25835460.9030051139,3865232315,2021-01-02,1,0,0,0,0,0,desktop,Web,India,Delhi,google,organic,0.0,1,1,session_only
4452401.1473254010,8038959549,2020-12-23,1,0,0,0,0,0,desktop,Macintosh,Germany,Schleswig-Holstein,<Other>,referral,0.0,1,1,session_only
6780018.5844674180,2095669608,2020-12-12,1,0,0,0,0,0,mobile,iOS,United States,Florida,google,organic,0.0,1,1,session_only
5601371.3486032418,5490717215,2021-01-04,1,0,0,0,0,0,mobile,Android,United States,California,google,organic,0.0,1,1,session_only
54124872.4805289482,3663718285,2021-01-17,1,0,0,0,0,0,mobile,Android,Singapore,(not set),google,organic,0.0,1,1,session_only
60113410.3277047591,8502838369,2020-11-09,1,0,0,0,0,0,mobile,iOS,United States,New Hampshire,<Other>,<Other>,0.0,1,1,session_only
8676628.3348763656,79358746,2021-01-07,1,0,0,0,0,0,desktop,Web,Australia,New South Wales,<Other>,<Other>,0.0,1,1,session_only
60264252.6968674066,7818596367,2020-11-03,1,0,0,0,0,0,desktop,Macintosh,Ukraine,(not set),google,organic,0.0,1,1,session_only
74899100.8602082526,4880420127,2020-12-05,1,0,0,0,0,0,desktop,<Other>,United States,California,shop.googlemerchandisestore.com,referral,0.0,1,1,session_only
82568967.1738331846,3984148172,2020-11-26,1,0,0,0,0,0,desktop,Web,United States,California,(direct),(none),0.0,1,1,session_only
67812300.5567687548,7179760555,2021-01-07,1,0,0,0,0,0,mobile,Web,Thailand,Bangkok,shop.googlemerchandisestore.com,referral,0.0,1,1,session_only
5242035.8120084727,6766579876,2020-11-27,1,0,0,0,0,0,desktop,Web,United States,Kentucky,google,organic,0.0,1,1,session_only
68695074.3488639348,9140261465,2021-01-16,1,0,0,0,0,0,desktop,Windows,Sweden,(not set),google,organic,0.0,1,1,session_only
80968217.7769808280,332588287,2020-12-30,1,0,0,0,0,0,desktop,Web,United States,Connecticut,<Other>,<Other>,0.0,1,1,session_only
60199360.3509284136,4994756083,2020-12-29,1,1,0,0,0,0,desktop,Web,New Zealand,(not set),google,organic,0.0,8,2,view_item
6474740.9832985685,7132670870,2020-11-22,1,1,0,1,1,1,mobile,Web,United States,Wisconsin,google,organic,105.6,19,6,purchase
8480770.3202255026,1186705710,2020-11-02,1,1,0,0,0,0,desktop,Web,India,Rajasthan,google,organic,0.0,4,2,view_item
1060560.7397885964,8545389436,2020-11-02,1,0,0,0,0,0,desktop,Web,Ukraine,Kyiv city,google,organic,0.0,1,1,session_only
4931861.2457185094,4919169986,2020-11-19,1,0,0,0,0,0,desktop,Web,United States,Kansas,(direct),(none),0.0,1,1,session_only
10072858.6095015875,4277559629,2020-12-26,1,0,0,0,0,0,desktop,Windows,Latvia,Riga,google,organic,0.0,1,1,session_only
7154123.2170024355,6657106172,2020-11-02,1,0,0,0,0,0,mobile,Web,United States,Texas,google,organic,0.0,1,1,session_only
46693899.4264172499,6180523600,2020-11-27,1,0,0,0,0,0,desktop,Macintosh,United States,California,<Other>,organic,0.0,1,1,session_only
88068021.6446437503,9099304628,2020-12-13,1,1,1,0,0,0,mobile,Web,United States,California,(data deleted),(data deleted),0.0,4,3,add_to_cart
1942044.3779647156,1733416676,2021-01-08,1,0,0,0,0,0,mobile,Android,United Kingdom,England,google,organic,0.0,1,1,session_only
6474740.9832985685,8363691540,2020-11-24,1,0,0,0,0,0,mobile,Web,United States,Wisconsin,(data deleted),(data deleted),0.0,1,1,session_only
4070323.8854487674,7789666601,2020-11-07,1,0,0,0,0,0,desktop,Windows,Ukraine,(not set),shop.googlemerchandisestore.com,referral,0.0,1,1,session_only
81894085.3422774223,1788192033,2020-12-22,1,1,1,1,1,1,desktop,Web,United States,Florida,shop.googlemerchandisestore.com,referral,0.0,22,6,purchase
9103657.2686559056,730432129,2020-12-05,1,0,0,0,0,0,desktop,<Other>,Canada,Quebec,google,organic,0.0,1,1,session_only
30898194.2271796451,9134587160,2020-11-15,1,0,0,0,0,0,desktop,Web,China,Jiangsu,google,organic,0.0,1,1,session_only
5659843.1246145941,6388083984,2020-12-27,1,0,0,0,0,0,tablet,Android,United States,South Carolina,(data deleted),(data deleted),0.0,1,1,session_only
6072463.1803217592,4544856845,2021-01-26,1,1,0,0,0,0,desktop,Web,United States,Virginia,google,organic,0.0,24,2,view_item
13299343.8502521296,1840575796,2020-11-05,1,1,0,0,0,0,mobile,iOS,United States,New York,(direct),(none),0.0,3,2,view_item
2476173.9104747305,6619857356,2020-11-13,1,1,0,1,1,1,desktop,Web,United States,Washington,(data deleted),(data deleted),0.0,7,6,purchase
4375097.3281963206,1427438612,2020-12-30,1,0,0,0,0,0,mobile,iOS,United States,Nebraska,<Other>,referral,0.0,1,1,session_only
8667820.9585777357,8392437351,2020-11-08,1,1,0,0,0,0,mobile,Web,United States,Virginia,(data deleted),(data deleted),0.0,34,2,view_item
27980328.9597160201,8955537204,2020-11-24,1,0,0,0,0,0,desktop,Macintosh,Spain,Catalonia,shop.googlemerchandisestore.com,referral,0.0,1,1,session_only
22769421.9790874539,1315363896,2020-12-26,1,0,0,0,0,0,desktop,Web,India,Kerala,<Other>,<Other>,0.0,1,1,session_only
8831940.0155226972,6748982036,2021-01-25,1,0,0,0,0,0,desktop,<Other>,United States,Texas,<Other>,<Other>,0.0,1,1,session_only
29324777.5772627507,4319853056,2020-11-23,1,0,0,0,0,0,desktop,Web,Poland,Masovian Voivodeship,(direct),(none),0.0,1,1,session_only
59841312.2227971487,4854592767,2020-11-03,1,0,0,0,0,0,desktop,Web,United States,Arizona,google,organic,0.0,1,1,session_only
68201230.1980601340,5441761452,2021-01-26,1,0,0,0,0,0,desktop,Web,Japan,(not set),(data deleted),(data deleted),0.0,1,1,session_only
76351338.4186898434,6908856720,2021-01-30,1,0,0,0,0,0,mobile,iOS,Turkey,Istanbul,<Other>,<Other>,0.0,1,1,session_only
69193300.1901961273,1086154739,2020-12-30,1,1,1,1,1,1,desktop,Web,United States,California,google,organic,39.36,38,6,purchase
12685393.9403178429,3572621012,2021-01-04,1,0,0,0,0,0,mobile,Android,France,Occitanie,google,organic,0.0,1,1,session_only
3190466.5121757948,4061714083,2020-11-19,1,0,0,0,0,0,desktop,Web,India,Telangana,google,organic,0.0,1,1,session_only
6069037.1009882752,6148302012,2021-01-21,1,1,0,0,0,0,mobile,Web,United States,Michigan,<Other>,<Other>,0.0,3,2,view_item
1093712.6984998659,6526024750,2020-12-20,1,1,1,1,0,0,mobile,iOS,India,Uttar Pradesh,(direct),(none),0.0,24,4,begin_checkout
8965937.3096364473,6925745504,2020-11-26,1,0,0,0,0,0,mobile,Web,United Kingdom,England,<Other>,<Other>,0.0,1,1,session_only
86037530.6868603260,391886771,2020-11-23,1,0,0,0,0,0,desktop,Macintosh,United States,California,google,organic,0.0,1,1,session_only
5892754.6893568008,741048668,2021-01-10,1,0,0,0,0,0,desktop,Macintosh,India,Uttar Pradesh,<Other>,<Other>,0.0,1,1,session_only
42348355.2563670584,3303404323,2021-01-22,1,0,0,0,0,0,mobile,iOS,Turkey,(not set),<Other>,<Other>,0.0,1,1,session_only
16095357.8617441591,8619292142,2020-11-05,1,0,0,0,0,0,mobile,Web,United States,Connecticut,google,organic,0.0,1,1,session_only
52250768.9908265393,123111365,2021-01-08,1,0,0,0,0,0,desktop,Web,United States,Pennsylvania,<Other>,<Other>,0.0,1,1,session_only
70729736.0474712616,4632275403,2021-01-29,1,0,0,0,0,0,mobile,iOS,Saudi Arabia,Riyadh Province,shop.googlemerchandisestore.com,referral,0.0,1,1,session_only
30027692.5764057467,7964716635,2020-12-30,1,0,0,0,0,0,desktop,Windows,United States,Texas,<Other>,organic,0.0,1,1,session_only
6133005.7365586107,5905697196,2020-12-30,1,0,0,0,0,0,mobile,Web,Italy,Lombardy,google,organic,0.0,1,1,session_only
23954427.5167015735,6861854327,2020-11-08,1,1,0,0,0,0,desktop,Windows,United States,Texas,google,organic,0.0,5,2,view_item
31011830.6087037728,8499450096,2021-01-08,1,0,0,0,0,0,desktop,Windows,United States,Illinois,<Other>,referral,0.0,1,1,session_only
4797041.2255229696,4342242439,2021-01-19,1,0,0,0,0,0,mobile,Web,India,Odisha,google,organic,0.0,1,1,session_only
38394297.5236804108,2652150107,2021-01-28,1,0,0,0,0,0,mobile,Web,United States,Minnesota,<Other>,<Other>,0.0,1,1,session_only
91588255.6679325538,6944776700,2020-12-05,1,1,0,0,0,0,mobile,Web,United States,Virginia,(direct),(none),0.0,9,2,view_item
9187932.2540234474,5021852442,2021-01-21,1,0,0,0,0,0,mobile,Web,Spain,(not set),<Other>,organic,0.0,1,1,session_only
24141072.7588671596,9157067569,2021-01-28,1,0,0,0,0,0,desktop,Web,China,Sichuan,(data deleted),(data deleted),0.0,1,1,session_only
40660116.2573178921,6858983918,2021-01-12,1,0,0,0,0,0,desktop,Web,Ireland,County Dublin,shop.googlemerchandisestore.com,referral,0.0,1,1,session_only
5572244.1934567220,4202573323,2021-01-21,1,0,0,0,0,0,mobile,Android,India,Maharashtra,<Other>,<Other>,0.0,1,1,session_only
1399765.4837016459,526196425,2020-11-19,1,0,0,0,0,0,desktop,Windows,Philippines,Metro Manila,<Other>,<Other>,0.0,1,1,session_only
89528693.3244731910,7856468147,2021-01-29,1,0,0,0,0,0,desktop,Web,(not set),(not set),shop.googlemerchandisestore.com,referral,0.0,1,1,session_only
8834380.8969897486,7432453530,2020-12-12,1,0,0,0,0,0,desktop,Web,United States,New Hampshire,(direct),(none),0.0,1,1,session_only
87287333.2789751420,7179292699,2021-01-31,1,0,0,0,0,0,desktop,Windows,United States,California,google,organic,0.0,1,1,session_only
65749730.3230488412,7185262574,2021-01-13,1,0,0,0,0,0,desktop,Windows,United States,Pennsylvania,<Other>,organic,0.0,1,1,session_only
44093840.8232543120,6092400728,2020-11-23,1,0,0,0,0,0,desktop,Macintosh,Spain,Andalusia,shop.googlemerchandisestore.com,referral,0.0,1,1,session_only
1760285.2850973279,5939040694,2020-11-06,1,0,0,0,0,0,desktop,Web,United States,Arizona,<Other>,<Other>,0.0,1,1,session_only
9222870.9095775010,3184639688,2021-01-13,1,0,0,0,0,0,desktop,Macintosh,United States,Ohio,shop.googlemerchandisestore.com,referral,0.0,1,1,session_only
4654618944.7101403966,8880787523,2020-12-23,1,1,0,0,0,0,desktop,Web,United States,Wisconsin,(data deleted),(data deleted),0.0,5,2,view_item
78620762.5620601215,6022629914,2020-12-24,1,0,0,0,0,0,mobile,iOS,Sweden,Stockholm County,google,organic,0.0,1,1,session_only
33415791.3018637208,3076131155,2021-01-08,1,0,0,0,0,0,desktop,Web,India,Rajasthan,google,organic,0.0,1,1,session_only
18018667.4752270754,5454842650,2020-12-05,1,0,0,0,0,0,mobile,Web,India,Haryana,<Other>,referral,0.0,1,1,session_only
80133734.9366717619,7053032981,2021-01-18,1,1,1,1,1,1,mobile,Android,Turkey,Ankara,google,organic,0.0,41,6,purchase
48539518.3535801617,7787774249,2020-12-31,1,0,0,0,0,0,desktop,Macintosh,United States,New Jersey,google,organic,0.0,1,1,session_only
34415656.0053317100,2834099374,2021-01-11,1,0,0,0,0,0,mobile,Web,United States,Nebraska,(direct),(none),0.0,1,1,session_only
4843752.0289531708,2689342518,2020-11-24,1,0,0,0,0,0,desktop,Web,Spain,Community of Madrid,<Other>,<Other>,0.0,1,1,session_only
21475887.0420509580,6486902577,2020-11-05,1,0,0,0,0,0,mobile,Web,Canada,Saskatchewan,<Other>,<Other>,0.0,1,1,session_only
8358782.2453637659,7006412494,2021-01-07,1,0,0,0,0,0,desktop,Windows,France,Pays de la Loire,google,organic,0.0,1,1,session_only
85007597.7435730741,3272129599,2021-01-13,1,0,0,0,0,0,desktop,Windows,Canada,Alberta,(direct),(none),0.0,1,1,session_only
76451226.1855213755,871427564,2020-11-02,1,0,0,0,0,0,mobile,Web,United States,Ohio,<Other>,<Other>,0.0,1,1,session_only
26869413.1979446467,5447995124,2020-11-19,1,1,1,1,1,1,desktop,Windows,United States,California,<Other>,<Other>,115.2,23,6,purchase
2529905.4611969500,19953279,2021-01-11,1,0,0,0,0,0,mobile,iOS,Canada,Ontario,google,organic,0.0,1,1,session_only
70012367.5807027930,4383458837,2021-01-21,1,1,0,0,0,0,mobile,Web,Japan,Chiba,(direct),(none),0.0,4,2,view_item
34009416.7866578706,4750865711,2021-01-21,1,1,0,0,0,0,mobile,Android,France,Ile-de-France,<Other>,referral,0.0,5,2,view_item
9194750597.3936715524,8750270063,2020-11-08,1,0,0,0,0,0,desktop,Web,Netherlands,South Holland,google,organic,0.0,1,1,session_only
4307685.2817331663,1239354943,2021-01-11,1,0,0,0,0,0,mobile,Android,United States,Washington,<Other>,<Other>,0.0,1,1,session_only
8953867.1113806638,3381071057,2021-01-13,1,0,0,0,0,0,desktop,Windows,United States,Texas,(direct),(none),0.0,1,1,session_only
28098063.8956188335,2548160481,2020-12-05,1,1,0,0,0,0,mobile,Web,United Kingdom,England,<Other>,<Other>,0.0,2,2,view_item
1426216.0164980883,6965106536,2020-12-13,1,0,0,0,0,0,desktop,Web,United States,Texas,google,organic,0.0,1,1,session_only
4305697.3679130033,1714117727,2021-01-28,1,0,0,0,0,0,desktop,Macintosh,Poland,Lesser Poland Voivodeship,shop.googlemerchandisestore.com,referral,0.0,1,1,session_only
26299811.9405908109,3174233512,2020-11-16,1,0,0,0,0,0,mobile,Web,Canada,Alberta,<Other>,<Other>,0.0,1,1,session_only
77649747.9636176580,5550104059,2021-01-09,1,0,0,0,0,0,mobile,iOS,United States,Pennsylvania,google,organic,0.0,1,1,session_only
72419974.9068956479,4943153967,2021-01-13,1,0,0,0,0,0,desktop,Web,Pakistan,Punjab,google,organic,0.0,1,1,session_only
58701200.9912003042,1112212886,2020-12-25,1,1,0,0,0,0,mobile,Android,China,Beijing,<Other>,organic,0.0,3,2,view_item
22481360.8665140780,5246662328,2020-11-29,1,1,0,0,0,0,mobile,iOS,India,Tamil Nadu,(direct),(none),0.0,3,2,view_item
2889380.0850018476,5526119287,2021-01-25,1,0,0,0,0,0,desktop,Web,Canada,British Columbia,google,organic,0.0,1,1,session_only
1905904.9735856991,2253010871,2020-11-13,1,0,0,0,0,0,desktop,Web,United States,Michigan,(direct),(none),0.0,1,1,session_only
5737685.0628415094,9469038872,2021-01-04,1,0,0,0,0,0,mobile,Android,United States,Texas,(direct),(none),0.0,1,1,session_only
2863374.0321848975,3568449085,2020-11-16,1,1,0,0,0,0,desktop,Web,India,Kerala,google,organic,0.0,4,2,view_item
7644162.9250237414,9110401134,2021-01-07,1,0,0,0,0,0,desktop,Web,Bulgaria,(not set),shop.googlemerchandisestore.com,referral,0.0,1,1,session_only
23370900.8758864134,2335273063,2020-11-26,1,0,0,0,0,0,mobile,Web,Colombia,Bogota,<Other>,organic,0.0,1,1,session_only
9059142.9615883705,3155001498,2021-01-28,1,0,0,0,0,0,desktop,Windows,United States,(not set),google,organic,0.0,1,1,session_only
13171604.7912817342,7783854443,2021-01-02,1,0,0,0,0,0,mobile,Android,United States,Washington,shop.googlemerchandisestore.com,referral,0.0,1,1,session_only
5121332.7042321291,8866823338,2021-01-01,1,0,0,0,0,0,desktop,Web,Canada,Alberta,google,organic,0.0,1,1,session_only
6127648.5281127622,4875020200,2021-01-12,1,0,0,0,0,0,mobile,Web,Canada,British Columbia,<Other>,<Other>,0.0,1,1,session_only
6285587.7381125244,808796158,2020-11-18,1,1,0,0,0,0,mobile,Web,Indonesia,Special Region of Yogyakarta,(data deleted),(data deleted),0.0,2,2,view_item
8880971.2681629248,5079215420,2020-12-26,1,0,0,0,0,0,mobile,iOS,Vietnam,Ho Chi Minh City,google,organic,0.0,1,1,session_only
54203540.1448077141,4300345705,2020-11-18,1,0,0,0,0,0,mobile,Web,Argentina,Buenos Aires,(direct),(none),0.0,1,1,session_only
6191583289.0291010729,8891261912,2020-12-27,1,0,0,0,0,0,mobile,Web,India,Karnataka,(direct),(none),0.0,1,1,session_only
45923364.2811848353,813972823,2020-11-09,1,1,0,0,0,0,desktop,Web,Canada,Ontario,google,organic,0.0,3,2,view_item
54968085.8826440015,2236711174,2020-11-24,1,0,0,0,0,0,desktop,Web,Australia,Victoria,google,organic,0.0,1,1,session_only
18117045.1051186496,6421221159,2021-01-28,1,0,0,0,0,0,desktop,Web,United States,Kansas,(direct),(none),0.0,1,1,session_only
9583986.5215252472,6442429952,2021-01-30,1,0,0,0,0,0,tablet,Web,United States,Connecticut,<Other>,referral,0.0,1,1,session_only
8144186.9439773185,2841231189,2020-12-12,1,1,0,0,0,0,desktop,Windows,Egypt,Cairo Governorate,<Other>,<Other>,0.0,2,2,view_item
62673494.5561158388,6772828294,2021-01-09,1,0,0,0,0,0,mobile,Android,Singapore,(not set),google,organic,0.0,1,1,session_only
73317479.4306868663,4637522552,2020-12-31,1,1,1,1,1,1,mobile,Web,United States,Texas,<Other>,referral,9.6,16,6,purchase
5178872.1333704262,1763346474,2021-01-12,1,1,0,0,0,0,mobile,Web,United States,Pennsylvania,<Other>,<Other>,0.0,3,2,view_item
6319397.3228621966,1024281299,2021-01-03,1,0,0,0,0,0,desktop,Windows,United Arab Emirates,Sharjah,(direct),(none),0.0,1,1,session_only
53762331.1737696019,8002681538,2021-01-17,1,0,0,0,0,0,mobile,Web,United States,Connecticut,<Other>,referral,0.0,1,1,session_only
63951327.8180844671,6154215619,2021-01-25,1,0,0,0,0,0,mobile,Web,United States,Oklahoma,(direct),(none),0.0,1,1,session_only
68750129.1572097058,8652318465,2021-01-03,1,0,0,0,0,0,mobile,Web,United States,Ohio,<Other>,<Other>,0.0,1,1,session_only
41686107.9387713873,4909502358,2020-12-20,1,0,0,0,0,0,mobile,Web,United States,California,<Other>,<Other>,0.0,1,1,session_only
63030159.1682998749,5876728473,2021-01-10,1,1,0,0,0,0,desktop,Web,Canada,Quebec,google,cpc,0.0,2,2,view_item
6044179.9713391423,8542735456,2020-11-26,1,1,1,1,1,1,mobile,Web,Germany,Brandenburg,<Other>,referral,29.6,11,6,purchase
1047881.3253923831,2430561651,2020-11-07,1,1,0,0,0,0,tablet,iOS,Poland,Silesian Voivodeship,google,organic,0.0,2,2,view_item
67245997.1882763984,5554462895,2020-12-22,1,0,0,0,0,0,desktop,Web,Poland,Lower Silesian Voivodeship,<Other>,organic,0.0,1,1,session_only
45025089.8114461780,4093771900,2021-01-05,1,0,0,0,0,0,desktop,Windows,Peru,(not set),google,organic,0.0,1,1,session_only
52217554.1421327823,6194404385,2020-11-08,1,0,0,0,0,0,mobile,iOS,France,Brittany,(data deleted),(data deleted),0.0,1,1,session_only
55844815.6916014920,9721370732,2020-11-02,1,0,0,0,0,0,mobile,iOS,India,Uttar Pradesh,(direct),(none),0.0,1,1,session_only
55885023.4499617019,2105514859,2021-01-03,1,0,0,0,0,0,desktop,Web,Trinidad & Tobago,(not set),<Other>,<Other>,0.0,1,1,session_only
9038823.9978976976,4430816301,2020-11-29,1,1,1,1,1,1,desktop,Web,Pakistan,Punjab,<Other>,referral,37.3,10,6,purchase
5450680091.9057225191,9240856960,2020-12-12,1,0,0,0,0,0,desktop,Web,United States,Iowa,shop.googlemerchandisestore.com,referral,0.0,1,1,session_only
3509457.2528318987,3260917937,2020-11-09,1,1,0,0,0,0,desktop,Web,United States,Michigan,google,organic,0.0,2,2,view_item
29839951.4176518125,2176011304,2020-12-20,1,1,1,1,1,0,desktop,Web,France,Pays de la Loire,(direct),(none),0.0,7,5,add_payment
1021288.7940272936,9012681,2020-12-23,1,0,0,0,0,0,desktop,Web,Kazakhstan,(not set),<Other>,<Other>,0.0,1,1,session_only
1434548.8581092193,7936117153,2020-12-12,1,0,0,0,0,0,mobile,Web,United States,Virginia,google,organic,0.0,1,1,session_only
5649854618.6762061054,1385529714,2021-01-10,1,0,0,0,0,0,desktop,Web,China,Shanghai,google,organic,0.0,1,1,session_only
3993378.4951068795,5431998756,2021-01-31,1,0,0,0,0,0,mobile,Web,Belgium,Wallonia,<Other>,referral,0.0,1,1,session_only
7258395.5374000977,5070364591,2021-01-14,1,0,0,0,0,0,mobile,iOS,United States,Massachusetts,(direct),(none),0.0,1,1,session_only
3801787.0833617335,9010726906,2021-01-28,1,1,0,0,0,0,desktop,Macintosh,India,Gujarat,google,organic,0.0,2,2,view_item
45957297.9590494220,2645317297,2020-11-23,1,1,0,0,0,0,desktop,Web,United States,Florida,(data deleted),(data deleted),0.0,15,2,view_item
3482958.9382245120,8890258141,2021-01-07,1,1,1,0,0,0,desktop,Web,Canada,Manitoba,<Other>,<Other>,0.0,51,3,add_to_cart
79247695.9730913442,2778939882,2020-11-28,1,1,1,1,0,0,desktop,Web,United States,New York,(direct),(none),0.0,4,4,begin_checkout
44308931.6243560863,7442872054,2020-11-02,1,0,0,0,0,0,desktop,Windows,United States,Texas,(direct),(none),0.0,1,1,session_only
6046786.8052407840,1685197076,2020-11-02,1,0,0,0,0,0,desktop,Web,Mexico,(not set),shop.googlemerchandisestore.com,referral,0.0,1,1,session_only
14556628.7658359214,3499596256,2020-11-15,1,0,0,0,0,0,desktop,Web,Austria,Vienna,<Other>,referral,0.0,1,1,session_only
2839184.8439943253,60041898,2021-01-17,1,0,0,0,0,0,mobile,Web,United States,Rhode Island,(direct),(none),0.0,1,1,session_only
81419042.4591357820,6526754644,2021-01-03,1,0,0,0,0,0,desktop,Web,Canada,Manitoba,google,organic,0.0,1,1,session_only
52011216.5035161275,3072998252,2020-12-12,1,0,0,0,0,0,mobile,Web,United States,Massachusetts,google,organic,0.0,1,1,session_only
69854892.3743739743,1769318433,2021-01-24,1,0,0,0,0,0,mobile,Android,Philippines,Metro Manila,<Other>,<Other>,0.0,1,1,session_only
12421089.9072096366,5163590463,2021-01-13,1,1,0,1,1,1,mobile,Web,United States,North Dakota,shop.googlemerchandisestore.com,referral,46.4,13,6,purchase
62377084.0421625283,5168812310,2020-12-29,1,0,0,0,0,0,desktop,Windows,Hong Kong,(not set),(direct),(none),0.0,1,1,session_only
7467250.8411412351,6094346981,2020-11-27,1,1,0,0,0,0,desktop,Web,Indonesia,Jakarta,(direct),(none),0.0,2,2,view_item
2429420.8318889276,7730426297,2020-11-09,1,0,0,0,0,0,mobile,iOS,France,Provence-Alpes-Cote d'Azur,(direct),(none),0.0,1,1,session_only
74972717.1202590271,1650562831,2021-01-05,1,1,1,1,1,1,desktop,Web,Japan,Saitama,google,organic,0.0,11,6,purchase
4316193.2547744108,7993328081,2020-11-26,1,0,0,0,0,0,desktop,Web,India,Maharashtra,google,cpc,0.0,1,1,session_only
21066269.5540796675,9472431923,2020-12-05,1,1,0,0,0,0,desktop,Windows,Thailand,Bangkok,shop.googlemerchandisestore.com,referral,0.0,4,2,view_item
5555919.6333130028,5412883833,2020-12-26,1,0,0,0,0,0,desktop,Macintosh,United States,Oklahoma,<Other>,<Other>,0.0,1,1,session_only
24873020.3572948696,3517435818,2020-11-16,1,0,0,0,0,0,desktop,<Other>,United States,Virginia,(data deleted),(data deleted),0.0,1,1,session_only
4151726.5884540856,367730803,2021-01-07,1,0,0,0,0,0,mobile,iOS,Spain,Valencian Community,shop.googlemerchandisestore.com,referral,0.0,1,1,session_only
68709329.9265175823,540495209,2020-11-05,1,0,0,0,0,0,mobile,iOS,South Korea,Gyeonggi-do,(data deleted),(data deleted),0.0,1,1,session_only
34606308.6078983869,1206649065,2020-12-12,1,0,0,0,0,0,tablet,Android,United States,California,google,organic,0.0,1,1,session_only
7031674.2051780927,4711490150,2020-12-30,1,0,0,0,0,0,mobile,Web,United States,New York,<Other>,organic,0.0,1,1,session_only
7902078.8706736444,6768060749,2020-11-27,1,0,0,0,0,0,desktop,Web,United States,North Carolina,(direct),(none),0.0,1,1,session_only
82536340.5238527563,7234042276,2021-01-26,1,0,0,0,0,0,desktop,Web,South Korea,Gyeonggi-do,(direct),(none),0.0,1,1,session_only
64514535.2694140844,2189802334,2021-01-13,1,0,0,0,0,0,desktop,Web,United Kingdom,England,google,organic,0.0,1,1,session_only
21699710.8254083419,9196069189,2021-01-19,1,1,1,0,0,0,mobile,iOS,United States,Pennsylvania,<Other>,<Other>,0.0,31,3,add_to_cart
7987433.0547250841,2398504179,2020-11-26,1,0,0,1,1,1,desktop,Web,United States,California,(data deleted),(data deleted),16.24,5,6,purchase
19415352.8566781316,9368330284,2020-11-24,1,0,0,0,0,0,mobile,Android,India,Kerala,google,organic,0.0,1,1,session_only
6388972.0789445660,22028061,2020-11-07,1,0,0,0,0,0,desktop,Web,Canada,Ontario,<Other>,referral,0.0,1,1,session_only
91772028.3346381707,817724200,2020-11-21,1,1,0,0,0,0,mobile,Web,Canada,Quebec,shop.googlemerchandisestore.com,referral,0.0,2,2,view_item
6548464.6802578491,2496156528,2021-01-14,1,0,0,0,0,0,desktop,Web,India,Maharashtra,(direct),(none),0.0,1,1,session_only
71426813.6484576444,5935170384,2020-11-24,1,1,0,1,1,1,desktop,Web,Indonesia,(not set),(data deleted),(data deleted),69.44,8,6,purchase
64553238.7269233246,2566059282,2020-12-05,1,1,1,1,0,0,desktop,Web,Canada,Nova Scotia,<Other>,<Other>,0.0,6,4,begin_checkout
37961292.7587466734,5158071485,2020-11-09,1,1,0,1,0,0,mobile,iOS,United States,Texas,google,organic,0.0,17,4,begin_checkout
3765667.0942176612,6119636498,2020-11-28,1,0,0,0,0,0,desktop,Web,United States,Texas,(direct),(none),0.0,1,1,session_only
5215219406.7989567181,225501607,2020-11-24,1,1,0,0,0,0,desktop,Macintosh,United States,Minnesota,(direct),(none),0.0,6,2,view_item
66572607.6285208357,6458856149,2020-11-02,1,0,0,0,0,0,desktop,Web,United States,Washington,(direct),(none),0.0,1,1,session_only
9702410.7096165019,7617644634,2020-11-09,1,0,0,0,0,0,mobile,iOS,United States,Pennsylvania,(direct),(none),0.0,1,1,session_only
55902631.9993952139,9662744527,2021-01-05,1,0,0,0,0,0,desktop,Macintosh,United States,Maryland,google,organic,0.0,1,1,session_only
5297219.0797104074,3047464975,2021-01-03,1,0,0,0,0,0,desktop,Macintosh,Italy,Lombardy,<Other>,<Other>,0.0,1,1,session_only
5302525.4338557945,7506509108,2020-12-27,1,0,0,0,0,0,desktop,Windows,United States,Florida,<Other>,<Other>,0.0,1,1,session_only
2159287.7246579454,1696436383,2020-12-25,1,0,0,0,0,0,tablet,Web,United States,Missouri,(direct),(none),0.0,1,1,session_only
1795540.6156637931,1686336655,2021-01-04,1,0,0,0,0,0,desktop,Web,Hong Kong,(not set),(direct),(none),0.0,1,1,session_only
83109899.6813491107,2263943829,2021-01-05,1,0,0,0,0,0,desktop,Web,United States,California,google,organic,0.0,1,1,session_only
48310608.0851812240,2263336895,2021-01-04,1,0,0,0,0,0,desktop,Windows,United States,Nevada,(direct),(none),0.0,1,1,session_only
74766617.1493247197,432773900,2020-11-23,1,0,0,0,0,0,desktop,Web,Philippines,Central Visayas,google,organic,0.0,1,1,session_only
2436583.7855754503,1203500825,2020-11-03,1,0,0,0,0,0,desktop,Web,Canada,Quebec,google,organic,0.0,1,1,session_only
15972213.0868499806,3770745950,2021-01-04,1,1,0,0,0,0,mobile,iOS,United States,South Carolina,(direct),(none),0.0,2,2,view_item
43999066.6956606536,3988905925,2021-01-04,1,0,0,0,0,0,mobile,Android,India,Telangana,google,organic,0.0,1,1,session_only
24006366.1954329758,7919722344,2020-11-26,1,1,1,1,1,1,mobile,Android,Netherlands,South Holland,google,organic,89.12,28,6,purchase
6967306.2726199289,2865554587,2020-12-24,1,0,0,0,0,0,desktop,Web,Singapore,(not set),<Other>,<Other>,0.0,1,1,session_only
84783593.4596998682,3273137746,2021-01-12,1,0,0,0,0,0,desktop,Web,Philippines,Metro Manila,google,organic,0.0,1,1,session_only
5615811.7994780548,7019995212,2021-01-23,1,0,0,0,0,0,mobile,Web,Spain,Valencian Community,google,organic,0.0,1,1,session_only
7964540.3168149307,8575461927,2021-01-08,1,0,0,0,0,0,mobile,iOS,United States,California,google,organic,0.0,1,1,session_only
7208781.2560106327,7375390943,2021-01-29,1,0,0,0,0,0,desktop,<Other>,United States,Arizona,(direct),(none),0.0,1,1,session_only
85716296.2746032609,5616010258,2021-01-22,1,0,0,0,0,0,desktop,Web,Japan,Kanagawa,shop.googlemerchandisestore.com,referral,0.0,1,1,session_only
8528741.8718702824,8405439282,2021-01-23,1,0,0,0,0,0,desktop,Web,United States,Maine,<Other>,organic,0.0,1,1,session_only
55352562.6734785817,9410559537,2020-12-20,1,0,0,0,0,0,desktop,Macintosh,United States,Wisconsin,shop.googlemerchandisestore.com,referral,0.0,1,1,session_only
4095110.4496374228,5692919886,2020-11-02,1,0,0,0,0,0,desktop,Web,France,Ile-de-France,google,organic,0.0,1,1,session_only
58623474.8376216823,402247933,2020-11-02,1,1,0,0,0,0,mobile,Android,United States,California,google,organic,0.0,3,2,view_item
91533304.1648766419,9185454888,2020-12-24,1,0,0,0,0,0,desktop,Web,Greece,Attica,google,organic,0.0,1,1,session_only
83062715.7797370523,8069667476,2021-01-07,1,0,0,0,0,0,desktop,Macintosh,Poland,Podkarpackie Voivodeship,<Other>,organic,0.0,1,1,session_only
42029383.7652261525,4923531006,2021-01-30,1,0,0,0,0,0,desktop,Web,India,Karnataka,(direct),(none),0.0,1,1,session_only
76145114.8547241288,8602330083,2021-01-09,1,0,0,0,0,0,mobile,Web,India,Telangana,<Other>,<Other>,0.0,1,1,session_only
83412254.2635197826,1965744766,2021-01-26,1,0,0,0,0,0,desktop,Web,United States,Texas,google,organic,0.0,1,1,session_only
7522467.8202531856,3523682503,2021-01-21,1,0,0,0,0,0,desktop,Macintosh,Hong Kong,(not set),google,organic,0.0,1,1,session_only
83613978.9749741132,7723622654,2021-01-07,1,0,0,0,0,0,desktop,Web,United States,California,(direct),(none),0.0,1,1,session_only
5664755.4857092540,10897833,2021-01-31,1,1,0,0,0,0,desktop,Windows,Canada,Ontario,google,cpc,0.0,4,2,view_item
390574897.7893289549,6765498666,2020-12-25,1,1,0,0,0,0,mobile,Android,United States,California,google,organic,0.0,3,2,view_item
74277754.1659163781,8120089983,2020-11-27,1,0,0,0,0,0,desktop,Web,Italy,Apulia,google,organic,0.0,1,1,session_only
8312742890.1061666144,3967284513,2020-12-24,1,1,1,0,0,0,mobile,iOS,United States,Illinois,(direct),(none),0.0,5,3,add_to_cart
1874770.6130983222,7879855228,2020-11-18,1,0,0,0,0,0,desktop,Web,Canada,New Brunswick,google,organic,0.0,1,1,session_only
8749587912.0069923981,9100191123,2020-12-25,1,0,0,0,0,0,desktop,Web,United States,Georgia,shop.googlemerchandisestore.com,referral,0.0,1,1,session_only
35560946.9674450307,5380792822,2021-01-02,1,0,0,0,0,0,desktop,Web,United States,California,<Other>,referral,0.0,1,1,session_only
1920958.4209209370,415088796,2021-01-19,1,0,0,0,0,0,desktop,Macintosh,India,Maharashtra,google,organic,0.0,1,1,session_only
24951776.4588227725,5041098415,2020-12-20,1,0,0,0,0,0,desktop,Web,Sweden,Vastra Gotaland County,google,organic,0.0,1,1,session_only
48038218.3483866311,1965289539,2021-01-03,1,1,0,0,0,0,desktop,Web,India,Karnataka,google,organic,0.0,2,2,view_item
8121899.6195087790,523175217,2021-01-09,1,1,0,0,0,0,desktop,Windows,Spain,Andalusia,<Other>,<Other>,0.0,3,2,view_item
61617905.2566081537,33119505,2021-01-12,1,1,1,1,1,1,desktop,Web,United States,Virginia,(data deleted),(data deleted),0.0,10,6,purchase
4994526.2781957830,4587292831,2021-01-29,1,1,1,0,0,0,desktop,Web,South Korea,Gyeonggi-do,(direct),(none),0.0,15,3,add_to_cart
3745400.8225585389,6022418719,2021-01-14,1,0,0,0,0,0,desktop,Web,Turkey,Bursa,<Other>,<Other>,0.0,1,1,session_only
65671033.8875667472,4062749755,2020-11-27,1,1,1,1,1,1,desktop,Windows,United States,Nebraska,<Other>,<Other>,0.0,24,6,purchase
25164806.6869638391,2837040167,2020-11-28,1,0,0,0,0,0,desktop,Web,United States,South Carolina,(direct),(none),0.0,1,1,session_only
55104787.0224772643,9184062162,2021-01-30,1,1,1,1,1,1,desktop,Web,United States,Missouri,(direct),(none),0.0,8,6,purchase
9376084001.9304476134,2022315018,2021-01-01,1,0,0,0,0,0,desktop,<Other>,India,Telangana,google,cpc,0.0,1,1,session_only
7218278.5299471058,5965503770,2021-01-30,1,1,1,0,0,0,mobile,Web,Norway,(not set),<Other>,referral,0.0,8,3,add_to_cart
39082965.2355112771,8916898018,2020-11-05,1,0,0,0,0,0,mobile,Android,Portugal,(not set),(data deleted),(data deleted),0.0,1,1,session_only
3214571.8489086871,8684533288,2021-01-07,1,0,0,0,0,0,mobile,iOS,Germany,Baden-Wurttemberg,shop.googlemerchandisestore.com,referral,0.0,1,1,session_only
2355195.4358305883,5884555992,2021-01-09,1,0,0,0,0,0,mobile,iOS,Canada,Ontario,google,organic,0.0,1,1,session_only
46459513.0994847240,1863754301,2020-11-07,1,0,0,0,0,0,desktop,Web,Poland,Masovian Voivodeship,<Other>,organic,0.0,1,1,session_only
7432218.4714698478,1552546610,2020-11-12,1,1,0,0,0,0,desktop,Windows,India,Uttar Pradesh,google,organic,0.0,7,2,view_item
6382725.2486581310,4159685512,2021-01-03,1,0,0,0,0,0,desktop,Windows,Canada,Ontario,<Other>,referral,0.0,1,1,session_only
3195002.0858215261,3684861050,2020-11-24,1,0,0,0,0,0,desktop,Macintosh,Netherlands,Utrecht,<Other>,referral,0.0,1,1,session_only
7140260.6345709311,7245729008,2021-01-02,1,0,0,0,0,0,desktop,Windows,India,Karnataka,google,organic,0.0,1,1,session_only
6685051.1345603732,9020123614,2021-01-25,1,1,1,1,1,1,desktop,Web,United States,California,google,organic,31.1,12,6,purchase
8107388.0216068726,8700071812,2020-12-27,1,0,0,0,0,0,mobile,iOS,United States,Florida,<Other>,<Other>,0.0,1,1,session_only
8955916623.0156282454,7798181295,2020-11-21,1,1,0,0,0,0,tablet,iOS,United States,Nebraska,(data deleted),(data deleted),0.0,2,2,view_item
90701337.8680936455,9866112371,2020-11-06,1,1,0,0,0,0,desktop,Macintosh,United Kingdom,Wales,(direct),(none),0.0,4,2,view_item
13646175.8067667761,3334059786,2021-01-24,1,0,0,0,0,0,desktop,Web,Sweden,Stockholm County,google,organic,0.0,1,1,session_only
83148542.5129755755,6237028437,2021-01-03,1,0,0,0,0,0,desktop,<Other>,India,Odisha,google,organic,0.0,1,1,session_only
3742127.0513262736,1803243808,2020-11-27,1,0,0,0,0,0,tablet,Web,Portugal,Porto District,(direct),(none),0.0,1,1,session_only
4065461.7682673531,4536770730,2020-12-27,1,0,0,0,0,0,mobile,iOS,Singapore,(not set),google,cpc,0.0,1,1,session_only
4083325.5248893526,325441315,2020-12-19,1,0,0,0,0,0,tablet,Android,United States,Michigan,(direct),(none),0.0,1,1,session_only
7014240.1991841100,9773416019,2021-01-19,1,1,0,0,0,0,desktop,Web,United States,Nebraska,<Other>,organic,0.0,5,2,view_item
1986751.4628685102,7281397440,2020-11-23,1,0,0,0,0,0,mobile,Web,France,Ile-de-France,google,organic,0.0,1,1,session_only
3634997.9943494491,3999104682,2021-01-01,1,0,0,0,0,0,mobile,iOS,Greece,Decentralized Administration of Attica,shop.googlemerchandisestore.com,referral,0.0,1,1,session_only
29820167.7267509768,7586059758,2021-01-19,1,0,0,0,0,0,desktop,Web,Taiwan,Taipei City,google,organic,0.0,1,1,session_only
91729452.2682919641,79791749,2021-01-14,1,0,0,0,0,0,tablet,iOS,United States,Washington,(data deleted),(data deleted),0.0,1,1,session_only
57108816.0120313864,8784716104,2021-01-03,1,0,0,0,0,0,mobile,Web,Poland,Lower Silesian Voivodeship,<Other>,referral,0.0,1,1,session_only
79526413.2534388634,5658010695,2021-01-05,1,0,0,0,0,0,desktop,Web,United States,Arizona,(data deleted),(data deleted),0.0,1,1,session_only
75167902.4970598426,1605202544,2021-01-03,1,0,0,0,0,0,mobile,Web,United States,California,google,organic,0.0,1,1,session_only
1560065.1521842796,491784094,2020-12-29,1,0,0,0,0,0,desktop,Windows,Japan,Osaka,(direct),(none),0.0,1,1,session_only
2221352.0772999791,7914034260,2021-01-13,1,1,0,1,1,1,mobile,Web,United Kingdom,England,google,organic,0.0,10,6,purchase
39267454.9810427922,5234893264,2021-01-26,1,0,0,0,0,0,mobile,iOS,Spain,Valencian Community,shop.googlemerchandisestore.com,referral,0.0,1,1,session_only
7557185.0567587287,3556671618,2021-01-08,1,0,0,0,0,0,mobile,Web,Belgium,Brussels,(direct),(none),0.0,1,1,session_only
1482564.3987701428,713903810,2020-11-02,1,1,0,1,1,1,desktop,Macintosh,United States,Georgia,google,organic,0.0,8,6,purchase
12005033.8589711637,4236419883,2020-12-19,1,1,0,0,0,0,mobile,Web,United States,Indiana,google,organic,0.0,3,2,view_item
3564375.5585963832,8919950920,2020-11-13,1,0,0,0,0,0,desktop,Windows,China,Shanghai,google,organic,0.0,1,1,session_only
81429474.8609794376,1522164151,2020-12-13,1,0,0,0,0,0,mobile,iOS,United States,Florida,google,organic,0.0,1,1,session_only
51186660.4359959700,2719676506,2021-01-22,1,0,0,0,0,0,mobile,Web,France,Hauts-de-France,shop.googlemerchandisestore.com,referral,0.0,1,1,session_only
6981597.3226847938,8070646488,2021-01-08,1,0,0,0,0,0,mobile,Android,Portugal,Lisbon,google,organic,0.0,1,1,session_only
92844058.9007760655,124990657,2020-11-13,1,1,0,1,0,0,desktop,Macintosh,United States,Oregon,google,organic,0.0,61,4,begin_checkout
6244680.1343010097,4092670189,2020-12-23,1,0,0,0,0,0,mobile,iOS,Turkey,Bursa,<Other>,<Other>,0.0,1,1,session_only
83137380.8622702229,1667904231,2021-01-22,1,0,0,0,0,0,mobile,Web,United States,Pennsylvania,<Other>,organic,0.0,1,1,session_only
49845064.5422259430,8279471189,2021-01-11,1,1,0,0,0,0,desktop,Web,Singapore,(not set),<Other>,referral,0.0,2,2,view_item
82065426.9524783116,3629277377,2020-11-13,1,0,0,0,0,0,desktop,Macintosh,Italy,Emilia-Romagna,shop.googlemerchandisestore.com,referral,0.0,1,1,session_only
65242213.1973442813,7435287032,2020-12-05,1,1,0,0,0,0,mobile,Android,Netherlands,South Holland,google,organic,0.0,5,2,view_item
8691497.0692664059,7920107019,2021-01-22,1,0,0,0,0,0,mobile,Web,United States,Michigan,google,organic,0.0,1,1,session_only
27936038.0484643430,2139608233,2020-12-27,1,1,0,0,0,0,mobile,Web,Taiwan,New Taipei City,google,organic,0.0,2,2,view_item
4122967.7212202115,6247508402,2020-12-29,1,0,0,0,0,0,desktop,Macintosh,United States,Florida,shop.googlemerchandisestore.com,referral,0.0,1,1,session_only
7865564.9491207783,5161425889,2021-01-13,1,0,0,0,0,0,desktop,Web,Spain,Castile-La Mancha,<Other>,<Other>,0.0,1,1,session_only
7774925.9093662799,7708823755,2021-01-21,1,1,0,0,0,0,desktop,Web,France,Grand Est,google,cpc,0.0,2,2,view_item
8631942970.3025003251,9710059147,2020-11-06,1,1,0,0,0,0,desktop,Windows,Australia,(not set),google,organic,0.0,2,2,view_item
61896924.0350786444,4468608864,2021-01-19,1,1,0,0,0,0,desktop,Windows,United States,New York,<Other>,<Other>,0.0,3,2,view_item
8444710.6592938513,2282537264,2021-01-24,1,0,0,0,0,0,mobile,Web,United States,Ohio,google,organic,0.0,1,1,session_only
75297841.9586357627,6036553528,2021-01-19,1,0,0,0,0,0,desktop,Macintosh,India,Uttar Pradesh,google,organic,0.0,1,1,session_only
72693047.6129316213,9701194126,2021-01-26,1,0,0,0,0,0,desktop,Macintosh,Greece,Decentralized Administration of Macedonia and Thrace,google,organic,0.0,1,1,session_only
17154966.4593211424,4157398184,2021-01-28,1,0,0,0,0,0,desktop,Web,Colombia,Bogota,(direct),(none),0.0,1,1,session_only
63921092.7619170374,4396658480,2021-01-19,1,1,0,0,0,0,desktop,Windows,India,Tamil Nadu,(direct),(none),0.0,2,2,view_item
26521546.0674230641,1014919860,2020-12-25,1,1,0,0,0,0,mobile,Web,United States,(not set),<Other>,organic,0.0,3,2,view_item
74406756.7487465921,4129888103,2020-11-19,1,0,0,0,0,0,desktop,Windows,Spain,Madrid,google,organic,0.0,1,1,session_only
8125413.9071479775,5029512295,2021-01-21,1,1,0,0,0,0,desktop,Web,Turkey,(not set),(direct),(none),0.0,2,2,view_item
82939291.3880547624,4407092577,2021-01-09,1,0,0,0,0,0,mobile,Web,Slovakia,(not set),(direct),(none),0.0,1,1,session_only
5882063.9095889879,2297059601,2020-11-22,1,0,0,0,0,0,desktop,Web,Russia,Moscow,<Other>,referral,0.0,1,1,session_only
67933811.0685908146,5711103896,2020-12-26,1,1,0,0,0,0,desktop,Windows,Belgium,Flanders,google,organic,0.0,2,2,view_item
68217659.6176300018,6992593029,2020-11-02,1,0,0,0,0,0,mobile,iOS,India,Delhi,google,cpc,0.0,1,1,session_only
4434759.3591076165,2762219591,2020-12-13,1,0,0,0,0,0,desktop,Web,United States,Nebraska,google,organic,0.0,1,1,session_only
3291648.9328205367,1640263686,2021-01-30,1,0,0,0,0,0,mobile,Web,Mexico,Mexico City,<Other>,<Other>,0.0,1,1,session_only
4788831.9830940863,9394011763,2021-01-14,1,0,0,0,0,0,desktop,Windows,Colombia,Bogota,google,organic,0.0,1,1,session_only
81137286.3746431855,4433760261,2020-11-05,1,0,0,0,0,0,mobile,Web,Germany,Hessen,google,organic,0.0,1,1,session_only
61749419.0629177892,4179599243,2020-12-30,1,0,0,1,1,1,tablet,Web,Germany,Baden-Wurttemberg,google,organic,0.0,9,6,purchase
37610251.4163099464,614346101,2020-11-21,1,0,0,0,0,0,desktop,Web,Ecuador,Guayas,google,organic,0.0,1,1,session_only
57999793.1641770918,6346473632,2020-11-19,1,0,0,0,0,0,desktop,Web,United States,Washington,(data deleted),(data deleted),0.0,1,1,session_only
5838157.1230618706,5767724186,2021-01-18,1,0,0,0,0,0,desktop,Macintosh,Germany,Baden-Wurttemberg,google,cpc,0.0,1,1,session_only
8228723.3446300548,1753371841,2021-01-16,1,0,0,0,0,0,desktop,Web,Peru,(not set),shop.googlemerchandisestore.com,referral,0.0,1,1,session_only
19022386.1946112707,9292837944,2020-12-05,1,0,0,0,0,0,tablet,iOS,United States,Pennsylvania,(direct),(none),0.0,1,1,session_only
2275812.6877912795,1572875298,2020-12-24,1,0,0,0,0,0,mobile,Web,United States,Oregon,<Other>,referral,0.0,1,1,session_only
84323891.4564966445,9123672040,2021-01-28,1,1,1,1,1,1,mobile,iOS,India,Delhi,<Other>,referral,0.0,14,6,purchase
79564117.0794646085,8596451011,2020-11-01,1,0,0,0,0,0,mobile,Web,India,Telangana,google,organic,0.0,1,1,session_only
1042028.8380668615,4505947559,2020-11-06,1,0,0,0,0,0,mobile,Web,Canada,Ontario,<Other>,organic,0.0,1,1,session_only
16971498.3470012299,9014680868,2021-01-23,1,1,0,0,0,0,desktop,Web,United States,Virginia,<Other>,<Other>,0.0,2,2,view_item
5910484.4820581955,4934119998,2020-11-09,1,1,0,0,0,0,mobile,Android,United States,Arizona,<Other>,referral,0.0,2,2,view_item
5736521.0739839190,1791693398,2021-01-25,1,0,0,0,0,0,mobile,Android,United States,Mississippi,<Other>,<Other>,0.0,1,1,session_only
30521407.9917763115,6958092755,2021-01-14,1,0,0,0,0,0,mobile,Web,United States,Georgia,(data deleted),(data deleted),0.0,1,1,session_only
98148492.3603908288,3150887905,2020-11-03,1,0,0,0,0,0,mobile,iOS,United States,Massachusetts,shop.googlemerchandisestore.com,referral,0.0,1,1,session_only
45182857.0638372056,4883986857,2020-12-30,1,0,0,0,0,0,desktop,Web,United States,New Jersey,<Other>,<Other>,0.0,1,1,session_only
8386549.2789835724,8623503900,2020-12-22,1,0,0,0,0,0,mobile,Web,United States,Massachusetts,<Other>,<Other>,0.0,1,1,session_only
6090392.2014698722,4646619236,2020-11-23,1,0,0,0,0,0,mobile,Web,France,Provence-Alpes-Cote d'Azur,google,organic,0.0,1,1,session_only
32605717.8054907429,8758582757,2020-11-03,1,0,0,0,0,0,desktop,Web,South Africa,(not set),google,organic,0.0,1,1,session_only
3103397.8438223081,219737510,2021-01-02,1,0,0,0,0,0,desktop,Web,Japan,Tokyo,<Other>,<Other>,0.0,1,1,session_only
90409393.1645511193,7560739185,2020-11-06,1,0,0,0,0,0,mobile,iOS,China,Zhejiang,(direct),(none),0.0,1,1,session_only
5558273.2492198100,9318966843,2020-11-19,1,0,0,0,0,0,desktop,Web,Spain,Catalonia,(data deleted),(data deleted),0.0,1,1,session_only
2673838.0168574449,2262366149,2021-01-12,1,0,0,0,0,0,mobile,Web,Ukraine,(not set),google,cpc,0.0,1,1,session_only
77572289.0520124143,4790924231,2021-01-02,1,1,0,0,0,0,mobile,Web,Canada,Alberta,(direct),(none),0.0,2,2,view_item
3243064.4676568091,9644017925,2020-11-18,1,0,0,0,0,0,desktop,<Other>,United States,California,(direct),(none),0.0,1,1,session_only
57946167.6238037987,5313967016,2021-01-04,1,0,0,0,0,0,mobile,Web,India,West Bengal,(direct),(none),0.0,1,1,session_only
7471001.6974606286,1343446216,2021-01-14,1,0,0,0,0,0,mobile,Web,Singapore,(not set),shop.googlemerchandisestore.com,referral,0.0,1,1,session_only
451961280.5793758228,7715190581,2020-11-26,1,0,0,0,0,0,desktop,Web,United States,Massachusetts,google,organic,0.0,1,1,session_only
8567104492.7376997087,4491337991,2021-01-01,1,0,0,0,0,0,desktop,Windows,United States,North Carolina,google,organic,0.0,1,1,session_only
74532110.0429521649,6176199362,2021-01-03,1,0,0,0,0,0,desktop,Web,Canada,Ontario,(direct),(none),0.0,1,1,session_only
18783227.3128560664,9575637933,2020-12-22,1,0,0,0,0,0,desktop,Web,United States,Virginia,google,organic,0.0,1,1,session_only
84877968.2409032603,868912837,2021-01-11,1,0,0,0,0,0,mobile,Android,United States,New York,(data deleted),(data deleted),0.0,1,1,session_only
7028837.9621816267,8731756566,2021-01-08,1,0,0,0,0,0,mobile,Web,United States,Nebraska,google,organic,0.0,1,1,session_only
7116655.4197150327,699936706,2020-11-06,1,0,0,0,0,0,mobile,Web,India,Uttar Pradesh,google,organic,0.0,1,1,session_only
2141181.9030327417,7388451607,2021-01-13,1,0,0,0,0,0,mobile,iOS,United States,Texas,shop.googlemerchandisestore.com,referral,0.0,1,1,session_only
4265125.4066254123,370646648,2020-11-08,1,0,0,0,0,0,mobile,iOS,India,Karnataka,<Other>,referral,0.0,1,1,session_only
8141047.3571811054,662200764,2021-01-21,1,0,0,0,0,0,mobile,Web,Austria,(not set),google,organic,0.0,1,1,session_only
51341541.2026841205,3873460860,2020-11-19,1,0,0,0,0,0,desktop,Macintosh,United States,Vermont,(data deleted),(data deleted),0.0,1,1,session_only
6765432.6286302232,3245654150,2021-01-08,1,0,0,0,0,0,desktop,<Other>,United States,New York,google,organic,0.0,1,1,session_only
4800740.6642814955,4135202014,2020-12-30,1,0,0,0,0,0,desktop,<Other>,United States,Ohio,shop.googlemerchandisestore.com,referral,0.0,1,1,session_only
3910368.1502587379,6893668819,2021-01-19,1,1,0,0,0,0,desktop,Windows,United States,Maryland,google,organic,0.0,2,2,view_item
64077640.4189911070,8625924608,2020-12-27,1,0,0,0,0,0,desktop,Windows,United States,Minnesota,(data deleted),(data deleted),0.0,1,1,session_only
2967255.9371191104,932170343,2020-12-30,1,0,0,0,0,0,desktop,Web,United States,Massachusetts,google,organic,0.0,1,1,session_only
2391935.9776348643,1988838673,2020-12-12,1,0,0,0,0,0,mobile,Web,United States,New York,(direct),(none),0.0,1,1,session_only
6526821.8926152173,3500703995,2020-11-05,1,0,0,0,0,0,desktop,Macintosh,India,Uttar Pradesh,(direct),(none),0.0,1,1,session_only
5990789.7633509287,7894976184,2021-01-25,1,0,0,0,0,0,mobile,Web,United States,Illinois,google,organic,0.0,1,1,session_only
10945301.9658204041,9840735448,2020-11-18,1,0,0,0,0,0,mobile,Web,United States,Minnesota,google,organic,0.0,1,1,session_only
10026404.5917092790,6897324811,2021-01-09,1,0,0,0,0,0,mobile,Web,India,Karnataka,shop.googlemerchandisestore.com,referral,0.0,1,1,session_only
7901886.0094284393,8367057089,2021-01-28,1,0,0,0,0,0,mobile,iOS,United States,Florida,<Other>,<Other>,0.0,1,1,session_only
78596657.7568663347,7249361033,2021-01-25,1,1,0,0,0,0,desktop,Web,Japan,Osaka,google,organic,0.0,2,2,view_item
4771702.1304367602,8185091431,2020-11-14,1,0,0,0,0,0,desktop,Web,United Kingdom,England,shop.googlemerchandisestore.com,referral,0.0,1,1,session_only
21296629.7218600303,6205888738,2021-01-30,1,1,0,0,0,0,mobile,Web,Taiwan,Taipei City,shop.googlemerchandisestore.com,referral,0.0,7,2,view_item
59952471.4449173379,4469170807,2020-11-29,1,0,0,0,0,0,desktop,Web,United States,New Jersey,google,organic,0.0,1,1,session_only
74732121.7080590286,2973546824,2021-01-29,1,0,0,0,0,0,mobile,Web,United Kingdom,Scotland,(direct),(none),0.0,1,1,session_only
24385428.8690092379,7277265939,2021-01-18,1,1,0,0,0,0,desktop,Web,Indonesia,Jakarta,<Other>,<Other>,0.0,2,2,view_item
2925443.5215081065,685956021,2021-01-22,1,0,0,0,0,0,desktop,Web,Canada,Ontario,google,organic,0.0,1,1,session_only
7624982.1460788144,9665808027,2021-01-24,1,1,0,0,0,0,desktop,<Other>,Malaysia,(not set),<Other>,referral,0.0,2,2,view_item
6597298.3087895853,8532175433,2021-01-18,1,0,0,0,0,0,mobile,Web,Taiwan,Taipei City,<Other>,<Other>,0.0,1,1,session_only
20033209.0121918707,4410422657,2020-11-29,1,1,0,0,0,0,desktop,Web,United States,Texas,<Other>,<Other>,0.0,2,2,view_item
56631404.9563074800,5927354651,2020-12-30,1,0,0,0,0,0,mobile,Web,India,Delhi,<Other>,<Other>,0.0,1,1,session_only
64047314.9011506357,857260734,2020-12-31,1,0,0,0,0,0,desktop,Web,Brazil,State of Rio Grande do Sul,google,organic,0.0,1,1,session_only
89687438.2528201009,2010364874,2021-01-19,1,1,0,0,0,0,desktop,Windows,United States,Illinois,google,organic,0.0,2,2,view_item
6020380.2675036238,8965233147,2020-12-24,1,0,0,0,0,0,mobile,Android,Spain,Madrid,google,organic,0.0,1,1,session_only
8028957.9411675072,2203304446,2020-12-12,1,0,0,0,0,0,mobile,Web,India,Delhi,shop.googlemerchandisestore.com,referral,0.0,1,1,session_only
8887550.0249248872,7761915564,2021-01-29,1,0,0,0,0,0,mobile,Web,India,Uttar Pradesh,google,organic,0.0,1,1,session_only
7760557.0840745683,6956096182,2020-12-29,1,0,0,0,0,0,desktop,Macintosh,United States,Kentucky,<Other>,referral,0.0,1,1,session_only
28449742.2370743757,4683115130,2021-01-01,1,0,0,0,0,0,desktop,Web,United States,California,(direct),(none),0.0,1,1,session_only
29704091.0978014606,2227635584,2021-01-16,1,1,0,0,0,0,mobile,iOS,India,Karnataka,(data deleted),(data deleted),0.0,2,2,view_item
2636635.9841922404,7911156850,2020-11-26,1,0,0,0,0,0,tablet,iOS,India,Rajasthan,<Other>,<Other>,0.0,1,1,session_only
4460154.8358038308,5051951073,2020-12-05,1,0,0,0,0,0,mobile,Web,United States,Virginia,google,organic,0.0,1,1,session_only
8049086.7243625568,3970713526,2020-12-30,1,0,0,0,0,0,desktop,Web,United States,Florida,(direct),(none),0.0,1,1,session_only
7228227.8312590708,9347479742,2020-11-18,1,0,0,0,0,0,desktop,Macintosh,Hungary,Budapest,<Other>,organic,0.0,1,1,session_only
23500300.0487419853,2034397869,2020-11-12,1,0,0,0,0,0,desktop,Web,United States,Ohio,(direct),(none),0.0,1,1,session_only
38289203.1964452116,9816976392,2020-11-16,1,0,0,0,0,0,mobile,Web,United States,California,<Other>,organic,0.0,1,1,session_only
1624875.9469354174,229199894,2020-11-29,1,0,0,0,0,0,desktop,Macintosh,Thailand,Bangkok,<Other>,referral,0.0,1,1,session_only
38720000.4562819923,5526735409,2021-01-29,1,0,0,0,0,0,tablet,iOS,United Kingdom,England,google,organic,0.0,1,1,session_only
2367425.7704840104,5429666605,2021-01-12,1,0,0,0,0,0,desktop,Web,Canada,Quebec,(direct),(none),0.0,1,1,session_only
62526775.3330591472,2853350685,2020-11-23,1,0,0,0,0,0,desktop,Web,United States,Illinois,google,organic,0.0,1,1,session_only
1525779.2780994637,3706427679,2020-11-02,1,1,0,1,1,1,mobile,Web,Lebanon,Beirut Governorate,google,organic,175.2,19,6,purchase
47162104.4429696956,3540628539,2021-01-21,1,0,0,0,0,0,mobile,iOS,United States,North Carolina,<Other>,<Other>,0.0,1,1,session_only
65899369.1141571745,7565437429,2020-11-08,1,0,0,0,0,0,desktop,Windows,Spain,Balearic Islands,google,organic,0.0,1,1,session_only
4386739801.2561589136,4022029533,2020-11-12,1,0,0,0,0,0,mobile,iOS,United States,Michigan,<Other>,<Other>,0.0,1,1,session_only
42898730.0570148952,8602227698,2021-01-03,1,1,0,0,0,0,mobile,iOS,United States,Michigan,google,organic,0.0,4,2,view_item
27792341.1855957753,6385602367,2020-11-24,1,0,0,0,0,0,desktop,Web,Peru,(not set),google,organic,0.0,1,1,session_only
2772684.6824117407,478303958,2021-01-21,1,0,0,0,0,0,mobile,Web,Peru,(not set),(direct),(none),0.0,1,1,session_only
84744903.4977342693,6497111585,2020-12-13,1,0,0,0,0,0,desktop,Web,United States,Virginia,google,organic,0.0,1,1,session_only
6093604770.9666909189,9559389200,2020-11-12,1,1,0,0,0,0,mobile,Web,United States,Georgia,(direct),(none),0.0,3,2,view_item
5864881.9215942360,5483292289,2021-01-18,1,1,0,0,0,0,mobile,iOS,United States,Hawaii,google,organic,0.0,4,2,view_item
7640621.7125730070,1049404405,2021-01-14,1,1,0,0,0,0,mobile,Android,Canada,Quebec,google,cpc,0.0,2,2,view_item
1276878608.0989533116,6915012847,2021-01-12,1,0,0,0,0,0,desktop,Web,United States,North Carolina,google,organic,0.0,1,1,session_only
761746295.3144592121,6776485251,2021-01-19,1,0,0,0,0,0,mobile,Android,United States,Michigan,<Other>,referral,0.0,1,1,session_only
35922780.3278563041,1293275884,2020-11-22,1,0,0,0,0,0,mobile,iOS,Greece,(not set),(direct),(none),0.0,1,1,session_only
85047061.5448766527,6336011808,2021-01-18,1,0,0,0,0,0,mobile,Web,United States,Florida,google,organic,0.0,1,1,session_only
4108483.5598947219,7695314666,2021-01-18,1,0,0,0,0,0,desktop,Macintosh,Canada,Ontario,<Other>,referral,0.0,1,1,session_only
3411788.9960645333,9718859763,2020-12-31,1,0,0,0,0,0,desktop,Macintosh,United States,Indiana,google,cpc,0.0,1,1,session_only
49451259.0243047564,7964811681,2020-11-02,1,0,0,0,0,0,desktop,Web,United States,New York,<Other>,<Other>,0.0,1,1,session_only
41307143.9931536991,9189312431,2020-11-18,1,1,0,0,0,0,desktop,Web,United States,Oklahoma,<Other>,referral,0.0,4,2,view_item
87843573.2312590132,1306079200,2020-12-19,1,1,0,0,0,0,tablet,Web,Canada,Alberta,(direct),(none),0.0,3,2,view_item
15129603.4710060171,8405392399,2020-11-14,1,0,0,0,0,0,desktop,<Other>,India,Chandigarh,google,organic,0.0,1,1,session_only
66044544.2871718266,1900209001,2020-11-29,1,1,0,0,0,0,mobile,Web,India,Madhya Pradesh,google,organic,0.0,7,2,view_item
13668138.7811342374,926354028,2020-11-24,1,0,0,0,0,0,desktop,Windows,United States,New York,<Other>,referral,0.0,1,1,session_only
39809449.8606287878,6958951407,2021-01-16,1,1,0,0,0,0,desktop,Web,India,West Bengal,<Other>,<Other>,0.0,3,2,view_item
8438918.2064681357,6128002975,2020-11-06,1,0,0,0,0,0,desktop,Windows,Italy,Piedmont,shop.googlemerchandisestore.com,referral,0.0,1,1,session_only
6311586.5449558547,7581155234,2020-11-08,1,1,0,1,1,1,mobile,iOS,United States,(not set),<Other>,<Other>,10.4,15,6,purchase
64088048.2093644801,6914139520,2021-01-19,1,0,0,0,0,0,mobile,Web,United States,California,<Other>,referral,0.0,1,1,session_only
86822538.1209439225,6214306942,2020-11-03,1,0,0,0,0,0,tablet,Web,France,Provence-Alpes-Cote d'Azur,<Other>,referral,0.0,1,1,session_only
84013830.6803132339,1594561133,2021-01-29,1,0,0,0,0,0,mobile,Web,United States,California,google,organic,0.0,1,1,session_only
5706195.5395153480,3427578222,2021-01-29,1,0,0,0,0,0,tablet,Web,United States,Texas,google,organic,0.0,1,1,session_only
4958967.5720174800,2196265067,2020-11-05,1,0,0,0,0,0,mobile,iOS,United States,Washington,google,organic,0.0,1,1,session_only
4186292.9753649888,5838170189,2021-01-16,1,0,0,0,0,0,tablet,Android,United States,Virginia,google,organic,0.0,1,1,session_only
14446790.2091160988,3161692153,2021-01-07,1,0,0,0,0,0,desktop,Web,United States,California,shop.googlemerchandisestore.com,referral,0.0,1,1,session_only
3080908.1877213500,5243831936,2020-11-19,1,1,0,0,0,0,desktop,Web,Netherlands,South Holland,google,organic,0.0,3,2,view_item
4931875.3622463462,9781761596,2020-12-29,1,0,0,0,0,0,desktop,<Other>,United States,New York,google,organic,0.0,1,1,session_only
23925957.0649060210,5136556090,2020-11-18,1,1,0,0,0,0,mobile,Web,Ireland,(not set),<Other>,<Other>,0.0,3,2,view_item
2287488.9162929232,8016524346,2020-11-16,1,0,0,0,0,0,desktop,Web,United States,California,google,organic,0.0,1,1,session_only
7487454.9043521164,8006557772,2020-11-26,1,1,1,1,1,0,desktop,Windows,United States,California,(direct),(none),0.0,32,5,add_payment
1744505.0543250972,4450597671,2021-01-16,1,0,0,0,0,0,mobile,Web,South Korea,Incheon,(data deleted),(data deleted),0.0,1,1,session_only
8687345.3732482760,8583525498,2020-11-24,1,0,0,0,0,0,mobile,Web,United States,New York,(direct),(none),0.0,1,1,session_only
10776352.8737685281,7544439648,2021-01-23,1,0,0,0,0,0,desktop,Web,United States,Illinois,(direct),(none),0.0,1,1,session_only
66581611.5162434100,7441078456,2020-11-07,1,1,0,0,0,0,desktop,Windows,United States,Texas,google,cpc,0.0,2,2,view_item
18469821.5170103104,4351986464,2020-11-26,1,1,1,1,1,1,desktop,Web,India,West Bengal,<Other>,<Other>,0.0,27,6,purchase
56152558.0690852057,1896352831,2021-01-30,0,1,0,0,0,0,desktop,Macintosh,India,Delhi,shop.googlemerchandisestore.com,referral,0.0,2,2,view_item
4798952.2979585445,715783752,2021-01-30,1,0,0,0,0,0,desktop,Windows,United States,Alabama,google,organic,0.0,1,1,session_only
33358719.8125390578,8637948041,2021-01-21,1,0,0,0,0,0,mobile,iOS,United States,California,(data deleted),(data deleted),0.0,1,1,session_only
20794686.9833976264,1275501937,2020-12-23,1,0,0,0,0,0,desktop,Macintosh,United States,California,google,organic,0.0,1,1,session_only
3692157.4157401442,2123517076,2020-11-22,1,0,0,0,0,0,desktop,Web,United States,Texas,google,organic,0.0,1,1,session_only
9588112.7125802014,2709295700,2020-11-13,1,0,0,0,0,0,desktop,Web,Italy,Sicily,<Other>,referral,0.0,1,1,session_only
28309203.2546818025,8206222317,2020-11-06,1,0,0,0,0,0,mobile,Web,Czechia,(not set),google,organic,0.0,1,1,session_only
521163807.2262735037,2398856924,2020-12-23,1,0,0,0,0,0,desktop,Windows,United States,California,<Other>,<Other>,0.0,1,1,session_only
36526149.2186776190,6228254539,2020-11-02,1,0,0,0,0,0,mobile,iOS,United Kingdom,England,(direct),(none),0.0,1,1,session_only
8536857.0920789613,5869333617,2020-12-19,1,1,1,1,1,1,desktop,Windows,Italy,Lombardy,google,organic,131.2,73,6,purchase
83514946.6094165303,7853242244,2020-11-22,1,0,0,0,0,0,desktop,Web,Hong Kong,(not set),(direct),(none),0.0,1,1,session_only
92180564.8434550082,9698064643,2020-11-18,1,0,0,0,0,0,mobile,Web,Indonesia,Jakarta,<Other>,<Other>,0.0,1,1,session_only
8156646657.1507119761,844125861,2020-11-19,1,1,0,0,0,0,desktop,<Other>,Canada,Quebec,(data deleted),(data deleted),0.0,2,2,view_item
5541832.2060979621,898701663,2020-11-23,1,0,0,0,0,0,desktop,Windows,Mexico,State of Mexico,(direct),(none),0.0,1,1,session_only
3151970.3997207851,6120363990,2020-12-20,1,0,0,0,0,0,mobile,iOS,India,Rajasthan,(data deleted),(data deleted),0.0,1,1,session_only
6533143.3436587500,3060820433,2021-01-13,1,1,0,0,0,0,mobile,iOS,United Kingdom,England,<Other>,<Other>,0.0,2,2,view_item
8032692.7392551326,8410201372,2021-01-14,1,0,0,0,0,0,desktop,Web,France,Hauts-de-France,google,organic,0.0,1,1,session_only
4999601.3677799659,7273658758,2021-01-22,1,0,0,0,0,0,desktop,Web,India,Karnataka,google,organic,0.0,1,1,session_only
65817529.8721037733,1104822574,2020-12-05,1,0,0,0,0,0,mobile,Android,United States,California,google,organic,0.0,1,1,session_only
13488378.1588819963,2373616894,2021-01-08,1,0,0,0,0,0,desktop,Windows,Canada,Alberta,(direct),(none),0.0,1,1,session_only
8597633.0292960362,8221638495,2021-01-17,1,1,0,0,0,0,desktop,Web,United States,California,<Other>,referral,0.0,2,2,view_item
5864202.6162213410,9012842172,2020-11-18,1,0,0,0,0,0,desktop,Web,United States,Virginia,shop.googlemerchandisestore.com,referral,0.0,1,1,session_only
37460981.9416971678,6324468686,2021-01-08,1,0,0,0,0,0,desktop,Web,United States,Massachusetts,<Other>,<Other>,0.0,1,1,session_only
52743828.0611860163,347476275,2020-11-01,1,0,0,0,0,0,mobile,iOS,Mexico,(not set),(direct),(none),0.0,1,1,session_only
70073978.3162376769,5002625621,2020-11-14,1,1,0,1,0,0,desktop,Macintosh,United States,Illinois,google,organic,0.0,12,4,begin_checkout
5536079.0829046257,174670567,2021-01-05,1,0,0,0,0,0,desktop,Macintosh,United States,(not set),<Other>,<Other>,0.0,1,1,session_only
1925678.9537859370,3128749409,2021-01-25,1,0,0,0,0,0,desktop,Windows,United States,Texas,google,organic,0.0,1,1,session_only
21393195.9372912543,6068790600,2020-12-22,1,0,0,0,0,0,desktop,Web,India,Telangana,<Other>,referral,0.0,1,1,session_only
8729822.7526838334,1425482067,2020-11-24,1,1,0,1,1,1,mobile,Android,United States,California,<Other>,referral,133.44,11,6,purchase
67866911.1234232513,7985999352,2021-01-02,1,1,0,0,0,0,desktop,Windows,Kuwait,(not set),google,organic,0.0,2,2,view_item
1669491.6454762099,9089520888,2020-11-28,1,1,0,0,0,0,mobile,Web,Italy,Emilia-Romagna,(direct),(none),0.0,5,2,view_item
82215855.9106589433,4433939104,2020-12-25,1,0,0,0,0,0,desktop,Web,United States,Wisconsin,(direct),(none),0.0,1,1,session_only
55564642.1476158926,1670512427,2020-12-05,1,0,0,0,0,0,desktop,Web,India,Tamil Nadu,google,organic,0.0,1,1,session_only
7001379.9771279431,7428856456,2021-01-30,1,0,0,0,0,0,desktop,Web,United States,Maryland,<Other>,<Other>,0.0,1,1,session_only
50381617.6348808031,1241039729,2021-01-22,1,1,0,0,0,0,desktop,Web,United States,Virginia,google,cpc,0.0,7,2,view_item
6505143.6067858690,9931926769,2020-12-29,1,0,0,0,0,0,desktop,Windows,United States,Nevada,google,cpc,0.0,1,1,session_only
8210501248.4979159663,8815829599,2020-12-26,1,0,0,0,0,0,mobile,Web,Serbia,(not set),google,organic,0.0,1,1,session_only
88508667.5566000827,3875716792,2020-11-02,1,0,0,0,0,0,mobile,Web,United States,Virginia,<Other>,<Other>,0.0,1,1,session_only
28218509.3844569323,3393732221,2021-01-11,1,0,0,0,0,0,desktop,Web,Canada,Ontario,google,cpc,0.0,1,1,session_only
78295609.5967191167,7691922149,2021-01-30,1,0,0,0,0,0,desktop,Web,Canada,Quebec,google,cpc,0.0,1,1,session_only
31432101.1568853334,4656354670,2021-01-01,1,0,0,0,0,0,desktop,Web,India,Odisha,google,organic,0.0,1,1,session_only
16327912.7608473784,1047108951,2021-01-05,1,0,0,0,0,0,desktop,Web,United States,Oregon,google,organic,0.0,1,1,session_only
6508378.3076839473,6702583285,2021-01-05,1,0,0,0,0,0,mobile,Web,United States,California,shop.googlemerchandisestore.com,referral,0.0,1,1,session_only
6706651563.9645031291,7749469775,2021-01-30,1,0,0,0,0,0,mobile,Web,India,Rajasthan,(data deleted),(data deleted),0.0,1,1,session_only
6269728.3867559312,5608341969,2021-01-29,1,1,0,0,0,0,desktop,Windows,United States,Colorado,google,cpc,0.0,4,2,view_item
70183029.9615287087,3399990842,2020-11-06,1,1,0,0,0,0,desktop,Macintosh,United States,Washington,(direct),(none),0.0,3,2,view_item
11273496.3202041999,2243067812,2021-01-08,1,1,0,0,0,0,desktop,Web,United States,Wisconsin,google,organic,0.0,2,2,view_item
25084453.1631449315,2228901949,2020-11-13,1,1,0,1,1,1,desktop,Web,Taiwan,Taoyuan City,(direct),(none),13.6,7,6,purchase
3207076.3270738633,3541703318,2020-12-12,1,0,0,0,0,0,desktop,Web,India,Tamil Nadu,(direct),(none),0.0,1,1,session_only
3930436.1839488217,3048510766,2020-11-28,0,1,0,0,0,0,desktop,Macintosh,United States,Texas,(direct),(none),0.0,1,2,view_item
72998869.2594055966,4487963377,2020-11-27,1,0,0,0,0,0,desktop,Web,United States,California,google,organic,0.0,1,1,session_only
28559421.5565765311,377237395,2020-11-22,1,0,0,0,0,0,desktop,Web,United States,Virginia,google,organic,0.0,1,1,session_only
6270498.6065284742,2858784010,2021-01-28,1,1,1,1,1,1,desktop,Web,China,Jiangsu,<Other>,<Other>,0.0,9,6,purchase
6409911.5006465882,5902846484,2020-11-03,1,0,0,0,0,0,mobile,iOS,United States,Utah,google,organic,0.0,1,1,session_only
4655398.4897731343,7817067385,2020-11-12,1,0,0,0,0,0,desktop,Web,United States,New York,shop.googlemerchandisestore.com,referral,0.0,1,1,session_only
6270728.9356233035,5257380594,2021-01-24,1,0,0,0,0,0,desktop,Web,France,Ile-de-France,(data deleted),(data deleted),0.0,1,1,session_only
2035861.0913379337,8337993404,2020-11-12,1,1,0,0,0,0,mobile,Android,United States,New Jersey,<Other>,referral,0.0,2,2,view_item
2599191.1809781484,8041626341,2021-01-04,1,0,0,0,0,0,desktop,Web,India,Bihar,<Other>,<Other>,0.0,1,1,session_only
52733659.6134321527,4301913960,2020-11-05,1,0,0,0,0,0,mobile,Web,India,Tamil Nadu,<Other>,referral,0.0,1,1,session_only
63642854.3330165277,5053492259,2020-11-09,1,0,0,0,0,0,mobile,Android,Portugal,Lisbon,(direct),(none),0.0,1,1,session_only
55676797.5021268334,4178809480,2020-12-22,1,1,0,1,1,1,desktop,Web,United States,Texas,google,organic,0.0,31,6,purchase
72653027.2921221054,1458576904,2020-12-13,1,0,0,0,0,0,desktop,<Other>,Philippines,Calabarzon,google,organic,0.0,1,1,session_only
3889392.7556745009,8164239755,2020-12-24,1,0,0,0,0,0,mobile,Web,Netherlands,South Holland,(direct),(none),0.0,1,1,session_only
60493242.5257838916,3790574967,2021-01-05,1,0,0,0,0,0,desktop,Web,Canada,Ontario,<Other>,referral,0.0,1,1,session_only
30931057.8794607185,9139264273,2020-11-23,1,1,0,0,0,0,tablet,Web,Taiwan,Taipei City,(direct),(none),0.0,2,2,view_item
6824650.4031751137,6054319376,2021-01-16,1,0,0,0,0,0,desktop,Windows,Thailand,Bangkok,google,organic,0.0,1,1,session_only
3621788.7726797409,3194276901,2020-12-13,1,0,0,0,0,0,mobile,Android,Canada,Ontario,(direct),(none),0.0,1,1,session_only
11061891.4785271199,5606825154,2020-12-20,1,0,0,0,0,0,mobile,Android,United States,Wisconsin,<Other>,<Other>,0.0,1,1,session_only
67824853.0311946336,3572598354,2020-11-03,1,0,0,0,0,0,mobile,Web,United States,South Carolina,<Other>,referral,0.0,1,1,session_only
3137255.8158939787,5903945876,2020-11-05,1,1,0,0,0,0,desktop,Web,United Kingdom,England,google,organic,0.0,3,2,view_item
48856615.5342430257,6756322037,2020-12-19,1,1,1,1,1,1,desktop,Windows,Hong Kong,(not set),google,cpc,0.0,47,6,purchase
36285431.8756730769,9519504633,2020-11-26,1,0,0,0,0,0,desktop,Web,United States,Illinois,google,organic,0.0,1,1,session_only
5240053.0256089240,186704559,2020-12-22,1,1,1,1,1,1,desktop,Web,United Kingdom,England,<Other>,<Other>,0.0,61,6,purchase
77438253.3089439240,3325270596,2021-01-26,1,0,0,0,0,0,desktop,Macintosh,United States,Minnesota,<Other>,referral,0.0,1,1,session_only
16009196.5295474297,5492839077,2020-11-18,1,0,0,0,0,0,desktop,Macintosh,United States,Washington,<Other>,<Other>,0.0,1,1,session_only
5416604749.0858960731,3492158793,2021-01-25,1,1,1,1,1,1,desktop,Windows,Spain,Andalusia,shop.googlemerchandisestore.com,referral,14.48,33,6,purchase
81887913.1544791446,1624813002,2021-01-12,1,0,0,0,0,0,mobile,iOS,United States,Arizona,(direct),(none),0.0,1,1,session_only
5582053276.6336066826,7332725584,2021-01-30,1,1,0,1,1,1,desktop,Web,Russia,(not set),shop.googlemerchandisestore.com,referral,0.0,15,6,purchase
77549456.4000160007,7126674585,2020-11-24,1,1,0,1,1,1,desktop,Web,United States,California,(direct),(none),155.84,7,6,purchase
3115706.4779076927,3753313963,2020-12-20,1,0,0,0,0,0,mobile,iOS,United States,Tennessee,<Other>,organic,0.0,1,1,session_only
15598225.9632551119,1764573909,2020-11-09,1,0,0,0,0,0,mobile,Web,Vietnam,Hanoi,google,organic,0.0,1,1,session_only
7172734.5294192363,9987773657,2020-12-12,1,0,0,0,0,0,mobile,Android,United States,New Jersey,shop.googlemerchandisestore.com,referral,0.0,1,1,session_only
5523157.0818910418,431307774,2020-11-24,1,0,0,0,0,0,desktop,Web,Canada,Prince Edward Island,<Other>,organic,0.0,1,1,session_only
4615257054.7518826964,9461825598,2020-12-13,1,0,0,0,0,0,mobile,Web,United States,Montana,<Other>,<Other>,0.0,1,1,session_only
41838139.7242475574,3689022942,2021-01-19,1,1,1,1,1,1,desktop,Windows,United States,Connecticut,shop.googlemerchandisestore.com,referral,0.0,13,6,purchase
7632071.6301024703,7526574523,2020-12-12,1,0,0,0,0,0,desktop,Windows,United States,Texas,google,organic,0.0,1,1,session_only
6836894.5451697560,81507286,2020-11-21,1,0,0,0,0,0,mobile,Web,Bosnia & Herzegovina,Federation of Bosnia and Herzegovina,<Other>,<Other>,0.0,1,1,session_only
70817715.7698909390,7758110184,2021-01-04,1,0,0,0,0,0,mobile,iOS,Canada,Quebec,google,organic,0.0,1,1,session_only
3031784.5320711370,8429726461,2020-12-05,1,0,0,0,0,0,mobile,Web,United States,California,(direct),(none),0.0,1,1,session_only
81121454.4135977250,6503545133,2020-11-24,1,0,0,0,0,0,desktop,Web,Spain,Madrid,(direct),(none),0.0,1,1,session_only
27113295.7125812899,8516733063,2020-11-01,1,0,0,0,0,0,desktop,Windows,Malaysia,Selangor,(direct),(none),0.0,1,1,session_only
74595753.3555191593,7365452015,2020-11-28,1,1,0,0,0,0,desktop,Web,Colombia,Bogota,<Other>,(data deleted),0.0,2,2,view_item
5467449.5129073287,9984016217,2020-12-29,1,0,0,0,0,0,mobile,Android,India,Madhya Pradesh,google,organic,0.0,1,1,session_only
69824500.0884367600,8379874283,2020-11-07,1,0,0,0,0,0,mobile,Web,Canada,Ontario,<Other>,referral,0.0,1,1,session_only
53751846.8194844196,9928532334,2021-01-25,1,0,0,0,0,0,desktop,Web,India,Tamil Nadu,google,cpc,0.0,1,1,session_only
75004884.6053568721,5059007429,2020-11-02,1,0,0,0,0,0,mobile,Web,Philippines,Metro Manila,(direct),(none),0.0,1,1,session_only
4709907.7961585540,6079079401,2020-12-25,1,0,0,0,0,0,desktop,Web,South Korea,Gyeonggi-do,<Other>,<Other>,0.0,1,1,session_only
3705389.7849805182,9499358643,2021-01-30,1,0,0,0,0,0,desktop,Windows,United States,Virginia,google,cpc,0.0,1,1,session_only
7354297.5275806471,1353533940,2021-01-13,1,0,0,0,0,0,desktop,Windows,Australia,New South Wales,(direct),(none),0.0,1,1,session_only
3628472.9742374989,7901544537,2021-01-16,1,0,0,0,0,0,desktop,Web,Canada,Ontario,google,organic,0.0,1,1,session_only
34016499.3369183809,6241323339,2020-12-30,1,0,0,0,0,0,desktop,Windows,Canada,Ontario,(direct),(none),0.0,1,1,session_only
33712897.3479531313,7167653557,2021-01-28,1,0,0,0,0,0,mobile,Web,Netherlands,North Holland,(direct),(none),0.0,1,1,session_only
2806249.7706818888,2391671430,2020-11-12,1,1,0,0,0,0,mobile,iOS,Macao,(not set),google,organic,0.0,10,2,view_item
18570519.4798096078,1795425486,2021-01-11,1,0,0,0,0,0,mobile,Web,India,Uttar Pradesh,google,organic,0.0,1,1,session_only
8937545.8924841956,2158793380,2020-11-19,1,0,0,0,0,0,desktop,Web,United States,Illinois,google,organic,0.0,1,1,session_only
5932600.4828133757,9566381923,2020-11-13,1,0,0,0,0,0,desktop,Web,Brazil,State of Bahia,(direct),(none),0.0,1,1,session_only
24910065.4970406532,9909415226,2020-11-03,1,0,0,0,0,0,mobile,Web,India,Maharashtra,google,organic,0.0,1,1,session_only
5379701.5397772915,1001257745,2020-11-05,1,0,0,0,0,0,desktop,Web,United States,Wisconsin,google,organic,0.0,1,1,session_only
8803346.9447742697,8336248538,2021-01-11,1,1,0,0,0,0,desktop,Web,Taiwan,Taipei City,(direct),(none),0.0,2,2,view_item
95321660.8091047186,4500585473,2020-12-12,1,0,0,0,0,0,desktop,Web,Ukraine,Dnipropetrovsk Oblast,<Other>,<Other>,0.0,1,1,session_only
12333814.5175472888,3267481504,2021-01-28,1,0,0,0,0,0,desktop,Web,Canada,Alberta,<Other>,referral,0.0,1,1,session_only
3974108.3094916605,2777334077,2020-11-03,1,0,0,0,0,0,desktop,Windows,Turkey,Izmir,(direct),(none),0.0,1,1,session_only
49891582.1995426827,9855919072,2020-11-23,1,0,0,0,0,0,mobile,Web,India,Gujarat,<Other>,<Other>,0.0,1,1,session_only
74533260.4369136488,2567265841,2021-01-14,1,0,0,0,0,0,desktop,Windows,United States,Florida,(direct),(none),0.0,1,1,session_only
2343451.9193570951,1793043387,2020-11-03,1,0,0,0,0,0,mobile,iOS,United States,California,(data deleted),(data deleted),0.0,1,1,session_only
5458906.5297090085,916369834,2021-01-30,1,1,1,1,1,1,desktop,Windows,United States,Indiana,(direct),(none),0.0,66,6,purchase
1738385.0610292949,2573737541,2020-11-06,1,0,0,0,0,0,desktop,Web,Dominican Republic,(not set),google,organic,0.0,1,1,session_only
5455708674.1837301019,3014389147,2020-12-19,1,0,0,0,0,0,mobile,Web,United States,Georgia,google,cpc,0.0,1,1,session_only
21439243.5470636754,7228269690,2020-11-13,1,0,0,0,0,0,mobile,Web,United States,Washington,shop.googlemerchandisestore.com,referral,0.0,1,1,session_only
1583491.1013402204,9300371659,2021-01-14,1,0,0,0,0,0,mobile,iOS,India,Uttar Pradesh,(direct),(none),0.0,1,1,session_only
1922483.6825661375,156061245,2020-11-02,1,0,0,0,0,0,desktop,Windows,Japan,Kanagawa,(direct),(none),0.0,1,1,session_only
49905719.0389704783,2321130342,2021-01-23,1,0,0,0,0,0,mobile,Web,Australia,Queensland,google,organic,0.0,1,1,session_only
2685893520.6444047152,5942407989,2021-01-04,1,0,0,0,0,0,desktop,Windows,United States,New York,<Other>,referral,0.0,1,1,session_only
1965294.9734325619,800031257,2020-11-28,1,0,0,0,0,0,mobile,Android,United States,New York,(direct),(none),0.0,1,1,session_only
61122451.2665419124,4154144232,2020-11-09,1,0,0,0,0,0,desktop,Web,United States,New York,google,organic,0.0,1,1,session_only
16168775.8414402879,4068406882,2020-11-27,1,0,0,0,0,0,mobile,Android,United States,Washington,google,organic,0.0,1,1,session_only
13386144.3468882276,3382827368,2021-01-19,1,0,0,0,0,0,desktop,Web,United States,South Carolina,(direct),(none),0.0,1,1,session_only
76878269.8743743176,5408481607,2020-12-29,1,0,0,0,0,0,mobile,Web,United States,California,google,organic,0.0,1,1,session_only
20642008.9445116704,1554356128,2020-11-05,1,0,0,0,0,0,mobile,Web,China,Zhejiang,google,organic,0.0,1,1,session_only
37788059.5664836394,1767743230,2020-12-19,1,0,0,0,0,0,desktop,Macintosh,United States,Texas,(direct),(none),0.0,1,1,session_only
3011213.7938881827,969132363,2020-12-13,1,0,0,0,0,0,desktop,Web,United States,(not set),(direct),(none),0.0,1,1,session_only
42121756.1378863665,6997926296,2021-01-05,1,0,0,0,0,0,mobile,Android,Netherlands,South Holland,<Other>,<Other>,0.0,1,1,session_only
8079006.6650182195,3356829844,2021-01-16,1,0,0,0,0,0,mobile,Web,United States,Virginia,(direct),(none),0.0,1,1,session_only
82412760.7504072386,456041602,2020-11-22,1,0,0,0,0,0,mobile,Web,United States,North Carolina,(data deleted),(data deleted),0.0,1,1,session_only
32614511.6812161030,8600902575,2021-01-07,1,0,0,0,0,0,mobile,Web,Indonesia,Jakarta,<Other>,referral,0.0,1,1,session_only
64749235.2419953437,9875407596,2021-01-14,1,0,0,0,0,0,mobile,Web,China,Beijing,<Other>,<Other>,0.0,1,1,session_only
6886721.2810123905,6083954443,2020-12-31,1,0,0,0,0,0,desktop,Web,Ireland,County Dublin,(direct),(none),0.0,1,1,session_only
77148477.7275137664,8325549405,2020-11-24,1,1,0,1,1,1,desktop,Web,Canada,Ontario,<Other>,referral,38.88,8,6,purchase
4035856.5026265472,8825167683,2021-01-28,1,0,0,0,0,0,mobile,iOS,Israel,Center District,google,organic,0.0,1,1,session_only
77058017.7126820127,3742469295,2021-01-24,1,0,0,0,0,0,tablet,Android,India,Tamil Nadu,<Other>,referral,0.0,1,1,session_only
4730992.8722407824,1952533470,2020-12-22,0,1,0,1,1,1,mobile,Web,United States,Arkansas,shop.googlemerchandisestore.com,referral,61.6,13,6,purchase
91508100.3501707181,7813787973,2020-11-12,1,0,0,0,0,0,desktop,Web,United States,Texas,(direct),(none),0.0,1,1,session_only
47876169.2273780600,6353548143,2021-01-04,1,0,0,0,0,0,desktop,Web,France,Nouvelle-Aquitaine,google,organic,0.0,1,1,session_only
47381953.2089288279,6670890098,2020-12-31,1,0,0,0,0,0,desktop,Web,United States,Minnesota,<Other>,referral,0.0,1,1,session_only
30690706.2067223611,4924141745,2021-01-16,1,0,0,0,0,0,desktop,Windows,United States,Nevada,(data deleted),(data deleted),0.0,1,1,session_only
62298386.0408137175,8879990635,2020-12-30,1,0,0,0,0,0,desktop,Web,Taiwan,Taipei City,shop.googlemerchandisestore.com,referral,0.0,1,1,session_only
17053196.8319398163,8846513070,2020-11-24,1,0,0,0,0,0,mobile,Web,United States,California,<Other>,organic,0.0,1,1,session_only
26936379.7501359675,5999602265,2020-12-24,1,0,0,0,0,0,mobile,Web,United States,Virginia,<Other>,referral,0.0,1,1,session_only
1841968647.0954039088,7313876256,2020-11-14,1,0,0,0,0,0,desktop,Macintosh,Latvia,Riga,google,organic,0.0,1,1,session_only
36152435.2659224337,3242340814,2020-12-24,1,0,0,0,0,0,desktop,Web,United States,Virginia,google,organic,0.0,1,1,session_only
4067267.1030688454,4077173199,2021-01-26,1,0,0,0,0,0,desktop,Web,United States,Illinois,(direct),(none),0.0,1,1,session_only
87576348.8029316594,3054933839,2021-01-08,1,0,0,0,0,0,desktop,Web,United States,Virginia,(direct),(none),0.0,1,1,session_only
70125476.4837011418,6613492534,2020-11-13,1,0,0,0,0,0,mobile,Web,United States,New York,<Other>,referral,0.0,1,1,session_only
4638715.2969003800,2815815621,2020-11-05,1,0,0,0,0,0,mobile,Android,United States,California,google,organic,0.0,1,1,session_only
75627242.1231916491,4221530972,2020-11-27,1,1,1,1,1,1,desktop,Web,United States,New Jersey,(data deleted),(data deleted),0.0,35,6,purchase
38120072.5136008014,1682290096,2020-11-05,1,0,0,0,0,0,mobile,Web,Taiwan,New Taipei City,<Other>,referral,0.0,1,1,session_only
7246503.9124553172,493242814,2021-01-25,1,1,0,0,0,0,desktop,Web,Spain,Basque Country,<Other>,<Other>,0.0,2,2,view_item
4565774.0042803726,2643068584,2021-01-16,1,1,0,0,0,0,desktop,Web,Indonesia,East Java,google,organic,0.0,2,2,view_item
51418425.0217094059,1729126859,2021-01-05,1,0,0,0,0,0,desktop,<Other>,Germany,(not set),<Other>,(data deleted),0.0,1,1,session_only
76192813.0048211513,3434693385,2020-12-23,1,0,0,0,0,0,desktop,Windows,United States,Virginia,<Other>,<Other>,0.0,1,1,session_only
33140434.8649077360,2748324918,2020-11-16,1,0,0,0,0,0,mobile,Web,United States,Indiana,<Other>,<Other>,0.0,1,1,session_only
4528636.5723523968,8201420596,2020-12-13,1,1,0,0,0,0,mobile,iOS,United States,Illinois,<Other>,referral,0.0,3,2,view_item
71667099.1212890738,385184132,2021-01-24,1,0,0,0,0,0,desktop,Web,Canada,Newfoundland and Labrador,google,organic,0.0,1,1,session_only
16949606.6002808522,395213441,2021-01-09,1,0,0,0,0,0,desktop,Macintosh,United States,Texas,(direct),(none),0.0,1,1,session_only
63168725.3762296632,6294022540,2020-12-26,1,0,0,0,0,0,mobile,Web,Canada,British Columbia,google,organic,0.0,1,1,session_only
52399219.3848007309,6626747129,2021-01-19,1,1,0,0,0,0,mobile,Web,Singapore,(not set),google,organic,0.0,5,2,view_item
1107846732.7726516848,9507286612,2020-12-12,1,1,0,0,0,0,desktop,Web,Singapore,(not set),<Other>,<Other>,0.0,2,2,view_item
91160851.7785694854,1270775686,2020-12-27,1,0,0,0,0,0,desktop,Web,Spain,Balearic Islands,shop.googlemerchandisestore.com,referral,0.0,1,1,session_only
2597920.4122321466,292085615,2020-11-13,1,0,0,0,0,0,desktop,<Other>,United States,Texas,shop.googlemerchandisestore.com,referral,0.0,1,1,session_only
75917528.0921002088,530349613,2020-11-16,1,0,0,0,0,0,mobile,Web,South Korea,Seoul,google,organic,0.0,1,1,session_only
2985341473.2073080403,3428616696,2020-11-08,1,0,0,0,0,0,desktop,Macintosh,Brazil,State of Ceara,<Other>,referral,0.0,1,1,session_only
76899765.9369976931,4577398653,2021-01-09,1,0,0,0,0,0,desktop,Web,United States,Oklahoma,(direct),(none),0.0,1,1,session_only
4741392.4851782119,3397665304,2021-01-26,1,1,0,0,0,0,mobile,Web,United States,California,<Other>,<Other>,0.0,3,2,view_item
5573347986.2620254802,8949750042,2020-12-26,1,1,1,1,1,1,mobile,Web,United States,Texas,google,organic,35.2,18,6,purchase
7470094.6456807407,4799557415,2021-01-25,1,0,0,0,0,0,mobile,Android,United States,California,google,organic,0.0,1,1,session_only
2418457.6264805451,7204061012,2020-12-31,1,1,1,1,1,1,desktop,Windows,United States,Wisconsin,(data deleted),(data deleted),0.0,21,6,purchase
5266516.9930275853,2647213307,2021-01-10,1,0,0,0,0,0,desktop,Macintosh,United States,Oregon,<Other>,organic,0.0,1,1,session_only
31609110.7543527400,6405356140,2020-11-16,1,1,0,1,1,1,desktop,Web,United States,Florida,(direct),(none),0.0,20,6,purchase
1208163.2857073763,3989575888,2021-01-27,1,0,0,0,0,0,desktop,Web,United States,Maryland,google,organic,0.0,1,1,session_only
84496993.3019099787,7674794034,2021-01-05,1,1,1,1,1,1,desktop,Macintosh,United Arab Emirates,Sharjah,google,organic,0.0,11,6,purchase
53728825.3303003053,5527162589,2021-01-26,1,1,0,0,0,0,mobile,Web,France,Nouvelle-Aquitaine,google,organic,0.0,2,2,view_item
85984718.1804549332,7654818372,2021-01-17,1,0,0,0,0,0,mobile,Android,United Kingdom,England,(direct),(none),0.0,1,1,session_only
20718298.6808598428,5593426642,2020-12-23,1,1,0,1,1,1,desktop,Windows,United States,Texas,google,organic,73.6,15,6,purchase
51500608.4286587393,6374677013,2021-01-02,1,0,0,0,0,0,mobile,Web,Spain,Madrid,google,organic,0.0,1,1,session_only
1160488.2375923167,2309154775,2021-01-01,1,1,1,1,1,1,desktop,Windows,Portugal,(not set),(direct),(none),304.6,127,6,purchase
35204498.9309387147,4953147486,2020-11-03,1,0,0,0,0,0,desktop,Windows,Canada,Quebec,<Other>,<Other>,0.0,1,1,session_only
77729239.3089934098,2750428336,2020-12-25,1,0,0,0,0,0,mobile,Web,United States,California,(data deleted),(data deleted),0.0,1,1,session_only
4156106.0978744689,6849444043,2020-12-12,1,0,0,0,0,0,desktop,Web,United States,New York,<Other>,referral,0.0,1,1,session_only
73368331.6396076296,7365327833,2021-01-12,1,0,0,0,0,0,mobile,Android,Canada,British Columbia,shop.googlemerchandisestore.com,referral,0.0,1,1,session_only
54064006.4612083157,3437225944,2020-11-08,1,0,0,0,0,0,desktop,Web,United States,California,shop.googlemerchandisestore.com,referral,0.0,1,1,session_only
9097007.6473228884,6875913085,2021-01-12,1,0,0,0,0,0,mobile,Android,Greece,(not set),google,organic,0.0,1,1,session_only
70931837.7056877228,6458851593,2020-12-20,1,1,0,0,0,0,desktop,Web,United States,Missouri,google,organic,0.0,7,2,view_item
32237546.0901059105,9336413414,2020-11-18,1,0,0,0,0,0,desktop,Macintosh,Canada,Ontario,google,organic,0.0,1,1,session_only
70973940.3514954119,5353398017,2021-01-02,1,0,0,0,0,0,mobile,Web,United States,Connecticut,(direct),(none),0.0,1,1,session_only
36592152.3312988795,2211927528,2021-01-10,1,0,0,0,0,0,mobile,Web,United States,New York,(direct),(none),0.0,1,1,session_only
55080174.6958250937,378386035,2021-01-16,1,0,0,0,0,0,desktop,Web,United States,New York,<Other>,<Other>,0.0,1,1,session_only
2743599.5142228112,7625441561,2021-01-14,1,1,1,1,1,1,desktop,Web,Canada,British Columbia,(data deleted),(data deleted),58.8,35,6,purchase
5443104.0001957832,3208239908,2020-12-30,1,0,0,0,0,0,desktop,Macintosh,Singapore,(not set),<Other>,referral,0.0,1,1,session_only
63904753.4724353515,8317288399,2021-01-30,1,0,0,0,0,0,desktop,Macintosh,United States,Florida,google,organic,0.0,1,1,session_only
14200982.9583063334,5552722660,2020-12-05,1,0,0,0,0,0,mobile,Android,Portugal,Lisbon,(direct),(none),0.0,1,1,session_only
17275879.4663549106,6168986206,2020-12-27,1,0,0,0,0,0,mobile,Web,United States,Washington,<Other>,<Other>,0.0,1,1,session_only
69148092.5656371010,6094254934,2020-11-12,1,0,0,0,0,0,mobile,Web,Netherlands,Utrecht,<Other>,<Other>,0.0,1,1,session_only
9139026.5457922123,4814384334,2021-01-19,1,0,0,0,0,0,mobile,Web,France,Auvergne-Rhone-Alpes,(direct),(none),0.0,1,1,session_only
1554692.1974806203,6233245329,2021-01-12,1,0,0,0,0,0,mobile,Web,United States,Indiana,<Other>,<Other>,0.0,1,1,session_only
7411156.7700699474,9423203689,2020-12-12,1,0,0,0,0,0,desktop,Web,United States,Washington,google,organic,0.0,1,1,session_only
37858547.0848590713,9784348310,2020-11-24,1,1,0,0,0,0,mobile,Web,Canada,Nova Scotia,google,organic,0.0,21,2,view_item
90776176.9398507062,4302912060,2020-11-26,1,0,0,0,0,0,desktop,Macintosh,United States,California,shop.googlemerchandisestore.com,referral,0.0,1,1,session_only
47439165.5147551041,4065385172,2020-12-23,0,1,1,1,0,0,desktop,Web,Colombia,Bogota,google,organic,0.0,7,4,begin_checkout
67566257.7616992876,6538309526,2020-11-01,1,0,0,0,0,0,mobile,Web,United States,Virginia,google,organic,0.0,1,1,session_only
6129143.3073851653,3413352828,2021-01-04,1,0,0,0,0,0,desktop,Web,United States,Florida,google,organic,0.0,1,1,session_only
1964885.2311332771,8945643014,2020-12-13,1,0,0,0,0,0,desktop,Web,Colombia,Bogota,google,organic,0.0,1,1,session_only
6735634.8507728905,7085093006,2020-11-27,1,0,0,0,0,0,mobile,iOS,India,Telangana,(direct),(none),0.0,1,1,session_only
4941025.1037689726,9596889496,2020-11-02,1,1,0,1,1,1,desktop,Web,United States,California,(data deleted),(data deleted),86.4,48,6,purchase
5173366.0437512460,1888815383,2020-11-19,1,1,0,1,1,1,desktop,Web,Peru,(not set),google,organic,107.68,43,6,purchase
7082882.8136630642,5879103327,2020-11-12,1,1,0,0,0,0,desktop,Web,United States,Michigan,<Other>,referral,0.0,2,2,view_item
73320711.7360082428,4743346361,2021-01-14,1,0,0,0,0,0,mobile,Web,United States,California,<Other>,<Other>,0.0,1,1,session_only
49012248.5451635004,1839525658,2020-11-12,1,1,0,1,1,1,mobile,Web,South Korea,Chungcheongnam-do,google,organic,30.4,21,6,purchase
5189516.7855289820,2506687428,2020-11-01,1,0,0,0,0,0,desktop,Web,Belgium,Flanders,google,organic,0.0,1,1,session_only
17459415.2311876806,4496000453,2020-12-23,1,1,0,0,0,0,desktop,Web,United States,New Hampshire,google,organic,0.0,2,2,view_item
5110052.0000216523,5755116310,2020-11-07,1,1,0,1,0,0,desktop,Web,United States,Connecticut,shop.googlemerchandisestore.com,referral,0.0,6,4,begin_checkout
7438197.2961009036,1148263689,2021-01-11,1,0,0,0,0,0,desktop,Web,United States,New York,(direct),(none),0.0,1,1,session_only
3004067.5536984585,3835471700,2020-11-08,1,0,0,0,0,0,desktop,Macintosh,Germany,(not set),google,organic,0.0,1,1,session_only
21959345.6178595520,9986326316,2021-01-22,1,0,0,0,0,0,mobile,Web,Germany,North Rhine-Westphalia,<Other>,referral,0.0,1,1,session_only
2323014.1447191998,4712563062,2021-01-10,1,1,0,0,0,0,desktop,Web,United States,Rhode Island,<Other>,<Other>,0.0,3,2,view_item
6110770.4533748871,8970218106,2021-01-23,1,0,0,0,0,0,desktop,Web,United States,California,google,organic,0.0,1,1,session_only
3174156.1288825881,2707858441,2021-01-30,1,0,0,0,0,0,desktop,Web,United Kingdom,England,(direct),(none),0.0,1,1,session_only
8637432.4090755580,1380352147,2021-01-14,1,1,0,0,0,0,desktop,Macintosh,Indonesia,Jakarta,<Other>,<Other>,0.0,2,2,view_item
84331524.6573082374,3593284940,2021-01-17,1,0,0,0,0,0,desktop,Windows,United States,California,(direct),(none),0.0,1,1,session_only
4167792.7077898558,3133620994,2020-11-09,1,0,0,0,0,0,mobile,Web,United States,Washington,shop.googlemerchandisestore.com,referral,0.0,1,1,session_only
79789512.0633087313,941575404,2021-01-05,1,0,0,0,0,0,desktop,Web,Singapore,(not set),<Other>,<Other>,0.0,1,1,session_only
74499706.7224013468,5167720083,2021-01-28,1,0,0,0,0,0,mobile,iOS,India,Kerala,shop.googlemerchandisestore.com,referral,0.0,1,1,session_only
85855365.0841070743,1111291436,2020-11-06,1,0,0,0,0,0,desktop,Macintosh,United States,New York,google,cpc,0.0,1,1,session_only
71234597.0623640215,5326659951,2020-11-03,1,0,0,0,0,0,mobile,Web,Canada,Ontario,google,organic,0.0,1,1,session_only
637884255.3997903180,1789183203,2020-12-12,1,1,1,1,1,1,desktop,Windows,France,Hauts-de-France,<Other>,<Other>,66.88,26,6,purchase
4075958935.9585448774,9937399937,2021-01-23,1,0,0,0,0,0,mobile,iOS,Netherlands,South Holland,google,cpc,0.0,1,1,session_only
63498369.3849834434,1949761242,2021-01-19,1,0,0,0,0,0,mobile,iOS,Portugal,Lisbon,google,organic,0.0,1,1,session_only
46256731.7313481333,7630864742,2020-12-29,1,1,0,0,0,0,desktop,Web,India,Telangana,(direct),(none),0.0,3,2,view_item
6057731.3037021622,3432098280,2021-01-03,1,0,0,0,0,0,desktop,Web,United States,Minnesota,<Other>,referral,0.0,1,1,session_only
70679935.7071221393,9485581603,2021-01-04,1,0,0,0,0,0,desktop,Web,Switzerland,Zurich,<Other>,referral,0.0,1,1,session_only
27335331.0358917431,7673003163,2020-11-23,1,0,0,0,0,0,mobile,Android,United States,Washington,<Other>,referral,0.0,1,1,session_only
59440318.5200475785,7323460375,2020-11-24,1,1,0,1,1,1,desktop,<Other>,United States,Utah,(direct),(none),0.0,12,6,purchase
9131592.4522110657,9548198888,2020-11-09,1,0,0,0,0,0,tablet,Web,Malaysia,Federal Territory of Kuala Lumpur,google,organic,0.0,1,1,session_only
26530628.3602362036,8281070089,2020-12-05,1,1,1,1,1,1,mobile,Web,United States,New Jersey,google,organic,60.8,18,6,purchase
46557244.6306248468,2109189693,2021-01-14,1,0,0,0,0,0,desktop,Web,China,Zhejiang,<Other>,organic,0.0,1,1,session_only
65997352.9826922910,9990646601,2021-01-07,1,0,0,0,0,0,desktop,Web,France,Centre-Val de Loire,google,organic,0.0,1,1,session_only
3491526.3640223848,5873378333,2020-12-30,1,0,0,1,1,1,mobile,Web,United States,Texas,(direct),(none),0.0,6,6,purchase
3594919.2851713420,3387735608,2020-11-23,1,1,0,0,0,0,mobile,iOS,United States,Ohio,google,organic,0.0,2,2,view_item
48618599.1028419178,9979036247,2020-11-06,1,1,0,0,0,0,mobile,Web,Netherlands,North Holland,google,organic,0.0,10,2,view_item
8919132.7272687785,495066781,2020-11-23,1,0,0,0,0,0,desktop,Web,Australia,South Australia,google,organic,0.0,1,1,session_only
7588409557.4644203478,2192548811,2020-11-23,1,0,0,0,0,0,desktop,Web,Thailand,Bangkok,shop.googlemerchandisestore.com,referral,0.0,1,1,session_only
12896009.4581492520,2103091921,2020-12-22,1,1,0,0,0,0,desktop,Windows,India,Odisha,google,cpc,0.0,2,2,view_item
6177662.6403965284,9206248735,2021-01-14,1,1,0,0,0,0,desktop,Web,United States,Nevada,google,organic,0.0,2,2,view_item
7782608.4739684963,2369765820,2021-01-18,1,0,0,0,0,0,mobile,Web,Chile,Santiago Metropolitan Region,google,cpc,0.0,1,1,session_only
7982865.3456044702,7144883513,2020-11-23,1,0,0,0,0,0,mobile,Web,United States,California,<Other>,<Other>,0.0,1,1,session_only
27976170.4334955942,5190659701,2020-12-23,1,0,0,0,0,0,mobile,iOS,United States,New York,<Other>,organic,0.0,1,1,session_only
65352573.3178695033,8496038085,2021-01-11,1,0,0,0,0,0,mobile,Web,United States,Kansas,<Other>,<Other>,0.0,1,1,session_only
31947987.4116172655,7739844096,2020-11-16,1,0,0,0,0,0,mobile,Web,United States,Colorado,<Other>,<Other>,0.0,1,1,session_only
66948569.4438504068,3208640573,2021-01-22,1,0,0,0,0,0,mobile,Web,Taiwan,Taipei City,<Other>,organic,0.0,1,1,session_only
4361877.7125739731,5507104875,2021-01-07,1,0,0,0,0,0,mobile,iOS,Spain,Catalonia,google,organic,0.0,1,1,session_only
5087717.9303685813,9052348704,2020-12-22,1,0,0,0,0,0,desktop,Web,United States,Minnesota,(direct),(none),0.0,1,1,session_only
2490261.1045822150,9722351353,2021-01-21,1,0,0,0,0,0,desktop,Windows,India,Uttar Pradesh,(data deleted),(data deleted),0.0,1,1,session_only
20812202.8232946905,3747364306,2021-01-24,1,0,0,0,0,0,desktop,Web,India,Madhya Pradesh,<Other>,referral,0.0,1,1,session_only
46918147.3764901488,4482725363,2021-01-02,1,0,0,0,0,0,mobile,Android,Indonesia,Central Java,google,organic,0.0,1,1,session_only
4728429.1568015872,7516620268,2020-11-12,1,0,0,0,0,0,mobile,Web,India,Punjab,google,organic,0.0,1,1,session_only
6774362.7990255230,4095923776,2021-01-22,1,0,0,0,0,0,mobile,Android,United States,Virginia,(direct),(none),0.0,1,1,session_only
14478462.2392104362,1319541835,2021-01-12,1,0,0,0,0,0,desktop,Web,France,Ile-de-France,<Other>,organic,0.0,1,1,session_only
14434373.3538746749,1964029126,2020-11-22,1,0,0,0,0,0,desktop,Web,United States,New York,(direct),(none),0.0,1,1,session_only
82344558.1347669155,3096283431,2021-01-22,1,0,0,0,0,0,desktop,Macintosh,Italy,Veneto,(direct),(none),0.0,1,1,session_only
72996479.2627296021,3648119737,2021-01-16,1,0,0,0,0,0,mobile,iOS,United States,Utah,google,organic,0.0,1,1,session_only
92954835.5448214856,4102714046,2020-11-21,1,0,0,0,0,0,desktop,Web,United States,Texas,(direct),(none),0.0,1,1,session_only
42007125.0368656640,1815989381,2021-01-18,1,0,0,0,0,0,mobile,Android,United States,Illinois,<Other>,<Other>,0.0,1,1,session_only
2977628.4721225684,1633455125,2020-11-07,1,0,0,0,0,0,mobile,iOS,Canada,Ontario,<Other>,<Other>,0.0,1,1,session_only
2232307.9659041751,4552443905,2021-01-31,1,0,0,0,0,0,mobile,Web,United States,Washington,google,organic,0.0,1,1,session_only
40093103.1723169276,1546199742,2020-11-02,1,0,0,0,0,0,desktop,Windows,Brazil,State of Sao Paulo,google,organic,0.0,1,1,session_only
39836482.9961919935,2918653476,2021-01-14,1,0,0,0,0,0,desktop,Web,United States,Michigan,(data deleted),(data deleted),0.0,1,1,session_only
12413873.3487721312,1049079888,2021-01-09,1,0,0,0,0,0,desktop,Web,France,Provence-Alpes-Cote d'Azur,(direct),(none),0.0,1,1,session_only
10286325.1493510885,4746477441,2020-11-16,1,0,0,0,0,0,mobile,Web,Indonesia,Jakarta,shop.googlemerchandisestore.com,referral,0.0,1,1,session_only
8053742.6474260198,2042521314,2021-01-03,1,0,0,0,0,0,mobile,Android,United States,Texas,(data deleted),(data deleted),0.0,1,1,session_only
6626177.8750422721,3031634992,2021-01-23,1,0,0,0,0,0,desktop,Web,United States,Indiana,(data deleted),(data deleted),0.0,1,1,session_only
6369709.5509013582,477628824,2020-12-20,1,1,0,0,0,0,mobile,iOS,Canada,Quebec,(data deleted),(data deleted),0.0,3,2,view_item
10462782.5139845286,6568817023,2020-11-05,1,1,0,0,0,0,mobile,Android,United States,Kentucky,<Other>,referral,0.0,4,2,view_item
5299488.0522490006,6114829063,2020-11-02,1,1,0,1,1,1,desktop,Windows,Italy,Campania,shop.googlemerchandisestore.com,referral,191.2,13,6,purchase
75336556.8734149504,8909319116,2021-01-07,1,1,1,1,1,1,desktop,Web,United States,Illinois,<Other>,referral,0.0,32,6,purchase
8375426.6661281112,2020038064,2021-01-24,1,0,0,0,0,0,desktop,Macintosh,Japan,Chiba,google,organic,0.0,1,1,session_only
71058190.4616644469,6903286960,2020-11-12,1,0,0,0,0,0,mobile,iOS,Japan,Kanagawa,(direct),(none),0.0,1,1,session_only
48409939.5879539202,1041397991,2020-11-29,1,0,0,0,0,0,desktop,Web,Sweden,Vastra Gotaland County,(data deleted),(data deleted),0.0,1,1,session_only
90861397.2587612738,3647213662,2020-11-09,1,0,0,0,0,0,mobile,Web,Australia,New South Wales,(direct),(none),0.0,1,1,session_only
8186100.1619066340,2664324558,2021-01-23,1,0,0,0,0,0,desktop,Web,United States,Ohio,google,organic,0.0,1,1,session_only
72908710.0544065362,3169671680,2020-12-30,1,0,0,0,0,0,desktop,Web,Italy,Marche,google,organic,0.0,1,1,session_only
28310587.7575506975,9099493537,2021-01-29,1,0,0,0,0,0,mobile,Web,Taiwan,Kaohsiung City,google,organic,0.0,1,1,session_only
84266231.7969539394,7298797547,2020-11-07,1,0,0,0,0,0,desktop,Windows,United States,Ohio,<Other>,<Other>,0.0,1,1,session_only
52074392.2217973595,4668041817,2020-11-18,1,0,0,0,0,0,mobile,Web,United States,New York,(direct),(none),0.0,1,1,session_only
21415992.6127313779,3191185255,2021-01-28,1,1,0,0,0,0,mobile,iOS,United States,New Hampshire,<Other>,referral,0.0,2,2,view_item
53862596.9473606475,7758341901,2020-11-05,1,0,0,0,0,0,mobile,Web,United States,(not set),google,organic,0.0,1,1,session_only
68852759.4348535480,364710944,2021-01-25,1,0,0,0,0,0,desktop,Macintosh,Taiwan,Taichung City,google,organic,0.0,1,1,session_only
16239791.9542908331,2184083794,2021-01-23,1,1,1,1,1,1,mobile,Web,United States,California,google,organic,0.0,12,6,purchase
1249352.7493579876,2883614115,2020-11-28,1,0,0,0,0,0,tablet,iOS,South Korea,Seoul,<Other>,<Other>,0.0,1,1,session_only
68080242.1315675390,274277186,2021-01-21,1,1,0,0,0,0,desktop,Web,United States,Florida,<Other>,referral,0.0,3,2,view_item
58036929.7867897066,3451107639,2021-01-21,1,0,0,0,0,0,desktop,Windows,Indonesia,Jakarta,<Other>,<Other>,0.0,1,1,session_only
5512920.1414555359,906344998,2020-11-22,1,1,0,1,1,0,desktop,Web,France,Ile-de-France,<Other>,referral,0.0,17,5,add_payment
79077110.8749972140,1756010330,2020-11-03,1,0,0,0,0,0,mobile,iOS,United States,California,(direct),(none),0.0,1,1,session_only
7425923.1799904246,7834268980,2020-11-03,1,0,0,0,0,0,mobile,Web,India,Uttar Pradesh,google,organic,0.0,1,1,session_only
17361278.5510165919,1610089215,2020-11-09,1,0,0,0,0,0,desktop,Windows,India,Delhi,google,organic,0.0,1,1,session_only
63159237.1289648346,8326174603,2021-01-03,1,0,0,0,0,0,desktop,Web,Denmark,Central Denmark Region,<Other>,<Other>,0.0,1,1,session_only
8315232.8077581717,6079009780,2021-01-23,1,0,0,0,0,0,desktop,Web,India,Gujarat,google,organic,0.0,1,1,session_only
52483611.3985684247,9012914333,2020-12-23,1,0,0,0,0,0,mobile,iOS,United States,Virginia,google,organic,0.0,1,1,session_only
2648776.9321137817,7222474833,2020-12-12,1,1,1,1,1,1,desktop,Web,India,Rajasthan,google,organic,20.8,10,6,purchase
67674016.6642019910,7370184353,2020-12-27,1,1,0,0,0,0,mobile,iOS,United States,California,google,organic,0.0,5,2,view_item
5172602.2938779453,1816323046,2021-01-21,1,0,0,0,0,0,mobile,Android,Canada,Ontario,(direct),(none),0.0,1,1,session_only
18347330.9931454303,6989951276,2020-11-18,1,1,0,0,0,0,mobile,Android,United States,Utah,google,organic,0.0,2,2,view_item
53939557.8911211407,5106536577,2020-11-28,1,0,0,0,0,0,desktop,Web,United States,California,(direct),(none),0.0,1,1,session_only
2473482.1365854994,1638483089,2021-01-26,1,0,0,0,0,0,desktop,Web,United States,Texas,<Other>,<Other>,0.0,1,1,session_only
48309267.8740829410,3133845952,2021-01-03,1,0,0,0,0,0,mobile,iOS,United States,Ohio,google,organic,0.0,1,1,session_only
3546165.0289525714,3341311478,2020-11-06,1,1,0,0,0,0,mobile,Web,United States,Massachusetts,<Other>,referral,0.0,5,2,view_item
48533288.3443011131,4704941916,2020-11-15,1,0,0,0,0,0,mobile,iOS,United States,Pennsylvania,<Other>,<Other>,0.0,1,1,session_only
8208941.8125433837,3991206950,2020-12-29,1,0,0,0,0,0,desktop,Windows,Taiwan,Tainan City,shop.googlemerchandisestore.com,referral,0.0,1,1,session_only
73652999.4547905050,659346124,2021-01-28,1,0,0,0,0,0,desktop,Windows,United States,Massachusetts,<Other>,referral,0.0,1,1,session_only
7627776.9103384366,1815475725,2020-11-18,1,0,0,0,0,0,desktop,Web,Canada,Quebec,<Other>,referral,0.0,1,1,session_only
60484797.2640239725,3162911730,2020-12-27,1,0,0,0,0,0,desktop,Web,India,Karnataka,google,organic,0.0,1,1,session_only
319431934.2224913605,5675689901,2021-01-11,1,0,0,0,0,0,mobile,iOS,United Kingdom,England,(direct),(none),0.0,1,1,session_only
42611425.1982360256,1520528540,2021-01-02,1,1,1,0,0,0,tablet,Web,United Arab Emirates,Dubai,google,organic,0.0,10,3,add_to_cart
4768513.5345810501,5264825407,2021-01-23,1,0,0,0,0,0,desktop,Web,Algeria,Algiers Province,(direct),(none),0.0,1,1,session_only
21186344.0480007338,4027943982,2021-01-28,1,0,0,0,0,0,desktop,Web,Panama,(not set),google,organic,0.0,1,1,session_only
5751294.2360818419,6392717159,2021-01-13,1,1,0,0,0,0,desktop,Web,India,Jharkhand,(data deleted),(data deleted),0.0,3,2,view_item
68709720.3088422189,2312692041,2020-11-03,1,0,0,0,0,0,desktop,Web,United States,(not set),<Other>,referral,0.0,1,1,session_only
5601630.8618965033,7044537822,2020-12-12,1,1,1,1,0,0,desktop,Web,United States,Massachusetts,<Other>,referral,0.0,50,4,begin_checkout
5954659.9445759685,6214586371,2021-01-25,1,0,0,0,0,0,desktop,Web,Taiwan,New Taipei City,<Other>,<Other>,0.0,1,1,session_only
63741497.1569077507,4228011613,2020-12-22,1,0,0,0,0,0,desktop,Web,China,(not set),google,organic,0.0,1,1,session_only
55601747.6727525025,4606205449,2020-11-19,1,1,0,1,1,1,desktop,Web,United States,California,google,cpc,0.0,21,6,purchase
50387678.2509358179,8803856654,2021-01-19,1,1,0,0,0,0,desktop,Windows,Taiwan,Taiwan Province,<Other>,<Other>,0.0,3,2,view_item
81746101.6322974358,5335911154,2021-01-09,1,1,1,0,0,0,mobile,iOS,China,Henan,<Other>,<Other>,0.0,40,3,add_to_cart
79517494.0945960607,3886382830,2021-01-08,1,0,0,0,0,0,desktop,Web,South Korea,Gyeonggi-do,google,organic,0.0,1,1,session_only
31885086.5438222565,8603826382,2020-12-30,1,0,0,0,0,0,desktop,Web,Spain,Catalonia,shop.googlemerchandisestore.com,referral,0.0,1,1,session_only
8706119.8787946680,1406985622,2020-12-12,1,0,0,0,0,0,desktop,Web,Canada,Quebec,shop.googlemerchandisestore.com,referral,0.0,1,1,session_only
64282417.2963719226,6129562241,2021-01-29,1,0,0,0,0,0,desktop,Web,South Korea,Seoul,google,organic,0.0,1,1,session_only
35315894.9355065326,2326940089,2020-11-28,1,1,1,1,1,1,mobile,Android,Germany,Baden-Wurttemberg,(direct),(none),111.19999999999999,59,6,purchase
9101208.8540276525,4629118877,2021-01-30,1,1,1,0,0,0,tablet,Web,Canada,Quebec,(direct),(none),0.0,3,3,add_to_cart
9168210.2082096825,8950377177,2021-01-11,1,0,0,0,0,0,desktop,Web,India,Gujarat,shop.googlemerchandisestore.com,referral,0.0,1,1,session_only
8674982352.3299805332,4409136718,2020-11-27,1,0,0,0,0,0,mobile,Web,Canada,Ontario,(data deleted),(data deleted),0.0,1,1,session_only
1330115.8009899059,5605691858,2021-01-19,1,0,0,0,0,0,desktop,Web,India,Maharashtra,google,organic,0.0,1,1,session_only
4636003.9263551803,6661676116,2021-01-05,1,0,0,0,0,0,desktop,Web,India,Uttar Pradesh,shop.googlemerchandisestore.com,referral,0.0,1,1,session_only
53225832.8929414820,9894554516,2021-01-22,1,0,0,0,0,0,desktop,Web,United States,Texas,<Other>,referral,0.0,1,1,session_only
2741620.6604650358,1946540458,2021-01-09,1,0,0,0,0,0,desktop,Windows,United States,California,<Other>,referral,0.0,1,1,session_only
5344018.5620217252,180229756,2021-01-21,1,1,0,0,0,0,desktop,Web,United States,Kentucky,<Other>,referral,0.0,6,2,view_item
6156344.9411192121,4302059550,2020-12-20,1,0,0,0,0,0,desktop,Macintosh,Indonesia,East Java,google,organic,0.0,1,1,session_only
91583941.3277759459,3394266201,2020-11-23,1,1,0,0,0,0,desktop,<Other>,Hong Kong,(not set),google,organic,0.0,2,2,view_item
4947477.7008072465,6312771957,2020-11-23,1,0,0,0,0,0,desktop,Web,United States,Utah,google,organic,0.0,1,1,session_only
59867367.4733340036,6403902211,2020-11-23,1,0,0,0,0,0,desktop,Windows,India,Kerala,<Other>,<Other>,0.0,1,1,session_only
56545608.1191454520,805955981,2021-01-25,1,1,0,0,0,0,desktop,Web,India,Karnataka,<Other>,<Other>,0.0,2,2,view_item
63577445.8130326816,2538599255,2021-01-21,1,0,0,0,0,0,desktop,Windows,Poland,Silesian Voivodeship,google,organic,0.0,1,1,session_only
3904879.5591137290,6630863053,2020-11-27,1,0,0,0,0,0,desktop,Web,Japan,(not set),<Other>,organic,0.0,1,1,session_only
37912029.9795147731,3188855735,2021-01-02,1,0,0,0,0,0,desktop,Windows,Nigeria,Lagos,google,organic,0.0,1,1,session_only
34524480.9534540477,5095186868,2020-11-12,1,0,0,0,0,0,mobile,iOS,South Korea,Seoul,(direct),(none),0.0,1,1,session_only
62921321.8983515734,8905810398,2021-01-28,1,0,0,0,0,0,mobile,Android,United States,Arizona,google,organic,0.0,1,1,session_only
3440200.0404717067,5987519510,2021-01-29,1,1,1,1,1,1,desktop,Web,United States,California,<Other>,referral,0.0,12,6,purchase
6821373013.9041541196,8498157536,2020-11-24,1,0,0,0,0,0,mobile,iOS,United States,Maryland,google,organic,0.0,1,1,session_only
5859519.6295893165,7045688011,2020-12-22,1,0,0,0,0,0,tablet,Android,Italy,Lombardy,<Other>,organic,0.0,1,1,session_only
1099576.0088122125,9384727969,2020-12-31,1,0,0,0,0,0,desktop,Web,Portugal,(not set),<Other>,<Other>,0.0,1,1,session_only
51684482.0901103475,6026240838,2021-01-13,1,1,0,0,0,0,mobile,Web,United States,Florida,(direct),(none),0.0,10,2,view_item
2091861.8197753287,8146799056,2020-11-26,1,0,0,0,0,0,desktop,<Other>,United States,Arizona,<Other>,<Other>,0.0,1,1,session_only
84327725.2240821692,2117583659,2021-01-16,1,0,0,0,0,0,desktop,Web,Belgium,Flanders,(direct),(none),0.0,1,1,session_only
9086711895.7106781995,3699287153,2021-01-22,1,1,1,1,1,1,desktop,Web,United States,Texas,google,organic,68.6,105,6,purchase
2290510.0452484876,6772939774,2020-12-30,1,0,0,0,0,0,desktop,Windows,United States,South Carolina,google,cpc,0.0,1,1,session_only
3375221.1442572249,2398263910,2021-01-04,1,0,0,0,0,0,desktop,Web,United States,Wisconsin,(data deleted),(data deleted),0.0,1,1,session_only
7384298.0606166634,8468283169,2021-01-02,1,0,0,0,0,0,desktop,Web,United States,Florida,<Other>,referral,0.0,1,1,session_only
70603203.5525075553,1788358342,2021-01-17,1,0,0,0,0,0,desktop,Web,United States,California,google,organic,0.0,1,1,session_only
8073386.1797201091,4345240901,2021-01-24,1,0,0,0,0,0,desktop,Web,China,Guangdong Province,<Other>,referral,0.0,1,1,session_only
54265968.5289867268,1622238428,2020-11-12,1,0,0,0,0,0,mobile,Android,Canada,Ontario,google,organic,0.0,1,1,session_only
19776395.6991230845,6805459901,2020-12-05,1,1,1,1,1,1,mobile,iOS,United States,California,<Other>,referral,0.0,17,6,purchase
69021832.7265239403,2749013509,2020-11-18,1,0,0,0,0,0,mobile,Web,China,(not set),(direct),(none),0.0,1,1,session_only
1447316788.0321439972,1523643124,2021-01-18,1,0,0,0,0,0,desktop,Web,United States,Indiana,google,organic,0.0,1,1,session_only
4263957.9327680262,8360016000,2021-01-30,1,0,0,0,0,0,desktop,Web,India,Madhya Pradesh,google,cpc,0.0,1,1,session_only
55278783.2754590826,9230766662,2020-11-13,1,1,0,0,0,0,mobile,Android,South Korea,Gyeonggi-do,<Other>,organic,0.0,6,2,view_item
49666825.5547013760,3038644423,2020-11-28,1,0,0,0,0,0,desktop,Web,Canada,Quebec,<Other>,referral,0.0,1,1,session_only
5631618.7634425005,8234508072,2021-01-26,1,0,0,0,0,0,desktop,Web,United States,Virginia,<Other>,<Other>,0.0,1,1,session_only
86039369.7321549328,4308512731,2021-01-22,1,0,0,0,0,0,mobile,Android,France,Nouvelle-Aquitaine,(direct),(none),0.0,1,1,session_only
2644910.8341124073,1204111468,2020-12-24,1,1,1,1,1,1,mobile,Android,United States,Alabama,<Other>,<Other>,0.0,39,6,purchase
18335742.1104758174,3806915980,2021-01-21,1,0,0,0,0,0,desktop,Web,United States,Michigan,google,cpc,0.0,1,1,session_only
8330668268.4013933921,8219023244,2021-01-13,1,0,0,0,0,0,desktop,Web,United States,New Jersey,(direct),(none),0.0,1,1,session_only
7928577.2123335438,5399205559,2020-12-19,1,0,0,0,0,0,desktop,Web,Canada,Ontario,(direct),(none),0.0,1,1,session_only
30589571.2251653791,4982075132,2021-01-18,1,0,0,0,0,0,desktop,Windows,United States,Minnesota,shop.googlemerchandisestore.com,referral,0.0,1,1,session_only
16258473.2163208919,5652611927,2020-11-03,1,0,0,0,0,0,desktop,Web,Japan,Kanagawa,<Other>,<Other>,0.0,1,1,session_only
5046427.9871921093,8006183059,2021-01-01,1,0,0,0,0,0,mobile,Web,United Kingdom,England,<Other>,referral,0.0,1,1,session_only
86982939.1926979513,9292339457,2021-01-28,1,0,0,0,0,0,mobile,Web,United Kingdom,England,<Other>,referral,0.0,1,1,session_only
3626470.9010152428,758535212,2021-01-09,1,0,0,0,0,0,mobile,Web,Canada,Quebec,google,organic,0.0,1,1,session_only
27620788.6726986467,9106672016,2021-01-17,1,0,0,0,0,0,desktop,Windows,United States,Nevada,<Other>,<Other>,0.0,1,1,session_only
4973989.1421033235,6352328008,2020-11-23,1,0,0,0,0,0,mobile,iOS,Japan,Tokyo,google,organic,0.0,1,1,session_only
5707776912.0605487870,5230927434,2021-01-04,1,0,0,0,0,0,desktop,Web,United States,New York,<Other>,<Other>,0.0,1,1,session_only
25974912.9608293940,4650026558,2021-01-22,1,1,1,1,1,1,mobile,Web,Russia,(not set),<Other>,organic,0.0,39,6,purchase
20673582.4415882738,6270220917,2021-01-14,1,0,0,0,0,0,desktop,<Other>,United States,Connecticut,(direct),(none),0.0,1,1,session_only
7725031.7849816705,6784347742,2020-11-09,1,0,0,0,0,0,desktop,Windows,Canada,Ontario,(direct),(none),0.0,1,1,session_only
3426617.0764755258,5346241469,2020-12-30,1,1,0,0,0,0,desktop,Web,United States,Florida,google,organic,0.0,4,2,view_item
47832970.6690268280,2564849960,2020-12-22,1,1,1,1,1,1,desktop,Web,India,Gujarat,shop.googlemerchandisestore.com,referral,26.4,44,6,purchase
1910553.7767855501,3270170875,2020-11-18,1,0,0,0,0,0,desktop,Web,United States,Michigan,(direct),(none),0.0,1,1,session_only
6457233.2800131768,3447949961,2021-01-16,1,1,0,0,0,0,mobile,iOS,United States,Iowa,google,organic,0.0,12,2,view_item
8482670.7866027030,9470413386,2020-11-23,1,0,0,0,0,0,desktop,Web,United States,New York,<Other>,<Other>,0.0,1,1,session_only
77299202.3152823956,537106536,2020-11-29,1,0,0,0,0,0,desktop,Macintosh,Denmark,Region Zealand,<Other>,<Other>,0.0,1,1,session_only
6427241.3275317189,6448817199,2020-12-12,1,1,0,1,1,1,desktop,Web,United States,California,(direct),(none),0.0,10,6,purchase
18857356.5409857556,6345742232,2020-12-31,1,0,0,0,0,0,mobile,Web,United States,New York,(direct),(none),0.0,1,1,session_only
4022952.2986902042,7466619244,2020-11-12,1,1,0,1,1,1,mobile,Web,Poland,Lower Silesian Voivodeship,(direct),(none),29.5,27,6,purchase
7316765184.9217565636,329592957,2020-12-30,1,0,0,0,0,0,desktop,Windows,India,Manipur,(direct),(none),0.0,1,1,session_only
54351239.9861323524,1145144664,2021-01-05,1,0,0,0,0,0,desktop,Web,United States,North Carolina,shop.googlemerchandisestore.com,referral,0.0,1,1,session_only
51440630.6607455104,7040490279,2021-01-14,1,0,0,0,0,0,desktop,Windows,Canada,Ontario,google,cpc,0.0,1,1,session_only
5495994.7062605328,7088044459,2020-11-16,1,0,0,0,0,0,desktop,Windows,United Kingdom,England,google,organic,0.0,1,1,session_only
65573640.5568719725,5651874496,2021-01-16,1,0,0,0,0,0,mobile,iOS,United States,New Jersey,<Other>,<Other>,0.0,1,1,session_only
7695540.8780342068,5157330355,2021-01-29,1,1,0,0,0,0,desktop,Web,Spain,Catalonia,(direct),(none),0.0,3,2,view_item
1929307.1980477023,9844295211,2020-12-19,1,0,0,0,0,0,mobile,Web,Canada,Manitoba,shop.googlemerchandisestore.com,referral,0.0,1,1,session_only
2622399.8422742038,6597896916,2020-12-31,1,0,0,0,0,0,desktop,Windows,United States,New York,<Other>,<Other>,0.0,1,1,session_only
10418208.2451530115,8637049721,2021-01-12,1,0,0,0,0,0,desktop,Web,India,Maharashtra,shop.googlemerchandisestore.com,referral,0.0,1,1,session_only
4143466.4088778298,5831391929,2020-12-26,1,0,0,0,0,0,desktop,Windows,Australia,Queensland,<Other>,referral,0.0,1,1,session_only
5381231.3341306811,3105882895,2020-11-15,1,1,0,1,0,0,desktop,Macintosh,France,Grand Est,shop.googlemerchandisestore.com,referral,0.0,7,4,begin_checkout
89444977.6651561866,8371066825,2021-01-28,1,0,0,0,0,0,desktop,Web,United Kingdom,England,shop.googlemerchandisestore.com,referral,0.0,1,1,session_only
5706554.1170445750,7678175581,2020-11-24,0,1,0,1,1,1,desktop,Web,Belgium,Flanders,<Other>,<Other>,43.52,8,6,purchase
16168775.8414402879,3110023098,2020-12-24,1,0,0,0,0,0,mobile,Android,United States,Washington,<Other>,referral,0.0,1,1,session_only
69406820.4408152082,4402436105,2020-11-05,1,0,0,0,0,0,mobile,Web,Germany,Saxony,google,organic,0.0,1,1,session_only
5746969.2137483525,8175625919,2021-01-22,1,0,0,0,0,0,desktop,Web,Peru,(not set),(direct),(none),0.0,1,1,session_only
75215066.5069340237,4849740380,2021-01-22,1,0,0,0,0,0,desktop,Web,United States,Virginia,<Other>,referral,0.0,1,1,session_only
3779982.6472710118,8606538317,2020-11-16,1,0,0,0,0,0,mobile,Web,Canada,Ontario,google,organic,0.0,1,1,session_only
1181671929.7227404022,8538366692,2020-12-31,1,1,1,1,1,1,desktop,Macintosh,Canada,Ontario,<Other>,<Other>,79.2,71,6,purchase
41537578.3817545040,7693623380,2021-01-25,1,0,0,0,0,0,mobile,iOS,Canada,British Columbia,google,organic,0.0,1,1,session_only
89793465.7632485016,8094514338,2020-12-13,1,1,0,0,0,0,mobile,Web,United States,Virginia,(direct),(none),0.0,14,2,view_item
12679239.9976264702,9273257135,2020-12-12,1,0,0,0,0,0,mobile,iOS,India,West Bengal,google,organic,0.0,1,1,session_only
19257777.9414928434,206466984,2020-11-26,1,0,0,0,0,0,desktop,Windows,United States,New York,google,organic,0.0,1,1,session_only
51363548.3734441520,7791611456,2021-01-07,1,0,0,0,0,0,desktop,Web,France,Normandy,<Other>,referral,0.0,1,1,session_only
7234189.3850745100,8505806899,2021-01-10,1,0,0,0,0,0,tablet,Web,United States,Oregon,google,cpc,0.0,1,1,session_only
56539712.2087379597,342587973,2021-01-11,1,0,0,0,0,0,mobile,iOS,Canada,British Columbia,<Other>,<Other>,0.0,1,1,session_only
6210602.3144029319,1902040298,2020-11-19,1,0,0,0,0,0,mobile,iOS,Canada,Quebec,<Other>,organic,0.0,1,1,session_only
2069489.7391179188,2332143540,2020-11-13,1,0,0,0,0,0,desktop,Windows,United States,Washington,google,organic,0.0,1,1,session_only
84488305.3937843738,4619559727,2020-11-26,1,0,0,0,0,0,mobile,Web,United States,(not set),google,organic,0.0,1,1,session_only
8709487.1610184409,9386126029,2021-01-16,1,0,0,0,0,0,mobile,iOS,United States,Texas,(direct),(none),0.0,1,1,session_only
2681522295.7155160140,4682251555,2021-01-12,1,0,0,0,0,0,desktop,Web,United States,Indiana,google,organic,0.0,1,1,session_only
26765636.7875839116,8930344721,2020-11-29,1,0,0,0,0,0,desktop,Web,United States,Washington,<Other>,<Other>,0.0,1,1,session_only
55227885.5871042307,7685548230,2020-11-28,0,1,0,0,0,0,mobile,Web,United States,Texas,(direct),(none),0.0,1,2,view_item
24756454.6759880678,5535637465,2020-11-02,1,0,0,0,0,0,desktop,Macintosh,United States,California,<Other>,referral,0.0,1,1,session_only
1645072.0930123016,1375641754,2020-12-27,1,0,0,0,0,0,mobile,Web,Israel,Tel Aviv District,google,organic,0.0,1,1,session_only
2808102.2330574481,8090457563,2020-12-13,1,1,1,1,1,1,desktop,<Other>,United States,California,(data deleted),(data deleted),357.76,94,6,purchase
3977935.2150587180,5134022043,2020-12-25,1,0,0,0,0,0,mobile,Web,United States,New Jersey,google,organic,0.0,1,1,session_only
54064006.4612083157,2288467469,2020-11-15,1,0,0,0,0,0,desktop,Web,United States,California,google,organic,0.0,1,1,session_only
2573490.1191454520,8182768990,2021-01-24,1,0,0,0,0,0,desktop,Web,Finland,Uusimaa,(direct),(none),0.0,1,1,session_only
55440590.2726217574,1160731878,2020-11-02,1,1,0,0,0,0,desktop,Macintosh,United States,Florida,shop.googlemerchandisestore.com,referral,0.0,2,2,view_item
5736658.6395559094,8767033493,2020-11-16,1,0,0,0,0,0,desktop,Web,United States,California,google,organic,0.0,1,1,session_only
6102508.1318693112,8990298664,2021-01-21,1,0,0,0,0,0,desktop,Web,United States,California,google,organic,0.0,1,1,session_only
68075284.5240293543,5481102924,2020-12-20,1,1,1,1,1,1,desktop,Windows,United States,California,<Other>,referral,59.2,23,6,purchase
72893511.5579931096,2171802797,2021-01-10,1,0,0,0,0,0,desktop,Web,Australia,New South Wales,<Other>,organic,0.0,1,1,session_only
74197956.4317067292,6066691356,2021-01-24,1,0,0,0,0,0,desktop,Web,Australia,Victoria,<Other>,referral,0.0,1,1,session_only
1714363136.5606228856,6794044841,2020-11-08,1,0,0,0,0,0,mobile,iOS,South Korea,Seoul,<Other>,referral,0.0,1,1,session_only
31720227.2761155105,1749677630,2020-11-19,1,0,0,0,0,0,mobile,Web,Canada,Ontario,shop.googlemerchandisestore.com,referral,0.0,1,1,session_only
39910704.7372696527,5013579497,2021-01-30,1,0,0,0,0,0,desktop,Web,South Korea,Chungcheongbuk-do,google,organic,0.0,1,1,session_only
11155737.2005788658,5247435539,2020-11-01,1,1,0,0,0,0,desktop,Web,United States,California,(direct),(none),0.0,5,2,view_item
26187305.5468645909,7203209463,2020-11-05,1,0,0,0,0,0,desktop,Web,Malaysia,Federal Territory of Kuala Lumpur,<Other>,<Other>,0.0,1,1,session_only
4925412.2830041763,7142743400,2020-12-31,1,1,0,0,0,0,desktop,Windows,United States,Washington,google,organic,0.0,2,2,view_item
5469843.0361982927,5040145391,2021-01-12,1,0,0,0,0,0,desktop,Web,China,Fujian,<Other>,<Other>,0.0,1,1,session_only
7219736.4665003628,2190033737,2021-01-21,1,0,0,0,0,0,desktop,Windows,United States,Washington,shop.googlemerchandisestore.com,referral,0.0,1,1,session_only
25081168.9403559473,6280537117,2020-11-28,1,0,0,0,0,0,mobile,Web,Greece,Decentralized Administration of Macedonia and Thrace,(direct),(none),0.0,1,1,session_only
6691211.6594368190,611171536,2020-11-02,1,1,0,0,0,0,desktop,Web,United States,California,(direct),(none),0.0,5,2,view_item
8592065.4086685920,6256143784,2021-01-18,1,1,1,0,0,0,mobile,iOS,Canada,British Columbia,<Other>,referral,0.0,8,3,add_to_cart
32867282.5524236748,735269389,2020-11-06,1,1,0,1,0,0,desktop,Web,Portugal,Lisbon,google,organic,0.0,7,4,begin_checkout
5072321.1995220939,2842386205,2021-01-29,1,1,0,0,0,0,desktop,Windows,Canada,Alberta,(direct),(none),0.0,2,2,view_item
1178132.5577525159,4511409568,2021-01-10,1,0,0,0,0,0,mobile,Web,United States,(not set),google,organic,0.0,1,1,session_only
3404199.7530908372,2042754085,2021-01-07,1,0,0,0,0,0,mobile,iOS,India,Maharashtra,<Other>,referral,0.0,1,1,session_only
3218982.5426906645,1894405936,2021-01-01,1,0,0,0,0,0,desktop,Web,India,Maharashtra,(direct),(none),0.0,1,1,session_only
5236240.6397325799,8447110245,2020-12-31,1,0,0,0,0,0,mobile,Web,India,Uttar Pradesh,google,organic,0.0,1,1,session_only
88226450.5432113075,9945868381,2021-01-17,1,0,0,0,0,0,mobile,iOS,United States,Washington,google,organic,0.0,1,1,session_only
71154589.7984644319,1096124486,2020-12-12,1,0,0,0,0,0,desktop,Windows,United States,Indiana,<Other>,referral,0.0,1,1,session_only
32455990.0177590832,489227841,2020-12-22,1,0,0,0,0,0,mobile,Web,United States,Virginia,google,organic,0.0,1,1,session_only
21632736.6664943081,3609473528,2021-01-08,1,0,0,0,0,0,tablet,iOS,China,Zhejiang,<Other>,<Other>,0.0,1,1,session_only
6147800.2522240679,2134525296,2020-11-07,1,1,0,1,1,1,desktop,Macintosh,United States,Texas,google,cpc,0.0,9,6,purchase
32315532.6291699288,2559238000,2020-12-22,1,0,0,0,0,0,desktop,Web,United States,California,google,cpc,0.0,1,1,session_only
19652876.0575905613,1582612394,2021-01-14,1,0,0,0,0,0,desktop,Windows,United States,Vermont,google,organic,0.0,1,1,session_only
57298669.7666538516,1662369825,2020-12-31,1,1,0,0,0,0,mobile,Web,Canada,Quebec,<Other>,referral,0.0,4,2,view_item
31940764.0532258933,9106321176,2020-11-05,1,1,0,0,0,0,desktop,Web,Singapore,(not set),google,organic,0.0,3,2,view_item
1432959.3073271848,6901505535,2021-01-26,1,0,0,0,0,0,desktop,Macintosh,India,Rajasthan,google,organic,0.0,1,1,session_only
34911753.3591248605,7458195474,2021-01-01,1,0,0,0,0,0,mobile,Web,United States,Illinois,<Other>,<Other>,0.0,1,1,session_only
67166806.9692580165,70103318,2021-01-10,1,0,0,0,0,0,desktop,Web,United States,California,<Other>,<Other>,0.0,1,1,session_only
7885868.6891165106,4748982373,2021-01-02,1,0,0,0,0,0,desktop,Web,United States,Massachusetts,<Other>,referral,0.0,1,1,session_only
1055465.0001363615,4326793291,2020-11-12,1,0,0,0,0,0,desktop,Web,India,Karnataka,(direct),(none),0.0,1,1,session_only
49178311.6347072593,7987075604,2021-01-14,1,0,0,0,0,0,desktop,Web,United States,California,(direct),(none),0.0,1,1,session_only
17776815.2803360812,5369289467,2021-01-04,1,0,0,0,0,0,desktop,Web,United States,Virginia,<Other>,<Other>,0.0,1,1,session_only
1765514.3967459271,2847176748,2020-12-29,1,1,0,1,1,1,desktop,Web,Italy,Emilia-Romagna,google,organic,0.0,16,6,purchase
6686537.0006758171,2207070784,2020-11-02,1,0,0,0,0,0,mobile,Web,Israel,Tel Aviv District,google,organic,0.0,1,1,session_only
52848139.3164619546,9945671831,2020-11-16,1,1,0,0,0,0,desktop,Windows,India,Rajasthan,(data deleted),(data deleted),0.0,4,2,view_item
65179078.3007363162,8679637607,2021-01-08,1,0,0,0,0,0,desktop,Windows,Canada,Quebec,<Other>,referral,0.0,1,1,session_only
91958884.1376993513,8880053549,2020-11-08,1,0,0,0,0,0,desktop,Web,Mexico,(not set),(direct),(none),0.0,1,1,session_only
22034713.0219856362,5303550676,2020-12-24,1,0,0,0,0,0,mobile,Web,United States,Florida,<Other>,<Other>,0.0,1,1,session_only
2443792.8064502006,415505653,2020-11-06,1,0,0,0,0,0,desktop,Macintosh,United Kingdom,England,(direct),(none),0.0,1,1,session_only
62588748.3077130398,1229684237,2021-01-24,1,1,1,0,0,0,desktop,Windows,South Korea,(not set),google,organic,0.0,3,3,add_to_cart
4403144.5798885830,5632371429,2021-01-05,1,0,0,0,0,0,mobile,Web,Thailand,(not set),google,organic,0.0,1,1,session_only
1655781.0131717336,9320119944,2020-12-24,1,1,1,1,1,1,mobile,Web,United States,Texas,(data deleted),(data deleted),0.0,28,6,purchase
74728295.3604991456,4838328520,2021-01-03,1,0,0,0,0,0,desktop,Web,United States,Vermont,google,organic,0.0,1,1,session_only
21787646.5950635572,9006499771,2021-01-03,1,1,0,0,0,0,mobile,Android,United States,California,(direct),(none),0.0,4,2,view_item
3358366129.1984497208,5651288343,2021-01-17,1,0,0,0,0,0,mobile,Web,South Korea,Seoul,shop.googlemerchandisestore.com,referral,0.0,1,1,session_only
47389083.5408071309,8615384136,2020-12-25,1,0,0,0,0,0,desktop,Web,Canada,Ontario,google,organic,0.0,1,1,session_only
26156337.9287980478,2634074356,2020-11-09,1,1,0,0,0,0,desktop,Web,Bahamas,New Providence,(data deleted),(data deleted),0.0,4,2,view_item
6939209.0233360986,355567589,2020-11-06,1,0,0,0,0,0,desktop,Web,United States,Washington,(direct),(none),0.0,1,1,session_only
3471427.3879646351,1229507749,2020-12-12,1,0,0,0,0,0,desktop,Web,United States,Alabama,google,organic,0.0,1,1,session_only
16124894.3560876017,2109514482,2020-11-05,1,0,0,0,0,0,mobile,Android,United States,Michigan,google,organic,0.0,1,1,session_only
18381964.7012312109,14925589,2020-11-22,1,1,0,0,0,0,desktop,Windows,Taiwan,Taiwan Province,(data deleted),(data deleted),0.0,4,2,view_item
34915012.9905652021,9611428960,2020-11-21,1,0,0,0,0,0,mobile,Web,India,Uttar Pradesh,google,organic,0.0,1,1,session_only
5942702.6725651197,4033575125,2020-11-27,1,0,0,0,0,0,mobile,iOS,Canada,Newfoundland and Labrador,shop.googlemerchandisestore.com,referral,0.0,1,1,session_only
8101627.8300290949,7410308823,2021-01-31,1,0,0,0,0,0,mobile,iOS,Spain,Madrid,google,organic,0.0,1,1,session_only
83568538.3013662944,9458242640,2020-12-22,1,0,0,0,0,0,desktop,Web,United States,California,shop.googlemerchandisestore.com,referral,0.0,1,1,session_only
24304271.4330042107,9576383713,2020-12-12,1,1,0,1,1,1,desktop,Windows,Germany,North Rhine-Westphalia,shop.googlemerchandisestore.com,referral,82.88,11,6,purchase
36216847.9683679670,8516072459,2020-11-19,1,0,0,0,0,0,desktop,Web,United States,California,google,cpc,0.0,1,1,session_only
6590222.0597250623,555419733,2020-12-31,1,1,0,0,0,0,mobile,iOS,Colombia,Antioquia,<Other>,<Other>,0.0,2,2,view_item
8937015.9866973030,6152037459,2021-01-17,1,1,0,0,0,0,desktop,Web,United States,New York,(direct),(none),0.0,2,2,view_item
1037187.6235089629,3714735645,2021-01-09,1,0,0,0,0,0,desktop,<Other>,Turkey,Ankara,<Other>,organic,0.0,1,1,session_only
42024503.2623861234,1996223253,2021-01-18,1,0,0,0,0,0,desktop,Web,United States,Indiana,google,organic,0.0,1,1,session_only
7996207.2961613608,3858959318,2021-01-08,1,0,0,0,0,0,mobile,Web,Ghana,Greater Accra Region,(direct),(none),0.0,1,1,session_only
82240848.9469723429,6317673793,2021-01-23,1,0,0,0,0,0,desktop,Windows,United States,Wisconsin,(direct),(none),0.0,1,1,session_only
32903114.0543045541,6055620377,2021-01-05,1,0,0,0,0,0,mobile,Web,United States,Florida,<Other>,organic,0.0,1,1,session_only
4708861.0059814332,9847179222,2020-11-13,1,0,0,0,0,0,desktop,Web,Australia,Queensland,(direct),(none),0.0,1,1,session_only
1499862.5279612021,6181918443,2020-12-22,1,0,0,0,0,0,desktop,Windows,United States,Texas,(direct),(none),0.0,1,1,session_only
99267928.7148987662,9532891783,2021-01-09,1,0,0,0,0,0,mobile,Web,India,Karnataka,(direct),(none),0.0,1,1,session_only
4781186.5598357658,9250850726,2021-01-21,1,0,0,0,0,0,desktop,<Other>,Ireland,(not set),(data deleted),(data deleted),0.0,1,1,session_only
17102784.5367188862,433833320,2020-11-18,1,0,0,0,0,0,mobile,Android,India,Punjab,google,organic,0.0,1,1,session_only
1775446.0183507957,4860142875,2020-11-26,1,0,0,0,0,0,mobile,Android,United States,Washington,(direct),(none),0.0,1,1,session_only
28907427.9530404463,7178656787,2020-12-29,1,0,0,0,0,0,desktop,Web,United States,South Carolina,google,organic,0.0,1,1,session_only
2021269.8706765913,7967903152,2021-01-16,1,0,0,0,0,0,desktop,Web,United States,California,google,organic,0.0,1,1,session_only
71568428.9837238029,9733398413,2020-11-07,1,0,0,0,0,0,mobile,Web,United States,Virginia,google,cpc,0.0,1,1,session_only
1259445.6778728194,7639756089,2021-01-21,1,0,0,0,0,0,desktop,Web,Canada,Ontario,(direct),(none),0.0,1,1,session_only
2436379308.3533956271,449136101,2020-12-24,1,0,0,0,0,0,desktop,Windows,Canada,Newfoundland and Labrador,(data deleted),(data deleted),0.0,1,1,session_only
1405252.4580331309,6524206739,2020-11-07,1,1,0,0,0,0,desktop,Windows,United States,California,(direct),(none),0.0,2,2,view_item
29946013.3561874011,8656165595,2020-11-28,1,0,0,0,0,0,desktop,Web,United States,California,<Other>,referral,0.0,1,1,session_only
2989315.4942059699,2100869257,2020-11-07,1,0,0,0,0,0,mobile,Android,China,Guangdong Province,google,organic,0.0,1,1,session_only
93904801.6107629224,7239980907,2020-11-21,1,0,0,0,0,0,desktop,Macintosh,Argentina,Buenos Aires Province,google,organic,0.0,1,1,session_only
33988523.2499729000,3428458667,2020-11-08,1,0,0,0,0,0,desktop,Windows,United States,South Carolina,shop.googlemerchandisestore.com,referral,0.0,1,1,session_only
12150858.0202231607,3163117146,2021-01-22,1,1,1,0,0,0,desktop,Macintosh,China,Zhejiang,<Other>,<Other>,0.0,6,3,add_to_cart
24467430.7181196119,9517220559,2021-01-19,1,1,0,0,0,0,desktop,Web,United States,Illinois,<Other>,<Other>,0.0,13,2,view_item
20187972.5760103404,3559584208,2020-12-24,1,0,0,0,0,0,desktop,<Other>,United States,California,<Other>,referral,0.0,1,1,session_only
2933565.9541430158,6508941629,2021-01-08,1,1,0,1,1,1,desktop,Web,United States,Louisiana,<Other>,<Other>,33.2,15,6,purchase
1526283.2496942169,8630921879,2020-12-31,1,0,0,0,0,0,mobile,iOS,United States,Virginia,(direct),(none),0.0,1,1,session_only
47644767.6010879462,9402566686,2020-12-19,1,0,0,0,0,0,desktop,Windows,United States,Pennsylvania,(data deleted),(data deleted),0.0,1,1,session_only
30689550.4184941045,265544810,2021-01-07,1,0,0,0,0,0,desktop,Web,Ukraine,(not set),<Other>,referral,0.0,1,1,session_only
9117029.1480021961,4419313725,2020-11-07,1,0,0,0,0,0,desktop,Macintosh,Brazil,(not set),google,organic,0.0,1,1,session_only
4947213.3072787551,3523011532,2020-12-20,1,0,0,0,0,0,desktop,Windows,United States,California,google,organic,0.0,1,1,session_only
38414423.0945188216,9220953672,2021-01-12,1,0,0,0,0,0,mobile,iOS,Canada,Ontario,<Other>,referral,0.0,1,1,session_only
7233859.5024224831,4968251946,2021-01-24,1,0,0,0,0,0,mobile,Web,Hong Kong,(not set),<Other>,<Other>,0.0,1,1,session_only
3639412.7567909012,5644906634,2020-11-07,1,0,0,0,0,0,mobile,iOS,United States,California,(direct),(none),0.0,1,1,session_only
94140731.3681280555,7026477928,2020-12-13,1,0,0,0,0,0,mobile,iOS,Netherlands,South Holland,google,organic,0.0,1,1,session_only
47543814.3236927674,4577978066,2020-11-03,1,0,0,0,0,0,desktop,Windows,United States,Texas,google,organic,0.0,1,1,session_only
17918965.5968192573,6855309516,2020-11-21,1,0,0,0,0,0,desktop,Web,United States,Idaho,(direct),(none),0.0,1,1,session_only
17085165.8203923722,6803225553,2021-01-29,1,0,0,0,0,0,desktop,Windows,United States,Wisconsin,google,organic,0.0,1,1,session_only
7393256.5807172185,3053852776,2020-11-14,1,0,0,0,0,0,mobile,Android,China,Zhejiang,google,organic,0.0,1,1,session_only
45912009.6781817212,7105732729,2020-11-26,1,0,0,0,0,0,mobile,iOS,India,West Bengal,<Other>,referral,0.0,1,1,session_only
37366415.8237568662,8462969994,2021-01-26,1,0,0,0,0,0,desktop,Macintosh,(not set),(not set),<Other>,<Other>,0.0,1,1,session_only
8882630.7122222057,5544224689,2020-11-06,1,0,0,0,0,0,desktop,Web,Mexico,Baja California,google,cpc,0.0,1,1,session_only
73892202.6179415969,7620155075,2020-11-16,0,1,0,1,1,1,mobile,Web,Canada,Quebec,google,organic,44.4,9,6,purchase
67767459.1477994212,6383090869,2021-01-12,1,0,0,0,0,0,mobile,Web,India,Maharashtra,google,organic,0.0,1,1,session_only
82055494.7651455642,8487955799,2020-12-29,1,0,0,0,0,0,mobile,Web,United States,Minnesota,(direct),(none),0.0,1,1,session_only
7118786.9014548716,7785892676,2021-01-24,1,0,0,0,0,0,desktop,Web,United States,Michigan,google,organic,0.0,1,1,session_only
74929317.6574433273,8158707858,2021-01-25,1,0,0,0,0,0,desktop,Web,Portugal,Porto District,shop.googlemerchandisestore.com,referral,0.0,1,1,session_only
89471585.6921786514,4746197441,2021-01-26,1,0,0,0,0,0,desktop,Macintosh,Singapore,(not set),google,organic,0.0,1,1,session_only
8829640.5775851374,646770951,2021-01-18,1,0,0,0,0,0,desktop,Web,United States,Washington,<Other>,referral,0.0,1,1,session_only
65832928.2844600768,5116348371,2020-12-22,1,1,0,0,0,0,desktop,Web,United States,New York,google,organic,0.0,4,2,view_item
7647266.5696146628,1113822400,2020-11-05,1,1,0,0,0,0,mobile,iOS,Japan,Osaka,google,organic,0.0,2,2,view_item
3312983958.7545863250,3331144776,2020-11-08,1,0,0,0,0,0,desktop,Windows,United States,Texas,google,organic,0.0,1,1,session_only
6628294.9504182281,7064308919,2021-01-09,1,0,0,0,0,0,mobile,Web,United States,Virginia,google,organic,0.0,1,1,session_only
74733735.2676155772,9530989657,2021-01-19,1,0,0,0,0,0,mobile,Web,Hungary,(not set),shop.googlemerchandisestore.com,referral,0.0,1,1,session_only
28943414.1335753462,1909181303,2021-01-08,1,1,0,0,0,0,desktop,Macintosh,South Korea,Seoul,<Other>,<Other>,0.0,2,2,view_item
46892557.5792987775,4630361719,2020-11-16,1,0,0,0,0,0,desktop,Web,United States,Maryland,<Other>,<Other>,0.0,1,1,session_only
4791586.2555394856,7570404297,2021-01-12,1,0,0,0,0,0,mobile,iOS,Armenia,(not set),shop.googlemerchandisestore.com,referral,0.0,1,1,session_only
54971191.9192770128,2148094471,2020-11-13,1,1,0,1,1,1,desktop,Web,United States,Tennessee,<Other>,organic,9.6,77,6,purchase
2590328757.2409426352,5755179950,2021-01-01,1,0,0,0,0,0,mobile,Web,South Korea,Gyeongsangbuk-do,(direct),(none),0.0,1,1,session_only
2726479.4919388665,4154279715,2020-11-13,1,1,0,0,0,0,mobile,Web,Spain,Castile and Leon,google,organic,0.0,3,2,view_item
37924555.1101606294,1056526946,2020-12-22,1,0,0,0,0,0,desktop,Web,United States,Virginia,google,organic,0.0,1,1,session_only
73601093.9917945274,4079310466,2021-01-21,1,1,0,0,0,0,desktop,Web,France,Grand Est,<Other>,organic,0.0,2,2,view_item
70397804.3783873757,6425289023,2020-12-30,1,0,0,0,0,0,mobile,Web,Malaysia,Selangor,google,cpc,0.0,1,1,session_only
6693331.9542199599,59017987,2020-11-03,1,1,0,0,0,0,desktop,Web,United States,Texas,(direct),(none),0.0,2,2,view_item
1104932.4020447939,723760086,2020-11-23,1,0,0,0,0,0,desktop,<Other>,Australia,Victoria,google,organic,0.0,1,1,session_only
20548912.1696398541,3237933080,2020-11-09,1,0,0,0,0,0,desktop,Web,China,(not set),google,organic,0.0,1,1,session_only
83786673.1778733723,732748105,2021-01-29,1,0,0,0,0,0,mobile,iOS,Spain,Basque Country,<Other>,referral,0.0,1,1,session_only
1420767.7018947713,3609462644,2020-11-09,1,1,0,0,0,0,mobile,iOS,Hong Kong,(not set),google,organic,0.0,2,2,view_item
1162328006.3247629904,6844902225,2020-11-26,1,1,0,0,0,0,mobile,Web,El Salvador,San Salvador Department,(data deleted),(data deleted),0.0,3,2,view_item
50855760.0377252570,6701255426,2021-01-28,1,0,0,0,0,0,tablet,iOS,United States,Virginia,google,organic,0.0,1,1,session_only
3992299.7219684671,3266203433,2021-01-11,1,0,0,0,0,0,mobile,Web,United States,New Jersey,google,organic,0.0,1,1,session_only
55591974.4911450307,4311879178,2021-01-11,1,0,0,0,0,0,desktop,Macintosh,United States,Oklahoma,(direct),(none),0.0,1,1,session_only
3911205.2540002913,5345145481,2021-01-05,1,0,0,0,0,0,desktop,Web,United States,Arizona,<Other>,<Other>,0.0,1,1,session_only
1948462.3676809033,2289766175,2020-11-22,1,0,0,0,0,0,mobile,Web,Russia,(not set),google,organic,0.0,1,1,session_only
89321130.3594519776,7493898480,2020-11-26,1,0,0,0,0,0,desktop,Web,Canada,Ontario,<Other>,referral,0.0,1,1,session_only
72007047.0559427469,8685637240,2021-01-07,1,0,0,0,0,0,mobile,Web,Australia,Queensland,(direct),(none),0.0,1,1,session_only
58407179.0624283525,5482367984,2021-01-24,1,1,0,1,0,0,desktop,Macintosh,Turkey,(not set),google,organic,0.0,19,4,begin_checkout
1381989.0678727048,5384206252,2020-12-31,1,0,0,0,0,0,mobile,Web,South Korea,Gyeongsangbuk-do,google,organic,0.0,1,1,session_only
70564074.9754358840,8043215464,2020-12-26,1,0,0,0,0,0,desktop,Web,United States,California,google,organic,0.0,1,1,session_only
5644492.2523313530,448893994,2020-12-27,1,1,0,0,0,0,mobile,Android,United States,Pennsylvania,google,organic,0.0,2,2,view_item
1808625.4598331905,4893876891,2020-11-06,1,0,0,0,0,0,desktop,Web,Canada,Ontario,<Other>,referral,0.0,1,1,session_only
67061933.3413729044,3124381431,2020-11-27,1,0,0,0,0,0,desktop,Windows,Denmark,Central Denmark Region,google,organic,0.0,1,1,session_only
33881124.4396575977,2998109202,2021-01-05,1,0,0,0,0,0,desktop,Macintosh,Singapore,(not set),shop.googlemerchandisestore.com,referral,0.0,1,1,session_only
5258498.5020950639,3321443950,2020-12-12,1,0,0,0,0,0,mobile,iOS,United States,Virginia,<Other>,<Other>,0.0,1,1,session_only
4463203.5143462060,5843413271,2020-11-15,1,0,0,0,0,0,desktop,Windows,India,Karnataka,google,organic,0.0,1,1,session_only
8596582.5689348116,814249066,2020-11-06,1,0,0,0,0,0,desktop,Macintosh,Germany,(not set),shop.googlemerchandisestore.com,referral,0.0,1,1,session_only
29429268.1200759006,7013941420,2020-12-25,1,0,0,0,0,0,desktop,Windows,United States,Missouri,<Other>,<Other>,0.0,1,1,session_only
6564582209.9323018306,7190376430,2020-11-09,1,0,0,0,0,0,mobile,Android,Slovenia,Ljubljana,google,organic,0.0,1,1,session_only
71704263.6762226423,4712944840,2020-12-23,0,1,0,0,0,0,mobile,Web,United States,Colorado,google,organic,0.0,13,2,view_item
63367560.9836128851,9727681848,2020-11-14,1,0,0,0,0,0,mobile,Web,Malaysia,Federal Territory of Kuala Lumpur,(direct),(none),0.0,1,1,session_only
59794744.3929093108,4459271598,2021-01-09,1,1,1,0,0,0,mobile,Web,United States,Virginia,(direct),(none),0.0,15,3,add_to_cart
3063830.8114779369,3156377209,2021-01-23,1,0,0,0,0,0,mobile,Android,Canada,Saskatchewan,(direct),(none),0.0,1,1,session_only
7808807.1210360176,412810134,2021-01-28,1,1,1,1,1,1,mobile,iOS,Japan,(not set),google,organic,0.0,15,6,purchase
8334406.3609381119,7459882718,2021-01-16,1,1,0,0,0,0,desktop,Web,United States,California,(data deleted),(data deleted),0.0,7,2,view_item
6901525.3839358102,3549630165,2021-01-08,1,0,0,0,0,0,desktop,Web,United States,California,<Other>,<Other>,0.0,1,1,session_only
3944084.4348336144,8644755263,2021-01-21,1,1,0,0,0,0,mobile,Android,United States,Connecticut,google,cpc,0.0,3,2,view_item
4287251.5843814098,928671292,2020-11-28,1,0,0,0,0,0,desktop,Windows,India,Delhi,google,organic,0.0,1,1,session_only
26096694.9058323578,8478140603,2020-11-05,1,0,0,0,0,0,mobile,iOS,India,Uttar Pradesh,(direct),(none),0.0,1,1,session_only
2477830.0591811856,7707140725,2020-11-19,1,1,0,0,0,0,mobile,Web,United Kingdom,England,google,organic,0.0,8,2,view_item
2496754.1110856414,2720203263,2020-12-24,1,0,0,0,0,0,mobile,Web,Australia,Victoria,(direct),(none),0.0,1,1,session_only
9517858.6694953831,3047840261,2020-11-19,1,1,0,0,0,0,desktop,Web,New Zealand,Auckland,google,organic,0.0,4,2,view_item
6191510.6394645840,172344083,2021-01-22,1,0,0,0,0,0,mobile,Android,United States,Massachusetts,<Other>,referral,0.0,1,1,session_only
6283181.1330702498,8470905199,2020-11-24,1,1,0,0,0,0,desktop,Web,France,Provence-Alpes-Cote d'Azur,google,organic,0.0,19,2,view_item
55178288.3731375714,2724686236,2021-01-10,1,0,0,0,0,0,mobile,iOS,Australia,Victoria,(direct),(none),0.0,1,1,session_only
60677161.8183056109,1304492221,2021-01-03,1,0,0,0,0,0,mobile,Web,Puerto Rico,(not set),(direct),(none),0.0,1,1,session_only
65608889.8290462049,9942564250,2020-11-03,1,1,0,1,1,1,desktop,Web,United States,Arkansas,(data deleted),(data deleted),0.0,11,6,purchase
1507774846.4873403011,7869911330,2021-01-07,1,0,0,0,0,0,mobile,Web,United States,Illinois,<Other>,referral,0.0,1,1,session_only
90244065.0011178148,2860751109,2020-11-02,1,0,0,0,0,0,desktop,Windows,Singapore,(not set),google,organic,0.0,1,1,session_only
41991902.6553728877,8463990392,2020-12-22,1,0,0,0,0,0,mobile,Web,Taiwan,Kaohsiung City,google,organic,0.0,1,1,session_only
18133695.8992226372,3533226862,2020-11-07,1,0,0,0,0,0,mobile,Web,Italy,Emilia-Romagna,google,organic,0.0,1,1,session_only
1966343.9958593633,649105783,2020-11-02,1,0,0,0,0,0,desktop,Windows,United States,Maine,shop.googlemerchandisestore.com,referral,0.0,1,1,session_only
66165579.3177474520,1145177218,2020-12-13,1,0,0,0,0,0,desktop,Windows,United States,Ohio,<Other>,<Other>,0.0,1,1,session_only
69058292.5257517126,2687389887,2020-11-27,1,1,0,0,0,0,desktop,Web,Spain,Catalonia,(direct),(none),0.0,5,2,view_item
59871487.5737257781,2860174621,2021-01-10,1,0,0,0,0,0,mobile,Android,United States,Michigan,<Other>,referral,0.0,1,1,session_only
43860072.1529614388,4746608657,2020-11-06,1,0,0,0,0,0,mobile,Web,Saudi Arabia,Riyadh Province,google,organic,0.0,1,1,session_only
8291918.5245934343,4669633433,2020-12-29,1,0,0,0,0,0,mobile,Web,Germany,North Rhine-Westphalia,<Other>,referral,0.0,1,1,session_only
2021056.7495536237,3201900898,2020-11-27,1,0,0,0,0,0,mobile,Android,Singapore,(not set),google,organic,0.0,1,1,session_only
60586473.1338877685,1729253140,2021-01-30,1,0,0,0,0,0,desktop,Windows,Singapore,(not set),google,organic,0.0,1,1,session_only
14780878.1159149587,9468579416,2020-12-20,1,1,1,0,0,0,desktop,Web,United States,South Carolina,<Other>,<Other>,0.0,9,3,add_to_cart
76105736.0377542337,1099405858,2021-01-05,1,0,0,0,0,0,desktop,Windows,United States,California,google,organic,0.0,1,1,session_only
7527294.2552930278,5495631284,2020-11-03,1,0,0,0,0,0,desktop,Web,Canada,Quebec,<Other>,<Other>,0.0,1,1,session_only
29178166.7630522967,3550120193,2021-01-05,1,0,0,0,0,0,mobile,iOS,Bulgaria,Sofia City Province,google,cpc,0.0,1,1,session_only
2660071.6760619641,9683959046,2020-11-19,1,1,1,1,1,1,desktop,Macintosh,United States,Texas,(direct),(none),193.28,21,6,purchase
52586659.6617532338,8571994291,2020-11-02,1,0,0,0,0,0,desktop,Web,India,Karnataka,google,cpc,0.0,1,1,session_only
62769959.0946614601,5068368283,2020-11-02,1,0,0,0,0,0,mobile,Android,United Arab Emirates,Sharjah,<Other>,<Other>,0.0,1,1,session_only
92165759.6325031236,30580672,2020-11-05,1,0,0,0,0,0,desktop,Web,United States,California,(data deleted),(data deleted),0.0,1,1,session_only
50797926.6319765292,4519584745,2021-01-04,1,0,0,0,0,0,desktop,Web,Australia,Queensland,<Other>,<Other>,0.0,1,1,session_only
1097055.6464513398,8023099231,2020-11-23,1,0,0,0,0,0,desktop,Web,Japan,Tokyo,<Other>,<Other>,0.0,1,1,session_only
53015438.6721439320,8008778435,2020-11-18,1,1,1,1,1,0,desktop,Windows,United States,Ohio,google,organic,0.0,14,5,add_payment
25712283.2548580985,7737667441,2021-01-05,1,1,0,1,1,1,mobile,Web,Taiwan,Taipei City,shop.googlemerchandisestore.com,referral,132.8,54,6,purchase
2673583.9030483225,7216290008,2020-11-16,1,1,0,1,1,1,desktop,Web,United States,Michigan,google,organic,54.4,11,6,purchase
8822912.1286128560,3586793943,2020-12-27,1,0,0,0,0,0,desktop,Web,United States,North Carolina,shop.googlemerchandisestore.com,referral,0.0,1,1,session_only
7842652.9637647224,7175683665,2021-01-23,1,1,1,1,1,1,mobile,iOS,United States,North Carolina,(direct),(none),0.0,20,6,purchase
4244063.5746229815,4900810928,2021-01-24,1,1,1,1,1,1,mobile,iOS,United States,California,(direct),(none),80.24,19,6,purchase
11664853.6954367590,2593331426,2020-12-13,1,0,0,0,0,0,desktop,Web,United States,Utah,(direct),(none),0.0,1,1,session_only
2789640.6924881902,1509676115,2020-11-02,1,0,0,0,0,0,mobile,Android,India,Haryana,<Other>,organic,0.0,1,1,session_only
7122252.2923153440,2072956302,2020-11-09,1,0,0,0,0,0,desktop,Windows,Slovakia,(not set),<Other>,<Other>,0.0,1,1,session_only
3625007.3338326158,9998028822,2021-01-05,1,0,0,0,0,0,desktop,Windows,India,Uttar Pradesh,google,organic,0.0,1,1,session_only
2198010.9749938971,5920605038,2020-12-05,1,0,0,0,0,0,desktop,Web,United States,California,(direct),(none),0.0,1,1,session_only
2755125.1317028746,4864385489,2021-01-03,1,0,0,0,0,0,mobile,Web,India,Kerala,google,organic,0.0,1,1,session_only
3436511.4303288416,6877047651,2021-01-18,1,1,0,0,0,0,mobile,Web,Italy,Sicily,<Other>,referral,0.0,3,2,view_item
63965592.3917251755,932668642,2020-12-29,1,0,0,0,0,0,desktop,Web,Mexico,State of Mexico,google,organic,0.0,1,1,session_only
339696668.9046624697,7264933339,2020-11-19,1,0,0,0,0,0,mobile,iOS,India,Madhya Pradesh,google,cpc,0.0,1,1,session_only
1705789.1562516032,5315983210,2020-11-09,1,0,0,0,0,0,desktop,Web,Canada,Ontario,google,organic,0.0,1,1,session_only
90781020.1958966537,8726664692,2020-11-28,1,1,1,1,1,1,mobile,iOS,Austria,Vienna,google,organic,44.8,9,6,purchase
91703347.9845109002,8076820221,2021-01-04,1,0,0,0,0,0,desktop,Windows,United States,Tennessee,google,organic,0.0,1,1,session_only
1190090.2553169627,2856759268,2021-01-30,1,0,0,0,0,0,desktop,Windows,India,Bihar,(direct),(none),0.0,1,1,session_only
5298021592.3567526259,8018929404,2021-01-29,1,1,0,0,0,0,mobile,Android,United States,Virginia,google,organic,0.0,5,2,view_item
49984267.7194021839,3560832397,2021-01-17,1,0,0,0,0,0,desktop,Web,United States,Washington,<Other>,organic,0.0,1,1,session_only
82979913.7707813282,550578544,2020-12-25,1,1,0,1,0,0,desktop,Web,United States,Ohio,(data deleted),(data deleted),0.0,6,4,begin_checkout
5886832.6404361809,2450782924,2021-01-29,1,0,0,0,0,0,desktop,Web,United States,California,google,organic,0.0,1,1,session_only
50240529.8081252558,7776592488,2020-11-06,1,1,0,0,0,0,mobile,Web,United Kingdom,England,google,organic,0.0,3,2,view_item
49817487.7577680951,3262442104,2020-11-01,1,0,0,0,0,0,desktop,Web,France,Pays de la Loire,google,organic,0.0,1,1,session_only
52960561.0343049585,4135608280,2020-11-27,1,0,0,0,0,0,mobile,Web,Malaysia,Federal Territory of Kuala Lumpur,shop.googlemerchandisestore.com,referral,0.0,1,1,session_only
77782985.0878230095,8022264641,2020-11-24,0,1,0,1,1,1,mobile,Android,United States,New Jersey,shop.googlemerchandisestore.com,referral,0.0,98,6,purchase
91330149.7786074854,489285237,2020-11-03,1,1,0,0,0,0,desktop,Windows,United States,California,<Other>,<Other>,0.0,2,2,view_item
68157269.5965355728,8085735323,2020-11-28,1,0,0,0,0,0,desktop,Web,United States,Massachusetts,<Other>,<Other>,0.0,1,1,session_only
31853142.7662500882,7698210773,2020-11-24,1,0,0,0,0,0,mobile,Android,Canada,Quebec,(direct),(none),0.0,1,1,session_only
3495120.5287545494,2429380866,2021-01-01,1,1,0,0,0,0,desktop,Web,India,Uttar Pradesh,shop.googlemerchandisestore.com,referral,0.0,2,2,view_item
4696607932.8864926498,2785544057,2021-01-07,1,1,0,0,0,0,desktop,Macintosh,United States,Illinois,<Other>,referral,0.0,2,2,view_item
91518233.2791103693,2243068640,2020-11-02,1,1,0,1,1,1,mobile,Android,Canada,Quebec,(direct),(none),156.56,50,6,purchase
7734009.0356967467,6843047809,2020-12-19,1,1,0,0,0,0,desktop,Macintosh,Egypt,Giza Governorate,(data deleted),(data deleted),0.0,3,2,view_item
66572919.0070303795,126065759,2020-11-24,1,1,0,1,1,1,desktop,Web,France,Hauts-de-France,(direct),(none),0.0,19,6,purchase
3299339.5245371403,8575571596,2020-11-03,0,1,0,1,0,0,mobile,Android,United Kingdom,England,(data deleted),(data deleted),0.0,5,4,begin_checkout
43452208.1881418252,7988095139,2020-12-31,1,0,0,0,0,0,desktop,Web,United States,New York,(direct),(none),0.0,1,1,session_only
3605301.5588355691,800734051,2021-01-11,1,0,0,0,0,0,desktop,Macintosh,United States,Washington,shop.googlemerchandisestore.com,referral,0.0,1,1,session_only
71701113.9236309733,3216145511,2021-01-13,1,0,0,0,0,0,tablet,Web,United States,New Mexico,(direct),(none),0.0,1,1,session_only
45155578.5599052212,3522630521,2020-11-18,1,0,0,0,0,0,mobile,Web,United Kingdom,England,<Other>,referral,0.0,1,1,session_only
83806353.9025860739,2042861843,2021-01-11,1,1,1,0,0,0,mobile,Web,United States,Connecticut,google,organic,0.0,17,3,add_to_cart
1104199893.5797190062,4670558116,2021-01-19,1,0,0,0,0,0,mobile,Web,United States,Arizona,google,organic,0.0,1,1,session_only
5244306.5419426730,4257890867,2020-11-14,1,0,0,0,0,0,mobile,Web,(not set),(not set),(direct),(none),0.0,1,1,session_only
39352995.3947834045,2639575971,2021-01-08,1,1,0,0,0,0,desktop,Web,United States,California,(direct),(none),0.0,2,2,view_item
2008657.8459910405,7604891842,2020-11-03,1,0,0,0,0,0,desktop,Macintosh,Germany,Bavaria,(direct),(none),0.0,1,1,session_only
4685403.9625505677,9621597443,2020-11-26,1,0,0,0,0,0,mobile,iOS,Belgium,Flanders,<Other>,organic,0.0,1,1,session_only
36969838.2097791504,8880238270,2020-12-23,1,0,0,0,0,0,desktop,Web,Australia,Victoria,shop.googlemerchandisestore.com,referral,0.0,1,1,session_only
2774246.7798847044,6123916075,2020-11-27,1,1,0,0,0,0,desktop,Windows,United Kingdom,England,shop.googlemerchandisestore.com,referral,0.0,3,2,view_item
6098785.6096090790,4547152603,2020-11-18,1,0,0,0,0,0,mobile,Web,South Korea,(not set),<Other>,<Other>,0.0,1,1,session_only
4956713.7152096875,131326061,2020-12-13,1,0,0,0,0,0,tablet,Web,Malaysia,Selangor,shop.googlemerchandisestore.com,referral,0.0,1,1,session_only
36112768.9155080601,4010363910,2020-11-23,1,0,0,0,0,0,mobile,iOS,Portugal,(not set),google,cpc,0.0,1,1,session_only
26460568.9694094829,3382538316,2020-11-07,1,0,0,0,0,0,tablet,iOS,United States,California,(direct),(none),0.0,1,1,session_only
4975388.4046189784,9528301001,2021-01-21,1,0,0,0,0,0,mobile,iOS,Mexico,Baja California,google,organic,0.0,1,1,session_only
8622881.7354415909,2778827126,2021-01-10,1,1,0,0,0,0,desktop,Web,United States,California,google,organic,0.0,3,2,view_item
3656349.8023320384,8427965232,2021-01-17,1,0,0,0,0,0,mobile,Web,India,Telangana,google,organic,0.0,1,1,session_only
53707469.0189472653,5411055568,2020-11-19,1,1,0,0,0,0,desktop,Web,United States,California,google,organic,0.0,2,2,view_item
8234404.9698583004,4288984614,2020-11-09,1,0,0,0,0,0,desktop,Windows,Canada,Alberta,<Other>,<Other>,0.0,1,1,session_only
6524333.6161446309,2652094281,2020-11-19,1,0,0,0,0,0,mobile,Web,Egypt,Cairo Governorate,(direct),(none),0.0,1,1,session_only
40824776.6053675469,234204699,2020-11-02,1,0,0,0,0,0,mobile,Web,Singapore,(not set),google,organic,0.0,1,1,session_only
3138351.1080068706,5119731920,2021-01-14,1,1,1,1,1,1,desktop,Windows,South Korea,Seoul,(data deleted),(data deleted),51.6,26,6,purchase
8662014.2107277065,2041129420,2020-11-05,1,0,0,0,0,0,desktop,Web,Australia,New South Wales,(data deleted),(data deleted),0.0,1,1,session_only
51103287.3136704727,2980347300,2021-01-10,1,0,0,0,0,0,mobile,Android,India,Delhi,<Other>,<Other>,0.0,1,1,session_only
3837114.1741361802,5889712111,2020-11-18,1,0,0,0,0,0,desktop,Macintosh,Canada,Quebec,google,organic,0.0,1,1,session_only
1272248.3527408128,972748268,2021-01-05,1,0,0,0,0,0,desktop,Web,Canada,Ontario,shop.googlemerchandisestore.com,referral,0.0,1,1,session_only
48196405.3241009390,5555863397,2021-01-21,1,0,0,0,0,0,mobile,Web,India,Delhi,<Other>,referral,0.0,1,1,session_only
65831722.2151016125,8824717388,2021-01-24,1,0,0,0,0,0,mobile,iOS,United States,Washington,(direct),(none),0.0,1,1,session_only
8837103.6612411080,3032285445,2020-11-02,1,0,0,0,0,0,mobile,Android,United States,Indiana,google,organic,0.0,1,1,session_only
87186169.0192692997,5502844613,2020-11-29,1,0,0,0,0,0,mobile,iOS,United States,Maine,(direct),(none),0.0,1,1,session_only
8027947.4438067752,1497114033,2020-11-03,1,0,0,0,0,0,desktop,Web,Canada,Quebec,shop.googlemerchandisestore.com,referral,0.0,1,1,session_only
27596291.1829319841,3128083377,2021-01-22,1,0,0,0,0,0,desktop,Web,Brazil,State of Rio Grande do Sul,<Other>,referral,0.0,1,1,session_only
95118664.3131108229,9706053275,2020-11-29,1,0,0,0,0,0,desktop,Macintosh,Germany,Baden-Wurttemberg,google,organic,0.0,1,1,session_only
32254420.1738929813,7575294813,2020-11-24,0,1,0,0,0,0,desktop,Web,United States,California,google,organic,0.0,1,2,view_item
28616358.9729351778,8991857241,2020-11-18,1,0,0,0,0,0,mobile,Web,France,Hauts-de-France,shop.googlemerchandisestore.com,referral,0.0,1,1,session_only
1619964.2903463326,3613259287,2020-11-06,1,1,0,0,0,0,mobile,iOS,Canada,Alberta,shop.googlemerchandisestore.com,referral,0.0,2,2,view_item
35319081.7877394957,8859073861,2021-01-29,1,0,0,0,0,0,desktop,Web,United States,California,shop.googlemerchandisestore.com,referral,0.0,1,1,session_only
6711695.1702135144,5430303585,2020-12-27,1,0,0,0,0,0,desktop,Web,United States,Washington,google,organic,0.0,1,1,session_only
5231496753.2030826562,3304182256,2020-11-29,1,0,0,0,0,0,desktop,Web,Sri Lanka,Western Province,google,organic,0.0,1,1,session_only
3099019.5165262384,3048191312,2021-01-12,1,0,0,0,0,0,mobile,iOS,United States,Arizona,<Other>,organic,0.0,1,1,session_only
35793874.4936640365,6292393138,2021-01-14,1,0,0,0,0,0,desktop,Web,India,Punjab,(data deleted),(data deleted),0.0,1,1,session_only
7795611.6836147213,2287434181,2021-01-02,1,1,1,0,0,0,mobile,iOS,Canada,Ontario,<Other>,referral,0.0,3,3,add_to_cart
1692901.4995507961,7106388453,2021-01-28,1,0,0,0,0,0,mobile,Android,United States,Tennessee,(direct),(none),0.0,1,1,session_only
67411326.8931469782,7081762860,2020-11-12,1,0,0,0,0,0,desktop,Web,United States,California,<Other>,referral,0.0,1,1,session_only
56162479.7328415035,9434656954,2020-11-18,1,1,1,1,1,1,mobile,Android,United States,North Carolina,google,cpc,0.0,12,6,purchase
11865101.0071079201,7382031451,2021-01-18,1,1,1,0,0,0,mobile,Android,United States,California,google,organic,0.0,17,3,add_to_cart
27920575.2254959063,6876094758,2020-11-26,1,0,0,0,0,0,mobile,Android,India,Karnataka,google,cpc,0.0,1,1,session_only
26105678.1036002654,148428196,2021-01-07,1,1,1,1,1,1,desktop,Windows,United States,Washington,google,organic,0.0,35,6,purchase
2035444.0943411822,9958225118,2021-01-29,1,0,0,0,0,0,mobile,iOS,Australia,New South Wales,google,organic,0.0,1,1,session_only
4316440.6350169408,595493657,2020-11-28,1,0,0,0,0,0,desktop,Windows,United States,Arizona,(direct),(none),0.0,1,1,session_only
85084204.0095789929,9022420152,2020-11-27,1,0,0,0,0,0,mobile,iOS,Netherlands,South Holland,<Other>,<Other>,0.0,1,1,session_only
73005633.9172759439,3305958114,2020-11-26,1,0,0,0,0,0,desktop,Windows,United States,Texas,<Other>,<Other>,0.0,1,1,session_only
66827652.1158051053,1732821815,2021-01-21,1,0,0,0,0,0,desktop,<Other>,Spain,Madrid,google,organic,0.0,1,1,session_only
76553632.3452211713,6153657718,2020-12-13,1,0,0,0,0,0,desktop,Windows,United Kingdom,England,google,organic,0.0,1,1,session_only
2184518.9171442290,9739627613,2020-12-12,1,0,0,0,0,0,desktop,Web,India,Bihar,(data deleted),(data deleted),0.0,1,1,session_only
3218982.5426906645,6120104627,2020-12-31,1,1,1,1,0,0,desktop,Web,India,Maharashtra,<Other>,<Other>,0.0,32,4,begin_checkout
4505596.8805104777,3340936108,2020-12-24,1,0,0,0,0,0,mobile,Web,United States,North Carolina,(direct),(none),0.0,1,1,session_only
9061867.2614301889,9981618173,2020-11-13,1,0,0,0,0,0,mobile,iOS,United States,South Carolina,(direct),(none),0.0,1,1,session_only
2794997.2897460243,8946414571,2021-01-23,1,0,0,0,0,0,mobile,Web,United States,Ohio,(direct),(none),0.0,1,1,session_only
70761291.5444430666,2375226385,2020-11-02,1,1,0,0,0,0,desktop,Windows,Netherlands,North Brabant,(direct),(none),0.0,2,2,view_item
76266400.4520329442,7656646336,2020-11-23,1,0,0,0,0,0,desktop,Web,United States,California,(direct),(none),0.0,1,1,session_only
8021000.7780099338,6779904462,2020-11-24,1,0,0,0,0,0,mobile,Web,Canada,Quebec,(direct),(none),0.0,1,1,session_only
2972344086.1027179788,7687113583,2020-11-18,1,1,1,1,0,0,desktop,Web,Brazil,Federal District,google,cpc,0.0,7,4,begin_checkout
62303186.6668349796,1011303798,2021-01-13,1,0,0,0,0,0,desktop,Web,Italy,Lombardy,(direct),(none),0.0,1,1,session_only
28381774.7749608262,6871414467,2021-01-07,1,0,0,0,0,0,mobile,Web,Canada,Quebec,(direct),(none),0.0,1,1,session_only
3794405.9481209195,5997857061,2021-01-13,1,0,0,0,0,0,mobile,Web,Colombia,Bogota,google,organic,0.0,1,1,session_only
13003990.9603779763,6600780337,2020-11-19,1,0,0,0,0,0,mobile,Web,Poland,Lower Silesian Voivodeship,google,organic,0.0,1,1,session_only
14264006.9898552857,3050587800,2021-01-25,1,1,0,0,0,0,desktop,Windows,Ireland,County Dublin,google,organic,0.0,3,2,view_item
1109485.5426445135,8870464094,2020-11-02,1,0,0,0,0,0,desktop,Web,France,Ile-de-France,<Other>,organic,0.0,1,1,session_only
87515955.0149072955,5410656798,2020-11-23,1,0,0,0,0,0,desktop,Windows,Singapore,(not set),google,organic,0.0,1,1,session_only
37255649.7222745513,3593094708,2021-01-10,1,0,0,0,0,0,desktop,Web,France,Hauts-de-France,<Other>,<Other>,0.0,1,1,session_only
3657775.1726682974,5437873292,2020-11-14,1,1,0,0,0,0,mobile,Web,Canada,Ontario,google,organic,0.0,3,2,view_item
132636108.9746719433,7148991792,2021-01-11,1,0,0,0,0,0,mobile,Web,United States,New York,google,organic,0.0,1,1,session_only
38123047.7507063625,7993008827,2020-12-30,1,0,0,0,0,0,desktop,Windows,United States,North Carolina,google,organic,0.0,1,1,session_only
51358821.6274341050,5099095161,2021-01-07,1,0,0,0,0,0,desktop,Web,Nigeria,Lagos,(data deleted),(data deleted),0.0,1,1,session_only
66977006.2168505161,2838826535,2021-01-11,1,0,0,0,0,0,mobile,Web,United States,California,(direct),(none),0.0,1,1,session_only
51302251.6119269624,9640951620,2021-01-09,1,0,0,0,0,0,desktop,Windows,India,Maharashtra,(direct),(none),0.0,1,1,session_only
4532388276.8030432251,6719690823,2021-01-25,1,1,1,1,1,1,desktop,Web,United States,Washington,google,organic,19.04,16,6,purchase
12490453.5771345312,8138000094,2020-12-12,1,1,0,0,0,0,desktop,Macintosh,Germany,Hessen,(direct),(none),0.0,2,2,view_item
3567821.9586118107,5576828452,2020-11-18,1,1,1,0,0,0,desktop,<Other>,Mexico,Mexico City,google,organic,0.0,13,3,add_to_cart
2748316.3234373259,9645417026,2020-12-22,1,0,0,0,0,0,desktop,Web,Canada,Alberta,<Other>,referral,0.0,1,1,session_only
62385090.3136837757,7020225512,2021-01-14,1,0,0,0,0,0,desktop,Macintosh,Canada,Ontario,google,organic,0.0,1,1,session_only
21236258.6589589222,8484642148,2020-11-02,1,1,0,0,0,0,desktop,Macintosh,United States,California,google,organic,0.0,2,2,view_item
28499961.9346655051,3366790750,2020-11-08,1,1,0,1,0,0,mobile,Web,United States,Texas,(direct),(none),0.0,63,4,begin_checkout
4253381.4304767489,8825401970,2020-11-29,1,0,0,0,0,0,desktop,Web,Malaysia,Johor,google,organic,0.0,1,1,session_only
35131713.1542108007,4275861079,2020-11-15,1,0,0,0,0,0,mobile,Android,India,Karnataka,(direct),(none),0.0,1,1,session_only
44620519.0978782006,9084397054,2021-01-05,1,0,0,0,0,0,desktop,Web,India,Uttar Pradesh,shop.googlemerchandisestore.com,referral,0.0,1,1,session_only
76871572.7691828638,2358079142,2020-12-22,1,0,0,0,0,0,desktop,Windows,India,Tamil Nadu,google,organic,0.0,1,1,session_only
3293211.2531483344,7254022429,2021-01-13,1,1,0,0,0,0,mobile,iOS,Brazil,State of Rio de Janeiro,shop.googlemerchandisestore.com,referral,0.0,2,2,view_item
54480513.1390833501,2826425630,2020-11-24,1,0,0,0,0,0,desktop,Macintosh,United States,California,(data deleted),(data deleted),0.0,1,1,session_only
60276941.6976804222,3075278709,2021-01-18,1,0,0,0,0,0,desktop,Web,Canada,Ontario,<Other>,<Other>,0.0,1,1,session_only
5614069.6097453613,5518729871,2020-11-29,1,0,0,0,0,0,mobile,Android,United States,Georgia,google,organic,0.0,1,1,session_only
80628534.3385942445,930841389,2020-11-26,1,0,0,0,0,0,desktop,Web,United States,Alabama,<Other>,referral,0.0,1,1,session_only
47719065.0824488807,6938709348,2020-12-22,1,0,0,0,0,0,desktop,Web,Germany,Rhineland-Palatinate,google,organic,0.0,1,1,session_only
8857034.7328471275,5019837965,2021-01-24,1,1,1,1,1,1,desktop,Web,United States,Indiana,shop.googlemerchandisestore.com,referral,20.8,12,6,purchase
91175747.3956520253,6330164464,2020-12-22,1,0,0,0,0,0,desktop,Macintosh,Canada,Quebec,(direct),(none),0.0,1,1,session_only
5195479.8310235797,2016960687,2021-01-08,1,0,0,0,0,0,desktop,Windows,Canada,Ontario,<Other>,referral,0.0,1,1,session_only
31299527.9596770300,6245872854,2021-01-19,1,0,0,0,0,0,mobile,Web,United States,Virginia,<Other>,organic,0.0,1,1,session_only
4415791.4355760233,5082418210,2020-11-08,1,1,0,0,0,0,mobile,Android,United States,Virginia,google,organic,0.0,2,2,view_item
25070417.2816388569,3538738031,2020-11-27,1,1,0,0,0,0,desktop,Windows,United States,California,(direct),(none),0.0,2,2,view_item
89838380.4787604122,4411044279,2021-01-29,1,0,0,0,0,0,desktop,Web,Armenia,(not set),google,organic,0.0,1,1,session_only
4463902.7738035231,3574421229,2021-01-22,1,1,0,0,0,0,desktop,Web,United States,California,google,cpc,0.0,3,2,view_item
7404712.3481898129,9037227410,2020-11-24,1,1,0,1,1,1,desktop,Macintosh,Ireland,County Dublin,(direct),(none),17.92,14,6,purchase
78154094.7985839146,1199108667,2021-01-01,1,0,0,0,0,0,mobile,Web,United States,California,google,organic,0.0,1,1,session_only
7976476.4685537751,3575867942,2021-01-02,1,0,0,0,0,0,mobile,Web,Serbia,(not set),<Other>,referral,0.0,1,1,session_only
99219263.4653330152,4502811488,2020-11-15,1,0,0,0,0,0,mobile,iOS,South Korea,Chungcheongnam-do,<Other>,<Other>,0.0,1,1,session_only
1475756.9062349506,1343425090,2020-11-06,1,0,0,0,0,0,desktop,Web,United Arab Emirates,Sharjah,shop.googlemerchandisestore.com,referral,0.0,1,1,session_only
79640321.6028346204,9713493103,2021-01-21,1,0,0,0,0,0,desktop,Web,Taiwan,Taipei City,(direct),(none),0.0,1,1,session_only
4328766.1588469305,3495412732,2021-01-04,1,0,0,0,0,0,mobile,iOS,Taiwan,Taipei City,<Other>,<Other>,0.0,1,1,session_only
63509975.0120103177,9635536096,2020-12-26,1,0,0,0,0,0,desktop,Windows,United States,Alabama,(direct),(none),0.0,1,1,session_only
30477104.6490017898,4560457838,2020-12-05,1,1,0,0,0,0,desktop,Macintosh,Algeria,Algiers Province,<Other>,referral,0.0,2,2,view_item
65858286.2730201992,5775963204,2021-01-25,1,1,1,1,1,1,desktop,Windows,United States,Illinois,(direct),(none),15.96,73,6,purchase
8004224531.2970609974,7565692094,2021-01-16,1,0,0,0,0,0,mobile,Web,United States,California,<Other>,<Other>,0.0,1,1,session_only
48839210.3524134038,8955718481,2021-01-08,1,1,0,0,0,0,mobile,Android,United Kingdom,England,(direct),(none),0.0,4,2,view_item
4437964031.0127884918,554385739,2021-01-17,1,0,0,0,0,0,mobile,Android,Canada,Ontario,(direct),(none),0.0,1,1,session_only
75247173.7718418978,9643380613,2020-12-05,1,0,0,0,0,0,desktop,Web,Canada,Ontario,<Other>,<Other>,0.0,1,1,session_only
3600161.9975859474,2305606376,2020-11-16,1,1,0,0,0,0,desktop,Web,United States,Louisiana,google,organic,0.0,3,2,view_item
1608165.8126226348,695220105,2021-01-11,1,0,0,0,0,0,mobile,iOS,Singapore,(not set),google,organic,0.0,1,1,session_only
67820154.8472644395,5964785172,2020-11-14,1,0,0,0,0,0,desktop,Web,United States,California,<Other>,referral,0.0,1,1,session_only
82060852.5020488612,7616681464,2021-01-04,1,0,0,0,0,0,desktop,<Other>,United States,Oklahoma,(direct),(none),0.0,1,1,session_only
55083776.3851547985,9989172868,2020-11-06,1,1,0,0,0,0,desktop,Web,Canada,Nova Scotia,google,organic,0.0,4,2,view_item
58975749.9834489761,6562344214,2021-01-23,1,0,0,0,0,0,mobile,iOS,(not set),(not set),(direct),(none),0.0,1,1,session_only
9168091045.6251994746,1342237443,2021-01-24,1,0,0,0,0,0,desktop,<Other>,United States,Michigan,google,organic,0.0,1,1,session_only
7184838.0570786705,2914609099,2021-01-13,1,0,0,0,0,0,desktop,Web,United States,California,google,organic,0.0,1,1,session_only
79801912.8673926799,7195013166,2021-01-03,1,0,0,0,0,0,desktop,Windows,United States,Florida,(direct),(none),0.0,1,1,session_only
6970051.0544362436,3813952263,2020-11-29,1,0,0,0,0,0,mobile,Android,India,Assam,<Other>,<Other>,0.0,1,1,session_only
3430324.0837067291,4222385798,2020-12-23,1,1,1,1,1,1,desktop,Web,United States,Hawaii,(data deleted),(data deleted),135.92,51,6,purchase
7452385.7637347925,5200207513,2021-01-25,1,0,0,0,0,0,mobile,Web,United States,California,(direct),(none),0.0,1,1,session_only
4995953.9199175772,7974505001,2021-01-01,1,0,0,0,0,0,desktop,Web,Switzerland,Zurich,(direct),(none),0.0,1,1,session_only
6669730.8551084232,5290869685,2021-01-28,1,0,0,0,0,0,desktop,Web,United States,Maryland,google,organic,0.0,1,1,session_only
77281408.0642751430,2906615170,2021-01-29,1,0,0,0,0,0,desktop,Web,Sweden,(not set),<Other>,<Other>,0.0,1,1,session_only
22057944.9101350892,2995054754,2021-01-21,1,1,0,0,0,0,mobile,iOS,United States,Tennessee,google,organic,0.0,2,2,view_item
59655965.0647426255,294484358,2020-12-13,1,1,1,1,1,1,mobile,Android,United States,California,google,organic,0.0,39,6,purchase
6690432.3445265766,170852967,2020-12-23,1,1,1,1,1,1,mobile,Web,India,Delhi,(direct),(none),23.76,20,6,purchase
72571852.6109758335,9110566914,2021-01-25,1,1,0,0,0,0,desktop,Web,Vietnam,Ho Chi Minh City,<Other>,<Other>,0.0,2,2,view_item
30702430.6287832549,4072437723,2021-01-13,1,0,0,0,0,0,desktop,Web,United States,Tennessee,google,organic,0.0,1,1,session_only
55454685.8848798336,5449726672,2020-11-16,1,0,0,0,0,0,desktop,Macintosh,United States,Pennsylvania,(data deleted),(data deleted),0.0,1,1,session_only
7996568.3839426322,7135331165,2020-11-03,1,0,0,0,0,0,desktop,Web,India,Odisha,google,organic,0.0,1,1,session_only
23878236.1133132558,9802256799,2021-01-02,1,0,0,0,0,0,desktop,Windows,United States,Illinois,<Other>,<Other>,0.0,1,1,session_only
26939593.5955174982,5420645230,2020-11-27,1,0,0,0,0,0,tablet,iOS,India,Maharashtra,google,cpc,0.0,1,1,session_only
79342379.7156097932,520984884,2021-01-23,1,0,0,0,0,0,mobile,Android,United States,Wisconsin,<Other>,<Other>,0.0,1,1,session_only
9549541.8508574521,9617538690,2021-01-19,1,0,0,0,0,0,desktop,Web,Sweden,Skane County,<Other>,<Other>,0.0,1,1,session_only
24544759.0134001674,6284472886,2020-11-07,1,0,0,0,0,0,desktop,Web,Sweden,Stockholm County,<Other>,referral,0.0,1,1,session_only
90702192.4408310065,602572186,2020-11-29,1,0,0,0,0,0,desktop,Web,United States,North Carolina,(direct),(none),0.0,1,1,session_only
52547977.4068732167,6469550704,2021-01-04,1,0,0,0,0,0,desktop,Web,United States,New York,google,organic,0.0,1,1,session_only
3406668.7562807823,6574134760,2021-01-18,1,0,0,0,0,0,desktop,Web,Portugal,(not set),google,organic,0.0,1,1,session_only
90340067.5640443398,6521313193,2020-11-26,1,0,0,0,0,0,desktop,Web,United States,California,(direct),(none),0.0,1,1,session_only
37587826.1974136781,8686437404,2020-11-12,1,1,0,1,1,1,mobile,Android,United States,Illinois,(direct),(none),0.0,18,6,purchase
30335408.9760085971,5045107746,2020-11-19,1,0,0,0,0,0,mobile,Web,Germany,Hessen,google,organic,0.0,1,1,session_only
2813964.3523406563,830346159,2020-11-01,1,1,0,0,0,0,desktop,Web,United States,Virginia,google,organic,0.0,2,2,view_item
1557483.6267639823,1901075079,2021-01-11,1,0,0,0,0,0,desktop,Web,Netherlands,Gelderland,(data deleted),(data deleted),0.0,1,1,session_only
73768104.7083854013,455016071,2021-01-11,1,0,0,0,0,0,desktop,Web,United States,Tennessee,<Other>,<Other>,0.0,1,1,session_only
74731061.7959960081,5537789321,2020-12-25,1,1,1,0,0,0,desktop,Windows,Spain,Andalusia,<Other>,<Other>,0.0,3,3,add_to_cart
89730372.5636691661,577522179,2020-11-18,1,1,1,0,0,0,mobile,iOS,United States,Missouri,<Other>,referral,0.0,5,3,add_to_cart
74380412.7115880198,1766362024,2021-01-21,1,0,0,0,0,0,desktop,Macintosh,Malaysia,Federal Territory of Kuala Lumpur,(direct),(none),0.0,1,1,session_only
5538734.4094952788,8071613593,2020-11-14,1,1,0,0,0,0,desktop,Web,United States,Illinois,google,cpc,0.0,48,2,view_item
1001326.1239892771,7579082358,2020-12-22,1,1,1,0,0,0,desktop,Web,Spain,Andalusia,google,organic,0.0,7,3,add_to_cart
2189960.6916096038,5851351375,2020-11-15,1,1,0,0,0,0,mobile,iOS,United States,California,google,organic,0.0,2,2,view_item
74076589.0558722248,5786487941,2020-11-23,1,1,0,0,0,0,desktop,Windows,United Kingdom,England,google,organic,0.0,4,2,view_item
3985004.1280397193,2960570510,2020-11-12,1,1,0,0,0,0,mobile,Web,United States,Oregon,shop.googlemerchandisestore.com,referral,0.0,2,2,view_item
1464716398.9861476237,6478097502,2020-11-15,1,0,0,0,0,0,desktop,Web,Italy,Veneto,<Other>,referral,0.0,1,1,session_only
53469191.6312753520,45936623,2021-01-23,1,1,1,0,0,0,mobile,Android,Nigeria,Lagos,shop.googlemerchandisestore.com,referral,0.0,6,3,add_to_cart
7673662.3478732320,6862327287,2020-11-03,1,0,0,0,0,0,desktop,Web,Canada,British Columbia,google,organic,0.0,1,1,session_only
5418685677.0721876846,9492749666,2020-12-05,1,0,0,0,0,0,desktop,Web,India,Maharashtra,<Other>,referral,0.0,1,1,session_only
4242445.8733058252,6610709020,2021-01-16,1,0,0,0,0,0,desktop,Web,United States,Illinois,google,organic,0.0,1,1,session_only
90833378.0808366135,9101287654,2021-01-04,1,0,0,0,0,0,mobile,Android,Canada,Ontario,google,organic,0.0,1,1,session_only
12424261.9580970490,3732827653,2020-11-24,1,0,0,0,0,0,desktop,<Other>,India,Karnataka,<Other>,referral,0.0,1,1,session_only
56073857.5792094927,8923026900,2020-12-20,1,0,0,0,0,0,desktop,Web,United Kingdom,England,shop.googlemerchandisestore.com,referral,0.0,1,1,session_only
72925655.5422259430,1891957569,2021-01-11,1,0,0,0,0,0,mobile,Web,United States,Nebraska,<Other>,<Other>,0.0,1,1,session_only
7411487.6036119390,8196460138,2021-01-17,1,1,0,0,0,0,mobile,Web,Canada,Alberta,<Other>,referral,0.0,6,2,view_item
7233846.2408200220,9097649520,2020-11-06,1,0,0,0,0,0,mobile,Web,United States,Texas,google,organic,0.0,1,1,session_only
85153774.6740516846,2194132267,2020-11-15,1,0,0,0,0,0,desktop,Macintosh,Germany,North Rhine-Westphalia,<Other>,referral,0.0,1,1,session_only
74896984.2097281487,8063948019,2020-11-01,1,1,0,0,0,0,desktop,Web,United States,Florida,google,cpc,0.0,2,2,view_item
1612497.4332269309,6164084975,2020-11-01,1,0,0,0,0,0,mobile,Web,(not set),(not set),(data deleted),(data deleted),0.0,1,1,session_only
49771878.0266768643,5469970980,2020-11-26,1,0,0,0,0,0,tablet,Web,United States,California,google,organic,0.0,1,1,session_only
6180281.6459021322,1215278115,2021-01-08,1,1,0,0,0,0,desktop,Windows,United States,Utah,<Other>,<Other>,0.0,2,2,view_item
2019668.4964431315,4919151700,2020-12-25,1,0,0,0,0,0,mobile,Web,United States,New Mexico,(direct),(none),0.0,1,1,session_only
3491085.2175609228,5133668061,2021-01-01,1,1,0,0,0,0,desktop,Web,United States,Georgia,<Other>,referral,0.0,2,2,view_item
74533260.4369136488,6188388058,2020-12-05,1,0,0,0,0,0,desktop,Web,United States,Florida,google,organic,0.0,1,1,session_only
37164529.2116286440,9090847593,2020-12-20,1,0,0,0,0,0,mobile,Android,United States,California,(direct),(none),0.0,1,1,session_only
43411506.7219772903,248456714,2020-11-16,1,0,0,0,0,0,desktop,Web,United States,Indiana,google,organic,0.0,1,1,session_only
70357648.4463603466,7497963827,2020-11-08,1,0,0,0,0,0,desktop,Web,Spain,Canary Islands,google,organic,0.0,1,1,session_only
33304821.8012224295,4837830791,2021-01-22,1,0,0,0,0,0,desktop,Web,United States,California,<Other>,<Other>,0.0,1,1,session_only
1795557.6950913399,8332301227,2021-01-11,1,0,0,0,0,0,desktop,Web,India,Haryana,(direct),(none),0.0,1,1,session_only
6100622.6209421454,5880024598,2021-01-16,1,0,0,0,0,0,desktop,Web,France,Ile-de-France,<Other>,<Other>,0.0,1,1,session_only
16425169.5359674099,4371335419,2020-12-20,1,1,0,0,0,0,desktop,Web,United States,Idaho,google,organic,0.0,2,2,view_item
58522429.8920659824,3394475807,2020-11-18,1,0,0,0,0,0,mobile,Web,India,Bihar,google,organic,0.0,1,1,session_only
56386628.6258036211,2513979314,2020-11-24,1,0,0,0,0,0,desktop,Web,Italy,Apulia,google,organic,0.0,1,1,session_only
8856114.5458029546,2852675953,2020-12-29,1,0,0,0,0,0,desktop,Web,South Korea,Seoul,google,organic,0.0,1,1,session_only
2578811.4967255820,1085554820,2021-01-22,1,0,0,0,0,0,mobile,Android,Brazil,State of Sao Paulo,(data deleted),(data deleted),0.0,1,1,session_only
11458556.9945962775,1059713503,2021-01-18,1,0,0,0,0,0,tablet,Android,Hong Kong,(not set),google,organic,0.0,1,1,session_only
3427818.7240362623,5693254970,2020-12-24,1,0,0,0,0,0,desktop,Windows,Turkey,Ankara,google,organic,0.0,1,1,session_only
2459937.2318206302,6805048574,2021-01-05,1,1,0,1,1,1,desktop,Web,Taiwan,Taipei City,google,organic,63.2,12,6,purchase
3680421.4213771360,2730342327,2021-01-23,1,0,0,0,0,0,desktop,Windows,India,Rajasthan,(data deleted),(data deleted),0.0,1,1,session_only
79568568.3792342532,8659503273,2020-12-19,1,1,0,0,0,0,mobile,iOS,United States,Georgia,shop.googlemerchandisestore.com,referral,0.0,2,2,view_item
94927012.9844059027,9312770852,2020-12-20,1,0,0,0,0,0,mobile,Web,United States,South Carolina,(direct),(none),0.0,1,1,session_only
4259249.3492426721,9568280477,2021-01-12,1,0,0,0,0,0,mobile,Web,Morocco,Casablanca-Settat,<Other>,<Other>,0.0,1,1,session_only
4966944.9096532947,8591973354,2020-11-16,1,1,0,0,0,0,mobile,Web,United States,Tennessee,(direct),(none),0.0,2,2,view_item
30680808.7376713052,774607172,2020-12-24,1,1,0,0,0,0,mobile,iOS,Romania,(not set),<Other>,<Other>,0.0,2,2,view_item
5049679269.2877748576,9750499608,2021-01-09,1,1,1,1,1,1,mobile,Web,Greece,Decentralized Administration of Macedonia and Thrace,<Other>,organic,101.36,89,6,purchase
5925289.9041469042,6528932004,2020-12-26,1,0,0,0,0,0,mobile,Web,France,Ile-de-France,<Other>,<Other>,0.0,1,1,session_only
5305452.1871311002,1610077728,2020-11-29,1,1,1,1,1,1,desktop,Web,Malaysia,(not set),google,organic,141.6,61,6,purchase
6367685.5861894720,8819048676,2021-01-21,1,0,0,0,0,0,mobile,Web,United States,Virginia,shop.googlemerchandisestore.com,referral,0.0,1,1,session_only
67674016.6642019910,8033160809,2020-12-27,1,0,0,0,0,0,mobile,iOS,United States,California,<Other>,<Other>,0.0,1,1,session_only
37771448.0971531763,2230737075,2020-11-18,1,0,0,0,0,0,mobile,Web,Italy,Lombardy,(direct),(none),0.0,1,1,session_only
70349937.2665409732,5641568407,2021-01-30,1,0,0,0,0,0,desktop,Windows,India,Chandigarh,<Other>,<Other>,0.0,1,1,session_only
53082233.1476478692,3278404103,2020-11-02,1,0,0,0,0,0,desktop,Web,Russia,(not set),(direct),(none),0.0,1,1,session_only
37079238.7840174006,5425004937,2021-01-04,1,0,0,0,0,0,mobile,Android,India,Tamil Nadu,(direct),(none),0.0,1,1,session_only
14837570.1372227529,4324542672,2020-11-18,1,0,0,0,0,0,mobile,Web,United States,Texas,(direct),(none),0.0,1,1,session_only
8974847.1466317161,199350647,2020-11-27,1,1,1,1,1,1,mobile,Web,China,Zhejiang,shop.googlemerchandisestore.com,referral,65.6,20,6,purchase
26260275.5606946551,829725194,2020-11-15,1,0,0,0,0,0,mobile,Web,France,Ile-de-France,<Other>,<Other>,0.0,1,1,session_only
24621869.3837238115,8068839323,2020-11-12,1,0,0,0,0,0,desktop,Macintosh,France,Auvergne-Rhone-Alpes,(data deleted),(data deleted),0.0,1,1,session_only
1737414.5118023309,8141187199,2021-01-25,1,0,0,0,0,0,desktop,Windows,China,(not set),(direct),(none),0.0,1,1,session_only
90529215.7014557929,9474604522,2020-12-30,1,0,0,0,0,0,mobile,Web,Greece,Attica,shop.googlemerchandisestore.com,referral,0.0,1,1,session_only
5762284.1219633284,2372017195,2020-12-05,1,1,1,1,1,1,desktop,Web,United States,Michigan,google,organic,141.44,20,6,purchase
46979908.3014021855,2113572479,2021-01-30,1,1,0,0,0,0,mobile,Web,South Korea,(not set),google,organic,0.0,2,2,view_item
75805641.2608938202,2351313200,2021-01-26,1,0,0,0,0,0,desktop,Macintosh,United States,Utah,(data deleted),(data deleted),0.0,1,1,session_only
24274463.5777372219,5746035625,2020-12-26,1,0,0,0,0,0,desktop,<Other>,United States,Ohio,<Other>,<Other>,0.0,1,1,session_only
4898898.9072039234,4795671082,2020-12-22,1,0,0,0,0,0,desktop,Web,United States,New York,<Other>,<Other>,0.0,1,1,session_only
90420338.6172768886,6098945608,2020-11-03,1,0,0,0,0,0,desktop,Windows,India,Maharashtra,<Other>,organic,0.0,1,1,session_only
10361437.3782111455,8558061726,2021-01-05,1,0,0,0,0,0,desktop,Macintosh,Turkey,Antalya,(direct),(none),0.0,1,1,session_only
48907950.3864926902,2484073030,2020-11-24,1,1,0,1,1,1,mobile,Web,India,Telangana,shop.googlemerchandisestore.com,referral,83.36,42,6,purchase
4835068.3362741916,7018948918,2021-01-24,1,0,0,0,0,0,mobile,Web,India,Assam,google,organic,0.0,1,1,session_only
68777538.9661374596,8362673068,2020-12-25,1,0,0,0,0,0,desktop,Web,Czechia,Prague,<Other>,referral,0.0,1,1,session_only
5796284.6801199402,9761423746,2021-01-24,1,0,0,0,0,0,mobile,iOS,Philippines,(not set),(direct),(none),0.0,1,1,session_only
71406721.7904872694,2139336823,2020-12-12,1,1,0,0,0,0,mobile,Android,United States,Virginia,google,organic,0.0,2,2,view_item
6079738.3322986451,5893229495,2020-12-26,1,0,0,0,0,0,mobile,Web,Germany,Hessen,google,organic,0.0,1,1,session_only
30031052.3507641540,8692404405,2021-01-09,1,0,0,0,0,0,desktop,Windows,United States,Wisconsin,<Other>,<Other>,0.0,1,1,session_only
74568215.6605418556,7517349906,2021-01-08,1,0,0,0,0,0,desktop,Macintosh,Mexico,Puebla,shop.googlemerchandisestore.com,referral,0.0,1,1,session_only
3420993345.0374419686,4395443159,2020-11-27,1,1,1,1,1,1,desktop,Web,India,Maharashtra,<Other>,referral,53.6,38,6,purchase
6542961352.7066120811,2469887778,2021-01-14,1,1,0,0,0,0,mobile,Web,United States,Kentucky,(direct),(none),0.0,2,2,view_item
64487188.3357231376,5918868157,2020-12-24,1,0,0,0,0,0,mobile,Web,India,Uttar Pradesh,<Other>,<Other>,0.0,1,1,session_only
42779378.2256641566,7046353737,2021-01-02,1,0,0,0,0,0,desktop,Windows,United States,Indiana,google,organic,0.0,1,1,session_only
34238764.7916817715,5404907055,2021-01-23,1,0,0,0,0,0,mobile,Web,France,Pays de la Loire,<Other>,referral,0.0,1,1,session_only
70510173.3717765508,1898773259,2020-11-05,1,0,0,0,0,0,mobile,Android,Thailand,Bangkok,google,organic,0.0,1,1,session_only
3617829.9375724401,6426800521,2021-01-08,1,0,0,0,0,0,mobile,Android,United States,New York,(direct),(none),0.0,1,1,session_only
57079611.2691526994,8591447634,2021-01-25,1,1,0,0,0,0,mobile,Web,United States,Maine,google,organic,0.0,2,2,view_item
18838466.0492075705,8101095688,2021-01-24,1,1,1,0,0,0,desktop,Web,Brazil,State of Sao Paulo,google,organic,0.0,3,3,add_to_cart
2555862.5965781729,1995923941,2021-01-31,1,0,0,0,0,0,desktop,Macintosh,United States,North Carolina,shop.googlemerchandisestore.com,referral,0.0,1,1,session_only
28858215.2711964075,4349848200,2020-11-16,1,0,0,0,0,0,mobile,Android,United States,California,(data deleted),(data deleted),0.0,1,1,session_only
4830142.0473702630,4604691335,2021-01-26,1,0,0,0,0,0,mobile,Web,India,Uttar Pradesh,(data deleted),(data deleted),0.0,1,1,session_only
65322512.5940525239,9819302330,2020-12-19,1,1,0,0,0,0,desktop,Web,United Kingdom,England,shop.googlemerchandisestore.com,referral,0.0,2,2,view_item
78955856.6168357543,6725071241,2021-01-07,1,0,0,0,0,0,desktop,Web,Canada,Ontario,google,organic,0.0,1,1,session_only
21498300.3784102317,8703377741,2021-01-26,1,0,0,0,0,0,desktop,Macintosh,India,Delhi,<Other>,referral,0.0,1,1,session_only
2596024.1372942623,6980115235,2020-11-23,1,0,0,0,0,0,desktop,Web,United States,North Carolina,<Other>,<Other>,0.0,1,1,session_only
13612210.0360873615,789445255,2021-01-07,1,0,0,0,0,0,desktop,Web,Greece,Attica,(direct),(none),0.0,1,1,session_only
3458672.4067777996,1998426050,2021-01-04,1,0,0,0,0,0,desktop,Web,United States,Michigan,(direct),(none),0.0,1,1,session_only
1397121.0017829103,8156984372,2020-12-05,1,1,1,0,0,0,desktop,Macintosh,India,Tamil Nadu,shop.googlemerchandisestore.com,referral,0.0,3,3,add_to_cart
6700479.2582117379,3657234540,2021-01-13,1,0,0,0,0,0,desktop,Web,Colombia,(not set),google,organic,0.0,1,1,session_only
3047903.0532396952,2143596024,2020-11-13,1,0,0,0,0,0,mobile,Android,India,Gujarat,<Other>,<Other>,0.0,1,1,session_only
40849482.6894382417,7302691406,2020-11-14,1,0,0,0,0,0,mobile,Web,United States,California,google,organic,0.0,1,1,session_only
61993137.2687500012,2895923732,2020-12-22,1,1,1,1,1,1,desktop,Web,Dominican Republic,(not set),google,organic,29.68,65,6,purchase
87407149.9922811279,3880105388,2020-11-16,1,1,0,0,0,0,mobile,Android,United States,Illinois,(direct),(none),0.0,3,2,view_item
1117217370.4830286519,1404453244,2021-01-13,1,0,0,0,0,0,desktop,Macintosh,India,Madhya Pradesh,<Other>,<Other>,0.0,1,1,session_only
1378396.5828936945,1060643971,2020-11-29,1,0,0,0,0,0,desktop,Web,China,Guangdong Province,<Other>,<Other>,0.0,1,1,session_only
4135984.5628392956,7687933371,2021-01-18,1,0,0,0,0,0,desktop,Windows,United States,Arizona,google,organic,0.0,1,1,session_only
20504540.3313203366,3107784621,2021-01-25,1,1,0,0,0,0,mobile,Web,France,Bourgogne-Franche-Comte,(direct),(none),0.0,2,2,view_item
7233835397.2883891852,4789544358,2020-12-13,1,0,0,0,0,0,desktop,Macintosh,Macao,(not set),google,organic,0.0,1,1,session_only
57970615.1169838750,9656752255,2021-01-26,1,1,0,0,0,0,desktop,Windows,South Korea,Seoul,<Other>,referral,0.0,2,2,view_item
65629338.8917610478,5420220138,2020-12-23,1,0,0,0,0,0,mobile,Web,Singapore,(not set),google,organic,0.0,1,1,session_only
42777080.8853751427,5328741124,2020-12-05,1,1,0,0,0,0,mobile,iOS,India,Punjab,google,organic,0.0,6,2,view_item
78930172.8213446414,7708774263,2021-01-12,1,0,0,0,0,0,desktop,Macintosh,India,Uttar Pradesh,(data deleted),(data deleted),0.0,1,1,session_only
70560747.5405394030,2377321366,2020-11-19,1,0,0,0,0,0,desktop,Web,Singapore,(not set),<Other>,<Other>,0.0,1,1,session_only
64820749.8192529693,3293798473,2020-12-12,1,0,0,0,0,0,desktop,Macintosh,Russia,Moscow,<Other>,referral,0.0,1,1,session_only
5584242.9969206976,4821858802,2020-11-13,1,0,0,0,0,0,desktop,Web,United States,District of Columbia,<Other>,<Other>,0.0,1,1,session_only
91781994.4781339540,4828819369,2021-01-05,1,0,0,0,0,0,desktop,Web,Canada,British Columbia,google,cpc,0.0,1,1,session_only
3996603.2658257171,5873621989,2020-12-31,1,0,0,0,0,0,desktop,Web,Venezuela,(not set),<Other>,<Other>,0.0,1,1,session_only
93076765.1464571112,5605473630,2020-12-05,1,0,0,0,0,0,mobile,iOS,Germany,Hessen,(data deleted),(data deleted),0.0,1,1,session_only
46458171.7095962732,7063090573,2021-01-29,1,0,0,0,0,0,desktop,Web,Netherlands,North Brabant,(direct),(none),0.0,1,1,session_only
6199849.6198768176,1364998664,2021-01-05,1,0,0,0,0,0,mobile,Web,Algeria,(not set),google,organic,0.0,1,1,session_only
3013018.4169681783,3189887385,2020-11-13,1,0,0,0,0,0,desktop,Windows,Netherlands,North Brabant,google,organic,0.0,1,1,session_only
26307914.8428392168,6007264499,2021-01-07,1,0,0,0,0,0,mobile,Web,Canada,Quebec,google,organic,0.0,1,1,session_only
48332197.3220955024,4096930577,2021-01-12,1,0,0,0,0,0,desktop,Web,United States,West Virginia,<Other>,<Other>,0.0,1,1,session_only
3043048.0399097809,4295528723,2021-01-05,1,1,0,0,0,0,desktop,Web,United States,Michigan,google,organic,0.0,2,2,view_item
5748727.1502236045,6915579458,2021-01-28,1,0,0,0,0,0,desktop,Windows,South Korea,Busan,google,organic,0.0,1,1,session_only
12680973.7212072422,6267238772,2020-11-22,1,0,0,0,0,0,desktop,Web,United States,North Carolina,shop.googlemerchandisestore.com,referral,0.0,1,1,session_only
69647434.0331593022,5586201415,2021-01-31,1,0,0,0,0,0,mobile,Web,India,Uttar Pradesh,shop.googlemerchandisestore.com,referral,0.0,1,1,session_only
1758803.0896658129,1201755166,2021-01-28,1,0,0,0,0,0,desktop,Web,China,(not set),google,organic,0.0,1,1,session_only
75944030.6096345651,6680437394,2020-12-13,0,1,1,1,1,1,desktop,Web,France,Provence-Alpes-Cote d'Azur,(direct),(none),0.0,45,6,purchase
5774115.4545876352,5724272615,2021-01-11,1,0,0,0,0,0,desktop,Windows,United States,Arizona,<Other>,<Other>,0.0,1,1,session_only
62995875.7609912157,5220466100,2021-01-13,1,1,1,1,0,0,desktop,Web,United States,Indiana,<Other>,<Other>,0.0,8,4,begin_checkout
63412414.1213991148,2772613877,2021-01-11,1,1,0,0,0,0,mobile,Web,Belgium,Flanders,(direct),(none),0.0,3,2,view_item
83739349.8729103328,95373859,2020-11-28,1,1,1,1,1,1,desktop,Web,United States,Illinois,(direct),(none),0.0,72,6,purchase
8508485.2931364599,466675070,2020-11-13,1,0,0,0,0,0,desktop,Windows,United States,South Carolina,(direct),(none),0.0,1,1,session_only
80379989.2454445378,6805326109,2021-01-02,1,0,0,0,0,0,desktop,Windows,Uruguay,(not set),google,organic,0.0,1,1,session_only
51381575.3677413759,5698282738,2021-01-28,1,0,0,0,0,0,desktop,Macintosh,India,Tamil Nadu,(data deleted),(data deleted),0.0,1,1,session_only
5653336.1986188366,4192982630,2020-12-05,1,0,0,0,0,0,desktop,Web,United States,Washington,(direct),(none),0.0,1,1,session_only
3644566278.6602625320,92761863,2020-11-23,1,1,0,1,1,1,desktop,Web,United States,Virginia,(direct),(none),114.88,24,6,purchase
2644218.1481759652,7661622559,2020-12-20,1,0,0,0,0,0,mobile,Android,United States,New Jersey,(direct),(none),0.0,1,1,session_only
6892350.1775600399,3144614518,2020-11-29,1,0,0,0,0,0,mobile,Android,Taiwan,New Taipei City,google,organic,0.0,1,1,session_only
5305231.9849023140,2776983809,2020-11-06,1,0,0,0,0,0,desktop,Web,United States,Florida,google,organic,0.0,1,1,session_only
3855098781.8871500534,4092021378,2020-11-07,1,1,0,1,1,1,mobile,iOS,India,Karnataka,google,organic,81.2,6,6,purchase
41455757.2271899888,1805794323,2020-11-23,1,0,0,0,0,0,mobile,Web,United States,Missouri,<Other>,<Other>,0.0,1,1,session_only
8988933.2129046628,3963222717,2020-11-03,1,0,0,0,0,0,mobile,Android,India,Jammu and Kashmir,google,cpc,0.0,1,1,session_only
35963784.4903450685,8129552339,2021-01-14,1,0,0,0,0,0,mobile,iOS,Australia,New South Wales,google,organic,0.0,1,1,session_only
6786764.6995456419,5739310783,2021-01-17,1,0,0,0,0,0,desktop,Web,Canada,Alberta,google,organic,0.0,1,1,session_only
47894898.9145586014,4188968679,2021-01-03,1,0,0,0,0,0,mobile,Web,Italy,Veneto,(direct),(none),0.0,1,1,session_only
6353326510.1884276237,1381611568,2020-11-09,1,0,0,0,0,0,mobile,Web,Spain,Catalonia,google,organic,0.0,1,1,session_only
85491705.4603591774,1931683733,2021-01-13,1,1,1,0,0,0,desktop,Web,India,Delhi,<Other>,organic,0.0,4,3,add_to_cart
84232431.7456081587,7797368925,2020-12-22,1,1,1,1,1,1,desktop,Web,Canada,Quebec,(data deleted),(data deleted),162.2,97,6,purchase
4952895.4754793188,6918838327,2021-01-03,1,1,0,0,0,0,mobile,iOS,United States,(not set),<Other>,<Other>,0.0,2,2,view_item
35248321.1570961734,6349247693,2020-11-06,1,0,0,0,0,0,mobile,iOS,India,Maharashtra,(direct),(none),0.0,1,1,session_only
68900023.7978138700,5368982996,2020-11-02,1,1,0,1,0,0,mobile,Web,Russia,Moscow,google,organic,0.0,25,4,begin_checkout
51311394.5792082927,9485005904,2020-11-29,1,1,0,0,0,0,mobile,Web,Israel,Tel Aviv District,<Other>,referral,0.0,2,2,view_item
7019377.0963457390,636727117,2021-01-26,1,0,0,0,0,0,desktop,Web,Taiwan,Taipei City,<Other>,<Other>,0.0,1,1,session_only
3817511.9866467352,2429476000,2020-11-09,1,0,0,0,0,0,mobile,Web,Morocco,Casablanca-Settat,google,organic,0.0,1,1,session_only
8183378.4984635944,6933089099,2021-01-08,1,0,0,0,0,0,tablet,iOS,United States,Virginia,(direct),(none),0.0,1,1,session_only
3855098781.8871500534,2302429440,2020-11-03,1,1,0,1,1,1,mobile,iOS,India,Karnataka,(direct),(none),89.6,14,6,purchase
27340054.5283317314,150801905,2021-01-08,1,0,0,0,0,0,mobile,Android,United States,Texas,shop.googlemerchandisestore.com,referral,0.0,1,1,session_only
65456856.9624141596,7343896900,2021-01-30,1,0,0,0,0,0,mobile,iOS,Singapore,(not set),google,organic,0.0,1,1,session_only
5556755.2177909918,5452439221,2021-01-21,1,1,0,0,0,0,desktop,Web,Japan,Tokyo,(direct),(none),0.0,2,2,view_item
1592893.6711338467,5154347023,2020-11-26,1,0,0,0,0,0,desktop,Web,United States,New Jersey,google,organic,0.0,1,1,session_only
5196791.8512141089,4101621688,2020-11-22,1,1,0,0,0,0,desktop,Web,United States,Illinois,<Other>,<Other>,0.0,4,2,view_item
4361034724.3871970425,9156328731,2021-01-19,1,0,0,0,0,0,desktop,Web,United States,Florida,<Other>,<Other>,0.0,1,1,session_only
1698837.9987980363,7298978706,2020-12-20,1,0,0,0,0,0,desktop,Web,United States,Oregon,google,organic,0.0,1,1,session_only
2003506.2030129953,2762296689,2020-11-07,1,1,0,0,0,0,mobile,iOS,United Kingdom,England,<Other>,<Other>,0.0,2,2,view_item
2392207.6288244574,7731472825,2021-01-16,1,0,0,0,0,0,desktop,<Other>,Malaysia,Federal Territory of Kuala Lumpur,shop.googlemerchandisestore.com,referral,0.0,1,1,session_only
43543237.0223876877,3744024654,2020-11-24,1,0,0,0,0,0,desktop,Web,United States,Iowa,google,organic,0.0,1,1,session_only
6930416.0708885045,7830476014,2021-01-05,1,0,0,0,0,0,desktop,Web,United States,Tennessee,<Other>,organic,0.0,1,1,session_only
6311917.4260736787,1255625606,2021-01-07,1,0,0,0,0,0,desktop,Web,United States,California,<Other>,<Other>,0.0,1,1,session_only
56450769.4981115738,8061767203,2020-12-19,1,0,0,0,0,0,desktop,Web,United States,Delaware,(direct),(none),0.0,1,1,session_only
7807222.3736710083,4511990469,2021-01-09,1,0,0,0,0,0,desktop,Web,India,Assam,google,organic,0.0,1,1,session_only
7588203.0097171512,7946544469,2020-12-25,1,0,0,0,0,0,desktop,Web,United States,New York,google,cpc,0.0,1,1,session_only
3754834.6914906890,3561893184,2021-01-08,1,0,0,0,0,0,desktop,Web,Taiwan,Taipei City,google,organic,0.0,1,1,session_only
68756705.6667849683,4831554850,2021-01-17,1,0,0,0,0,0,desktop,Windows,United States,Iowa,<Other>,referral,0.0,1,1,session_only
7310465.9370186035,8809818369,2020-11-19,1,1,0,0,0,0,desktop,Web,United States,California,<Other>,<Other>,0.0,3,2,view_item
6131516363.6996438385,5806263950,2021-01-02,1,0,0,0,0,0,mobile,iOS,Canada,Manitoba,(direct),(none),0.0,1,1,session_only
1793144567.3146682471,6067620421,2020-11-06,1,0,0,0,0,0,mobile,Web,Spain,Castile-La Mancha,google,organic,0.0,1,1,session_only
3739816.5815518331,2885478383,2020-12-05,1,1,0,0,0,0,desktop,Windows,Canada,British Columbia,(direct),(none),0.0,2,2,view_item
61145313.5871571070,8780928978,2020-11-01,1,0,0,0,0,0,mobile,Web,Israel,Tel Aviv District,<Other>,<Other>,0.0,1,1,session_only
89951518.2076537475,2721150893,2021-01-23,1,1,1,1,1,1,mobile,Web,United States,Missouri,shop.googlemerchandisestore.com,referral,30.08,15,6,purchase
1815114.2194185357,6656220035,2021-01-05,1,1,0,0,0,0,desktop,Windows,United States,California,google,organic,0.0,2,2,view_item
23681956.2380322321,7700684646,2020-11-12,1,1,0,0,0,0,desktop,Web,United Arab Emirates,Abu Dhabi,(direct),(none),0.0,2,2,view_item
3752630.9971352429,7960766539,2020-11-28,1,0,0,0,0,0,mobile,Web,United States,Texas,shop.googlemerchandisestore.com,referral,0.0,1,1,session_only
52116611.2416362408,6928811087,2020-11-27,1,1,0,0,0,0,desktop,Web,Australia,Victoria,google,organic,0.0,3,2,view_item
9086769.5816023708,3211552070,2021-01-14,1,0,0,0,0,0,mobile,Web,United States,Texas,google,organic,0.0,1,1,session_only
9138147.1969716349,5597171023,2021-01-23,1,0,0,0,0,0,desktop,Macintosh,Canada,Ontario,shop.googlemerchandisestore.com,referral,0.0,1,1,session_only
80536550.4410904175,1600059729,2021-01-22,1,1,0,1,1,1,mobile,Web,United States,Michigan,(direct),(none),96.48,22,6,purchase
20823065.6301823672,7196800106,2020-12-13,1,0,0,0,0,0,desktop,Web,United States,California,google,cpc,0.0,1,1,session_only
33971416.1153341458,3273930631,2020-11-19,1,0,0,0,0,0,desktop,Web,Canada,Alberta,<Other>,<Other>,0.0,1,1,session_only
20187105.0194011457,5674929451,2021-01-11,1,0,0,0,0,0,desktop,Web,Singapore,(not set),google,organic,0.0,1,1,session_only
61628716.5822530462,1712842128,2021-01-18,1,0,0,0,0,0,desktop,Macintosh,China,Guangdong Province,google,organic,0.0,1,1,session_only
81822575.7298912032,1357221737,2021-01-14,1,1,0,1,1,1,desktop,Windows,France,Ile-de-France,shop.googlemerchandisestore.com,referral,0.0,7,6,purchase
8775830.1258785487,6104598083,2020-11-06,1,0,0,0,0,0,mobile,iOS,United States,New Jersey,(data deleted),(data deleted),0.0,1,1,session_only
1451078.8215732025,663004886,2020-11-09,1,1,0,1,1,1,desktop,Web,Spain,Catalonia,(direct),(none),13.6,16,6,purchase
30246191.5195471205,5159601930,2020-11-01,1,0,0,0,0,0,desktop,Web,United States,North Dakota,(direct),(none),0.0,1,1,session_only
63297356.2627683079,1242794897,2020-11-05,1,0,0,0,0,0,mobile,Android,United States,North Carolina,google,organic,0.0,1,1,session_only
2110079.7055072364,6300630764,2020-12-12,1,1,1,1,1,1,mobile,iOS,Canada,British Columbia,<Other>,<Other>,0.0,25,6,purchase
16580886.1809823695,335500765,2020-11-23,1,1,0,1,1,1,mobile,iOS,Philippines,Metro Manila,(data deleted),(data deleted),92.8,7,6,purchase
71548795.0202853721,1117110369,2021-01-18,1,0,0,0,0,0,desktop,Web,United States,Virginia,google,organic,0.0,1,1,session_only
2997048.1440031981,6448200697,2021-01-31,1,0,0,0,0,0,desktop,Web,United States,Massachusetts,shop.googlemerchandisestore.com,referral,0.0,1,1,session_only
88773836.6243184011,3315740285,2020-11-18,1,1,0,0,0,0,desktop,Web,United States,Nevada,shop.googlemerchandisestore.com,referral,0.0,2,2,view_item
91327173.8712552059,9313278422,2020-11-23,1,0,0,0,0,0,mobile,Web,United States,California,google,organic,0.0,1,1,session_only
3933414.5421544083,3482097277,2020-11-24,1,0,0,0,0,0,desktop,Web,United States,Georgia,google,organic,0.0,1,1,session_only
75687870.9181807502,7698810188,2021-01-19,1,1,0,0,0,0,desktop,Web,Ireland,County Dublin,google,organic,0.0,2,2,view_item
63586187.1960784176,665106272,2020-11-12,1,0,0,0,0,0,desktop,Windows,Canada,British Columbia,<Other>,<Other>,0.0,1,1,session_only
17047252.7856711061,1700053520,2020-11-22,1,0,0,0,0,0,desktop,<Other>,Canada,Ontario,google,organic,0.0,1,1,session_only
46857045.4165253781,4926029246,2021-01-14,1,1,0,0,0,0,desktop,Windows,United States,Virginia,google,organic,0.0,6,2,view_item
86505062.6159272459,880013517,2021-01-17,1,0,0,0,0,0,tablet,Web,United States,Ohio,google,organic,0.0,1,1,session_only
53243248.4672542930,3534617055,2020-11-12,1,0,0,0,0,0,desktop,Web,United States,(not set),(direct),(none),0.0,1,1,session_only
82302924.7234702380,2030929029,2020-12-25,1,1,0,0,0,0,desktop,Windows,India,Bihar,google,organic,0.0,2,2,view_item
30491813.5413848804,9924873021,2020-11-03,1,0,0,0,0,0,mobile,Web,United States,California,(direct),(none),0.0,1,1,session_only
3918724.1075285655,9843728366,2020-12-22,1,0,0,0,0,0,desktop,Macintosh,India,Delhi,google,organic,0.0,1,1,session_only
66877786.8861834925,3995098314,2020-11-05,1,0,0,0,0,0,mobile,iOS,United States,Colorado,(direct),(none),0.0,1,1,session_only
5897958.8319995924,5225726031,2021-01-11,1,0,0,0,0,0,desktop,Web,Netherlands,Limburg,<Other>,<Other>,0.0,1,1,session_only
13593443.4141911218,1594671413,2020-11-05,1,0,0,0,0,0,desktop,Windows,United States,Colorado,(direct),(none),0.0,1,1,session_only
3105578431.0642806484,3270186455,2021-01-02,1,0,0,0,0,0,mobile,Web,Germany,Bavaria,google,cpc,0.0,1,1,session_only
3234619280.3826964566,6826497797,2021-01-28,1,1,1,1,1,1,desktop,Web,Belgium,Wallonia,<Other>,<Other>,0.0,13,6,purchase
80504650.7865158288,549016225,2020-12-13,1,0,0,0,0,0,mobile,Android,Indonesia,West Java,<Other>,<Other>,0.0,1,1,session_only
2094113.0995265592,2522678731,2020-11-14,1,0,0,0,0,0,mobile,Web,Spain,Balearic Islands,<Other>,<Other>,0.0,1,1,session_only
47315850.2975406525,4421345676,2020-12-31,1,0,0,0,0,0,mobile,iOS,Poland,Masovian Voivodeship,(direct),(none),0.0,1,1,session_only
3047630756.3515974247,6572648419,2020-11-03,1,1,0,1,1,1,desktop,Web,United States,Texas,<Other>,referral,0.0,11,6,purchase
61017999.6629957666,1527121121,2021-01-16,1,0,0,0,0,0,mobile,iOS,Japan,Tokyo,<Other>,referral,0.0,1,1,session_only
4295503.4410846501,3159210105,2020-11-13,1,1,0,1,1,1,desktop,Web,Canada,Ontario,google,organic,6.3,7,6,purchase
6593032321.8156767926,4498397751,2020-11-14,1,1,0,1,1,0,mobile,Web,Hong Kong,(not set),google,organic,0.0,12,5,add_payment
15492110.1286918774,6862967419,2020-11-13,1,1,0,1,1,1,mobile,Web,Portugal,(not set),google,organic,0.0,11,6,purchase
4468428.6138292767,7632329787,2021-01-14,1,0,0,0,0,0,desktop,Web,United States,New Jersey,(direct),(none),0.0,1,1,session_only
763837945.8980532122,1531171992,2020-12-29,1,0,0,0,0,0,mobile,iOS,United States,North Carolina,google,organic,0.0,1,1,session_only
4375573.9072744837,6180733051,2020-11-21,1,1,0,1,1,1,desktop,Windows,Russia,Moscow Oblast,(direct),(none),49.6,19,6,purchase
20873982.9398729701,9051805887,2020-11-01,1,0,0,0,0,0,desktop,<Other>,United States,Virginia,shop.googlemerchandisestore.com,referral,0.0,1,1,session_only
65794410.8041517251,4003180701,2021-01-17,1,0,0,0,0,0,mobile,Web,United States,Oregon,google,organic,0.0,1,1,session_only
59494766.5688431355,2125598582,2020-12-13,1,0,0,0,0,0,desktop,Web,France,Auvergne-Rhone-Alpes,google,cpc,0.0,1,1,session_only
25748571.3441456890,3862064879,2021-01-19,1,1,0,0,0,0,mobile,Web,India,Karnataka,<Other>,organic,0.0,2,2,view_item
34547140.8623818905,2444743721,2020-12-20,1,0,0,0,0,0,mobile,Web,Australia,Victoria,shop.googlemerchandisestore.com,referral,0.0,1,1,session_only
2865665.6675653997,4106507333,2021-01-04,1,1,1,0,0,0,desktop,Web,Canada,British Columbia,google,organic,0.0,4,3,add_to_cart
58602549.7698108318,6946515222,2021-01-31,1,0,0,0,0,0,mobile,Web,United States,(not set),google,organic,0.0,1,1,session_only
4311714.8767064449,4768632128,2020-11-28,1,1,1,0,0,0,desktop,<Other>,Canada,Ontario,(direct),(none),0.0,3,3,add_to_cart
68382650.1964214407,1650760742,2020-11-26,1,0,0,0,0,0,desktop,Windows,India,Rajasthan,google,organic,0.0,1,1,session_only
3891058.9917128525,5346709048,2021-01-24,1,0,0,0,0,0,desktop,Web,(not set),(not set),(direct),(none),0.0,1,1,session_only
7556781.7317408727,4752296959,2021-01-31,1,0,0,0,0,0,mobile,iOS,United Kingdom,England,(direct),(none),0.0,1,1,session_only
42420630.4616427634,3633558626,2020-12-30,1,0,0,0,0,0,mobile,iOS,United Kingdom,England,<Other>,<Other>,0.0,1,1,session_only
30970636.0210409460,5020824438,2020-11-19,1,1,0,1,1,1,desktop,Windows,United States,California,google,organic,13.44,11,6,purchase
88557474.0132341963,6287466307,2020-11-18,1,0,0,0,0,0,desktop,Windows,Italy,Lombardy,google,organic,0.0,1,1,session_only
54080105.5331928096,9030159706,2020-11-18,1,0,0,0,0,0,desktop,Web,United States,Texas,shop.googlemerchandisestore.com,referral,0.0,1,1,session_only
74714636.5558254716,8312745209,2021-01-29,1,0,0,0,0,0,mobile,Web,Canada,Manitoba,(direct),(none),0.0,1,1,session_only
46692593.1177419856,589074397,2020-12-26,1,1,0,0,0,0,desktop,Web,United States,Wisconsin,shop.googlemerchandisestore.com,referral,0.0,5,2,view_item
61369944.5830298345,6528498705,2020-11-02,1,0,0,0,0,0,desktop,Web,United States,California,google,organic,0.0,1,1,session_only
59972400.4645155260,295917223,2020-12-24,1,0,0,0,0,0,mobile,Web,Mexico,State of Mexico,google,organic,0.0,1,1,session_only
19038287.6096485089,6331723625,2020-11-07,1,0,0,0,0,0,desktop,Web,India,Rajasthan,<Other>,referral,0.0,1,1,session_only
39791804.0321796943,9841858700,2020-12-24,1,0,0,0,0,0,mobile,Web,United Arab Emirates,Dubai,<Other>,referral,0.0,1,1,session_only
2400642.9837276851,4015575242,2020-11-19,1,0,0,0,0,0,desktop,Windows,United States,Washington,(direct),(none),0.0,1,1,session_only
1366281.7261580221,9593344987,2021-01-07,1,0,0,0,0,0,desktop,Web,United States,Virginia,<Other>,referral,0.0,1,1,session_only
64508189.6384544452,3045188210,2021-01-17,1,1,0,0,0,0,desktop,Web,Bangladesh,(not set),google,cpc,0.0,3,2,view_item
65477677.9810077801,4875605601,2020-11-23,1,0,0,0,0,0,mobile,iOS,China,Fujian,google,organic,0.0,1,1,session_only
87879307.8053325664,6307563007,2020-12-05,1,0,0,0,0,0,mobile,iOS,United States,California,<Other>,referral,0.0,1,1,session_only
8843041882.0220533437,1569964715,2021-01-03,1,0,0,0,0,0,mobile,Android,India,West Bengal,(direct),(none),0.0,1,1,session_only
4052267.6515151866,4743221439,2020-11-18,1,0,0,0,0,0,mobile,Web,South Korea,Gyeonggi-do,<Other>,referral,0.0,1,1,session_only
54596014.2417251284,9032587611,2021-01-10,1,1,0,0,0,0,desktop,Web,United States,Michigan,(direct),(none),0.0,5,2,view_item
22085911.4384695505,8032373859,2021-01-30,1,1,0,0,0,0,desktop,Web,Italy,Veneto,<Other>,<Other>,0.0,2,2,view_item
43847922.7022082732,8775940433,2021-01-09,1,0,0,0,0,0,desktop,Web,United States,Wisconsin,(direct),(none),0.0,1,1,session_only
57193497.8229630429,7741799310,2021-01-14,1,0,0,0,0,0,desktop,Web,Poland,Pomeranian Voivodeship,<Other>,<Other>,0.0,1,1,session_only
2845868.4161049120,4676236247,2021-01-04,1,0,0,0,0,0,mobile,Web,United States,Washington,(direct),(none),0.0,1,1,session_only
83046149.4113069614,4342437085,2021-01-02,1,0,0,0,0,0,desktop,Web,United States,Illinois,google,cpc,0.0,1,1,session_only
7687174.7764454759,4843568805,2020-12-22,1,1,0,1,1,1,desktop,Web,United States,Minnesota,(direct),(none),0.0,21,6,purchase
41053878.5194545376,2414836040,2021-01-07,1,1,0,0,0,0,desktop,Web,United States,California,(data deleted),(data deleted),0.0,5,2,view_item
1388358.9167040122,510512859,2021-01-30,1,0,0,0,0,0,desktop,Web,India,Haryana,google,organic,0.0,1,1,session_only
41754114.6121849942,8916030896,2020-11-12,1,1,0,0,0,0,desktop,Web,Italy,Apulia,<Other>,<Other>,0.0,32,2,view_item
79083189.5507574462,7541260647,2020-11-24,0,1,0,1,1,1,desktop,Windows,United States,Kansas,(direct),(none),67.2,9,6,purchase
26868558.3635691427,6153962232,2021-01-25,1,0,0,0,0,0,mobile,Android,France,Ile-de-France,(direct),(none),0.0,1,1,session_only
17671502.0591427439,9236910033,2021-01-08,1,0,0,0,0,0,desktop,Web,Bolivia,(not set),google,organic,0.0,1,1,session_only
79477597.5080400769,7159774033,2021-01-05,1,0,0,0,0,0,desktop,Web,Taiwan,Taipei City,(direct),(none),0.0,1,1,session_only
4275147.9533831725,2845758428,2021-01-13,1,0,0,0,0,0,desktop,Web,United States,New York,google,organic,0.0,1,1,session_only
74414404.6972875801,9679016820,2020-11-24,1,1,0,0,0,0,desktop,<Other>,United States,Texas,<Other>,referral,0.0,2,2,view_item
2051850.1854890057,1189673156,2021-01-14,1,0,0,0,0,0,mobile,Web,United States,Utah,<Other>,referral,0.0,1,1,session_only
35711520.4643729521,1107249285,2021-01-13,1,1,1,1,1,1,mobile,Web,United States,Alaska,(data deleted),(data deleted),0.0,50,6,purchase
83854612.6559254425,7372997767,2021-01-13,1,0,0,0,0,0,desktop,Web,United States,(not set),(data deleted),(data deleted),0.0,1,1,session_only
59037340.2679763103,2947518161,2021-01-12,1,1,0,0,0,0,desktop,Web,Bahrain,(not set),<Other>,organic,0.0,16,2,view_item
22909719.3965266970,5980143924,2020-11-14,1,0,0,0,0,0,mobile,Web,United States,Massachusetts,google,cpc,0.0,1,1,session_only
4565707.8110196199,2058879945,2021-01-09,1,0,0,0,0,0,mobile,iOS,Canada,Ontario,google,cpc,0.0,1,1,session_only
4882307.1713031567,7905191136,2020-12-27,1,0,0,0,0,0,mobile,Android,United States,Georgia,google,cpc,0.0,1,1,session_only
3823171539.6208242596,8067369048,2020-12-05,1,0,0,0,0,0,mobile,iOS,Saudi Arabia,Riyadh Province,google,organic,0.0,1,1,session_only
8615072.6619063078,4373235436,2021-01-16,1,1,1,1,1,1,mobile,Android,India,Delhi,(data deleted),(data deleted),80.4,45,6,purchase
23138045.8449397571,3691370243,2021-01-02,1,1,0,0,0,0,desktop,Web,United Kingdom,England,(direct),(none),0.0,8,2,view_item
17457644.0722062090,3065797325,2020-11-06,1,1,0,1,1,1,mobile,iOS,United States,New York,<Other>,<Other>,0.0,9,6,purchase
17745731.3731668351,7020413875,2021-01-02,1,0,0,0,0,0,desktop,Web,United States,North Carolina,(direct),(none),0.0,1,1,session_only
6305066.1486070946,6164210524,2021-01-30,1,0,0,0,0,0,mobile,Web,India,Telangana,google,organic,0.0,1,1,session_only
88248106.6644632340,2762668689,2021-01-05,1,0,0,0,0,0,desktop,Windows,Canada,Alberta,(direct),(none),0.0,1,1,session_only
7525051.3431922932,7863880656,2021-01-21,1,1,1,1,1,1,desktop,Web,Turkey,Ankara,<Other>,<Other>,15.12,41,6,purchase
34106519.2454027233,888884900,2021-01-21,1,0,0,0,0,0,desktop,Web,Canada,Alberta,google,organic,0.0,1,1,session_only
812279925.9522248042,1488827946,2021-01-02,1,0,0,0,0,0,desktop,Windows,United States,Texas,(direct),(none),0.0,1,1,session_only
4198379.8182501358,5154814707,2020-11-21,1,0,0,0,0,0,mobile,Web,United States,New York,(direct),(none),0.0,1,1,session_only
87979025.6934856262,5541877736,2020-12-25,1,0,0,0,0,0,desktop,Web,India,Tamil Nadu,google,organic,0.0,1,1,session_only
8549160.6073475097,6763472127,2020-12-29,1,0,0,0,0,0,mobile,Web,India,Haryana,(direct),(none),0.0,1,1,session_only
90263223.7227664610,71179467,2020-12-24,1,0,0,0,0,0,mobile,Android,United States,Virginia,(direct),(none),0.0,1,1,session_only
5533378.2575834423,503132439,2021-01-02,1,1,0,0,0,0,desktop,Web,United States,Arizona,(direct),(none),0.0,2,2,view_item
75698676.2629671763,4722028008,2020-11-22,1,0,0,0,0,0,desktop,Web,United States,Connecticut,(direct),(none),0.0,1,1,session_only
6637929.1251807346,8225380082,2021-01-08,1,0,0,0,0,0,mobile,Android,India,Madhya Pradesh,(direct),(none),0.0,1,1,session_only
73573167.7721140496,8981392974,2021-01-03,1,0,0,0,0,0,desktop,Windows,United States,Georgia,<Other>,<Other>,0.0,1,1,session_only
47379209.4985765180,6050599023,2021-01-25,1,1,0,0,0,0,desktop,Macintosh,United States,Washington,(direct),(none),0.0,2,2,view_item
88030066.5480322756,7381419092,2020-11-24,1,0,0,0,0,0,mobile,iOS,(not set),(not set),(direct),(none),0.0,1,1,session_only
17240935.8439329357,6695175008,2021-01-19,1,0,0,0,0,0,mobile,Web,United States,Virginia,google,organic,0.0,1,1,session_only
2790038.5327112274,8778661001,2021-01-24,1,0,0,0,0,0,desktop,Web,United Kingdom,England,shop.googlemerchandisestore.com,referral,0.0,1,1,session_only
8478069.8249454148,7920407924,2020-12-29,1,1,1,0,0,0,tablet,Web,Finland,Uusimaa,shop.googlemerchandisestore.com,referral,0.0,14,3,add_to_cart
4034997.9032086275,1220939506,2021-01-17,1,0,0,0,0,0,desktop,Web,Hong Kong,(not set),google,organic,0.0,1,1,session_only
6541146.2544158012,8900444497,2020-11-07,1,0,0,0,0,0,mobile,iOS,India,Uttarakhand,(direct),(none),0.0,1,1,session_only
9175887.8296285577,3165967395,2020-12-31,1,0,0,0,0,0,desktop,Web,Singapore,(not set),(data deleted),(data deleted),0.0,1,1,session_only
6472399.3192377679,6960819926,2020-11-27,1,0,0,0,0,0,desktop,Web,United Kingdom,England,(data deleted),(data deleted),0.0,1,1,session_only
1349112.2800647173,4595152700,2020-11-18,1,0,0,0,0,0,mobile,Web,United States,California,google,cpc,0.0,1,1,session_only
91785596.3002677288,3147659752,2020-11-09,1,0,0,0,0,0,desktop,Macintosh,India,Karnataka,shop.googlemerchandisestore.com,referral,0.0,1,1,session_only
2835759743.6017017739,5209525239,2021-01-04,1,0,0,0,0,0,desktop,Web,United States,Florida,<Other>,<Other>,0.0,1,1,session_only
33093689.8611542112,3893530411,2020-12-20,1,0,0,0,0,0,desktop,Web,Canada,Ontario,<Other>,referral,0.0,1,1,session_only
13299343.8502521296,5868112683,2020-11-01,1,0,0,0,0,0,mobile,iOS,United States,New York,(data deleted),(data deleted),0.0,1,1,session_only
49490537.8867959189,8778987199,2021-01-08,1,0,0,0,0,0,mobile,Web,India,Karnataka,google,organic,0.0,1,1,session_only
59995715.3236223993,9512784869,2021-01-24,1,1,1,1,1,1,desktop,Web,Germany,Lower Saxony,<Other>,<Other>,21.92,15,6,purchase
61075770.3143256951,9737218861,2020-11-03,1,1,0,0,0,0,mobile,iOS,Vietnam,(not set),<Other>,<Other>,0.0,2,2,view_item
77954564.0216203082,7697557510,2021-01-10,1,0,0,0,0,0,desktop,Web,United States,Colorado,shop.googlemerchandisestore.com,referral,0.0,1,1,session_only
2364299980.1335009029,8844571383,2021-01-01,1,0,0,0,0,0,desktop,Windows,United Kingdom,Wales,<Other>,referral,0.0,1,1,session_only
6254545.4787394122,6887877870,2020-11-24,1,0,0,0,0,0,desktop,Web,United States,California,(direct),(none),0.0,1,1,session_only
68610763.2626439779,8299810811,2021-01-11,1,0,0,0,0,0,desktop,Web,United States,New Jersey,google,organic,0.0,1,1,session_only
71563215.6886463640,6704217782,2020-12-23,1,1,1,1,1,1,desktop,Web,Japan,Kanagawa,<Other>,referral,32.48,12,6,purchase
51764972.4991274891,9321464586,2020-12-12,1,0,0,0,0,0,desktop,Web,Spain,Basque Country,google,organic,0.0,1,1,session_only
43232892.2421556601,654957352,2021-01-10,1,0,0,0,0,0,desktop,<Other>,New Zealand,(not set),shop.googlemerchandisestore.com,referral,0.0,1,1,session_only
31440268.3806280581,1106424247,2021-01-12,1,0,0,0,0,0,desktop,Web,Russia,Moscow,google,organic,0.0,1,1,session_only
41338293.5773227604,6546930325,2020-11-09,1,0,0,0,0,0,desktop,Macintosh,United States,North Dakota,google,cpc,0.0,1,1,session_only
6094457.3619489126,5893558841,2020-12-25,1,0,0,0,0,0,mobile,Web,United States,Virginia,google,organic,0.0,1,1,session_only
4396497060.4858608670,1154114861,2020-11-16,1,0,0,0,0,0,desktop,Web,Canada,New Brunswick,google,organic,0.0,1,1,session_only
71432608.0077132087,8321666585,2020-11-19,1,0,0,0,0,0,desktop,Web,Germany,Hamburg,<Other>,<Other>,0.0,1,1,session_only
6874544.7868237885,395338480,2021-01-11,1,0,0,0,0,0,mobile,Web,United States,California,(direct),(none),0.0,1,1,session_only
13491305.5396537879,1139609963,2021-01-02,1,0,0,0,0,0,desktop,Macintosh,Spain,Castile and Leon,google,organic,0.0,1,1,session_only
32635789.7344485825,9543404752,2021-01-31,1,0,0,0,0,0,mobile,Web,United States,Colorado,(direct),(none),0.0,1,1,session_only
58156244.4960937855,2563221799,2020-11-07,1,0,0,0,0,0,tablet,Web,India,Delhi,(data deleted),(data deleted),0.0,1,1,session_only
3076661.9865486672,9653434172,2020-11-24,1,0,0,0,0,0,desktop,Web,United States,Pennsylvania,google,cpc,0.0,1,1,session_only
15932166.2076268855,16303218,2021-01-02,1,0,0,0,0,0,desktop,Web,Canada,Ontario,(direct),(none),0.0,1,1,session_only
7792363.8829018370,1643521383,2021-01-01,1,0,0,0,0,0,desktop,<Other>,United States,Indiana,google,organic,0.0,1,1,session_only
88036582.0019705432,343689177,2020-12-26,1,1,1,1,0,0,mobile,Web,Italy,Friuli-Venezia Giulia,google,organic,0.0,46,4,begin_checkout
8966884.9581620283,3163009346,2020-11-16,1,0,0,0,0,0,mobile,Web,Canada,Ontario,<Other>,<Other>,0.0,1,1,session_only
7738294.3434964616,1694100203,2021-01-30,1,0,0,0,0,0,desktop,Windows,United States,New York,google,organic,0.0,1,1,session_only
12287033.5669161632,3489535454,2021-01-29,1,0,0,0,0,0,mobile,Android,United States,Washington,google,organic,0.0,1,1,session_only
7580897.0727661016,6385837363,2020-11-18,1,1,0,0,0,0,mobile,Android,Taiwan,Taipei City,(direct),(none),0.0,4,2,view_item
5965505.8579011486,4193387095,2021-01-14,1,1,0,0,0,0,desktop,Web,Denmark,Region of Southern Denmark,(direct),(none),0.0,3,2,view_item
5937671.5541159048,591653561,2020-11-22,1,0,0,0,0,0,mobile,Web,United States,California,(direct),(none),0.0,1,1,session_only
4475102.1408863858,5259022810,2020-12-25,1,0,0,0,0,0,desktop,Web,United States,North Carolina,<Other>,<Other>,0.0,1,1,session_only
26496309.0165389166,1868075804,2021-01-11,1,0,0,0,0,0,mobile,Web,Taiwan,Taiwan Province,shop.googlemerchandisestore.com,referral,0.0,1,1,session_only
7112364.2160398935,5416994257,2020-11-05,1,0,0,0,0,0,desktop,Web,United States,Florida,<Other>,referral,0.0,1,1,session_only
554225493.7555353175,2244273360,2021-01-18,1,1,0,0,0,0,desktop,Web,United States,Maryland,(direct),(none),0.0,3,2,view_item
5568182.3604848131,6117363018,2020-11-27,1,0,0,0,0,0,desktop,Web,United States,Alabama,<Other>,referral,0.0,1,1,session_only
30233655.6257902197,8850049025,2021-01-21,1,0,0,0,0,0,mobile,iOS,United States,New York,google,organic,0.0,1,1,session_only
6130530.0742459496,2808353375,2021-01-16,1,1,0,0,0,0,mobile,iOS,China,Zhejiang,google,organic,0.0,7,2,view_item
40119555.4790227389,8551520819,2020-12-23,1,0,0,0,0,0,mobile,iOS,United States,Georgia,shop.googlemerchandisestore.com,referral,0.0,1,1,session_only
5299342.3528277225,1113395899,2020-12-23,1,1,0,0,0,0,desktop,Web,Serbia,(not set),(direct),(none),0.0,7,2,view_item
77515117.1876696674,6625973291,2020-12-24,1,0,0,0,0,0,desktop,Windows,United States,Arizona,google,organic,0.0,1,1,session_only
51248631.3482510801,2980692471,2020-11-19,1,0,0,0,0,0,desktop,Web,Germany,Berlin,shop.googlemerchandisestore.com,referral,0.0,1,1,session_only
60294779.2712104623,9937146084,2020-11-03,1,0,0,0,0,0,desktop,Web,Mexico,Mexico City,<Other>,<Other>,0.0,1,1,session_only
53720185.1985331482,294480360,2020-12-22,1,0,0,0,0,0,desktop,Macintosh,United States,Arizona,(direct),(none),0.0,1,1,session_only
19194861.1510834864,8493476054,2020-11-28,1,1,0,0,0,0,mobile,Web,United States,South Carolina,<Other>,referral,0.0,2,2,view_item
5740543.1030625987,9294808132,2021-01-03,1,0,0,0,0,0,mobile,Android,Mexico,Chihuahua,<Other>,<Other>,0.0,1,1,session_only
48384160.8122296219,762654856,2021-01-08,1,0,0,0,0,0,desktop,Web,India,Delhi,<Other>,<Other>,0.0,1,1,session_only
73296437.8987836301,7335374516,2020-11-14,1,1,0,0,0,0,desktop,Windows,France,Provence-Alpes-Cote d'Azur,<Other>,referral,0.0,2,2,view_item
31696499.6667957569,1704870536,2021-01-23,1,0,0,0,0,0,desktop,<Other>,Taiwan,Kaohsiung City,<Other>,<Other>,0.0,1,1,session_only
62524109.3161787418,7274174247,2021-01-03,1,1,0,1,1,1,mobile,Web,China,Guangdong Province,(data deleted),(data deleted),0.0,16,6,purchase
52272481.9618595207,5353672021,2020-12-19,1,0,0,0,0,0,desktop,Web,United States,California,google,organic,0.0,1,1,session_only
36953029.5560151407,1403209337,2021-01-10,1,0,0,0,0,0,mobile,Web,United States,California,google,organic,0.0,1,1,session_only
10880240.0628177783,9082070613,2021-01-23,1,1,0,0,0,0,mobile,Web,Canada,Ontario,(direct),(none),0.0,11,2,view_item
47064525.8150895535,4340114897,2021-01-12,1,0,0,0,0,0,desktop,Web,South Korea,Seoul,(direct),(none),0.0,1,1,session_only
47410209.4631530963,356432528,2021-01-10,1,1,1,1,1,1,mobile,Android,United States,Louisiana,<Other>,<Other>,0.0,26,6,purchase
77823853.0655162068,4247775003,2021-01-26,1,1,0,0,0,0,mobile,Web,Singapore,(not set),google,organic,0.0,2,2,view_item
3786704.4940607499,7636391098,2020-11-28,1,0,0,0,0,0,desktop,Web,United States,Virginia,google,organic,0.0,1,1,session_only
19381125.7704323977,9960371502,2021-01-12,1,0,0,0,0,0,desktop,Windows,United States,Colorado,google,organic,0.0,1,1,session_only
81371785.1748562439,5857212172,2020-11-05,1,0,0,0,0,0,mobile,Web,United States,California,google,organic,0.0,1,1,session_only
4100315.1244412010,9763811414,2020-11-07,1,1,0,0,0,0,mobile,Android,United States,California,<Other>,<Other>,0.0,6,2,view_item
11392655.3086742570,3980410857,2020-12-27,1,0,0,0,0,0,mobile,Android,United States,Georgia,<Other>,referral,0.0,1,1,session_only
9018819.2567482621,8104628138,2021-01-23,1,0,0,0,0,0,desktop,Web,United States,Vermont,google,organic,0.0,1,1,session_only
7300455.2429871385,7625686807,2021-01-22,1,0,0,0,0,0,mobile,Web,United States,California,<Other>,referral,0.0,1,1,session_only
57790972.8931763501,4812730345,2020-11-12,1,0,0,0,0,0,desktop,Macintosh,Canada,Ontario,google,organic,0.0,1,1,session_only
46901906.2167257840,1409449457,2020-11-07,1,0,0,0,0,0,desktop,Web,United States,California,google,organic,0.0,1,1,session_only
69593762.5091330540,6921837437,2021-01-03,1,0,0,0,0,0,mobile,Web,United Kingdom,England,google,cpc,0.0,1,1,session_only
50954119.6527194759,3104881205,2020-11-12,1,0,0,0,0,0,desktop,Web,Germany,Hessen,(data deleted),(data deleted),0.0,1,1,session_only
55905249.6072877826,3917395735,2020-11-12,1,0,0,0,0,0,desktop,Web,United States,Connecticut,shop.googlemerchandisestore.com,referral,0.0,1,1,session_only
6488582.8788491425,8239690506,2021-01-11,1,1,1,0,0,0,mobile,Web,China,Guizhou,shop.googlemerchandisestore.com,referral,0.0,4,3,add_to_cart
79896147.2437603224,6314752285,2021-01-08,1,0,0,0,0,0,mobile,Web,United States,California,(direct),(none),0.0,1,1,session_only
50552923.2892151360,5871776995,2020-12-05,1,0,0,0,0,0,mobile,Web,Greece,Attica,<Other>,referral,0.0,1,1,session_only
7395174.4546979393,9412048389,2021-01-16,1,0,0,0,0,0,desktop,Web,Taiwan,Taoyuan City,<Other>,<Other>,0.0,1,1,session_only
50807988.9086585632,6272888845,2020-12-13,1,1,0,0,0,0,mobile,iOS,Denmark,Capital Region of Denmark,<Other>,<Other>,0.0,5,2,view_item
3101199.6092694514,5789106655,2020-11-24,1,0,0,0,0,0,desktop,Web,United States,California,<Other>,referral,0.0,1,1,session_only
44394182.1697069728,5562754378,2020-11-26,1,0,0,0,0,0,desktop,Web,United States,Texas,<Other>,<Other>,0.0,1,1,session_only
13140365.0658555704,4844968779,2020-11-13,1,0,0,0,0,0,desktop,Windows,India,Uttar Pradesh,google,organic,0.0,1,1,session_only
50059761.4474668557,1495069594,2020-11-09,1,0,0,0,0,0,mobile,Web,United States,California,(data deleted),(data deleted),0.0,1,1,session_only
86145989.2514012003,8640231525,2020-12-05,1,0,0,0,0,0,desktop,Web,Hong Kong,(not set),google,organic,0.0,1,1,session_only
4178332.6189240502,7584393835,2021-01-11,0,1,0,1,0,0,mobile,iOS,South Korea,Gyeongsangbuk-do,<Other>,referral,0.0,16,4,begin_checkout
7225318.2555293808,9647310069,2020-12-30,1,0,0,0,0,0,mobile,iOS,Ireland,County Dublin,google,organic,0.0,1,1,session_only
12418875.7281127629,6524389017,2021-01-21,1,1,0,0,0,0,tablet,Web,India,Telangana,google,cpc,0.0,2,2,view_item
1235102.3734805271,5773090750,2021-01-08,1,0,0,0,0,0,desktop,Windows,United States,Illinois,<Other>,referral,0.0,1,1,session_only
5339138.4632054645,6376544602,2020-11-15,1,1,0,0,0,0,desktop,Windows,India,Gujarat,(direct),(none),0.0,2,2,view_item
63530640.3666612990,920406494,2020-12-25,1,1,1,0,0,0,desktop,Web,United States,Arizona,google,organic,0.0,10,3,add_to_cart
4253868.9687281678,9670668077,2021-01-18,1,0,0,0,0,0,mobile,Web,United States,Tennessee,(direct),(none),0.0,1,1,session_only
44296581.7796160972,9241555241,2021-01-21,1,1,0,0,0,0,mobile,Web,India,Uttar Pradesh,<Other>,organic,0.0,2,2,view_item
68001342.9791639460,524145634,2020-12-23,1,0,0,0,0,0,desktop,Web,Canada,Ontario,<Other>,referral,0.0,1,1,session_only
79679034.2481527380,3061432417,2021-01-22,1,0,0,0,0,0,desktop,Windows,United States,Pennsylvania,(direct),(none),0.0,1,1,session_only
77319167.1890392452,2614165613,2020-11-27,1,0,0,0,0,0,mobile,iOS,France,Ile-de-France,google,organic,0.0,1,1,session_only
71295088.3003032822,5639176287,2020-11-01,1,0,0,0,0,0,desktop,Windows,United States,Florida,<Other>,referral,0.0,1,1,session_only
7843301.3094406030,4746046973,2021-01-22,1,0,0,0,0,0,mobile,iOS,Brazil,State of Sao Paulo,shop.googlemerchandisestore.com,referral,0.0,1,1,session_only
8969474.7782480496,4330905453,2021-01-26,1,0,0,0,0,0,desktop,Web,United States,California,google,organic,0.0,1,1,session_only
70711300.6204864553,3897549613,2020-11-03,1,1,0,1,1,1,mobile,Web,India,Maharashtra,google,organic,11.2,11,6,purchase
81414076.0050972027,7488962549,2020-11-29,1,1,1,0,0,0,desktop,Web,United States,Florida,google,organic,0.0,4,3,add_to_cart
6033617743.1600625354,6563391572,2020-11-06,1,0,0,0,0,0,desktop,Macintosh,United States,Virginia,google,organic,0.0,1,1,session_only
46637056.1329032551,2990638449,2021-01-12,1,0,0,0,0,0,mobile,Web,France,Centre-Val de Loire,google,organic,0.0,1,1,session_only
64575562.3538611756,9481754787,2020-11-28,1,1,0,0,0,0,mobile,Web,United States,New York,google,organic,0.0,3,2,view_item
8643281.5509657561,5684519151,2021-01-16,1,1,1,1,1,1,mobile,Web,United States,California,(direct),(none),12.4,17,6,purchase
21576336.6430928780,6610644108,2020-12-12,1,0,0,0,0,0,mobile,iOS,Egypt,Alexandria Governorate,(direct),(none),0.0,1,1,session_only
5502998.0048427332,8296271257,2021-01-28,1,0,0,0,0,0,desktop,Macintosh,United States,Delaware,(direct),(none),0.0,1,1,session_only
5547475093.5843687675,330312168,2021-01-28,1,1,1,0,0,0,desktop,Web,Canada,Ontario,google,organic,0.0,6,3,add_to_cart
1163427.9837807307,5736154935,2020-11-12,1,1,0,1,1,1,desktop,Web,France,Ile-de-France,google,organic,0.0,6,6,purchase
5054117.2134896783,7049105543,2021-01-30,1,0,0,0,0,0,desktop,Windows,United States,Ohio,google,organic,0.0,1,1,session_only
5652769.7975832798,8045948196,2021-01-12,1,0,0,0,0,0,desktop,Windows,United States,Washington,google,organic,0.0,1,1,session_only
32708909.3456118253,5335200523,2020-11-14,1,0,0,0,0,0,desktop,Windows,Canada,New Brunswick,(direct),(none),0.0,1,1,session_only
6967764.0124655863,778377874,2020-11-05,1,0,0,0,0,0,desktop,Web,Greece,Decentralized Administration of Macedonia and Thrace,google,organic,0.0,1,1,session_only
40709474.1376995833,3960917880,2021-01-09,1,0,0,0,0,0,mobile,Web,Colombia,Bogota,google,organic,0.0,1,1,session_only
15210240.7640226520,7487655942,2020-12-20,1,0,0,0,0,0,mobile,Web,Spain,Madrid,(direct),(none),0.0,1,1,session_only
3297046.6509553424,9374149941,2020-11-01,1,1,0,1,1,1,desktop,Web,United States,Texas,(direct),(none),87.3,11,6,purchase
2219069.1063008148,939391438,2021-01-28,1,0,0,0,0,0,mobile,Web,United States,Arkansas,<Other>,<Other>,0.0,1,1,session_only
1460777.6123243529,4888739642,2020-12-31,1,0,0,0,0,0,mobile,Web,United Kingdom,England,google,organic,0.0,1,1,session_only
4180591.5466190355,253010906,2020-12-19,1,1,0,0,0,0,desktop,Web,United States,California,(direct),(none),0.0,2,2,view_item
72320934.2230710434,7049017056,2020-11-05,1,0,0,0,0,0,desktop,Windows,Italy,Lombardy,google,organic,0.0,1,1,session_only
70339350.5545608780,7423315389,2021-01-21,1,0,0,0,0,0,mobile,iOS,United States,Colorado,(direct),(none),0.0,1,1,session_only
56960700.5962264367,3429273108,2021-01-01,1,0,0,0,0,0,desktop,Macintosh,United States,New York,<Other>,<Other>,0.0,1,1,session_only
2808369.3126169312,3186872327,2021-01-13,1,0,0,0,0,0,desktop,Windows,United States,Illinois,shop.googlemerchandisestore.com,referral,0.0,1,1,session_only
3661818.6881438212,93338362,2021-01-18,1,0,0,0,0,0,desktop,Web,China,Shanghai,(direct),(none),0.0,1,1,session_only
6049624.2628361112,2224181285,2021-01-28,1,0,0,0,0,0,desktop,Macintosh,India,Maharashtra,<Other>,<Other>,0.0,1,1,session_only
51902540.2632139504,6129753281,2021-01-14,1,0,0,0,0,0,mobile,Web,Turkey,Istanbul,<Other>,<Other>,0.0,1,1,session_only
75287097.1096766572,3927573093,2020-11-24,1,1,0,0,0,0,desktop,Web,United States,Massachusetts,<Other>,referral,0.0,9,2,view_item
4538605.0215893430,9660514286,2020-11-19,1,0,0,0,0,0,desktop,Web,Japan,(not set),google,organic,0.0,1,1,session_only
5747036.7115944135,1648013259,2020-12-22,1,0,0,0,0,0,mobile,iOS,Japan,Saitama,<Other>,<Other>,0.0,1,1,session_only
4680308.2448151799,5419596682,2020-11-19,1,0,0,0,0,0,desktop,Web,Egypt,Cairo Governorate,google,organic,0.0,1,1,session_only
41113493.4961887026,910729870,2020-11-29,1,0,0,0,0,0,desktop,Web,Switzerland,Canton of Bern,(data deleted),(data deleted),0.0,1,1,session_only
46319929.6939274429,1868686359,2020-11-15,1,1,0,1,1,1,mobile,Web,India,Delhi,shop.googlemerchandisestore.com,referral,0.0,46,6,purchase
6871525.1190518172,5860775626,2021-01-28,1,0,0,0,0,0,desktop,Web,India,Maharashtra,(direct),(none),0.0,1,1,session_only
64830049.7826613946,7697697102,2020-12-05,1,0,0,0,0,0,mobile,iOS,Estonia,Harju County,google,organic,0.0,1,1,session_only
8630978.8491931066,3306780982,2021-01-19,1,0,0,0,0,0,desktop,Web,Hong Kong,(not set),google,organic,0.0,1,1,session_only
51709440.4390029489,8340849249,2020-12-29,1,1,0,0,0,0,mobile,Web,India,Haryana,shop.googlemerchandisestore.com,referral,0.0,3,2,view_item
3285261.0951513671,1923592766,2021-01-21,1,0,0,0,0,0,mobile,iOS,United States,Iowa,google,cpc,0.0,1,1,session_only
75709642.8599672428,1439164698,2020-12-22,1,0,0,0,0,0,mobile,Android,United States,Pennsylvania,google,organic,0.0,1,1,session_only
65352043.8382980911,5761702363,2020-11-05,1,0,0,0,0,0,mobile,Web,India,Tamil Nadu,<Other>,referral,0.0,1,1,session_only
32605433.0874022520,5691368288,2021-01-25,1,0,0,0,0,0,desktop,Web,United States,California,<Other>,<Other>,0.0,1,1,session_only
14914536.3511212316,579996345,2020-11-18,1,0,0,0,0,0,desktop,Web,United States,Oklahoma,google,organic,0.0,1,1,session_only
11141158.3435138607,1204013293,2021-01-31,1,0,0,0,0,0,mobile,Web,India,Karnataka,google,organic,0.0,1,1,session_only
1985128.6008046055,5814973637,2021-01-08,1,0,0,0,0,0,mobile,iOS,United States,Virginia,google,organic,0.0,1,1,session_only
8147944.6442375062,7727938134,2021-01-09,1,0,0,0,0,0,mobile,Android,Canada,British Columbia,google,organic,0.0,1,1,session_only
78524878.4482067586,7318669170,2020-11-12,1,0,0,0,0,0,desktop,<Other>,Hungary,(not set),(direct),(none),0.0,1,1,session_only
51345445.4013937771,3241011068,2020-11-05,1,1,0,0,0,0,desktop,Web,United States,New Jersey,google,organic,0.0,2,2,view_item
4838247.2030245970,2714493615,2020-11-19,1,1,0,0,0,0,mobile,Web,Canada,Ontario,google,organic,0.0,2,2,view_item
29706867.1831368039,2179077964,2021-01-12,1,0,0,0,0,0,desktop,Windows,Ireland,County Dublin,(direct),(none),0.0,1,1,session_only
28284657.5014039077,677502979,2021-01-17,1,0,0,0,0,0,desktop,Web,Indonesia,East Java,<Other>,referral,0.0,1,1,session_only
33893088.6041005725,4743985039,2020-12-25,1,0,0,0,0,0,desktop,Web,Australia,Queensland,google,organic,0.0,1,1,session_only
66709838.8103206936,7874562701,2021-01-02,1,1,0,0,0,0,desktop,Web,United States,Oregon,google,organic,0.0,4,2,view_item
55469602.6847907093,4275857945,2020-12-30,1,0,0,0,0,0,desktop,Web,Sweden,Stockholm County,<Other>,referral,0.0,1,1,session_only
2687907.8227277741,2007590811,2021-01-28,1,0,0,0,0,0,mobile,Web,Italy,Lombardy,google,organic,0.0,1,1,session_only
30905435.2346272259,6074181916,2020-11-14,1,0,0,0,0,0,mobile,Web,United States,Alaska,(direct),(none),0.0,1,1,session_only
67885782.0149460958,5861808165,2020-11-29,1,0,0,0,0,0,mobile,Android,United States,New Jersey,google,organic,0.0,1,1,session_only
40561583.6882741745,452210065,2020-12-23,1,0,0,0,0,0,desktop,Windows,India,Maharashtra,shop.googlemerchandisestore.com,referral,0.0,1,1,session_only
80022328.2272711632,7839993700,2021-01-10,1,0,0,0,0,0,mobile,Web,India,Andhra Pradesh,<Other>,<Other>,0.0,1,1,session_only
27297486.7376609218,2580533759,2021-01-18,1,0,0,0,0,0,desktop,Windows,United States,California,(direct),(none),0.0,1,1,session_only
58461151.9488897938,2459607007,2021-01-13,1,0,0,0,0,0,desktop,Web,Netherlands,South Holland,(direct),(none),0.0,1,1,session_only
1044379.7345466340,3068804622,2020-11-18,1,1,0,0,0,0,mobile,Web,United States,Missouri,google,organic,0.0,2,2,view_item
46882305.4771266273,8726573394,2021-01-14,1,0,0,0,0,0,desktop,Web,Germany,Saxony,<Other>,<Other>,0.0,1,1,session_only
20038208.6640216364,4404138060,2020-11-01,1,1,0,0,0,0,mobile,Web,United States,New Jersey,<Other>,<Other>,0.0,2,2,view_item
59999688.4287923473,3421190669,2020-11-28,1,1,0,0,0,0,desktop,Windows,United States,Virginia,<Other>,referral,0.0,2,2,view_item
1563233.8276059969,6104615763,2020-11-03,1,0,0,0,0,0,desktop,Web,Singapore,(not set),<Other>,<Other>,0.0,1,1,session_only
74117980.4808634784,9359203168,2021-01-30,1,1,0,1,1,1,desktop,Windows,Peru,(not set),(data deleted),(data deleted),0.0,22,6,purchase
3269429.9426046064,4249300471,2020-11-05,1,0,0,0,0,0,desktop,Web,Philippines,(not set),google,organic,0.0,1,1,session_only
70202357.3075995657,4009363817,2021-01-08,1,0,0,0,0,0,tablet,Android,South Korea,Seoul,google,organic,0.0,1,1,session_only
6088484.1525229993,6461204846,2021-01-28,1,0,0,0,0,0,desktop,Web,United States,New York,google,organic,0.0,1,1,session_only
60434130.5756707599,3224831530,2020-11-19,1,0,0,0,0,0,desktop,Web,United States,New York,(data deleted),(data deleted),0.0,1,1,session_only
29551773.5956612650,5541124829,2021-01-21,1,0,0,0,0,0,desktop,Web,India,Maharashtra,google,organic,0.0,1,1,session_only
5151389.3017942871,7889365488,2021-01-17,1,0,0,0,0,0,mobile,Web,Poland,Kuyavian-Pomeranian Voivodeship,(direct),(none),0.0,1,1,session_only
27951827.8570061871,3426962081,2020-11-03,1,0,0,0,0,0,desktop,Windows,India,Telangana,(direct),(none),0.0,1,1,session_only
87978859.5425554329,8278598303,2021-01-12,1,1,1,1,1,1,mobile,Android,United States,New Jersey,shop.googlemerchandisestore.com,referral,65.2,38,6,purchase
60207326.8914229944,9692445236,2020-12-24,1,0,0,0,0,0,mobile,iOS,United States,Kentucky,google,organic,0.0,1,1,session_only
4530482.8338283431,8754927343,2020-11-26,1,0,0,0,0,0,mobile,Web,United States,West Virginia,google,organic,0.0,1,1,session_only
4466476.2432300102,9822481819,2020-12-23,1,0,0,0,0,0,mobile,Android,Germany,Berlin,google,organic,0.0,1,1,session_only
43613288.4688165841,6107630046,2020-12-13,1,0,0,0,0,0,mobile,Android,Canada,Quebec,<Other>,referral,0.0,1,1,session_only
42970256.8706447767,3560483907,2020-11-16,1,0,0,0,0,0,desktop,Web,United Kingdom,England,(direct),(none),0.0,1,1,session_only
7492386.3442066787,3417874538,2020-11-07,1,0,0,0,0,0,desktop,Web,United States,Nebraska,<Other>,referral,0.0,1,1,session_only
6177503.7487811845,96560102,2021-01-23,1,0,0,0,0,0,mobile,Web,United States,Nevada,<Other>,referral,0.0,1,1,session_only
2240609.8754603306,6689517951,2021-01-29,1,1,1,0,0,0,desktop,Web,India,Haryana,google,organic,0.0,4,3,add_to_cart
57142205.3288559977,413020049,2021-01-05,1,0,0,0,0,0,desktop,Web,United States,Georgia,<Other>,<Other>,0.0,1,1,session_only
25169407.5041150323,597278513,2020-11-18,1,0,0,0,0,0,mobile,Android,United States,Indiana,(direct),(none),0.0,1,1,session_only
81175260.8679279564,290330069,2020-11-07,1,0,0,0,0,0,mobile,Web,Germany,Hessen,google,organic,0.0,1,1,session_only
51747394.0914836552,6583339980,2021-01-03,1,0,0,0,0,0,desktop,Web,Canada,Quebec,<Other>,<Other>,0.0,1,1,session_only
8725421.1771098658,1361586292,2021-01-21,1,1,0,0,0,0,desktop,Web,Taiwan,Taipei City,google,organic,0.0,2,2,view_item
2689361.0389768864,5581637235,2021-01-04,1,0,0,0,0,0,desktop,Web,Spain,Catalonia,shop.googlemerchandisestore.com,referral,0.0,1,1,session_only
84445144.5112395247,4334641488,2020-12-22,1,0,0,0,0,0,mobile,Web,Australia,Victoria,<Other>,organic,0.0,1,1,session_only
2320545.3504679001,3393799432,2020-12-05,1,1,1,0,0,0,desktop,Web,United States,Texas,google,organic,0.0,3,3,add_to_cart
47370939.5632624949,9086178475,2020-12-13,1,0,0,0,0,0,desktop,Web,United States,Virginia,<Other>,<Other>,0.0,1,1,session_only
53489983.9430694856,1785169317,2020-11-26,1,0,0,0,0,0,mobile,Web,United States,California,google,organic,0.0,1,1,session_only
13167690.2693949122,572618657,2021-01-01,1,1,0,0,0,0,desktop,Windows,United States,Colorado,google,organic,0.0,5,2,view_item
91856728.6486549118,8932539931,2021-01-22,1,1,0,0,0,0,desktop,Web,United States,Tennessee,shop.googlemerchandisestore.com,referral,0.0,2,2,view_item
7498303.3849705493,9011995254,2021-01-19,1,0,0,0,0,0,desktop,Web,Ireland,County Dublin,(direct),(none),0.0,1,1,session_only
89029699.9894127344,7233694566,2021-01-12,1,1,0,0,0,0,desktop,Web,United States,Missouri,<Other>,<Other>,0.0,2,2,view_item
1845185.7913442083,3920550953,2020-12-13,1,0,0,0,0,0,mobile,Android,Canada,Ontario,(data deleted),(data deleted),0.0,1,1,session_only
78767229.7873550362,2524469057,2021-01-14,1,1,1,1,1,1,mobile,Web,United States,California,shop.googlemerchandisestore.com,referral,83.9,36,6,purchase
26492120.2660146149,8139980864,2021-01-21,1,0,0,0,0,0,desktop,Windows,United States,Virginia,(direct),(none),0.0,1,1,session_only
6946708.5588759996,8043129836,2021-01-10,1,0,0,0,0,0,desktop,Web,United States,Massachusetts,(direct),(none),0.0,1,1,session_only
4769532.2724009973,5739025505,2020-11-27,1,1,1,1,0,0,mobile,iOS,United Kingdom,England,<Other>,<Other>,0.0,16,4,begin_checkout
78881414.9254281551,9662049970,2020-11-06,1,0,0,0,0,0,desktop,Windows,United States,Minnesota,(data deleted),(data deleted),0.0,1,1,session_only
33446592.3246230203,7980327075,2020-11-21,1,0,0,0,0,0,tablet,Web,United States,Illinois,google,organic,0.0,1,1,session_only
6760006.5722301594,2539813762,2020-12-12,1,0,0,0,0,0,mobile,Web,Germany,Hamburg,google,organic,0.0,1,1,session_only
6718496.6255702658,6282124643,2020-11-02,1,0,0,0,0,0,mobile,Android,United States,Virginia,<Other>,organic,0.0,1,1,session_only
38613483.3517202433,586537419,2020-11-21,1,1,0,0,0,0,mobile,Web,China,Beijing,google,organic,0.0,4,2,view_item
3952432.9022575637,7189292569,2021-01-13,1,0,0,0,0,0,mobile,Android,Hong Kong,(not set),<Other>,referral,0.0,1,1,session_only
6381676.9878308533,1826116113,2021-01-31,1,0,0,0,0,0,desktop,Web,India,Maharashtra,(direct),(none),0.0,1,1,session_only
7203299.0738212869,1836491141,2021-01-14,1,1,1,1,1,1,desktop,Web,Canada,Ontario,(direct),(none),40.8,32,6,purchase
5159741.1582991976,7138668674,2020-12-05,1,1,0,0,0,0,desktop,Web,South Korea,Gyeonggi-do,google,organic,0.0,2,2,view_item
45293600.7824764319,8613223110,2021-01-14,1,1,0,0,0,0,desktop,Web,Sri Lanka,Western Province,google,organic,0.0,2,2,view_item
50127416.6466310745,2148545574,2020-11-29,1,0,0,0,0,0,mobile,Web,Switzerland,Zurich,<Other>,<Other>,0.0,1,1,session_only
5678645.8340803646,3520506981,2020-11-26,1,0,0,0,0,0,desktop,Web,Bangladesh,Dhaka Division,(direct),(none),0.0,1,1,session_only
1234418.9225032243,6922531456,2021-01-29,1,0,0,0,0,0,desktop,Web,United States,New York,(data deleted),(data deleted),0.0,1,1,session_only
1987255.3300849772,8204349225,2021-01-11,1,0,0,0,0,0,mobile,Web,Netherlands,North Holland,google,organic,0.0,1,1,session_only
7139164.5163308908,2216505154,2020-11-15,1,0,0,0,0,0,mobile,Web,United States,Florida,google,organic,0.0,1,1,session_only
9090961.1647723044,7146257586,2020-12-23,1,0,0,0,0,0,mobile,Web,United States,Minnesota,(direct),(none),0.0,1,1,session_only
2444366.1508244473,1254618173,2021-01-13,0,1,0,0,0,0,mobile,iOS,Indonesia,West Java,(direct),(none),0.0,3,2,view_item
3701621.6424438840,8767373760,2020-12-27,1,0,0,0,0,0,mobile,Web,Australia,New South Wales,<Other>,<Other>,0.0,1,1,session_only
53421348.8083630527,5517910332,2020-11-26,1,0,0,0,0,0,mobile,Web,United States,California,(data deleted),(data deleted),0.0,1,1,session_only
62465229.0967978905,6497914737,2021-01-30,1,0,0,0,0,0,desktop,Web,Canada,Ontario,google,organic,0.0,1,1,session_only
31298789.9980288359,2543309828,2020-11-28,1,1,1,1,1,1,mobile,iOS,India,Karnataka,<Other>,<Other>,0.0,23,6,purchase
9175331.5105216055,6530837469,2020-11-12,1,0,0,0,0,0,desktop,Web,United States,Colorado,shop.googlemerchandisestore.com,referral,0.0,1,1,session_only
54272375.7054979783,7782932444,2020-11-16,1,0,0,0,0,0,desktop,Windows,United States,(not set),<Other>,<Other>,0.0,1,1,session_only
60720883.4557821750,6763323784,2020-12-30,1,0,0,0,0,0,mobile,Android,Germany,North Rhine-Westphalia,(direct),(none),0.0,1,1,session_only
68919351.9999085587,4144543115,2021-01-10,1,0,0,0,0,0,mobile,iOS,Netherlands,North Holland,(direct),(none),0.0,1,1,session_only
90743370.2734326760,5792202652,2020-11-14,1,0,0,0,0,0,desktop,<Other>,Singapore,(not set),(direct),(none),0.0,1,1,session_only
7989269.5713799644,11531998,2021-01-26,1,0,0,0,0,0,desktop,Web,United States,California,google,organic,0.0,1,1,session_only
38300816.2381420405,4891745292,2021-01-22,1,1,0,0,0,0,desktop,Web,Taiwan,Taipei City,(direct),(none),0.0,3,2,view_item
72730638.7330290078,3402108795,2021-01-12,1,0,0,0,0,0,mobile,iOS,Canada,Alberta,<Other>,<Other>,0.0,1,1,session_only
4765132.5197382544,2616735994,2021-01-09,1,0,0,0,0,0,desktop,Web,Japan,Tokyo,google,organic,0.0,1,1,session_only
443822380.0241369480,8661798511,2021-01-30,1,0,0,0,0,0,mobile,Web,China,Zhejiang,google,organic,0.0,1,1,session_only
8630636.9472152491,5102416175,2020-11-18,1,0,0,0,0,0,mobile,Android,United States,Virginia,google,organic,0.0,1,1,session_only
8633002.3339270787,629800272,2020-12-26,1,1,0,0,0,0,desktop,Windows,United States,Utah,(data deleted),(data deleted),0.0,2,2,view_item
5079875.2814181516,5135816281,2020-12-20,1,1,1,1,1,1,desktop,<Other>,United States,Virginia,shop.googlemerchandisestore.com,referral,39.28,16,6,purchase
68346527.0844051631,7225871833,2020-12-05,1,1,1,1,1,1,mobile,Android,United Kingdom,England,(direct),(none),79.2,13,6,purchase
74426855.9515749769,2982770635,2020-12-31,1,0,0,0,0,0,desktop,Web,United States,Virginia,<Other>,referral,0.0,1,1,session_only
15768156.3035330615,3802143479,2020-12-29,1,0,0,0,0,0,desktop,Web,United States,California,google,organic,0.0,1,1,session_only
4636375.7086861460,999870169,2021-01-12,1,0,0,0,0,0,desktop,Windows,United States,California,<Other>,referral,0.0,1,1,session_only
78367705.3685634713,5728439257,2021-01-07,1,0,0,0,0,0,mobile,Android,India,Gujarat,(direct),(none),0.0,1,1,session_only
86358501.2172788326,5531868430,2021-01-08,1,0,0,0,0,0,desktop,Windows,China,Guangdong Province,(direct),(none),0.0,1,1,session_only
66506054.5598885171,4942624499,2020-11-12,1,0,0,0,0,0,mobile,Web,United States,Michigan,shop.googlemerchandisestore.com,referral,0.0,1,1,session_only
1302337.3734865874,6229939103,2020-11-03,1,0,0,0,0,0,desktop,Web,United States,Washington,<Other>,<Other>,0.0,1,1,session_only
3892023.0765932038,9987279874,2020-12-24,1,1,0,0,0,0,mobile,Web,United States,Hawaii,google,organic,0.0,4,2,view_item
6070651.5955540976,6185321293,2021-01-13,1,0,0,0,0,0,desktop,Macintosh,United States,New York,(direct),(none),0.0,1,1,session_only
32311833.5675490645,1749590282,2021-01-25,1,1,0,0,0,0,desktop,Web,United States,Pennsylvania,(direct),(none),0.0,2,2,view_item
47090184.8666549391,2822022326,2021-01-07,1,0,0,0,0,0,mobile,Web,United States,Indiana,<Other>,<Other>,0.0,1,1,session_only
49118541.2410368553,3249489410,2020-11-13,1,0,0,0,0,0,mobile,Web,New Zealand,Auckland,google,organic,0.0,1,1,session_only
77638882.4794242149,4656168074,2021-01-26,1,1,0,0,0,0,mobile,iOS,United States,(not set),google,organic,0.0,7,2,view_item
6709518.3773334846,4886803909,2020-11-13,1,1,0,1,1,1,mobile,Web,Turkey,(not set),(data deleted),(data deleted),0.0,19,6,purchase
19646880.6083875642,2797927711,2021-01-12,1,1,1,1,1,1,desktop,Web,Germany,North Rhine-Westphalia,google,organic,9.6,18,6,purchase
4479801.2697049333,8256782288,2020-11-26,1,0,0,0,0,0,desktop,Web,United States,Texas,google,organic,0.0,1,1,session_only
33090559.1816854682,4593334196,2021-01-03,1,0,0,0,0,0,mobile,Web,United States,Massachusetts,(direct),(none),0.0,1,1,session_only
4227396.2675136317,2813278269,2020-11-02,1,0,0,0,0,0,desktop,Macintosh,North Macedonia,(not set),(direct),(none),0.0,1,1,session_only
84175313.0924783761,7749591311,2021-01-24,1,0,0,0,0,0,mobile,Web,United Kingdom,England,<Other>,<Other>,0.0,1,1,session_only
20548912.1696398541,5298991660,2020-11-07,1,0,0,0,0,0,desktop,Web,China,(not set),google,organic,0.0,1,1,session_only
14964059.4434183011,5976422428,2021-01-16,1,0,0,0,0,0,desktop,Web,Russia,Saint Petersburg,<Other>,<Other>,0.0,1,1,session_only
3070126.8152388064,2100226525,2020-11-23,1,0,0,0,0,0,desktop,Web,United States,New York,google,organic,0.0,1,1,session_only
33066651.5417568880,2983893672,2021-01-22,1,0,0,0,0,0,desktop,Web,United States,California,google,organic,0.0,1,1,session_only
31188290.9331978973,8332900614,2021-01-29,1,0,0,0,0,0,mobile,iOS,United States,Pennsylvania,google,organic,0.0,1,1,session_only
27140143.9694845614,1169763202,2021-01-03,1,0,0,0,0,0,desktop,Web,Turkey,Istanbul,<Other>,<Other>,0.0,1,1,session_only
46883960.6190957761,4029097458,2020-11-14,1,1,0,1,1,1,desktop,Web,Canada,Ontario,(data deleted),(data deleted),127.2,15,6,purchase
77058604.7948707032,6244635294,2021-01-19,1,0,0,0,0,0,mobile,Web,United States,Virginia,<Other>,referral,0.0,1,1,session_only
76717725.6928570872,8304110083,2021-01-21,1,0,0,0,0,0,desktop,<Other>,Myanmar (Burma),Yangon Region,google,organic,0.0,1,1,session_only
41930927.3933612746,5217063274,2021-01-26,1,0,0,0,0,0,desktop,Web,United States,New York,<Other>,referral,0.0,1,1,session_only
7638531.0964260307,8557325987,2021-01-24,1,0,0,0,0,0,desktop,Web,United States,Minnesota,<Other>,<Other>,0.0,1,1,session_only
39115431.3064877849,5780593187,2021-01-12,1,1,0,0,0,0,desktop,Windows,Hong Kong,(not set),(data deleted),(data deleted),0.0,5,2,view_item
13118352.3244568682,524231750,2020-12-27,1,0,0,0,0,0,mobile,iOS,United States,Illinois,<Other>,referral,0.0,1,1,session_only
2213572.6734039333,6265762578,2020-12-12,1,0,0,0,0,0,desktop,Windows,United States,Massachusetts,<Other>,referral,0.0,1,1,session_only
47154468.2186655297,2675130386,2021-01-09,1,0,0,0,0,0,desktop,Web,Chile,Santiago Metropolitan Region,google,organic,0.0,1,1,session_only
70837463.6029197962,5337877608,2020-11-23,1,1,0,1,1,1,desktop,Windows,Bulgaria,Sofia City Province,google,cpc,0.0,12,6,purchase
15725889.1435280060,6137649808,2021-01-22,1,1,0,0,0,0,desktop,Web,United States,New York,shop.googlemerchandisestore.com,referral,0.0,2,2,view_item
3233634.3257938669,28004625,2020-11-12,1,0,0,0,0,0,mobile,Web,United States,Texas,google,organic,0.0,1,1,session_only
1123925.2298952479,9076420506,2020-11-13,1,0,0,0,0,0,desktop,Web,United States,Arkansas,(data deleted),(data deleted),0.0,1,1,session_only
7114978.0949927387,7519613845,2021-01-08,1,0,0,0,0,0,mobile,iOS,United Arab Emirates,Dubai,(direct),(none),0.0,1,1,session_only
70115232.3993801067,2682251813,2020-11-06,1,0,0,0,0,0,mobile,Web,United States,Kentucky,(direct),(none),0.0,1,1,session_only
4036399.4890633947,4968886248,2020-11-14,1,0,0,0,0,0,desktop,Web,India,Uttar Pradesh,(direct),(none),0.0,1,1,session_only
68539458.5189469702,136705673,2021-01-31,1,0,0,0,0,0,tablet,Web,India,West Bengal,google,cpc,0.0,1,1,session_only
26320812.8371547780,9238848564,2021-01-18,1,0,0,0,0,0,mobile,Web,Canada,British Columbia,<Other>,referral,0.0,1,1,session_only
10323109.5102906687,8307950179,2021-01-13,1,0,0,0,0,0,desktop,Windows,United States,New Jersey,(direct),(none),0.0,1,1,session_only
9162034.3148653697,3938271783,2020-11-12,1,0,0,0,0,0,mobile,Android,India,Andhra Pradesh,<Other>,referral,0.0,1,1,session_only
55911274.0575207186,7410735435,2020-11-19,1,0,0,0,0,0,desktop,Windows,United States,Ohio,google,organic,0.0,1,1,session_only
28863134.3005477680,6569398300,2020-12-29,1,0,0,0,0,0,desktop,Web,Japan,Tokyo,shop.googlemerchandisestore.com,referral,0.0,1,1,session_only
8738106.1815563129,1598083284,2020-11-06,1,0,0,0,0,0,desktop,Windows,India,Madhya Pradesh,<Other>,<Other>,0.0,1,1,session_only
8577365.6553025022,7868076252,2020-12-22,1,0,0,0,0,0,mobile,iOS,United States,Illinois,google,organic,0.0,1,1,session_only
91159933.0522422693,3375263851,2020-11-29,1,0,0,0,0,0,desktop,Web,France,Ile-de-France,<Other>,<Other>,0.0,1,1,session_only
70426480.7887274340,4503141982,2021-01-17,1,0,0,0,0,0,desktop,Web,United States,California,shop.googlemerchandisestore.com,referral,0.0,1,1,session_only
67148272.4707960755,8302808485,2020-11-22,1,0,0,0,0,0,desktop,Windows,United States,New York,(direct),(none),0.0,1,1,session_only
79677538.8369553793,9278103704,2021-01-14,1,0,0,0,0,0,mobile,iOS,Hong Kong,(not set),(data deleted),(data deleted),0.0,1,1,session_only
52873910.3837820346,7670809056,2021-01-18,1,0,0,0,0,0,desktop,Macintosh,Germany,Bavaria,(data deleted),(data deleted),0.0,1,1,session_only
83275012.7274119616,7074402244,2021-01-26,1,1,1,1,1,1,desktop,Web,United States,Virginia,google,organic,0.0,25,6,purchase
10432672.1386389968,6750256887,2020-11-29,1,0,0,0,0,0,desktop,Windows,Canada,Ontario,<Other>,<Other>,0.0,1,1,session_only
53821818.3087921209,6085015486,2020-12-31,1,0,0,0,0,0,desktop,Web,Slovakia,(not set),google,organic,0.0,1,1,session_only
17321543.6104652631,5836013698,2020-11-23,1,1,0,1,1,1,desktop,Web,Spain,(not set),<Other>,<Other>,41.6,15,6,purchase
3208113.6093097818,9644713726,2020-11-08,1,0,0,0,0,0,desktop,Web,India,West Bengal,google,organic,0.0,1,1,session_only
5395593.7397446796,4156912090,2021-01-25,1,1,1,1,1,1,desktop,Web,United States,Virginia,(data deleted),(data deleted),35.44,96,6,purchase
53168426.9247441890,5502001527,2021-01-07,1,0,0,0,0,0,desktop,Web,China,Shandong,(data deleted),(data deleted),0.0,1,1,session_only
9064559.3011998790,1573427994,2020-12-27,1,0,0,0,0,0,desktop,Web,United States,Wisconsin,<Other>,referral,0.0,1,1,session_only
3468888.0803486217,9873479750,2021-01-12,1,0,0,0,0,0,mobile,Web,Vietnam,(not set),google,organic,0.0,1,1,session_only
4529216.6841726662,4124543947,2020-11-16,1,0,0,0,0,0,desktop,Macintosh,United States,Texas,<Other>,<Other>,0.0,1,1,session_only
18512841.8281209652,318194708,2020-12-13,1,1,1,0,0,0,desktop,Web,United States,New York,google,cpc,0.0,4,3,add_to_cart
16785616.5863074568,1920759378,2021-01-11,1,0,0,0,0,0,desktop,Windows,India,Uttar Pradesh,(data deleted),(data deleted),0.0,1,1,session_only
82514020.7875921977,3132862387,2021-01-08,1,0,0,0,0,0,desktop,Web,United States,New York,(data deleted),(data deleted),0.0,1,1,session_only
80095620.1765513948,9832492246,2020-11-28,1,0,0,0,0,0,desktop,Macintosh,United States,Iowa,(direct),(none),0.0,1,1,session_only
20602838.9062627419,5692869896,2021-01-10,1,0,0,0,0,0,desktop,Windows,Turkey,Izmir,google,organic,0.0,1,1,session_only
4313361.7583967043,4518692655,2021-01-23,1,1,0,0,0,0,desktop,Windows,Argentina,(not set),google,organic,0.0,2,2,view_item
27469370.6585996420,6961363836,2020-12-05,1,1,1,1,1,1,mobile,Android,Russia,Moscow,(direct),(none),44.5,61,6,purchase
49068184.0131644651,2280288609,2020-11-23,1,1,0,1,1,1,desktop,Web,United States,California,(data deleted),(data deleted),0.0,35,6,purchase
26864276.1209326913,9183123171,2020-11-29,1,0,0,0,0,0,desktop,Windows,United States,Texas,(direct),(none),0.0,1,1,session_only
9037279.9915369456,492985938,2021-01-14,1,1,0,0,0,0,desktop,Web,India,Uttar Pradesh,(direct),(none),0.0,2,2,view_item
35722829.8765020925,1689348042,2020-11-19,1,0,0,0,0,0,desktop,Windows,United States,California,google,organic,0.0,1,1,session_only
1144538.0282690620,9713061561,2020-11-19,1,1,0,0,0,0,desktop,Web,United States,Texas,(data deleted),(data deleted),0.0,2,2,view_item
90342493.6114257092,7170815883,2021-01-18,1,0,0,0,0,0,mobile,Web,United States,Massachusetts,google,organic,0.0,1,1,session_only
2414029.4775008968,7190272015,2020-11-28,1,1,1,1,1,1,desktop,Macintosh,United States,New Mexico,<Other>,<Other>,0.0,25,6,purchase
3335856.4614126301,5536292242,2021-01-22,1,0,0,0,0,0,mobile,Web,United States,Virginia,(direct),(none),0.0,1,1,session_only
16274629.6181137427,9278387664,2020-11-06,1,0,0,0,0,0,mobile,iOS,India,Telangana,(direct),(none),0.0,1,1,session_only
4395526.6955717601,1756013869,2020-11-26,1,0,0,0,0,0,desktop,Web,United States,South Carolina,(direct),(none),0.0,1,1,session_only
5455992.7871353967,3651770563,2021-01-10,1,0,0,0,0,0,desktop,Windows,United States,California,google,organic,0.0,1,1,session_only
14392440.1467958161,2673319948,2021-01-07,1,0,0,0,0,0,mobile,iOS,United States,Illinois,<Other>,<Other>,0.0,1,1,session_only
2251662.6415356434,4461032234,2021-01-21,1,0,0,0,0,0,desktop,<Other>,United States,Ohio,(direct),(none),0.0,1,1,session_only
83151484.7323838735,7191653298,2020-11-19,1,1,0,0,0,0,desktop,<Other>,United Kingdom,England,(direct),(none),0.0,3,2,view_item
1007492.7455882110,5039716222,2020-11-26,1,0,0,0,0,0,desktop,Web,India,Gujarat,<Other>,<Other>,0.0,1,1,session_only
1597302.4432852477,3076297332,2021-01-13,1,1,1,1,1,1,mobile,Web,Canada,Ontario,(data deleted),(data deleted),0.0,14,6,purchase
2442269.1529897197,2910864041,2021-01-08,1,0,0,0,0,0,desktop,Web,Russia,Moscow,google,organic,0.0,1,1,session_only
15062547.4047522619,1194431002,2021-01-21,1,0,0,0,0,0,mobile,iOS,Hong Kong,(not set),(direct),(none),0.0,1,1,session_only
4598198.4766176660,3566753568,2020-12-20,1,0,0,0,0,0,desktop,Web,United States,Arizona,(direct),(none),0.0,1,1,session_only
49657394.9907127177,5030239328,2020-12-20,1,0,0,0,0,0,mobile,Web,United States,California,google,organic,0.0,1,1,session_only
25635485.8099192124,8730454092,2020-11-19,1,0,0,0,0,0,mobile,Web,Turkey,Adana,<Other>,<Other>,0.0,1,1,session_only
5146098442.1258710693,9954306513,2020-11-01,1,0,0,0,0,0,mobile,Android,United States,Texas,(direct),(none),0.0,1,1,session_only
45380128.3829504539,2210000798,2020-11-23,1,1,0,0,0,0,desktop,Windows,Ukraine,Kyiv city,(direct),(none),0.0,2,2,view_item
71887902.6884854131,9298656664,2020-12-24,1,1,1,1,1,1,mobile,Web,Canada,Quebec,(data deleted),(data deleted),39.2,17,6,purchase
6375526977.2488361090,1720274289,2021-01-29,1,0,0,0,0,0,mobile,Web,United States,California,google,organic,0.0,1,1,session_only
6215441.5100797339,6423391907,2020-11-26,1,0,0,0,0,0,desktop,Macintosh,Canada,Quebec,<Other>,<Other>,0.0,1,1,session_only
1782400417.5459204474,5893001456,2020-11-23,1,0,0,0,0,0,desktop,Web,Canada,British Columbia,google,organic,0.0,1,1,session_only
80691478.7368756357,9944934945,2021-01-25,1,1,0,0,0,0,desktop,Web,United States,Oregon,google,organic,0.0,2,2,view_item
26435169.9586592708,8533787055,2021-01-29,1,1,1,1,1,1,desktop,Windows,United States,Florida,<Other>,referral,0.0,61,6,purchase
12291446.3815334458,1474914962,2020-11-18,1,1,1,1,1,1,mobile,Web,United States,Massachusetts,shop.googlemerchandisestore.com,referral,40.88,31,6,purchase
5174030194.8826214760,5761533354,2021-01-28,1,1,1,1,0,0,desktop,Web,United States,California,google,cpc,0.0,6,4,begin_checkout
6882875.9739089152,3156964920,2021-01-12,1,0,0,0,0,0,mobile,iOS,Brazil,State of Rio de Janeiro,google,organic,0.0,1,1,session_only
15214247.5265009082,7008114229,2021-01-12,1,0,0,0,0,0,mobile,Web,Turkey,Istanbul,google,organic,0.0,1,1,session_only
49865599.1094693343,9999855257,2020-11-27,1,0,0,0,0,0,mobile,Web,Turkey,Istanbul,shop.googlemerchandisestore.com,referral,0.0,1,1,session_only
48839244.3370577945,2405673956,2020-12-27,1,0,0,0,0,0,desktop,Web,Italy,Lombardy,google,organic,0.0,1,1,session_only
4936997.9616254909,5683193224,2020-11-05,1,0,0,0,0,0,desktop,Macintosh,Ukraine,Kyiv city,(direct),(none),0.0,1,1,session_only
83930645.3422829575,8933816924,2020-11-19,1,1,0,0,0,0,desktop,Web,United States,Washington,shop.googlemerchandisestore.com,referral,0.0,2,2,view_item
50256908.5558503730,1740356082,2020-12-25,1,0,0,0,0,0,desktop,Windows,United States,New York,(direct),(none),0.0,1,1,session_only
7206743.1623336655,8759829660,2020-11-23,1,0,0,0,0,0,desktop,Web,United States,North Carolina,google,organic,0.0,1,1,session_only
52754342.8568365043,1712345812,2021-01-11,1,0,0,0,0,0,mobile,Web,India,Tamil Nadu,google,organic,0.0,1,1,session_only
77931886.2892148487,998167044,2020-11-06,1,1,0,1,1,1,desktop,Windows,Italy,Lombardy,(direct),(none),93.6,18,6,purchase
90551590.4579678333,9634907160,2021-01-26,1,0,0,0,0,0,desktop,Windows,Japan,Aichi,<Other>,referral,0.0,1,1,session_only
9148684.8311522274,7980297776,2021-01-13,1,1,0,0,0,0,desktop,Web,Brazil,State of Rio de Janeiro,<Other>,<Other>,0.0,2,2,view_item
1976277.3492170362,3335020355,2021-01-19,1,0,0,0,0,0,desktop,Windows,France,Ile-de-France,google,organic,0.0,1,1,session_only
58749509.5865067460,3647470877,2021-01-07,1,1,1,1,1,1,mobile,Web,Brazil,State of Ceara,(data deleted),(data deleted),50.36,67,6,purchase
1917162.1201858264,5224080891,2021-01-29,0,1,0,0,0,0,desktop,Web,United States,California,google,cpc,0.0,4,2,view_item
85089264.2488017824,9203638303,2020-11-01,1,0,0,0,0,0,desktop,Web,Slovakia,(not set),(direct),(none),0.0,1,1,session_only
24020482.6113027289,4628584438,2021-01-09,1,0,0,0,0,0,desktop,Web,United States,Georgia,google,organic,0.0,1,1,session_only
7073865.9893611827,999019908,2021-01-17,1,0,0,0,0,0,desktop,Macintosh,Belgium,Flanders,google,organic,0.0,1,1,session_only
78580904.1422803328,5491611202,2021-01-12,1,0,0,0,0,0,desktop,Web,Poland,Silesian Voivodeship,<Other>,referral,0.0,1,1,session_only
11429624.0505703180,5592993224,2020-11-12,1,0,0,0,0,0,mobile,Web,Portugal,(not set),shop.googlemerchandisestore.com,referral,0.0,1,1,session_only
1407240.9536646342,215560644,2021-01-28,1,0,0,0,0,0,desktop,Web,United States,Georgia,(direct),(none),0.0,1,1,session_only
3661129.8804485731,6787474083,2021-01-23,1,1,0,0,0,0,mobile,iOS,United States,Maryland,(direct),(none),0.0,2,2,view_item
76494707.0878926561,2175060694,2020-11-26,1,1,0,0,0,0,desktop,Web,India,(not set),(data deleted),(data deleted),0.0,5,2,view_item
7967748.3242646735,6687000848,2020-11-28,1,0,0,0,0,0,desktop,Macintosh,Vietnam,Hanoi,<Other>,<Other>,0.0,1,1,session_only
43156943.3185535441,7084583152,2021-01-28,1,0,0,0,0,0,desktop,Web,India,Delhi,google,organic,0.0,1,1,session_only
7138224847.3496040032,5252298831,2020-12-13,1,0,0,0,0,0,mobile,iOS,Taiwan,Taipei City,(direct),(none),0.0,1,1,session_only
3783702005.9147281998,9085422078,2020-11-03,1,0,0,0,0,0,mobile,Web,Colombia,Antioquia,(direct),(none),0.0,1,1,session_only
88727597.1468013590,3662619152,2020-11-24,1,0,0,0,0,0,desktop,Windows,Ukraine,Kyiv city,(data deleted),(data deleted),0.0,1,1,session_only
70991146.6259919159,4658793825,2021-01-28,1,0,0,1,1,1,mobile,Android,Canada,Ontario,google,organic,0.0,8,6,purchase
8646722.1203715753,8343118919,2021-01-28,1,0,0,0,0,0,desktop,Web,Canada,Ontario,(direct),(none),0.0,1,1,session_only
57300577.5188333180,22501905,2020-11-12,1,0,0,0,0,0,desktop,Web,India,Chandigarh,(direct),(none),0.0,1,1,session_only
3068215.5463914527,1578042909,2020-12-13,1,0,0,0,0,0,desktop,Macintosh,Brazil,State of Sao Paulo,(data deleted),(data deleted),0.0,1,1,session_only
13603475.8236448280,9567117856,2020-12-24,1,0,0,0,0,0,desktop,Web,United States,Connecticut,(direct),(none),0.0,1,1,session_only
87946612.7860192796,5068509016,2020-12-22,1,1,0,0,0,0,desktop,Web,United States,Colorado,google,organic,0.0,2,2,view_item
9426321.0443319279,9287112763,2021-01-03,1,0,0,0,0,0,desktop,<Other>,United States,New York,(data deleted),(data deleted),0.0,1,1,session_only
5146284.8150753235,4797250145,2021-01-29,1,0,0,0,0,0,mobile,Web,United States,California,<Other>,<Other>,0.0,1,1,session_only
6010615.8454133911,5187936927,2021-01-31,1,1,0,0,0,0,tablet,Web,United States,Washington,(direct),(none),0.0,3,2,view_item
24745771.8606465125,1796307878,2020-11-18,1,1,1,1,1,1,desktop,Macintosh,United States,Georgia,google,organic,0.0,19,6,purchase
5107684.2225154394,6712218564,2021-01-19,1,0,0,0,0,0,mobile,Web,France,Normandy,shop.googlemerchandisestore.com,referral,0.0,1,1,session_only
79924066.9114178652,7349229627,2020-11-09,1,0,0,0,0,0,desktop,Web,Spain,Madrid,google,organic,0.0,1,1,session_only
3079754.3938375389,506676783,2020-12-13,1,0,0,0,0,0,desktop,Web,(not set),(not set),google,organic,0.0,1,1,session_only
40980474.3890528687,9286651198,2020-12-25,1,1,1,1,1,1,desktop,Windows,Denmark,Capital Region of Denmark,google,organic,0.0,29,6,purchase
8648349.7097238933,7988905988,2021-01-18,1,0,0,0,0,0,desktop,Web,United States,North Carolina,(direct),(none),0.0,1,1,session_only
29458899.5170902493,2721336921,2020-11-16,1,0,0,0,0,0,mobile,iOS,India,Madhya Pradesh,google,organic,0.0,1,1,session_only
22673851.1902225370,6889797755,2021-01-08,1,0,0,0,0,0,desktop,Windows,Germany,Hamburg,google,organic,0.0,1,1,session_only
75518311.0344645048,2433489212,2020-11-26,1,1,0,0,0,0,mobile,iOS,Japan,Tokyo,(direct),(none),0.0,2,2,view_item
74427661.1941985774,2009281774,2021-01-14,1,0,0,0,0,0,mobile,Web,United States,California,<Other>,referral,0.0,1,1,session_only
29066864.4014292306,3546919001,2020-12-05,1,1,0,1,1,1,mobile,Web,United States,Arizona,shop.googlemerchandisestore.com,referral,0.0,12,6,purchase
48224716.8867696680,4104760647,2020-11-06,1,0,0,0,0,0,desktop,Windows,United States,Maryland,(data deleted),(data deleted),0.0,1,1,session_only
85927397.7718023260,6861974368,2020-11-06,1,0,0,0,0,0,desktop,Web,United States,Alabama,(data deleted),(data deleted),0.0,1,1,session_only
65196450.2289016456,4798893357,2020-12-26,1,0,0,0,0,0,desktop,Web,United States,California,google,organic,0.0,1,1,session_only
49547117.6628140676,700760139,2020-11-06,1,0,0,0,0,0,mobile,Android,Ukraine,Kyiv city,<Other>,referral,0.0,1,1,session_only
11872066.8039488446,7799879793,2020-11-18,1,1,0,0,0,0,mobile,Android,India,West Bengal,(data deleted),(data deleted),0.0,8,2,view_item
44227277.9722264913,6948306736,2020-12-22,1,1,1,1,1,1,desktop,Web,Canada,Ontario,google,organic,11.2,13,6,purchase
16729645.0192940893,8062084786,2021-01-28,1,0,0,0,0,0,desktop,Web,Hungary,Budapest,<Other>,<Other>,0.0,1,1,session_only
2091567.5334834511,9706522989,2020-12-20,1,0,0,0,0,0,mobile,Android,United States,New York,<Other>,referral,0.0,1,1,session_only
6938913.7420147643,9502195070,2020-11-12,1,1,0,0,0,0,mobile,Web,United States,Nebraska,google,organic,0.0,2,2,view_item
1477041.7908991291,3050461671,2021-01-29,1,1,0,0,0,0,mobile,Web,Australia,New South Wales,google,organic,0.0,3,2,view_item
58708071.2097301007,1337893324,2021-01-03,1,0,0,0,0,0,mobile,Web,United States,Nevada,google,organic,0.0,1,1,session_only
51448706.9304058015,8371276269,2020-11-29,1,0,0,0,0,0,desktop,Web,Germany,Bavaria,google,organic,0.0,1,1,session_only
18572623.3881929178,9412361583,2020-11-27,1,0,0,0,0,0,desktop,Web,Puerto Rico,(not set),(direct),(none),0.0,1,1,session_only
17738237.4984788569,3763314420,2020-11-28,1,0,0,0,0,0,mobile,Web,United States,North Carolina,(direct),(none),0.0,1,1,session_only
26320482.8150680890,4230514596,2020-11-16,1,1,0,0,0,0,mobile,Web,India,Gujarat,google,organic,0.0,13,2,view_item
65906025.5820847303,2113455043,2020-11-08,1,1,0,0,0,0,mobile,iOS,United States,New York,shop.googlemerchandisestore.com,referral,0.0,3,2,view_item
6439898.5579976839,1878849007,2020-11-12,1,0,0,0,0,0,mobile,Web,Canada,Manitoba,(direct),(none),0.0,1,1,session_only
87954375.5542816184,1255745825,2021-01-03,1,0,0,0,0,0,mobile,iOS,India,Telangana,google,organic,0.0,1,1,session_only
7552941.5646920701,4398428715,2020-11-09,1,0,0,0,0,0,mobile,Web,Russia,Moscow,google,organic,0.0,1,1,session_only
97346955.9611857927,3180031513,2021-01-13,1,0,0,0,0,0,tablet,Web,United States,Virginia,(direct),(none),0.0,1,1,session_only
36609446.4299578167,633418307,2021-01-12,1,0,0,0,0,0,desktop,Web,Vietnam,Hanoi,<Other>,<Other>,0.0,1,1,session_only
9201803.0056189019,7612769219,2020-11-29,1,0,0,0,0,0,desktop,Web,Colombia,(not set),google,organic,0.0,1,1,session_only
27703751.2009611709,3334547333,2020-12-05,1,1,0,0,0,0,mobile,Web,United States,Florida,google,organic,0.0,2,2,view_item
2985253.1490409894,7459591120,2020-11-21,1,1,0,0,0,0,mobile,iOS,Canada,Alberta,<Other>,<Other>,0.0,5,2,view_item
3320603.8814983154,8329124987,2021-01-04,1,0,0,0,0,0,mobile,Web,United States,Massachusetts,shop.googlemerchandisestore.com,referral,0.0,1,1,session_only
28208317.7246859462,3814233395,2021-01-11,1,0,0,0,0,0,mobile,Web,United States,Mississippi,shop.googlemerchandisestore.com,referral,0.0,1,1,session_only
24875473.5203172417,861878119,2020-11-18,1,0,0,0,0,0,desktop,Web,China,Guizhou,(data deleted),(data deleted),0.0,1,1,session_only
4079566.9196753678,1386087912,2021-01-07,1,1,0,0,0,0,desktop,Web,United States,Vermont,google,organic,0.0,4,2,view_item
36845375.3761810792,1653785886,2020-11-03,1,0,0,0,0,0,mobile,Web,Japan,Tokyo,google,cpc,0.0,1,1,session_only
1156590.0081277255,2833410625,2020-11-15,1,1,0,0,0,0,desktop,Macintosh,Germany,Bavaria,google,organic,0.0,2,2,view_item
54685122.2996424797,2675150446,2021-01-01,1,0,0,0,0,0,desktop,Web,Canada,Ontario,google,organic,0.0,1,1,session_only
88014841.4382456501,4551385682,2020-11-13,1,0,0,0,0,0,mobile,iOS,Taiwan,Taichung City,google,organic,0.0,1,1,session_only
32415576.1533252900,1738256839,2021-01-13,1,0,0,0,0,0,desktop,Macintosh,United States,Tennessee,google,organic,0.0,1,1,session_only
11627550.6091563135,6537243773,2020-11-24,1,0,0,0,0,0,desktop,Windows,United States,New York,google,organic,0.0,1,1,session_only
48097323.0603227483,4432458130,2021-01-14,1,0,0,0,0,0,desktop,Windows,Spain,Andalusia,shop.googlemerchandisestore.com,referral,0.0,1,1,session_only
32340230.3015140385,5319695808,2021-01-09,1,0,0,0,0,0,desktop,Web,India,West Bengal,<Other>,<Other>,0.0,1,1,session_only
4244066.5381453811,4787441545,2020-12-30,1,0,0,0,0,0,desktop,Web,Brazil,State of Sao Paulo,<Other>,organic,0.0,1,1,session_only
7202029.2078985332,1376762855,2021-01-16,1,0,0,0,0,0,mobile,Android,Philippines,Metro Manila,shop.googlemerchandisestore.com,referral,0.0,1,1,session_only
9221595.7851890184,4835591361,2020-11-12,1,1,0,0,0,0,desktop,Web,United States,Maryland,google,organic,0.0,2,2,view_item
2455084.8403216477,2007147292,2020-11-02,1,0,0,0,0,0,desktop,Macintosh,United States,Ohio,<Other>,<Other>,0.0,1,1,session_only
61497249.2574350096,3650801403,2020-11-03,1,0,0,0,0,0,mobile,iOS,United States,New York,shop.googlemerchandisestore.com,referral,0.0,1,1,session_only
6044369.0763862711,1628719146,2020-11-23,1,1,0,1,1,1,mobile,Web,Germany,North Rhine-Westphalia,(direct),(none),206.4,8,6,purchase
11899765.7596259350,9511542559,2020-11-14,1,1,0,0,0,0,mobile,iOS,United States,Washington,google,organic,0.0,2,2,view_item
8551704.8214319016,2085510557,2020-12-31,1,0,0,0,0,0,desktop,Windows,United States,Illinois,google,organic,0.0,1,1,session_only
3291867.8966101730,3756366026,2020-12-13,1,1,1,1,1,0,desktop,Macintosh,Canada,Ontario,google,organic,0.0,11,5,add_payment
3276914.7596101411,2738877483,2020-12-30,1,0,0,0,0,0,desktop,Web,United Kingdom,England,(direct),(none),0.0,1,1,session_only
42960082.1237485006,5470396496,2020-12-19,1,0,0,0,0,0,mobile,Web,Philippines,Calabarzon,<Other>,organic,0.0,1,1,session_only
1356289.7335974426,2697617618,2021-01-28,1,0,0,0,0,0,desktop,Web,India,Chhattisgarh,<Other>,<Other>,0.0,1,1,session_only
13471444.2329822220,7374014060,2020-12-13,1,0,0,0,0,0,desktop,Web,United States,Oklahoma,<Other>,<Other>,0.0,1,1,session_only
22074187.2329661548,627663819,2020-11-18,1,0,0,0,0,0,mobile,iOS,United States,Washington,google,organic,0.0,1,1,session_only
17888598.8871365644,3203719089,2020-11-21,1,0,0,0,0,0,mobile,iOS,Canada,Ontario,(data deleted),(data deleted),0.0,1,1,session_only
1853643.3428383635,7899883288,2021-01-26,1,1,0,1,1,1,desktop,Web,Netherlands,South Holland,(direct),(none),0.0,12,6,purchase
6801200.8968241705,3946749760,2020-11-12,1,0,0,0,0,0,desktop,Macintosh,Mexico,Baja California,(data deleted),(data deleted),0.0,1,1,session_only
77805852.6832906360,4174116531,2020-11-23,1,1,0,0,0,0,desktop,Web,United States,Massachusetts,(direct),(none),0.0,4,2,view_item
3317625259.4119491708,3508056151,2021-01-17,1,0,0,0,0,0,desktop,Web,Mexico,Mexico City,google,cpc,0.0,1,1,session_only
63975463.4152388021,9457687142,2020-11-18,1,0,0,0,0,0,mobile,Android,United States,Florida,google,organic,0.0,1,1,session_only
9048979.1214302831,4804836821,2020-11-28,1,1,1,1,0,0,desktop,Macintosh,Hong Kong,(not set),google,organic,0.0,5,4,begin_checkout
8434189.2612688038,9385907671,2020-11-05,1,0,0,0,0,0,desktop,Web,Lithuania,(not set),google,organic,0.0,1,1,session_only
42295012.2185598668,1192258992,2021-01-22,1,0,0,0,0,0,mobile,Android,United States,Missouri,google,organic,0.0,1,1,session_only
7321267.6633082138,7922388448,2020-12-29,1,1,1,1,1,1,mobile,Web,India,Karnataka,(direct),(none),0.0,15,6,purchase
77169938.4626141685,7280073052,2021-01-29,1,1,1,0,0,0,desktop,Windows,China,Henan,(direct),(none),0.0,31,3,add_to_cart
8119095.0692411393,8173849865,2020-12-13,1,1,0,0,0,0,mobile,iOS,United States,North Carolina,<Other>,<Other>,0.0,3,2,view_item
3665559.3046155269,635818979,2020-11-15,1,0,0,0,0,0,desktop,Web,United States,California,shop.googlemerchandisestore.com,referral,0.0,1,1,session_only
1955084.0177042820,8236046289,2020-11-23,1,1,0,0,0,0,desktop,Web,Canada,Ontario,google,organic,0.0,9,2,view_item
82480561.5369996521,7257753468,2020-11-06,1,0,0,0,0,0,mobile,iOS,Singapore,(not set),<Other>,<Other>,0.0,1,1,session_only
42949201.4728664871,3107705526,2020-11-16,1,1,0,0,0,0,mobile,iOS,United States,New York,<Other>,referral,0.0,2,2,view_item
31266057.8678233870,2208228881,2020-11-26,1,1,1,1,0,0,desktop,Web,United States,California,(direct),(none),0.0,53,4,begin_checkout
4941025.1037689726,2046775760,2020-11-03,1,0,0,0,0,0,desktop,Web,United States,California,shop.googlemerchandisestore.com,referral,0.0,1,1,session_only
2299912.0600924668,3509040899,2020-11-28,1,0,0,0,0,0,desktop,Web,Poland,Silesian Voivodeship,(direct),(none),0.0,1,1,session_only
85282420.3070209063,9581072280,2021-01-19,1,0,0,0,0,0,mobile,iOS,Singapore,(not set),google,organic,0.0,1,1,session_only
5330714.2486127902,3317697346,2020-11-22,1,0,0,0,0,0,desktop,Web,United States,California,google,organic,0.0,1,1,session_only
90703464.6235965067,1124590913,2021-01-02,1,0,0,0,0,0,mobile,Web,India,Gujarat,google,organic,0.0,1,1,session_only
7174422.0768817237,7207943051,2021-01-29,1,0,0,0,0,0,desktop,Web,Canada,Ontario,google,organic,0.0,1,1,session_only
4194914.4913550685,7611385891,2020-12-05,1,0,0,0,0,0,desktop,Web,Taiwan,Taichung City,(direct),(none),0.0,1,1,session_only
27488559.4267170544,884340519,2021-01-30,1,1,0,1,1,1,desktop,Web,Canada,Ontario,(direct),(none),0.0,29,6,purchase
2076359.0754040537,7950043394,2020-12-20,1,0,0,0,0,0,mobile,iOS,United States,Illinois,(direct),(none),0.0,1,1,session_only
75547309.8636133944,2588160131,2020-12-19,1,0,0,0,0,0,mobile,Web,United States,Washington,<Other>,<Other>,0.0,1,1,session_only
74434569.9576536229,460973040,2020-11-28,1,0,0,0,0,0,desktop,Web,United States,Illinois,google,organic,0.0,1,1,session_only
32529689.0976143666,4016797892,2021-01-02,1,0,0,0,0,0,desktop,Web,United States,California,(direct),(none),0.0,1,1,session_only
69887798.3738818784,6587429898,2020-11-18,1,0,0,0,0,0,desktop,Windows,United States,Florida,google,organic,0.0,1,1,session_only
2295697145.6392535784,352617979,2021-01-21,1,0,0,0,0,0,desktop,Web,Honduras,(not set),(direct),(none),0.0,1,1,session_only
70458536.0467165326,9159763256,2020-12-19,1,1,0,0,0,0,desktop,Windows,Ukraine,Kyiv city,google,cpc,0.0,2,2,view_item
47034016.4331689192,6767700909,2021-01-07,1,0,0,0,0,0,mobile,Web,United States,New York,google,cpc,0.0,1,1,session_only
55618901.9270986431,5657735507,2021-01-13,1,0,0,0,0,0,desktop,Windows,United States,Oregon,(direct),(none),0.0,1,1,session_only
10850448.6180909535,2761965764,2021-01-26,1,0,0,0,0,0,desktop,Web,United States,Tennessee,<Other>,<Other>,0.0,1,1,session_only
53066575.1653676707,236953927,2020-11-09,1,0,0,0,0,0,desktop,Web,United States,New York,(direct),(none),0.0,1,1,session_only
68546593.5963367661,4395318352,2021-01-29,1,0,0,0,0,0,desktop,<Other>,United States,Virginia,google,cpc,0.0,1,1,session_only
55282507.1279585710,5524401078,2021-01-23,1,0,0,0,0,0,mobile,Android,India,Haryana,google,organic,0.0,1,1,session_only
4304466.7558240349,3405686786,2020-12-22,1,1,0,0,0,0,desktop,Windows,Russia,(not set),(direct),(none),0.0,2,2,view_item
4677566.0890956064,1705398995,2021-01-26,1,0,0,0,0,0,desktop,<Other>,Cyprus,(not set),google,organic,0.0,1,1,session_only
9222575.9074465023,1843573445,2020-11-07,1,0,0,0,0,0,desktop,Windows,Pakistan,Punjab,google,organic,0.0,1,1,session_only
1951144.2472590359,657530200,2020-11-16,1,1,0,1,1,1,desktop,Web,United States,Oklahoma,google,organic,47.6,26,6,purchase
83822332.4553836151,1696604546,2021-01-21,1,1,0,0,0,0,desktop,Web,United States,Texas,google,organic,0.0,2,2,view_item
7404849.9258722166,3170177333,2020-12-13,1,0,0,0,0,0,desktop,Web,India,Karnataka,<Other>,referral,0.0,1,1,session_only
3560826.6054676225,1304262985,2020-11-24,1,0,0,0,0,0,mobile,Web,United Kingdom,England,google,cpc,0.0,1,1,session_only
8793868.2000031349,2686114848,2020-11-23,1,0,0,0,0,0,mobile,iOS,India,Uttar Pradesh,(data deleted),(data deleted),0.0,1,1,session_only
2052887.0533085620,4576938373,2020-12-30,1,0,0,0,0,0,desktop,Web,Singapore,(not set),google,organic,0.0,1,1,session_only
26466746.2110300050,8668123676,2020-11-06,1,1,0,1,0,0,mobile,Web,United States,California,<Other>,referral,0.0,5,4,begin_checkout
7411487.6036119390,260775690,2021-01-19,1,1,0,0,0,0,mobile,Web,Canada,Alberta,google,organic,0.0,3,2,view_item
6512304.5568111237,237681789,2020-12-05,1,0,0,0,0,0,desktop,Web,United States,Kansas,google,cpc,0.0,1,1,session_only
47544112.3563580127,2903408985,2021-01-13,1,0,0,0,0,0,mobile,Android,Chile,(not set),<Other>,<Other>,0.0,1,1,session_only
41528324.9344551109,6806071346,2020-11-03,1,0,0,0,0,0,desktop,Windows,Taiwan,Taipei City,google,organic,0.0,1,1,session_only
5314550.3165614870,9666812010,2020-12-26,1,0,0,0,0,0,mobile,iOS,Canada,Ontario,(direct),(none),0.0,1,1,session_only
1180780.3735037177,1576463551,2020-12-30,1,1,0,0,0,0,desktop,<Other>,United States,(not set),google,organic,0.0,3,2,view_item
3209935.0290003491,2608657926,2021-01-24,1,0,0,0,0,0,desktop,Web,United States,Washington,(direct),(none),0.0,1,1,session_only
2905898.7450856721,8416111047,2020-12-25,1,0,0,0,0,0,mobile,Web,India,Rajasthan,<Other>,referral,0.0,1,1,session_only
7714146.4939911789,7459828798,2021-01-14,1,0,0,0,0,0,mobile,iOS,United States,California,(direct),(none),0.0,1,1,session_only
2012662.5265465708,9429801902,2020-12-19,1,0,0,0,0,0,desktop,Web,Spain,Andalusia,google,cpc,0.0,1,1,session_only
69220900.1185259370,2613014950,2020-12-27,1,0,0,0,0,0,desktop,Windows,United States,Texas,google,organic,0.0,1,1,session_only
6399336.7509006959,520274346,2021-01-17,1,0,0,0,0,0,desktop,Windows,Canada,Quebec,(direct),(none),0.0,1,1,session_only
19981471.4288320970,1257295662,2021-01-18,1,0,0,0,0,0,mobile,iOS,Singapore,(not set),google,cpc,0.0,1,1,session_only
16530829.9078909117,8508131422,2021-01-23,1,1,1,1,1,1,mobile,iOS,United States,Tennessee,shop.googlemerchandisestore.com,referral,8.4,11,6,purchase
8921220.0087985891,1281107408,2020-11-02,1,0,0,0,0,0,desktop,Web,Peru,(not set),google,organic,0.0,1,1,session_only
28141111.9769200617,9738320893,2020-11-06,1,0,0,0,0,0,desktop,Web,Canada,Alberta,google,organic,0.0,1,1,session_only
34647657.3187094415,8065071550,2021-01-11,1,0,0,0,0,0,desktop,<Other>,United States,California,(direct),(none),0.0,1,1,session_only
15658096.1291022424,6367521971,2020-11-13,1,0,0,0,0,0,desktop,Web,United States,Pennsylvania,google,organic,0.0,1,1,session_only
37523695.6027979261,4664357239,2020-11-08,1,0,0,0,0,0,desktop,Windows,India,Gujarat,(direct),(none),0.0,1,1,session_only
32429657.5186598559,6779714704,2020-11-18,1,0,0,0,0,0,mobile,Web,United Kingdom,England,google,organic,0.0,1,1,session_only
3392018.9796964611,1846716213,2020-11-13,1,1,0,1,1,1,desktop,Macintosh,Canada,British Columbia,google,organic,55.2,14,6,purchase
57014616.6017370091,1907788119,2021-01-21,1,0,0,0,0,0,mobile,iOS,United States,Massachusetts,google,organic,0.0,1,1,session_only
52049191.2560865909,4950599517,2020-12-22,1,0,0,0,0,0,mobile,Android,United States,Texas,(direct),(none),0.0,1,1,session_only
13072394.0835249988,5706496627,2020-11-07,1,1,0,0,0,0,desktop,Web,India,Karnataka,google,organic,0.0,2,2,view_item
5806534.8564631863,5466565344,2021-01-05,1,1,0,0,0,0,desktop,Web,United States,South Carolina,(direct),(none),0.0,3,2,view_item
21997053.9407195601,7177566030,2020-11-22,1,0,0,0,0,0,tablet,iOS,Portugal,(not set),google,organic,0.0,1,1,session_only
55149514.2635997816,5232764527,2020-11-18,1,0,0,0,0,0,desktop,Windows,Colombia,Bogota,google,organic,0.0,1,1,session_only
4938257.3124183167,1022494940,2021-01-24,1,0,0,0,0,0,tablet,Android,United States,New York,google,organic,0.0,1,1,session_only
79969617.8920269973,3734093936,2021-01-24,1,0,0,0,0,0,desktop,Web,United States,Hawaii,google,organic,0.0,1,1,session_only
3903157484.2922034627,6448326046,2020-11-23,1,0,0,0,0,0,desktop,Web,Canada,Ontario,google,cpc,0.0,1,1,session_only
40239684.6447809701,5996266433,2021-01-25,1,0,0,0,0,0,desktop,Windows,United States,Michigan,google,organic,0.0,1,1,session_only
80269595.7806561752,6958620105,2021-01-12,1,0,0,0,0,0,mobile,Web,Colombia,Bogota,(direct),(none),0.0,1,1,session_only
7547517.9285366120,6735613733,2021-01-14,1,0,0,0,0,0,desktop,Macintosh,China,Shanghai,<Other>,<Other>,0.0,1,1,session_only
1922736.4242402706,6225967145,2020-11-24,1,0,0,0,0,0,mobile,iOS,United States,North Carolina,<Other>,<Other>,0.0,1,1,session_only
3370017.3856304990,2767559853,2021-01-22,1,0,0,0,0,0,mobile,iOS,United States,Michigan,google,organic,0.0,1,1,session_only
33320613.9941605337,2486130434,2021-01-26,1,1,0,0,0,0,desktop,Web,South Korea,Seoul,shop.googlemerchandisestore.com,referral,0.0,2,2,view_item
62842855.5449225378,2281865196,2020-11-23,1,0,0,0,0,0,desktop,Web,United States,California,google,organic,0.0,1,1,session_only
3989926.2447314041,3282651148,2020-11-18,1,1,0,0,0,0,desktop,Web,Canada,Alberta,google,organic,0.0,3,2,view_item
33796601.3034708801,1561321795,2020-11-22,1,0,0,0,0,0,desktop,Windows,India,Maharashtra,google,organic,0.0,1,1,session_only
2118710.6901083110,9304583781,2020-11-13,1,0,0,0,0,0,mobile,Web,South Korea,Seoul,google,organic,0.0,1,1,session_only
38977430.9901664265,5320158459,2021-01-26,1,0,0,0,0,0,desktop,Web,Canada,Ontario,google,organic,0.0,1,1,session_only
72599174.6363758878,152403306,2020-11-05,1,0,0,0,0,0,mobile,Android,United States,Minnesota,<Other>,referral,0.0,1,1,session_only
22203691.7477839438,1743310002,2021-01-31,1,0,0,0,0,0,mobile,Android,United States,Texas,(direct),(none),0.0,1,1,session_only
15564576.0875528876,470303933,2020-11-14,1,0,0,0,0,0,desktop,Windows,United States,Georgia,(direct),(none),0.0,1,1,session_only
4598956.2090906849,1547010163,2020-12-22,1,1,1,1,1,1,mobile,Android,United States,Washington,shop.googlemerchandisestore.com,referral,0.0,29,6,purchase
73546904.9193263338,1401917080,2021-01-19,1,0,0,0,0,0,desktop,Web,Turkey,Istanbul,google,organic,0.0,1,1,session_only
28583523.1827461584,394463321,2021-01-28,1,0,0,0,0,0,desktop,Windows,United States,Iowa,google,cpc,0.0,1,1,session_only
81981902.7508567053,64400840,2020-12-27,1,0,0,0,0,0,desktop,Web,United Kingdom,Northern Ireland,google,cpc,0.0,1,1,session_only
49539708.3349913349,9192120058,2020-11-03,1,0,0,0,0,0,desktop,Web,United States,California,google,organic,0.0,1,1,session_only
80399793.1335226221,3782326288,2021-01-14,1,0,0,0,0,0,mobile,Android,Thailand,Bangkok,shop.googlemerchandisestore.com,referral,0.0,1,1,session_only
20955327.5292115928,1706747165,2021-01-29,1,0,0,0,0,0,mobile,Web,United States,Georgia,google,organic,0.0,1,1,session_only
10386159.0828647247,8616430798,2020-11-03,1,0,0,0,0,0,mobile,iOS,Mexico,Baja California,<Other>,organic,0.0,1,1,session_only
3972359.8765083540,9193546974,2020-11-15,1,1,0,0,0,0,mobile,iOS,United States,California,shop.googlemerchandisestore.com,referral,0.0,3,2,view_item
35712985.0139661488,6993277208,2020-12-13,1,1,0,0,0,0,tablet,Web,India,Haryana,<Other>,organic,0.0,5,2,view_item
23830756.7448384273,4014633360,2020-11-28,1,1,0,1,0,0,desktop,Web,Pakistan,Sindh,google,organic,0.0,6,4,begin_checkout
8895245.0212407238,3498998097,2020-11-14,1,0,0,0,0,0,desktop,Windows,United States,Illinois,(direct),(none),0.0,1,1,session_only
38159965.0502320731,4561838918,2021-01-11,1,1,1,0,0,0,desktop,Macintosh,Spain,(not set),google,organic,0.0,6,3,add_to_cart
6269195.7839405894,5824224778,2021-01-28,1,0,0,0,0,0,desktop,Windows,Canada,Ontario,(data deleted),(data deleted),0.0,1,1,session_only
11276007.4623855146,3846432306,2020-12-23,1,1,1,1,1,1,mobile,Web,United States,Pennsylvania,(direct),(none),443.2,173,6,purchase
5087896.3440413767,8968471177,2020-11-01,1,0,0,0,0,0,desktop,Web,Ukraine,(not set),shop.googlemerchandisestore.com,referral,0.0,1,1,session_only
6533788.3267075710,7100306132,2020-12-13,1,0,0,1,1,1,desktop,Web,France,Ile-de-France,(direct),(none),35.2,6,6,purchase
7052268.1510566863,2904693523,2020-11-07,1,0,0,0,0,0,desktop,Web,Thailand,Bangkok,google,organic,0.0,1,1,session_only
2408215.8294964990,3439789590,2021-01-22,1,0,0,0,0,0,mobile,Web,India,Kerala,<Other>,referral,0.0,1,1,session_only
66935043.5089125342,1840371496,2020-12-22,1,1,0,0,0,0,desktop,Web,France,Nouvelle-Aquitaine,(data deleted),(data deleted),0.0,5,2,view_item
91658243.7891581916,7820191448,2020-12-19,1,0,0,0,0,0,desktop,<Other>,Italy,Lombardy,(data deleted),(data deleted),0.0,1,1,session_only
73446316.1720824816,9156273856,2021-01-21,1,0,0,0,0,0,mobile,Web,Sweden,Stockholm County,google,organic,0.0,1,1,session_only
9048964.7145588783,5024381154,2020-11-23,1,0,0,0,0,0,desktop,Web,United Kingdom,England,google,organic,0.0,1,1,session_only
63241035.7982524370,3120062262,2021-01-19,1,0,0,0,0,0,mobile,Web,United Kingdom,England,(data deleted),(data deleted),0.0,1,1,session_only
8394129.0471250257,4668439766,2020-12-12,1,0,0,0,0,0,mobile,Web,Canada,Quebec,<Other>,<Other>,0.0,1,1,session_only
8385904.9102809225,3898179698,2020-11-21,1,1,0,0,0,0,mobile,iOS,United States,Ohio,<Other>,referral,0.0,3,2,view_item
33914512.3686241318,5159954862,2020-12-24,1,0,0,0,0,0,mobile,Web,Cyprus,(not set),<Other>,<Other>,0.0,1,1,session_only
73169213.3544916380,9619691450,2020-11-05,1,0,0,0,0,0,desktop,Web,Germany,(not set),<Other>,<Other>,0.0,1,1,session_only
3055730.7915438788,1029096323,2020-12-25,1,1,1,1,1,1,desktop,Web,United States,Georgia,(direct),(none),0.0,55,6,purchase
1169642.2524570935,549445241,2021-01-18,1,0,0,0,0,0,mobile,Web,Canada,Ontario,google,organic,0.0,1,1,session_only
13040169.8530039481,4743132829,2021-01-14,1,0,0,0,0,0,desktop,Web,United States,California,google,organic,0.0,1,1,session_only
3819389.4544754215,8740248264,2020-11-23,1,0,0,0,0,0,desktop,Macintosh,United States,Virginia,(direct),(none),0.0,1,1,session_only
42810795.1511885036,2690746057,2021-01-11,1,0,0,0,0,0,desktop,Web,Canada,Saskatchewan,google,organic,0.0,1,1,session_only
63334761.7284055644,5301851348,2020-11-02,1,1,0,0,0,0,desktop,Web,France,Ile-de-France,<Other>,<Other>,0.0,3,2,view_item
13242284.3555864900,4420896043,2021-01-26,1,1,0,0,0,0,mobile,iOS,India,Gujarat,(direct),(none),0.0,2,2,view_item
90815094.8665014615,6051090045,2021-01-12,1,0,0,0,0,0,mobile,Android,United States,Illinois,<Other>,<Other>,0.0,1,1,session_only
3299214.7852905269,350841782,2021-01-16,1,0,0,0,0,0,desktop,Web,India,Telangana,google,cpc,0.0,1,1,session_only
6589982.6944307227,6694433667,2021-01-21,1,0,0,0,0,0,mobile,Web,United States,Illinois,google,organic,0.0,1,1,session_only
3268253.6033542664,9392100449,2020-11-19,1,0,0,0,0,0,mobile,Web,India,Chhattisgarh,google,cpc,0.0,1,1,session_only
86753770.4534026386,1468680257,2021-01-22,1,1,0,0,0,0,desktop,Web,United States,California,(direct),(none),0.0,3,2,view_item
78084763.1990188524,4800831735,2021-01-26,1,1,1,1,0,0,desktop,Windows,United States,Florida,<Other>,<Other>,0.0,27,4,begin_checkout
28686876.7597772375,1709910729,2021-01-18,1,0,0,0,0,0,mobile,Web,United States,California,(direct),(none),0.0,1,1,session_only
78194356.5543591069,4555965168,2021-01-28,1,0,0,0,0,0,desktop,Windows,Italy,Veneto,<Other>,organic,0.0,1,1,session_only
4208085.9464556366,8518380933,2020-11-21,1,0,0,0,0,0,desktop,Web,Canada,Alberta,google,organic,0.0,1,1,session_only
3747528.4887383122,5099990768,2021-01-21,1,0,0,0,0,0,tablet,Android,Australia,Victoria,google,organic,0.0,1,1,session_only
46927989.5211476689,2497107555,2021-01-05,1,0,0,0,0,0,desktop,Web,Thailand,Bangkok,google,organic,0.0,1,1,session_only
91865941.2605798453,3309916859,2021-01-16,1,1,0,0,0,0,mobile,iOS,Bangladesh,(not set),google,organic,0.0,2,2,view_item
45824572.5531142132,9384458488,2020-11-15,1,1,0,0,0,0,mobile,iOS,United States,Michigan,<Other>,<Other>,0.0,2,2,view_item
88556371.7879566968,2828940525,2021-01-29,1,1,1,1,1,1,mobile,Android,Spain,Catalonia,(direct),(none),0.0,94,6,purchase
38629125.4571404901,4590883940,2021-01-14,1,1,0,0,0,0,desktop,Macintosh,United States,South Carolina,(direct),(none),0.0,6,2,view_item
21329132.9269910442,5167334298,2021-01-11,1,0,0,0,0,0,mobile,iOS,Belgium,Flanders,(direct),(none),0.0,1,1,session_only
84804701.0609767420,186593965,2020-11-16,1,1,0,1,1,1,mobile,Android,United States,California,(direct),(none),0.0,27,6,purchase
29664355.7676259501,3828620874,2020-12-30,1,0,0,0,0,0,desktop,Web,Netherlands,North Holland,<Other>,referral,0.0,1,1,session_only
5571997707.3952534791,6163541730,2021-01-30,1,0,0,0,0,0,desktop,Web,United Kingdom,England,shop.googlemerchandisestore.com,referral,0.0,1,1,session_only
8921633.6194140757,8525559938,2021-01-09,1,0,0,0,0,0,desktop,Web,United States,Indiana,<Other>,referral,0.0,1,1,session_only
1846701.9424412785,889847592,2020-11-29,1,0,0,0,0,0,desktop,Web,Portugal,Lisbon,<Other>,<Other>,0.0,1,1,session_only
2078196.5597187323,3389151506,2021-01-19,1,0,0,0,0,0,mobile,Android,United States,California,shop.googlemerchandisestore.com,referral,0.0,1,1,session_only
1648404.7936438813,7606815819,2020-12-12,1,0,0,0,0,0,mobile,iOS,Saudi Arabia,Riyadh Province,shop.googlemerchandisestore.com,referral,0.0,1,1,session_only
7283306.9532262918,7116007579,2021-01-05,1,0,0,0,0,0,desktop,Macintosh,United States,California,google,organic,0.0,1,1,session_only
1499391.8306096674,4003046029,2021-01-22,1,0,0,0,0,0,desktop,Web,Poland,Masovian Voivodeship,google,organic,0.0,1,1,session_only
97081968.5846751209,4679956205,2021-01-02,1,0,0,0,0,0,desktop,Macintosh,United States,New Hampshire,<Other>,referral,0.0,1,1,session_only
37305074.4311125873,1807806570,2020-11-12,1,0,0,0,0,0,desktop,Web,Greece,(not set),(direct),(none),0.0,1,1,session_only
8553169.5764793538,7761430607,2021-01-09,1,0,0,0,0,0,tablet,Web,United States,Maine,(direct),(none),0.0,1,1,session_only
1236611.9565821794,7464062937,2021-01-18,1,0,0,0,0,0,mobile,Web,Spain,Castile-La Mancha,(direct),(none),0.0,1,1,session_only
7732500.1606008488,8249369321,2021-01-23,1,0,0,0,0,0,mobile,iOS,France,Ile-de-France,<Other>,<Other>,0.0,1,1,session_only
7928937.3206570318,3608113732,2021-01-19,1,0,0,0,0,0,desktop,Web,United States,Illinois,google,organic,0.0,1,1,session_only
57636608.3541589386,706275352,2021-01-25,1,0,0,0,0,0,desktop,Web,Poland,Masovian Voivodeship,<Other>,referral,0.0,1,1,session_only
69449470.6900964049,379334820,2020-11-23,1,0,0,0,0,0,mobile,iOS,United States,Arkansas,shop.googlemerchandisestore.com,referral,0.0,1,1,session_only
2912112.7659134567,7803339854,2020-11-06,1,0,0,0,0,0,mobile,iOS,Spain,Madrid,(direct),(none),0.0,1,1,session_only
74520463.3398535268,4032092737,2021-01-19,1,0,0,0,0,0,mobile,Android,United Kingdom,England,(direct),(none),0.0,1,1,session_only
6762805.6017188798,9489775955,2020-11-23,1,0,0,0,0,0,mobile,Android,Canada,Ontario,google,organic,0.0,1,1,session_only
7555739.9004379299,16052821,2020-11-09,1,0,0,0,0,0,desktop,Windows,United States,California,shop.googlemerchandisestore.com,referral,0.0,1,1,session_only
31398422.6566690054,2580018005,2021-01-23,1,0,0,0,0,0,desktop,Web,South Korea,Incheon,google,organic,0.0,1,1,session_only
69210855.0563658731,8792711675,2020-11-29,1,0,0,0,0,0,mobile,Web,India,Maharashtra,google,cpc,0.0,1,1,session_only
52899337.0841578773,8621302765,2021-01-19,1,0,0,0,0,0,desktop,Windows,Netherlands,North Holland,(direct),(none),0.0,1,1,session_only
1176333.2763199396,6379340645,2020-11-19,1,1,0,0,0,0,desktop,Web,Mexico,Baja California,(direct),(none),0.0,2,2,view_item
2544177.0090974667,4647708670,2020-11-09,1,1,0,1,0,0,desktop,Web,United States,Pennsylvania,(direct),(none),0.0,62,4,begin_checkout
3302381.1398239614,6226267857,2021-01-21,1,1,0,0,0,0,desktop,Windows,United States,Florida,<Other>,<Other>,0.0,6,2,view_item
57481261.5526520119,5939406721,2020-12-25,1,1,0,0,0,0,desktop,Web,Turkey,Istanbul,<Other>,<Other>,0.0,3,2,view_item
56280761.0343352119,3569452569,2021-01-22,1,1,0,0,0,0,desktop,Windows,United States,California,google,cpc,0.0,2,2,view_item
42447971.3619447200,7920342579,2021-01-17,1,1,1,1,1,1,desktop,Web,Taiwan,New Taipei City,shop.googlemerchandisestore.com,referral,0.0,45,6,purchase
3478306.3735326911,1365406288,2020-11-16,1,0,0,0,0,0,desktop,Macintosh,India,Madhya Pradesh,<Other>,referral,0.0,1,1,session_only
7555209.5533178941,3777960960,2020-12-31,1,0,0,0,0,0,desktop,<Other>,United States,Massachusetts,google,organic,0.0,1,1,session_only
4724284.5208125613,4438129188,2020-12-24,1,0,0,0,0,0,desktop,Windows,United States,North Dakota,google,organic,0.0,1,1,session_only
85882282.1505248309,4671517347,2021-01-09,1,0,0,0,0,0,mobile,Android,United States,New Jersey,<Other>,<Other>,0.0,1,1,session_only
4978981.7891616044,9159414800,2021-01-24,1,1,1,0,0,0,desktop,Macintosh,Italy,Emilia-Romagna,<Other>,<Other>,0.0,122,3,add_to_cart
1279922.3067877438,7856312000,2021-01-14,1,1,0,0,0,0,mobile,Web,United Kingdom,England,google,organic,0.0,4,2,view_item
89580147.5635673686,3527784403,2021-01-11,1,0,0,0,0,0,mobile,Web,Mexico,(not set),(direct),(none),0.0,1,1,session_only
50343706.8036858187,3188752516,2021-01-12,1,0,0,0,0,0,desktop,Windows,United States,New York,google,cpc,0.0,1,1,session_only
1224731.3666771048,7331985923,2021-01-07,1,0,0,0,0,0,desktop,Web,Russia,Moscow,(direct),(none),0.0,1,1,session_only
54147294.7814370419,228866531,2021-01-05,1,0,0,0,0,0,mobile,Android,United States,Washington,<Other>,<Other>,0.0,1,1,session_only
30859745.1125051499,2732884216,2021-01-19,1,0,0,0,0,0,mobile,Web,Taiwan,Kaohsiung City,shop.googlemerchandisestore.com,referral,0.0,1,1,session_only
51104621.9970051218,5997167046,2021-01-11,1,1,0,0,0,0,mobile,Web,Malaysia,Selangor,shop.googlemerchandisestore.com,referral,0.0,3,2,view_item
3018471.2187154322,5410696056,2020-11-13,1,1,0,1,1,1,desktop,Web,India,Rajasthan,<Other>,<Other>,168.8,51,6,purchase
1803812.5316942686,483417566,2021-01-29,1,0,0,0,0,0,mobile,Web,United States,California,<Other>,<Other>,0.0,1,1,session_only
84234912.0157958897,8111882015,2020-11-23,1,0,0,0,0,0,desktop,Macintosh,United States,California,shop.googlemerchandisestore.com,referral,0.0,1,1,session_only
4126305.9403099675,4161788614,2020-12-27,1,0,0,0,0,0,mobile,Web,India,Kerala,google,cpc,0.0,1,1,session_only
99667972.2666079992,8682438765,2021-01-08,1,0,0,0,0,0,desktop,Web,United States,Texas,google,organic,0.0,1,1,session_only
5522596.7763368022,4779373112,2020-12-27,1,0,0,0,0,0,mobile,iOS,Taiwan,Taipei City,(data deleted),(data deleted),0.0,1,1,session_only
21298618.1395786000,4835936117,2020-11-16,1,0,0,0,0,0,desktop,Macintosh,Mexico,(not set),google,organic,0.0,1,1,session_only
9690899.6795224108,8437416837,2021-01-07,1,0,0,0,0,0,desktop,Web,Canada,British Columbia,google,organic,0.0,1,1,session_only
6895026.0457166215,3733107822,2020-12-23,1,0,0,0,0,0,mobile,iOS,Peru,(not set),google,organic,0.0,1,1,session_only
88048908.4475003920,4706645316,2021-01-28,1,0,0,0,0,0,desktop,Windows,India,Maharashtra,google,organic,0.0,1,1,session_only
62920194.5726322698,9196840703,2020-11-22,1,0,0,0,0,0,desktop,Web,France,Ile-de-France,<Other>,<Other>,0.0,1,1,session_only
1778424.4872648784,6514466051,2020-11-21,1,0,0,0,0,0,desktop,Web,Taiwan,Taiwan Province,(direct),(none),0.0,1,1,session_only
26760189.6827999299,9447043500,2021-01-30,1,0,0,0,0,0,mobile,iOS,United States,New Mexico,shop.googlemerchandisestore.com,referral,0.0,1,1,session_only
61600562.7154348357,4390994612,2021-01-28,1,0,0,0,0,0,mobile,Android,United States,California,shop.googlemerchandisestore.com,referral,0.0,1,1,session_only
1997777.4856848229,9386758744,2020-12-30,1,0,0,0,0,0,desktop,Windows,South Korea,Gyeonggi-do,google,organic,0.0,1,1,session_only
8879279.3648066758,8985697964,2021-01-30,1,0,0,0,0,0,mobile,iOS,United States,Massachusetts,(direct),(none),0.0,1,1,session_only
14304702.2841335888,7053728697,2021-01-01,1,0,0,0,0,0,desktop,Web,United States,Arizona,google,organic,0.0,1,1,session_only
6949486.3374084385,4974687585,2020-12-12,1,1,1,1,1,1,mobile,Web,United Kingdom,England,<Other>,<Other>,34.5,19,6,purchase
54274703.3727546115,3087484774,2021-01-01,1,0,0,0,0,0,mobile,Web,United States,Iowa,google,organic,0.0,1,1,session_only
9008539.0343190643,758329555,2020-11-26,1,0,0,0,0,0,desktop,Macintosh,India,Maharashtra,<Other>,<Other>,0.0,1,1,session_only
1424568535.1219208762,3845926482,2021-01-14,1,0,0,0,0,0,mobile,Android,United States,Pennsylvania,<Other>,organic,0.0,1,1,session_only
71522603.9216175927,7861880511,2020-12-30,1,1,1,0,0,0,mobile,Web,United Kingdom,England,google,organic,0.0,22,3,add_to_cart
6508378.3076839473,6504351535,2021-01-04,1,0,0,0,0,0,mobile,Web,United States,California,<Other>,referral,0.0,1,1,session_only
4961808.5193881345,2243860569,2020-12-05,1,1,1,1,1,1,desktop,<Other>,United States,Virginia,google,organic,53.2,24,6,purchase
78789503.6426689798,8255746193,2021-01-31,1,0,0,0,0,0,desktop,Windows,India,Odisha,<Other>,<Other>,0.0,1,1,session_only
19780863.5088105029,5918140680,2021-01-26,1,1,0,0,0,0,desktop,Windows,India,(not set),<Other>,<Other>,0.0,2,2,view_item
60629365.7085619522,7867347357,2020-11-21,1,0,0,0,0,0,desktop,Web,Egypt,(not set),<Other>,<Other>,0.0,1,1,session_only
8884397535.9362833421,5054913185,2020-11-23,1,0,0,0,0,0,desktop,Web,Malaysia,Selangor,shop.googlemerchandisestore.com,referral,0.0,1,1,session_only
58016839.0511711035,427780271,2020-12-20,1,0,0,0,0,0,mobile,Web,United States,Ohio,<Other>,referral,0.0,1,1,session_only
80696626.0656771922,1129847017,2020-11-23,1,0,0,0,0,0,mobile,Web,United States,New York,google,organic,0.0,1,1,session_only
81545449.9283949952,8950707179,2020-12-13,1,0,0,0,0,0,desktop,Macintosh,Philippines,Metro Manila,<Other>,<Other>,0.0,1,1,session_only
7262967.0260158636,512024974,2021-01-29,1,1,1,0,0,0,mobile,Web,Taiwan,Taipei City,(direct),(none),0.0,5,3,add_to_cart
66339656.2620064892,8980366230,2020-11-09,1,0,0,0,0,0,desktop,Web,South Korea,Gyeonggi-do,google,organic,0.0,1,1,session_only
80989984.1113911363,7172360325,2021-01-29,1,0,0,0,0,0,mobile,Android,United States,Pennsylvania,<Other>,referral,0.0,1,1,session_only
4112190.3106144603,6162803353,2020-11-28,1,1,0,0,0,0,desktop,Web,Japan,Tokyo,<Other>,<Other>,0.0,9,2,view_item
68579551.3270811758,6627699738,2020-11-02,1,0,0,0,0,0,mobile,iOS,Germany,Baden-Wurttemberg,<Other>,<Other>,0.0,1,1,session_only
4600147.6066907636,9237509252,2020-11-15,1,0,0,0,0,0,desktop,Web,India,Maharashtra,<Other>,<Other>,0.0,1,1,session_only
1482666.7794966923,6233641579,2020-12-27,1,0,0,0,0,0,mobile,iOS,Australia,Victoria,google,organic,0.0,1,1,session_only
6295459.5314511143,6359332680,2020-12-22,1,1,1,1,1,1,mobile,Android,Indonesia,(not set),<Other>,referral,67.6,37,6,purchase
51289008.6136001014,6489086507,2020-12-27,1,0,0,0,0,0,mobile,Web,Australia,New South Wales,google,organic,0.0,1,1,session_only
77333747.3758360399,9508421464,2021-01-29,1,0,0,0,0,0,desktop,<Other>,Poland,Masovian Voivodeship,google,organic,0.0,1,1,session_only
47717990.7038461317,9376332376,2021-01-23,1,0,0,0,0,0,mobile,Android,Brazil,(not set),google,organic,0.0,1,1,session_only
8455927.2009902810,3566412829,2021-01-30,1,0,0,0,0,0,desktop,Web,India,Karnataka,<Other>,referral,0.0,1,1,session_only
5765850.5948282569,1429719,2021-01-03,1,0,0,0,0,0,mobile,iOS,Canada,Quebec,(data deleted),(data deleted),0.0,1,1,session_only
46047097.1237564454,3133208274,2021-01-07,1,0,0,0,0,0,mobile,Web,United States,Ohio,google,organic,0.0,1,1,session_only
78472399.2796028443,5865460761,2021-01-10,1,0,0,0,0,0,desktop,Web,United States,Virginia,google,organic,0.0,1,1,session_only
2604708.7378744958,1101777554,2020-11-24,1,0,0,0,0,0,desktop,Web,United States,California,google,organic,0.0,1,1,session_only
1550859.5605002123,8151160638,2020-11-26,1,1,1,1,1,1,mobile,Android,Canada,Quebec,<Other>,referral,64.96,12,6,purchase
7319116.5868745545,1273679828,2020-12-20,1,1,0,0,0,0,desktop,Web,India,Bihar,(data deleted),(data deleted),0.0,5,2,view_item
23412424.1031242780,4879859606,2020-11-12,1,1,0,1,1,1,mobile,iOS,United States,Oklahoma,google,organic,0.0,24,6,purchase
5194251020.8104927932,1737153781,2020-12-05,1,1,1,1,0,0,desktop,Web,United States,Indiana,<Other>,<Other>,0.0,49,4,begin_checkout
74016002.6019650209,3152633152,2020-11-13,1,1,0,1,1,1,desktop,Web,United States,Washington,<Other>,<Other>,99.6,30,6,purchase
33534334.2982237665,6945549741,2020-11-23,1,1,0,1,1,1,desktop,Web,United States,Massachusetts,<Other>,referral,617.92,18,6,purchase
25424639.0841961982,14053098,2020-12-30,1,0,0,0,0,0,mobile,iOS,United Kingdom,England,<Other>,<Other>,0.0,1,1,session_only
44020392.2543819405,6676484277,2020-11-13,1,0,0,0,0,0,desktop,Web,Turkey,Istanbul,(direct),(none),0.0,1,1,session_only
79629936.3312453419,3909520585,2020-11-13,1,0,0,0,0,0,mobile,Web,United States,California,google,organic,0.0,1,1,session_only
8319955179.4978280190,5408261580,2021-01-11,1,1,0,0,0,0,tablet,Android,Chile,Santiago Metropolitan Region,(data deleted),(data deleted),0.0,4,2,view_item
1967071.8507920403,7975156645,2021-01-05,1,0,0,0,0,0,desktop,Web,Canada,Saskatchewan,<Other>,<Other>,0.0,1,1,session_only
2077797.0559187989,5794600839,2020-11-13,1,1,0,1,1,1,desktop,Macintosh,United States,California,<Other>,<Other>,55.2,15,6,purchase
1569139.9252292130,4987495528,2020-11-24,1,0,0,0,0,0,mobile,Web,United Kingdom,England,(direct),(none),0.0,1,1,session_only
38780724.1700380343,9975632558,2020-11-23,1,0,0,0,0,0,mobile,Web,United States,Louisiana,(data deleted),(data deleted),0.0,1,1,session_only
81436572.6886383629,599686088,2021-01-09,1,0,0,0,0,0,desktop,Web,United States,Georgia,<Other>,<Other>,0.0,1,1,session_only
73983280.3057507070,278069869,2020-11-18,1,0,0,0,0,0,mobile,iOS,United States,Louisiana,(data deleted),(data deleted),0.0,1,1,session_only
20248988.1438935025,7773767772,2020-11-22,1,1,0,1,0,0,mobile,Web,Russia,(not set),google,organic,0.0,4,4,begin_checkout
2955501852.7088908677,1988821699,2021-01-17,1,0,0,0,0,0,mobile,iOS,China,Beijing,(data deleted),(data deleted),0.0,1,1,session_only
1103003.5965563226,4039408633,2020-12-29,1,0,0,0,0,0,mobile,iOS,United States,California,google,organic,0.0,1,1,session_only
32894289.2946758093,5293806978,2021-01-19,1,1,0,0,0,0,desktop,Windows,China,(not set),shop.googlemerchandisestore.com,referral,0.0,3,2,view_item
3002677.6381376540,4777765801,2021-01-22,1,0,0,0,0,0,desktop,Web,United States,Washington,<Other>,<Other>,0.0,1,1,session_only
30503340.4049577283,5394879632,2020-11-12,1,0,0,0,0,0,desktop,Macintosh,India,Delhi,<Other>,<Other>,0.0,1,1,session_only
1272248.3527408128,1844478371,2021-01-03,1,1,0,0,0,0,desktop,Web,Canada,Ontario,(data deleted),(data deleted),0.0,5,2,view_item
20125014.7243839315,1370158963,2021-01-16,1,1,1,0,0,0,mobile,iOS,United States,Ohio,(direct),(none),0.0,7,3,add_to_cart
10510912.5506964822,8997027886,2020-11-19,1,1,0,0,0,0,desktop,Windows,United States,Connecticut,shop.googlemerchandisestore.com,referral,0.0,6,2,view_item
4827909.2246405524,74077204,2021-01-05,1,0,0,0,0,0,desktop,Windows,United States,Texas,<Other>,<Other>,0.0,1,1,session_only
62870669.0139658746,1056021342,2020-11-07,1,0,0,0,0,0,desktop,Web,Algeria,(not set),<Other>,referral,0.0,1,1,session_only
27697512.3564642112,8620415674,2020-12-13,1,0,0,0,0,0,desktop,Web,Chile,Santiago Metropolitan Region,google,organic,0.0,1,1,session_only
5567564.8609006983,3368057881,2020-12-30,1,0,0,0,0,0,desktop,Windows,United States,Virginia,google,organic,0.0,1,1,session_only
46140438.7577449329,8526950957,2021-01-12,1,0,0,0,0,0,desktop,Web,Belgium,Wallonia,(direct),(none),0.0,1,1,session_only
70492568.5550723462,8975982465,2021-01-19,1,0,0,0,0,0,mobile,Web,Spain,Andalusia,<Other>,<Other>,0.0,1,1,session_only
9185091.7667163003,6796852108,2020-11-08,1,0,0,0,0,0,desktop,Web,Canada,Alberta,(direct),(none),0.0,1,1,session_only
18673653.2899908182,6529760504,2021-01-19,1,1,0,0,0,0,mobile,Web,United States,Georgia,shop.googlemerchandisestore.com,referral,0.0,2,2,view_item
3510626.5076765863,2153689171,2020-11-16,1,1,0,0,0,0,mobile,Android,Indonesia,Banten,google,organic,0.0,4,2,view_item
1309280.0524894272,6900936381,2021-01-26,1,0,0,0,0,0,desktop,Macintosh,United States,Texas,google,organic,0.0,1,1,session_only
3741601.1852570141,5906994324,2020-12-22,1,0,0,0,0,0,mobile,Web,United States,Nevada,(data deleted),(data deleted),0.0,1,1,session_only
4278256.0708820589,7627635156,2021-01-11,1,0,0,0,0,0,mobile,Web,United States,Washington,google,organic,0.0,1,1,session_only
64944530.5075581664,6673755205,2021-01-08,1,0,0,0,0,0,mobile,Web,United States,(not set),<Other>,<Other>,0.0,1,1,session_only
90171520.6626975516,2140291052,2020-12-24,1,0,0,0,0,0,mobile,Web,Singapore,(not set),(direct),(none),0.0,1,1,session_only
9147977.6923493042,6463426966,2021-01-14,1,0,0,0,0,0,desktop,Web,United States,Rhode Island,google,organic,0.0,1,1,session_only
3465606865.8017186315,9031052621,2020-11-23,1,0,0,0,0,0,desktop,Web,United States,California,<Other>,<Other>,0.0,1,1,session_only
82626745.7161424218,5701183121,2020-11-28,1,1,0,1,1,1,mobile,Web,(not set),(not set),shop.googlemerchandisestore.com,referral,0.0,7,6,purchase
29984667.0363731894,5243269578,2020-11-07,1,1,0,1,1,1,desktop,Web,United States,California,google,organic,0.0,18,6,purchase
1639118916.1855267259,6601581594,2020-12-25,1,0,0,0,0,0,mobile,Web,Romania,(not set),<Other>,referral,0.0,1,1,session_only
15347297.6394646405,6624394143,2021-01-14,1,0,0,0,0,0,mobile,Android,United States,Virginia,google,organic,0.0,1,1,session_only
4802858.4652039018,8509588712,2020-11-27,1,0,0,0,0,0,desktop,Web,China,Guangdong Province,google,organic,0.0,1,1,session_only
24482552.4532545000,2015284837,2021-01-09,1,0,0,0,0,0,desktop,Web,United States,Michigan,google,cpc,0.0,1,1,session_only
4999996.3974619938,4924428208,2020-11-27,1,1,1,1,1,1,desktop,Windows,Singapore,(not set),google,organic,0.0,25,6,purchase
61281251.0380609797,9709441872,2020-12-05,1,1,0,0,0,0,mobile,Web,Germany,Berlin,(direct),(none),0.0,2,2,view_item
39498912.3849951917,4084673328,2020-12-19,1,0,0,0,0,0,desktop,Web,Canada,Ontario,(direct),(none),0.0,1,1,session_only
86515138.7571966209,5020210906,2021-01-18,1,0,0,0,0,0,desktop,Web,United States,Ohio,(direct),(none),0.0,1,1,session_only
2027579.6799519012,7732876716,2020-12-26,1,0,0,0,0,0,desktop,<Other>,India,Tamil Nadu,(data deleted),(data deleted),0.0,1,1,session_only
84227486.2404551576,5657363477,2020-12-13,1,0,0,0,0,0,desktop,Macintosh,United States,New Jersey,(direct),(none),0.0,1,1,session_only
3115252.6407431116,2812434195,2020-12-22,1,1,1,0,0,0,mobile,Android,United States,California,google,organic,0.0,4,3,add_to_cart
57143766.2391408920,6849170959,2020-12-25,1,0,0,0,0,0,mobile,Web,Spain,Catalonia,(direct),(none),0.0,1,1,session_only
69539879.8314077133,514677287,2021-01-12,1,0,0,0,0,0,desktop,Windows,United States,California,google,organic,0.0,1,1,session_only
23349372.4167436448,2220104284,2021-01-18,1,1,0,0,0,0,mobile,Web,India,Bihar,<Other>,<Other>,0.0,3,2,view_item
74277955.3597214351,4166116800,2021-01-30,1,0,0,0,0,0,mobile,iOS,United States,Virginia,(data deleted),(data deleted),0.0,1,1,session_only
3587110.4310578340,7906702698,2021-01-03,1,1,0,0,0,0,mobile,Web,Canada,Nova Scotia,<Other>,<Other>,0.0,2,2,view_item
6270498.6065284742,3311141955,2021-01-28,1,0,0,0,0,0,desktop,Web,China,Jiangsu,shop.googlemerchandisestore.com,referral,0.0,1,1,session_only
65530534.1830404663,3180101885,2020-12-12,1,0,0,0,0,0,desktop,Windows,Japan,Tokyo,<Other>,<Other>,0.0,1,1,session_only
62908922.0095308209,4508850343,2020-11-12,1,0,0,0,0,0,mobile,iOS,United States,Pennsylvania,google,organic,0.0,1,1,session_only
2912765.2807032809,9003646172,2020-11-18,1,1,0,1,1,1,desktop,Web,Italy,Emilia-Romagna,<Other>,<Other>,47.4,20,6,purchase
14255477.8403533654,9364421317,2020-11-13,1,0,0,0,0,0,desktop,Web,United States,California,google,cpc,0.0,1,1,session_only
36312070.7960130995,6713098090,2020-11-05,1,0,0,0,0,0,desktop,Web,United States,California,(data deleted),(data deleted),0.0,1,1,session_only
2333408.5403558380,1520754435,2021-01-04,1,0,0,0,0,0,desktop,Web,United States,Illinois,(direct),(none),0.0,1,1,session_only
4568886.1713827251,7632729152,2021-01-02,1,0,0,0,0,0,desktop,<Other>,Canada,Ontario,<Other>,organic,0.0,1,1,session_only
5075667.9690102660,4988474837,2020-11-03,1,0,0,0,0,0,desktop,Web,Switzerland,Zurich,(direct),(none),0.0,1,1,session_only
1236268.2863374901,2856081980,2020-11-24,1,1,0,1,1,1,desktop,Web,United States,Texas,google,organic,152.72,35,6,purchase
69435881.2175518672,6941240314,2020-11-03,1,0,0,0,0,0,desktop,<Other>,United States,Massachusetts,<Other>,<Other>,0.0,1,1,session_only
7296845.4997447007,7961433211,2021-01-02,1,1,1,1,1,1,mobile,Android,United States,Pennsylvania,google,organic,0.0,11,6,purchase
3674460.5085539497,6542832629,2020-12-27,1,0,0,0,0,0,mobile,Android,United States,California,(direct),(none),0.0,1,1,session_only
87969237.9714104371,3886801212,2020-11-03,1,0,0,0,0,0,desktop,Web,United States,Georgia,google,organic,0.0,1,1,session_only
8679033.6443293956,7871006806,2021-01-19,1,1,0,0,0,0,desktop,Windows,India,Uttar Pradesh,google,organic,0.0,2,2,view_item
5980065.8954620053,9538721027,2020-11-27,1,0,0,0,0,0,desktop,Web,United States,New York,shop.googlemerchandisestore.com,referral,0.0,1,1,session_only
78681897.1980234234,4492685254,2020-12-22,1,0,0,0,0,0,mobile,Android,Spain,Valencian Community,(direct),(none),0.0,1,1,session_only
90523908.6048793135,4675583778,2020-12-19,1,0,0,0,0,0,desktop,Web,United States,Nebraska,google,organic,0.0,1,1,session_only
73855842.4411541114,7633250282,2021-01-22,1,0,0,0,0,0,mobile,iOS,United States,California,<Other>,referral,0.0,1,1,session_only
66709486.4881402555,4901930471,2021-01-30,1,0,0,0,0,0,desktop,Web,United States,Georgia,<Other>,<Other>,0.0,1,1,session_only
7003939.4771746788,5171269794,2020-11-26,1,1,0,0,0,0,desktop,Web,United States,California,(direct),(none),0.0,2,2,view_item
5630671.4793120682,9497478928,2020-11-27,1,0,0,0,0,0,mobile,iOS,United States,Maryland,<Other>,<Other>,0.0,1,1,session_only
5891440.5786006362,4003022556,2020-11-14,1,0,0,0,0,0,desktop,Web,Brazil,State of Ceara,<Other>,referral,0.0,1,1,session_only
75936191.7140866231,5268141345,2020-11-21,1,0,0,0,0,0,mobile,Web,Canada,Ontario,google,organic,0.0,1,1,session_only
51308030.9294310150,776705232,2020-11-27,1,1,1,0,0,0,desktop,Web,United States,Florida,<Other>,referral,0.0,3,3,add_to_cart
8616205729.1576394851,9834280245,2021-01-17,1,0,0,0,0,0,desktop,Windows,United States,Michigan,<Other>,<Other>,0.0,1,1,session_only
18329199.9970869956,896339938,2020-11-26,1,0,0,0,0,0,desktop,Windows,United States,California,<Other>,<Other>,0.0,1,1,session_only
4145612.3386781314,8845306752,2020-11-07,1,1,0,0,0,0,desktop,Web,Jordan,Amman Governorate,<Other>,referral,0.0,2,2,view_item
1885720386.9723292304,4293618991,2020-11-01,1,0,0,0,0,0,desktop,Web,Turkey,Istanbul,google,organic,0.0,1,1,session_only
4706180943.6129292258,5563467784,2020-12-24,1,0,0,0,0,0,mobile,Web,United States,Oklahoma,<Other>,referral,0.0,1,1,session_only
8636009.7916446116,5999874502,2020-12-24,1,0,0,0,0,0,mobile,iOS,United States,California,(direct),(none),0.0,1,1,session_only
4521237.8682160795,3272971431,2020-11-16,1,0,0,0,0,0,mobile,Android,United States,Colorado,<Other>,organic,0.0,1,1,session_only
1416597.8425393027,7583800244,2020-11-23,1,0,0,0,0,0,desktop,Web,Vietnam,Hanoi,<Other>,referral,0.0,1,1,session_only
20029943.2206280194,1355309703,2021-01-18,1,0,0,0,0,0,desktop,Windows,United States,Missouri,google,organic,0.0,1,1,session_only
41907369.9691230575,5413913058,2020-11-19,1,0,0,0,0,0,mobile,Web,United States,California,(direct),(none),0.0,1,1,session_only
2702970.2483871942,5188566942,2021-01-21,1,0,0,0,0,0,mobile,Web,India,Uttar Pradesh,(direct),(none),0.0,1,1,session_only
86857400.6379055974,7235547609,2021-01-30,1,0,0,0,0,0,mobile,Android,United States,California,google,organic,0.0,1,1,session_only
18702797.6881475385,8508403120,2021-01-19,1,0,0,0,0,0,mobile,Web,United States,Arizona,shop.googlemerchandisestore.com,referral,0.0,1,1,session_only
73644340.8681715586,2666901388,2021-01-25,1,0,0,0,0,0,desktop,Windows,Singapore,(not set),google,organic,0.0,1,1,session_only
5599098.6033438993,5974767015,2021-01-31,1,0,0,0,0,0,mobile,iOS,France,Ile-de-France,<Other>,referral,0.0,1,1,session_only
2211648.3529739273,3363374982,2021-01-21,1,0,0,0,0,0,mobile,Web,United States,Missouri,<Other>,<Other>,0.0,1,1,session_only
51248671.8133898155,2337712791,2020-11-02,1,1,0,1,1,1,desktop,Windows,Canada,Ontario,(data deleted),(data deleted),997.5,11,6,purchase
2863589.6161304516,8008810642,2020-11-03,1,0,0,0,0,0,desktop,Web,United Kingdom,England,google,cpc,0.0,1,1,session_only
7156412.9764360630,1564181266,2021-01-24,1,0,0,0,0,0,mobile,Android,United States,New Jersey,(direct),(none),0.0,1,1,session_only
11309975.7139472332,7159421735,2020-12-24,1,0,0,0,0,0,desktop,Web,United States,New York,<Other>,referral,0.0,1,1,session_only
8925288.0329764706,5955664625,2020-11-01,1,1,0,0,0,0,mobile,Web,United States,New York,(direct),(none),0.0,2,2,view_item
8453946525.5026952593,7548623724,2020-11-23,1,0,0,0,0,0,mobile,Web,Spain,Madrid,<Other>,organic,0.0,1,1,session_only
78034885.2925955134,3358032450,2021-01-01,1,0,0,0,0,0,desktop,Web,United States,Michigan,shop.googlemerchandisestore.com,referral,0.0,1,1,session_only
33156802.7650370667,5300664468,2021-01-05,1,0,0,0,0,0,desktop,Web,United States,California,google,organic,0.0,1,1,session_only
76272083.6657157688,2052459447,2021-01-21,1,1,0,0,0,0,mobile,Web,Singapore,(not set),google,cpc,0.0,2,2,view_item
3089516050.9305646872,635050941,2020-11-16,1,0,0,0,0,0,mobile,Web,Vietnam,Ho Chi Minh City,google,organic,0.0,1,1,session_only
86515134.5080195086,5732279772,2021-01-29,1,1,0,0,0,0,desktop,Macintosh,United States,Connecticut,<Other>,referral,0.0,3,2,view_item
7652105.7220142356,4573367904,2020-11-19,1,0,0,0,0,0,mobile,Web,United States,Maryland,<Other>,referral,0.0,1,1,session_only
8948944.1847194934,5056742931,2020-11-09,1,0,0,0,0,0,mobile,Web,United States,Tennessee,google,organic,0.0,1,1,session_only
39115431.3064877849,7799457814,2021-01-12,1,0,0,0,0,0,desktop,Windows,Hong Kong,(not set),google,organic,0.0,1,1,session_only
5147319.6430411918,2737417649,2020-11-24,1,0,0,0,0,0,mobile,Android,United States,California,google,organic,0.0,1,1,session_only
1784101.2974909608,3818079838,2020-11-06,1,0,0,0,0,0,mobile,Web,United Arab Emirates,Dubai,(direct),(none),0.0,1,1,session_only
22035540.2951399292,2007430577,2020-11-28,1,1,1,1,1,0,desktop,Web,Norway,Viken,<Other>,<Other>,0.0,25,5,add_payment
75676719.0812801888,1170422163,2020-11-27,1,0,0,0,0,0,desktop,Web,United States,New York,(direct),(none),0.0,1,1,session_only
1282359.3488586245,8383510415,2020-12-30,1,0,0,0,0,0,desktop,Macintosh,United States,Massachusetts,google,organic,0.0,1,1,session_only
18999567.7932809446,4820689271,2021-01-25,1,1,1,1,1,1,desktop,Web,United States,Illinois,<Other>,<Other>,0.0,19,6,purchase
3612599.2998313762,3604378871,2020-12-30,1,0,0,0,0,0,mobile,Web,India,Tamil Nadu,(direct),(none),0.0,1,1,session_only
4268195769.9064921399,5095388177,2021-01-07,1,0,0,0,0,0,desktop,Web,United States,Indiana,(direct),(none),0.0,1,1,session_only
27975584.7478430220,3799282314,2020-12-30,1,0,0,0,0,0,desktop,Web,Puerto Rico,(not set),(direct),(none),0.0,1,1,session_only
76024153.0146683647,6195314657,2020-12-26,1,0,0,0,0,0,desktop,Windows,United States,New Jersey,google,organic,0.0,1,1,session_only
88579551.6538676621,7218209629,2020-11-24,1,0,0,0,0,0,mobile,Web,Indonesia,Jakarta,<Other>,referral,0.0,1,1,session_only
8415714.2383458977,4269839798,2021-01-14,1,0,0,0,0,0,desktop,Web,United States,Ohio,shop.googlemerchandisestore.com,referral,0.0,1,1,session_only
5312017876.7929257536,5945861180,2020-11-07,1,1,0,0,0,0,desktop,Windows,United States,Idaho,google,cpc,0.0,4,2,view_item
6842234.5157068746,8455198380,2020-11-21,1,0,0,0,0,0,mobile,Web,Netherlands,Utrecht,(direct),(none),0.0,1,1,session_only
4809821.9637734962,9132642035,2021-01-12,1,0,0,0,0,0,desktop,Web,South Korea,Ulsan,(direct),(none),0.0,1,1,session_only
6071753.8003159544,8566550587,2020-12-20,1,0,0,0,0,0,mobile,iOS,Canada,Quebec,<Other>,<Other>,0.0,1,1,session_only
6669539.5013586069,4327825825,2020-11-13,1,0,0,0,0,0,tablet,Android,India,Punjab,google,organic,0.0,1,1,session_only
53311820.2795082545,9117769505,2020-11-05,1,0,0,0,0,0,desktop,Web,United States,Pennsylvania,google,organic,0.0,1,1,session_only
27467997.3755431733,5663519496,2020-12-12,1,0,0,0,0,0,desktop,Web,Indonesia,Jakarta,(direct),(none),0.0,1,1,session_only
5941944.8454589631,9591892568,2020-11-19,1,0,0,0,0,0,mobile,Android,United States,Utah,(direct),(none),0.0,1,1,session_only
27024518.9642011703,7258564236,2021-01-28,1,0,0,0,0,0,desktop,Macintosh,Indonesia,Special Region of Yogyakarta,google,organic,0.0,1,1,session_only
48967514.3354128431,3544557937,2020-12-12,1,0,0,0,0,0,desktop,Web,United States,Florida,google,organic,0.0,1,1,session_only
62008814.2684710591,7070370306,2021-01-05,1,0,0,0,0,0,mobile,Web,Canada,Quebec,google,organic,0.0,1,1,session_only
1043074.6928752722,7920230528,2020-12-30,1,0,0,0,0,0,desktop,<Other>,Poland,Lesser Poland Voivodeship,google,organic,0.0,1,1,session_only
6718223.6519360569,2364162893,2021-01-12,1,0,0,0,0,0,mobile,Web,United States,California,shop.googlemerchandisestore.com,referral,0.0,1,1,session_only
6834945.5510688497,1026408493,2020-11-21,1,0,0,0,0,0,mobile,Web,South Korea,Seoul,(direct),(none),0.0,1,1,session_only
2280626.1525880552,2879820433,2021-01-21,1,1,0,0,0,0,desktop,Windows,United States,New Jersey,google,organic,0.0,2,2,view_item
79874331.8817524796,914157442,2020-12-24,1,0,0,0,0,0,desktop,Web,Singapore,(not set),shop.googlemerchandisestore.com,referral,0.0,1,1,session_only
87431455.4720611025,244273049,2021-01-03,1,1,1,0,0,0,desktop,Web,Poland,(not set),google,organic,0.0,4,3,add_to_cart
5285790.9101056061,7142399672,2020-12-31,1,0,0,0,0,0,mobile,Web,United States,Massachusetts,shop.googlemerchandisestore.com,referral,0.0,1,1,session_only
7541160.3153517499,4892441971,2020-12-20,1,0,0,0,0,0,desktop,Web,Australia,Queensland,<Other>,<Other>,0.0,1,1,session_only
3402018.0291081671,4347697486,2020-11-19,1,1,0,1,1,1,mobile,iOS,Vietnam,Ho Chi Minh City,google,organic,239.36,34,6,purchase
7940945.2925551216,5441454705,2020-11-14,1,1,0,1,1,1,mobile,Android,United States,Michigan,shop.googlemerchandisestore.com,referral,71.2,19,6,purchase
56503964.5207305121,6712879536,2020-12-31,1,0,0,0,0,0,mobile,Web,Canada,Ontario,google,organic,0.0,1,1,session_only
7186879.8446139395,1127059,2020-11-06,1,0,0,0,0,0,desktop,Web,India,Delhi,<Other>,referral,0.0,1,1,session_only
5599090.6854881925,9508435670,2020-12-31,1,0,0,0,0,0,desktop,Web,United States,Massachusetts,(direct),(none),0.0,1,1,session_only
32421203.4314856654,5215080060,2021-01-05,1,0,0,0,0,0,desktop,Windows,Romania,(not set),<Other>,referral,0.0,1,1,session_only
15891977.5436667654,2027390707,2021-01-19,1,0,0,0,0,0,mobile,iOS,United States,Washington,google,organic,0.0,1,1,session_only
4407206.6520013523,2952067523,2020-11-23,1,1,0,0,0,0,desktop,Web,United States,California,<Other>,organic,0.0,3,2,view_item
8498641.9182250266,9371770395,2020-12-27,1,0,0,0,0,0,desktop,Web,United States,Iowa,<Other>,referral,0.0,1,1,session_only
8216582.0837447102,5666140222,2020-11-28,1,0,0,0,0,0,desktop,Windows,India,Tamil Nadu,(direct),(none),0.0,1,1,session_only
5027137.8356570660,8665395427,2020-11-28,1,1,1,1,1,1,desktop,Web,United States,New York,google,organic,108.7,76,6,purchase
68288118.7181819279,205971086,2020-11-02,1,0,0,0,0,0,mobile,Web,United States,Iowa,(data deleted),(data deleted),0.0,1,1,session_only
17967520.3160405169,5035378769,2021-01-11,1,0,0,0,0,0,mobile,Web,United States,California,google,organic,0.0,1,1,session_only
61983671.1612027896,9750102287,2021-01-14,1,0,0,0,0,0,mobile,Web,France,Bourgogne-Franche-Comte,(direct),(none),0.0,1,1,session_only
4889028.3227299855,5838522320,2020-12-20,1,1,1,0,0,0,desktop,Macintosh,United States,Louisiana,shop.googlemerchandisestore.com,referral,0.0,4,3,add_to_cart
31686366.0717491555,9246943158,2020-12-19,1,0,0,0,0,0,mobile,Web,United States,Missouri,google,organic,0.0,1,1,session_only
6529232247.1402646425,2686554549,2020-11-16,1,0,0,0,0,0,desktop,Web,India,Karnataka,google,organic,0.0,1,1,session_only
77642217.7661507448,4050317462,2020-11-06,1,0,0,0,0,0,desktop,Macintosh,United States,Indiana,(data deleted),(data deleted),0.0,1,1,session_only
88001651.8498091391,5785462437,2021-01-28,1,0,0,0,0,0,desktop,Web,Canada,Alberta,google,cpc,0.0,1,1,session_only
55954008.2166178803,21967353,2020-12-13,1,0,0,0,0,0,desktop,Macintosh,Brazil,State of Sao Paulo,google,organic,0.0,1,1,session_only
11180297.4411125582,9894126831,2020-11-08,1,0,0,0,0,0,mobile,Web,Japan,Tokyo,google,organic,0.0,1,1,session_only
45573759.8388863125,7509583116,2020-11-19,1,0,0,0,0,0,mobile,Web,United States,Oregon,google,organic,0.0,1,1,session_only
85465611.9633983497,2702239936,2020-12-22,1,0,0,0,0,0,desktop,Windows,Taiwan,New Taipei City,google,organic,0.0,1,1,session_only
14652377.8504215421,2829813852,2021-01-21,1,1,0,0,0,0,desktop,Web,Japan,Tokyo,<Other>,<Other>,0.0,5,2,view_item
46455366.7926384346,4192982924,2021-01-21,1,0,0,0,0,0,desktop,Macintosh,United States,Ohio,(direct),(none),0.0,1,1,session_only
4599027.1271696315,347383740,2020-12-13,1,0,0,0,0,0,desktop,Windows,Saudi Arabia,Riyadh Province,google,organic,0.0,1,1,session_only
1436198.5426659897,747908484,2020-11-27,1,0,0,0,0,0,desktop,Web,Canada,Ontario,google,organic,0.0,1,1,session_only
4490083.5310689217,6890483204,2020-11-14,1,1,0,1,0,0,mobile,Android,United States,Illinois,google,organic,0.0,61,4,begin_checkout
68052836.7476156003,2651881438,2020-11-19,1,0,0,0,0,0,desktop,Web,United States,Ohio,(direct),(none),0.0,1,1,session_only
26810907.4411007842,9296929105,2021-01-30,1,0,0,0,0,0,mobile,iOS,India,Telangana,google,organic,0.0,1,1,session_only
61368883.1267769125,2452798563,2021-01-31,1,0,0,0,0,0,mobile,Web,United States,Pennsylvania,(direct),(none),0.0,1,1,session_only
3980652.4530069190,1865999659,2020-11-12,1,1,0,1,1,1,desktop,Macintosh,United States,California,(direct),(none),56.2,33,6,purchase
2515516062.2539840036,1406744456,2021-01-19,1,1,1,1,1,1,mobile,Web,Taiwan,Taipei City,(direct),(none),0.0,14,6,purchase
58387660.8407855679,1351837196,2021-01-21,1,0,0,0,0,0,desktop,Web,India,Maharashtra,(direct),(none),0.0,1,1,session_only
72172997.9207348459,8458558243,2020-11-05,1,0,0,0,0,0,mobile,Android,Romania,(not set),google,organic,0.0,1,1,session_only
52683456.7529465934,4672140619,2021-01-25,1,0,0,0,0,0,desktop,Web,United Kingdom,Wales,<Other>,<Other>,0.0,1,1,session_only
8794265.7910758398,5343946209,2021-01-24,1,0,0,0,0,0,mobile,Web,France,Ile-de-France,<Other>,<Other>,0.0,1,1,session_only
79679034.2481527380,1232876222,2021-01-22,1,1,0,0,0,0,desktop,Windows,United States,Pennsylvania,(direct),(none),0.0,2,2,view_item
85370897.5848153266,9297265524,2020-11-07,1,0,0,0,0,0,mobile,Web,United States,Pennsylvania,<Other>,referral,0.0,1,1,session_only
1858916.0393953326,2171981117,2021-01-24,1,0,0,0,0,0,desktop,Web,United States,New York,google,organic,0.0,1,1,session_only
9397545.7933031135,2611219788,2020-11-21,1,1,0,1,1,1,mobile,Web,Macao,(not set),(direct),(none),98.6,12,6,purchase
61572444.7280565127,9123594328,2020-11-05,1,0,0,0,0,0,desktop,Web,United Kingdom,England,(direct),(none),0.0,1,1,session_only
20048750.7861730559,5641571098,2021-01-19,1,0,0,0,0,0,mobile,Android,United States,New York,<Other>,referral,0.0,1,1,session_only
8964798.6021442098,7627417764,2020-12-19,1,0,0,0,0,0,mobile,iOS,Singapore,(not set),<Other>,referral,0.0,1,1,session_only
48581978.4325487878,6580876323,2021-01-16,1,0,0,0,0,0,desktop,Macintosh,United States,California,<Other>,<Other>,0.0,1,1,session_only
7390505.4531704163,4267136282,2020-11-28,1,0,0,0,0,0,desktop,Web,United States,California,google,organic,0.0,1,1,session_only
3215038.6335130453,6552636058,2021-01-13,1,0,0,0,0,0,desktop,Macintosh,Australia,New South Wales,(direct),(none),0.0,1,1,session_only
85669302.8639846222,7814788567,2020-12-24,1,0,0,0,0,0,mobile,Web,Finland,Uusimaa,google,organic,0.0,1,1,session_only
7687394.8608023492,7405273482,2021-01-11,1,1,0,1,1,1,desktop,Macintosh,United States,Michigan,google,cpc,0.0,9,6,purchase
5445211829.1883144199,7232930169,2021-01-08,1,0,0,0,0,0,desktop,Windows,Indonesia,Central Java,<Other>,referral,0.0,1,1,session_only
90495242.6278951137,3297590260,2021-01-23,1,0,0,0,0,0,desktop,Web,United States,Virginia,<Other>,referral,0.0,1,1,session_only
7092425695.5598930451,4209725969,2020-12-30,1,0,0,0,0,0,mobile,Web,United States,New York,google,organic,0.0,1,1,session_only
5242740.3027110338,3766651983,2020-11-13,1,1,0,1,1,1,desktop,Web,United States,New York,(data deleted),(data deleted),34.84,18,6,purchase
12945683.7746722852,2153691305,2020-11-26,1,0,0,0,0,0,desktop,Web,Kosovo,(not set),(direct),(none),0.0,1,1,session_only
41226508.6623059371,5832955374,2021-01-12,1,0,0,0,0,0,mobile,iOS,United States,New Jersey,(direct),(none),0.0,1,1,session_only
7505676.6785153010,6655894870,2020-11-21,1,1,0,0,0,0,mobile,Web,Azerbaijan,(not set),shop.googlemerchandisestore.com,referral,0.0,2,2,view_item
2589783.3313295433,2183287603,2020-12-12,1,0,0,0,0,0,mobile,Web,United States,California,(direct),(none),0.0,1,1,session_only
8946113.0735514506,3474106378,2020-12-19,1,0,0,0,0,0,mobile,Web,Colombia,Bogota,<Other>,<Other>,0.0,1,1,session_only
13409636.4407390389,3321063340,2020-11-28,1,1,0,0,0,0,desktop,Windows,United States,California,google,organic,0.0,2,2,view_item
74837683.2306382869,3047247912,2021-01-28,1,0,0,0,0,0,mobile,Web,United States,Florida,<Other>,<Other>,0.0,1,1,session_only
26471664.9305245082,4978904234,2021-01-19,1,1,0,0,0,0,mobile,Web,United States,Kentucky,<Other>,<Other>,0.0,3,2,view_item
58673636.8448563367,2582526091,2021-01-12,1,0,0,0,0,0,desktop,Web,Poland,West Pomeranian Voivodeship,<Other>,<Other>,0.0,1,1,session_only
50947121.0806654827,3372470095,2021-01-13,1,0,0,0,0,0,mobile,Web,India,Maharashtra,google,organic,0.0,1,1,session_only
2852712.1386501269,8094307897,2021-01-14,1,0,0,0,0,0,desktop,Web,Netherlands,Gelderland,shop.googlemerchandisestore.com,referral,0.0,1,1,session_only
44438805.3654867398,8154196912,2021-01-07,1,0,0,0,0,0,desktop,Web,United States,Illinois,(direct),(none),0.0,1,1,session_only
1700149.7886974810,9351333471,2020-11-15,1,0,0,0,0,0,desktop,Macintosh,United States,Iowa,google,organic,0.0,1,1,session_only
2304456.9895436830,669989431,2020-11-28,1,0,0,0,0,0,mobile,iOS,United States,Minnesota,(direct),(none),0.0,1,1,session_only
78784680.1008701419,7219677107,2020-11-07,1,0,0,0,0,0,desktop,Web,Belgium,Flanders,(direct),(none),0.0,1,1,session_only
44186608.0924722076,2958117739,2020-11-02,1,0,0,0,0,0,desktop,Web,Germany,Hessen,shop.googlemerchandisestore.com,referral,0.0,1,1,session_only
2467393.7377682212,1924080743,2021-01-04,1,0,0,0,0,0,desktop,Web,South Africa,Gauteng,(direct),(none),0.0,1,1,session_only
1621001.3588687879,6507565274,2020-11-23,1,0,0,0,0,0,desktop,Windows,Lithuania,(not set),google,organic,0.0,1,1,session_only
6073325.8180051644,5490025872,2021-01-02,1,0,0,0,0,0,desktop,Macintosh,United States,Pennsylvania,google,organic,0.0,1,1,session_only
59728514.6794390622,3568460133,2021-01-25,1,1,1,1,1,1,desktop,Web,United States,Virginia,(direct),(none),0.0,38,6,purchase
53041904.3407442665,6244879160,2020-11-18,1,1,0,0,0,0,desktop,Web,Canada,Ontario,google,organic,0.0,2,2,view_item
3753718.6689753633,4634743016,2020-11-19,1,1,0,0,0,0,desktop,Windows,United States,Texas,<Other>,<Other>,0.0,3,2,view_item
91197418.7556628408,8134157623,2021-01-14,1,0,0,0,0,0,mobile,Web,Switzerland,Zurich,<Other>,<Other>,0.0,1,1,session_only
1513222.1542392261,7721202189,2020-12-20,1,1,1,1,1,1,desktop,Web,Kuwait,Hawalli Governorate,<Other>,<Other>,81.6,43,6,purchase
27514591.2087727173,8593682710,2020-11-14,1,1,0,0,0,0,mobile,Android,United States,Missouri,(direct),(none),0.0,2,2,view_item
75306267.1247974849,4948594307,2020-12-27,1,1,1,0,0,0,desktop,Web,China,Zhejiang,google,organic,0.0,9,3,add_to_cart
29500284.8388342845,4138351871,2020-12-12,1,0,0,0,0,0,mobile,Web,Australia,Victoria,google,organic,0.0,1,1,session_only
34737658.5124566314,6813997323,2020-11-19,1,0,0,0,0,0,mobile,Web,China,Guangdong Province,(direct),(none),0.0,1,1,session_only
48295598.4759829459,531733789,2021-01-30,1,0,0,0,0,0,mobile,Web,United States,New Jersey,google,organic,0.0,1,1,session_only
1476543.3841079300,3699517681,2020-12-31,1,0,0,0,0,0,desktop,Web,United States,California,shop.googlemerchandisestore.com,referral,0.0,1,1,session_only
52870366.2892872885,4115309732,2021-01-04,1,0,0,0,0,0,desktop,Windows,United States,California,(direct),(none),0.0,1,1,session_only
7184436.5495765285,780367619,2020-11-21,1,0,0,0,0,0,mobile,iOS,United Arab Emirates,Dubai,(direct),(none),0.0,1,1,session_only
59990417.4892180619,2258571541,2021-01-25,1,1,0,0,0,0,desktop,Web,United States,Texas,<Other>,<Other>,0.0,2,2,view_item
11993578.7034151482,960811731,2021-01-14,1,0,0,0,0,0,mobile,Web,Germany,(not set),google,organic,0.0,1,1,session_only
2913935.7400855086,2631883446,2021-01-18,1,0,0,0,0,0,desktop,Web,United States,Texas,google,organic,0.0,1,1,session_only
6345292.6370235123,8163307626,2020-11-06,1,1,0,0,0,0,desktop,Web,United States,Georgia,google,cpc,0.0,9,2,view_item
66519306.9448509611,5417055509,2021-01-25,1,1,0,0,0,0,mobile,Web,United States,Pennsylvania,<Other>,<Other>,0.0,3,2,view_item
1381628.9397698407,8668444300,2021-01-21,1,1,0,0,0,0,mobile,iOS,Canada,Ontario,google,organic,0.0,2,2,view_item
1743217644.1750141788,2763258478,2021-01-08,1,0,0,0,0,0,desktop,Macintosh,Spain,Andalusia,shop.googlemerchandisestore.com,referral,0.0,1,1,session_only
4785879.7452584943,2515216095,2020-11-26,1,1,1,0,0,0,desktop,Macintosh,United States,Texas,(direct),(none),0.0,7,3,add_to_cart
5236628.0775985151,3597527758,2021-01-10,1,0,0,0,0,0,mobile,iOS,Mexico,Mexico City,(data deleted),(data deleted),0.0,1,1,session_only
88030021.4948310106,8563980952,2020-12-26,1,0,0,0,0,0,desktop,Windows,Switzerland,Canton of Bern,<Other>,organic,0.0,1,1,session_only
12738101.1217663187,3268433423,2020-11-23,1,0,0,0,0,0,mobile,Web,Canada,Nova Scotia,google,organic,0.0,1,1,session_only
36262615.4677124061,2419931265,2020-12-13,1,1,0,1,1,1,mobile,Android,United States,California,google,organic,0.0,7,6,purchase
22527816.1497142302,145817398,2021-01-30,1,0,0,0,0,0,desktop,Web,United States,New York,(direct),(none),0.0,1,1,session_only
4299817.9474232817,5238680810,2021-01-24,1,0,0,0,0,0,mobile,iOS,United States,Nebraska,google,organic,0.0,1,1,session_only
6718317.4707984995,2336063790,2021-01-10,1,0,0,0,0,0,mobile,Android,Canada,Ontario,<Other>,<Other>,0.0,1,1,session_only
4025763.6255909690,4727233355,2020-11-13,1,0,0,0,0,0,mobile,Web,Canada,Quebec,(data deleted),(data deleted),0.0,1,1,session_only
12920487.3162631883,1985957428,2020-11-24,1,0,0,0,0,0,mobile,iOS,United States,Texas,(data deleted),(data deleted),0.0,1,1,session_only
6222372.0872674763,8566074340,2021-01-05,1,0,0,0,0,0,mobile,Web,United States,Tennessee,(direct),(none),0.0,1,1,session_only
10259371.2998329945,289770429,2021-01-26,1,0,0,0,0,0,mobile,Web,Canada,Quebec,(direct),(none),0.0,1,1,session_only
20829453.2415240894,7382856457,2020-11-05,1,0,0,0,0,0,desktop,Windows,Israel,Tel Aviv District,(direct),(none),0.0,1,1,session_only
5707727.8343681091,729010803,2021-01-28,1,0,0,0,0,0,mobile,Web,United States,New Jersey,(direct),(none),0.0,1,1,session_only
75145260.4955747272,7489873884,2021-01-02,1,0,0,0,0,0,mobile,Web,Spain,Andalusia,google,organic,0.0,1,1,session_only
84560285.8703169264,8082977692,2021-01-31,1,0,0,0,0,0,desktop,Macintosh,United States,Missouri,(direct),(none),0.0,1,1,session_only
3795267.4625818602,3289066451,2021-01-24,1,0,0,0,0,0,mobile,iOS,United States,New York,<Other>,<Other>,0.0,1,1,session_only
60389702.2086129909,3747698818,2020-12-26,1,1,0,1,1,1,mobile,Android,India,Haryana,google,organic,0.0,10,6,purchase
52704489.7232760167,7700581200,2020-11-09,1,0,0,0,0,0,desktop,Web,India,Andhra Pradesh,(direct),(none),0.0,1,1,session_only
79376839.5297699915,5060952419,2020-12-30,1,0,0,0,0,0,desktop,Web,United States,Iowa,<Other>,<Other>,0.0,1,1,session_only
80256666.1651473151,7411266115,2020-11-06,1,0,0,0,0,0,desktop,<Other>,Canada,Ontario,google,cpc,0.0,1,1,session_only
41555176.9351267641,3311561830,2021-01-28,1,0,0,0,0,0,mobile,Web,France,Centre-Val de Loire,google,organic,0.0,1,1,session_only
65444107.8891276284,6917909904,2021-01-03,1,1,0,0,0,0,mobile,Web,Peru,(not set),(direct),(none),0.0,15,2,view_item
62864374.6064517327,578301888,2020-12-30,1,0,0,0,0,0,mobile,Android,Pakistan,Sindh,(direct),(none),0.0,1,1,session_only
69457278.4181982226,6760838987,2020-12-25,1,0,0,0,0,0,desktop,Web,India,Delhi,shop.googlemerchandisestore.com,referral,0.0,1,1,session_only
26581017.7572015686,9017894559,2020-12-12,1,0,0,0,0,0,desktop,Web,India,Gujarat,(direct),(none),0.0,1,1,session_only
2045054.4328801754,888740294,2021-01-13,1,0,0,0,0,0,desktop,Web,India,Bihar,google,organic,0.0,1,1,session_only
7974805.9761519900,1149442262,2020-12-26,1,0,0,0,0,0,desktop,Web,United States,Pennsylvania,shop.googlemerchandisestore.com,referral,0.0,1,1,session_only
8911179.5429432018,5686239142,2021-01-16,1,1,0,0,0,0,desktop,Windows,France,Centre-Val de Loire,google,organic,0.0,3,2,view_item
59537232.5421934604,3250093322,2021-01-16,1,0,0,0,0,0,desktop,Web,United States,California,(direct),(none),0.0,1,1,session_only
74975545.6385370698,7455174428,2020-12-24,1,0,0,0,0,0,mobile,iOS,Canada,Quebec,(direct),(none),0.0,1,1,session_only
7666466.4550611107,1470861928,2021-01-23,1,0,0,0,0,0,desktop,Web,India,West Bengal,<Other>,<Other>,0.0,1,1,session_only
81314554.1106436468,2359339335,2021-01-22,1,0,0,0,0,0,mobile,iOS,Canada,Ontario,shop.googlemerchandisestore.com,referral,0.0,1,1,session_only
90415374.8805730278,5805806487,2021-01-08,1,0,0,0,0,0,desktop,Web,United States,New Jersey,<Other>,referral,0.0,1,1,session_only
2981438.3537247836,7737475010,2020-11-29,1,0,0,0,0,0,desktop,<Other>,Japan,Saitama,google,organic,0.0,1,1,session_only
5521714.0838572365,4142006788,2020-11-18,1,1,0,0,0,0,desktop,Web,United States,North Carolina,google,organic,0.0,2,2,view_item
73413386.7294238142,4606729864,2020-11-24,1,0,0,0,0,0,desktop,Macintosh,United States,Pennsylvania,<Other>,<Other>,0.0,1,1,session_only
5609808.6847850029,5488793020,2021-01-14,1,0,0,0,0,0,desktop,Web,China,(not set),<Other>,<Other>,0.0,1,1,session_only
3140116108.9991782378,6986608870,2021-01-16,1,1,0,0,0,0,desktop,Windows,United States,California,google,organic,0.0,8,2,view_item
99708438.6736092003,748922871,2020-12-31,1,0,0,0,0,0,desktop,Web,United States,Mississippi,google,organic,0.0,1,1,session_only
5925851.9554360524,244353403,2020-11-29,1,1,1,1,1,1,mobile,Android,Brazil,State of Espirito Santo,(direct),(none),70.4,14,6,purchase
16144971.6490588498,8564675088,2020-12-19,1,1,1,1,0,0,mobile,Android,United States,Virginia,shop.googlemerchandisestore.com,referral,0.0,39,4,begin_checkout
5224209211.7595654246,1028355372,2021-01-17,1,1,0,0,0,0,desktop,Web,United States,New York,google,organic,0.0,2,2,view_item
7314076.9378254529,771489379,2021-01-05,1,0,0,0,0,0,desktop,Web,Israel,Tel Aviv District,<Other>,<Other>,0.0,1,1,session_only
46526990.7098248090,1821041792,2020-12-20,1,1,0,0,0,0,mobile,iOS,United States,Massachusetts,<Other>,<Other>,0.0,3,2,view_item
56164609.5792374931,9033914255,2020-12-26,1,0,0,0,0,0,desktop,Web,United States,Virginia,google,cpc,0.0,1,1,session_only
1088250.4437909035,3501263583,2021-01-14,1,0,0,0,0,0,mobile,iOS,United States,Michigan,<Other>,<Other>,0.0,1,1,session_only
41962934.5024891140,6320587458,2020-11-24,1,0,0,0,0,0,desktop,Web,United States,Arizona,(direct),(none),0.0,1,1,session_only
73652999.4547905050,5235982893,2021-01-03,1,0,0,0,0,0,desktop,Windows,United States,Massachusetts,<Other>,referral,0.0,1,1,session_only
49828546.6752695630,2718455089,2020-11-15,1,1,0,0,0,0,desktop,Web,Kenya,Nairobi County,(direct),(none),0.0,8,2,view_item
90945046.7404900107,5885009362,2021-01-04,1,0,0,0,0,0,desktop,Web,Spain,Catalonia,(data deleted),(data deleted),0.0,1,1,session_only
48063344.8125378264,9036667604,2021-01-24,1,0,0,0,0,0,mobile,Web,Hong Kong,(not set),google,organic,0.0,1,1,session_only
2661711.4982330952,1682414881,2020-11-18,1,0,0,0,0,0,mobile,Android,Taiwan,Taipei City,<Other>,referral,0.0,1,1,session_only
51714959.0035672229,6142155594,2020-11-01,1,0,0,1,0,0,desktop,Web,South Korea,Seoul,shop.googlemerchandisestore.com,referral,0.0,3,4,begin_checkout
86968231.8342313080,6837116167,2021-01-17,1,0,0,0,0,0,desktop,Web,Canada,Alberta,(direct),(none),0.0,1,1,session_only
7618344.0028897426,1462905031,2020-11-06,1,0,0,0,0,0,desktop,Windows,Canada,Ontario,google,cpc,0.0,1,1,session_only
40996256.8031915036,9140020165,2020-12-22,1,0,0,0,0,0,mobile,iOS,Russia,Saint Petersburg,shop.googlemerchandisestore.com,referral,0.0,1,1,session_only
40253219.9494887647,2238491388,2020-12-31,1,0,0,0,0,0,mobile,Web,United States,California,<Other>,<Other>,0.0,1,1,session_only
4974258.6096286367,2228006889,2021-01-31,1,1,0,0,0,0,desktop,Macintosh,United States,Washington,google,organic,0.0,2,2,view_item
77033483.1902397651,8258674902,2020-11-06,1,0,0,0,0,0,desktop,Macintosh,United States,California,<Other>,<Other>,0.0,1,1,session_only
39541047.6243359215,3325273056,2020-11-28,1,0,0,0,0,0,desktop,Windows,China,Beijing,(direct),(none),0.0,1,1,session_only
8930050.5406145719,9247602818,2020-12-20,1,0,0,0,0,0,desktop,Web,United States,New York,shop.googlemerchandisestore.com,referral,0.0,1,1,session_only
8506102.7329658793,5932787496,2020-11-06,1,0,0,0,0,0,mobile,Web,United States,Texas,<Other>,organic,0.0,1,1,session_only
1327219.5575890401,2050530049,2021-01-24,1,1,0,0,0,0,desktop,Web,United States,Virginia,google,organic,0.0,2,2,view_item
78095280.6071472485,637367876,2021-01-18,1,0,0,0,0,0,mobile,Web,Germany,North Rhine-Westphalia,<Other>,<Other>,0.0,1,1,session_only
5516399.8690265209,4403042171,2020-12-19,1,0,0,0,0,0,mobile,iOS,United States,Michigan,(direct),(none),0.0,1,1,session_only
8858789.3913925607,4391347050,2021-01-14,1,0,0,0,0,0,desktop,Web,Canada,Alberta,<Other>,referral,0.0,1,1,session_only
6849243.7179782992,4384649135,2020-11-23,1,0,0,0,0,0,desktop,Windows,Canada,Manitoba,(direct),(none),0.0,1,1,session_only
50699722.5123979726,5596003720,2020-11-03,1,0,0,0,0,0,desktop,Web,Canada,Ontario,google,cpc,0.0,1,1,session_only
4608018.7197314676,3153518227,2021-01-10,1,0,0,0,0,0,mobile,Web,Singapore,(not set),shop.googlemerchandisestore.com,referral,0.0,1,1,session_only
3997007.0478849499,788234091,2020-11-18,1,0,0,0,0,0,mobile,Web,Palestine,(not set),(direct),(none),0.0,1,1,session_only
69403561.1477589713,8806336810,2020-12-12,1,0,0,0,0,0,mobile,Web,Italy,Abruzzo,(direct),(none),0.0,1,1,session_only
7647937.8166787501,7321749925,2020-11-27,1,0,0,0,0,0,mobile,Web,Spain,Canary Islands,(data deleted),(data deleted),0.0,1,1,session_only
87937522.4373291720,5069033895,2021-01-18,1,0,0,0,0,0,desktop,Windows,Canada,Ontario,(data deleted),(data deleted),0.0,1,1,session_only
1415699.2356865981,6025902465,2020-12-13,1,1,1,1,1,1,mobile,iOS,Japan,Chiba,(direct),(none),58.8,34,6,purchase
2159084.8836921851,1406301632,2020-11-02,1,0,0,0,0,0,desktop,Web,United States,Ohio,google,organic,0.0,1,1,session_only
7506265.4265757290,4211338396,2020-12-26,1,0,0,0,0,0,mobile,Web,United Kingdom,England,google,organic,0.0,1,1,session_only
29653391.3193466206,4182199585,2021-01-21,1,0,0,0,0,0,mobile,Android,Russia,Moscow,<Other>,<Other>,0.0,1,1,session_only
7387080.6706311063,7120331142,2021-01-11,1,0,0,0,0,0,desktop,Web,India,Madhya Pradesh,google,organic,0.0,1,1,session_only
57213809.2805398651,3447000224,2020-11-05,1,0,0,0,0,0,desktop,Web,Singapore,(not set),google,organic,0.0,1,1,session_only
58712420.0916080056,1864582832,2021-01-24,1,0,0,0,0,0,desktop,Web,(not set),(not set),shop.googlemerchandisestore.com,referral,0.0,1,1,session_only
40079186.1235502980,3569740605,2021-01-21,1,0,0,0,0,0,desktop,Web,United States,California,google,organic,0.0,1,1,session_only
63367075.6193520853,9501876743,2021-01-08,1,0,0,0,0,0,desktop,Windows,United States,Virginia,google,cpc,0.0,1,1,session_only
42546302.3184448201,3249966697,2021-01-26,1,1,0,1,1,1,tablet,Android,South Africa,(not set),(data deleted),(data deleted),0.0,21,6,purchase
62995875.7609912157,7023950546,2021-01-21,1,0,0,0,0,0,desktop,Web,United States,Indiana,(direct),(none),0.0,1,1,session_only
38040050.6643696369,1865808767,2020-12-22,1,0,0,0,0,0,mobile,iOS,India,Rajasthan,<Other>,<Other>,0.0,1,1,session_only
90469535.3091096112,8365327487,2021-01-11,1,0,0,0,0,0,mobile,iOS,Netherlands,Limburg,<Other>,organic,0.0,1,1,session_only
54096737.0009167250,9410492870,2021-01-07,1,1,0,0,0,0,mobile,iOS,Japan,Tokyo,google,organic,0.0,2,2,view_item
3153994.5850412299,1525160679,2020-12-29,1,0,0,0,0,0,desktop,Web,Mexico,Mexico City,google,cpc,0.0,1,1,session_only
1723763.9204076226,826675833,2020-11-09,1,0,0,0,0,0,mobile,Web,United States,California,google,organic,0.0,1,1,session_only
51261599.5572768331,8024602147,2020-12-27,1,0,0,0,0,0,mobile,Web,United States,Nevada,(direct),(none),0.0,1,1,session_only
86881920.2766000895,8715630056,2020-12-12,1,0,0,0,0,0,desktop,<Other>,Singapore,(not set),(direct),(none),0.0,1,1,session_only
8660826.0699034532,321245520,2021-01-08,1,0,0,0,0,0,desktop,Windows,Canada,Ontario,(direct),(none),0.0,1,1,session_only
57567690.1056575538,8549505572,2020-11-03,1,0,0,0,0,0,desktop,Windows,United States,New Jersey,<Other>,<Other>,0.0,1,1,session_only
7906299.1050367563,9649060951,2020-11-26,1,0,0,0,0,0,desktop,Windows,Taiwan,New Taipei City,(direct),(none),0.0,1,1,session_only
47985461.4273075511,839940734,2020-11-18,1,0,0,0,0,0,mobile,Web,United States,Idaho,google,organic,0.0,1,1,session_only
46194567.1954079677,6636054982,2021-01-29,1,0,0,0,0,0,desktop,Windows,Canada,Alberta,google,cpc,0.0,1,1,session_only
3389304.0761075079,6378156645,2021-01-09,1,0,0,0,0,0,desktop,Web,United States,New York,shop.googlemerchandisestore.com,referral,0.0,1,1,session_only
7556190.0393412381,6215920623,2020-12-24,1,0,0,0,0,0,desktop,Web,Poland,Lower Silesian Voivodeship,google,organic,0.0,1,1,session_only
71299555.8591416424,7565433289,2021-01-14,1,1,0,0,0,0,desktop,Windows,Poland,Lower Silesian Voivodeship,google,organic,0.0,2,2,view_item
84565200.3892920687,2968649785,2021-01-08,1,0,0,0,0,0,mobile,Android,Netherlands,North Holland,(direct),(none),0.0,1,1,session_only
46606561.7187037704,3407091873,2021-01-12,1,0,0,0,0,0,mobile,iOS,United Kingdom,England,google,organic,0.0,1,1,session_only
7593541.8311495669,9528335337,2020-12-25,1,0,0,0,0,0,mobile,Web,Singapore,(not set),google,organic,0.0,1,1,session_only
20148870.2622224087,1276055983,2021-01-14,1,0,0,0,0,0,mobile,Web,Netherlands,North Holland,google,organic,0.0,1,1,session_only
5753096764.6497386667,4683884072,2021-01-10,1,0,0,0,0,0,mobile,Android,United States,New York,<Other>,referral,0.0,1,1,session_only
29089503.9351177308,8112766225,2021-01-11,1,1,1,0,0,0,mobile,Web,Hong Kong,(not set),<Other>,referral,0.0,6,3,add_to_cart
6326656.8926884109,1378356703,2020-11-29,1,0,0,0,0,0,desktop,<Other>,Australia,New South Wales,(data deleted),(data deleted),0.0,1,1,session_only
60731725.2199105720,5486658524,2020-12-29,1,1,0,0,0,0,mobile,Web,India,Karnataka,shop.googlemerchandisestore.com,referral,0.0,5,2,view_item
8401592.0677252845,2075740483,2020-12-22,1,1,0,0,0,0,desktop,Web,United States,Washington,<Other>,<Other>,0.0,2,2,view_item
6947464.7969637538,3086659520,2020-12-20,1,1,0,0,0,0,desktop,Web,United States,Florida,(direct),(none),0.0,2,2,view_item
5706715.6852183826,7887118917,2020-12-25,1,1,1,1,1,1,mobile,Web,Brazil,State of Sao Paulo,google,cpc,25.68,17,6,purchase
5903656983.9701498490,9070359257,2021-01-03,1,0,0,0,0,0,mobile,Web,United States,Georgia,google,organic,0.0,1,1,session_only
21405643.2323084843,7900103676,2020-11-18,1,0,0,0,0,0,mobile,Android,Chile,Santiago Metropolitan Region,<Other>,<Other>,0.0,1,1,session_only
76160298.2374603138,6075896610,2021-01-30,1,0,0,0,0,0,mobile,Web,United States,North Carolina,<Other>,referral,0.0,1,1,session_only
1539662.9247385689,5312385707,2021-01-22,1,0,0,0,0,0,mobile,Web,United States,Louisiana,<Other>,<Other>,0.0,1,1,session_only
35723437.0504402682,5900593023,2020-11-19,1,0,0,0,0,0,desktop,Web,Canada,Alberta,<Other>,referral,0.0,1,1,session_only
2008214.4949362716,9169011476,2020-11-07,1,0,0,0,0,0,desktop,Web,South Korea,Seoul,<Other>,organic,0.0,1,1,session_only
8905000.7139776419,9711550001,2021-01-21,1,1,1,1,1,1,desktop,Web,Canada,Quebec,google,organic,78.8,26,6,purchase
6027887.5211064946,8608109965,2020-12-30,1,1,0,1,1,1,mobile,iOS,Taiwan,Taipei City,(direct),(none),25.6,7,6,purchase
43802727.1679399628,6314323580,2021-01-10,1,0,0,0,0,0,tablet,Android,United States,California,google,organic,0.0,1,1,session_only
1659980.7734485865,9925358624,2020-11-06,1,0,0,0,0,0,desktop,Web,Japan,Tokyo,(direct),(none),0.0,1,1,session_only
8661414.5629676102,571825518,2021-01-01,1,0,0,0,0,0,desktop,Web,United States,New York,google,cpc,0.0,1,1,session_only
33185517.0268029661,8033220698,2020-11-23,1,0,0,0,0,0,mobile,Web,Germany,Hamburg,<Other>,<Other>,0.0,1,1,session_only
3237209.7453656653,4300481448,2020-11-06,1,0,0,0,0,0,desktop,Web,Canada,Ontario,shop.googlemerchandisestore.com,referral,0.0,1,1,session_only
1557473.7347170722,6181813410,2021-01-10,1,0,0,0,0,0,mobile,Web,United States,California,google,organic,0.0,1,1,session_only
19124526.4908749979,182700210,2021-01-28,1,0,0,0,0,0,mobile,iOS,United States,Oregon,google,organic,0.0,1,1,session_only
7304036.3800216469,1461431178,2020-12-29,1,0,0,0,0,0,mobile,Web,Vietnam,Ho Chi Minh City,(direct),(none),0.0,1,1,session_only
81435877.0031409948,6357226731,2021-01-22,1,0,0,0,0,0,mobile,iOS,United States,New Jersey,(direct),(none),0.0,1,1,session_only
83848834.9373379515,21650935,2021-01-23,1,0,0,0,0,0,mobile,Web,China,(not set),(direct),(none),0.0,1,1,session_only
5828651.2158187569,9156817883,2021-01-14,1,0,0,0,0,0,desktop,Windows,Ireland,County Dublin,<Other>,<Other>,0.0,1,1,session_only
1283436.6385727604,6287307012,2020-11-12,1,0,0,0,0,0,mobile,iOS,United States,Colorado,google,organic,0.0,1,1,session_only
69761008.8499432342,9592587340,2020-11-19,1,0,0,0,0,0,desktop,Windows,United States,North Carolina,<Other>,referral,0.0,1,1,session_only
74927698.7579366400,7136748799,2021-01-21,1,0,0,0,0,0,desktop,Web,China,Zhejiang,(direct),(none),0.0,1,1,session_only
30095278.6178105169,2684093888,2021-01-09,1,0,0,0,0,0,mobile,Web,United States,California,(direct),(none),0.0,1,1,session_only
7056363.1709608348,856216022,2020-11-18,1,0,0,0,0,0,desktop,Web,United States,Texas,google,organic,0.0,1,1,session_only
1727055.0729685097,8902167942,2021-01-19,1,0,0,0,0,0,desktop,Web,Spain,Madrid,google,organic,0.0,1,1,session_only
1461952.0290351411,4441538201,2021-01-07,1,0,0,0,0,0,desktop,Web,Singapore,(not set),(data deleted),(data deleted),0.0,1,1,session_only
90800823.9078761062,9953878727,2020-11-18,1,0,0,0,0,0,mobile,Web,India,Uttar Pradesh,<Other>,organic,0.0,1,1,session_only
7400246.1189667748,5832277036,2020-12-22,1,0,0,0,0,0,desktop,Windows,Canada,British Columbia,google,organic,0.0,1,1,session_only
3880280.3521988841,8748831945,2021-01-28,1,0,0,0,0,0,desktop,Macintosh,India,Tamil Nadu,(direct),(none),0.0,1,1,session_only
62138989.9622097876,9647904008,2020-12-23,1,1,0,0,0,0,desktop,Web,Germany,North Rhine-Westphalia,google,organic,0.0,3,2,view_item
1167322514.9549831480,9527247806,2020-11-05,1,0,0,0,0,0,mobile,iOS,United States,Arizona,(direct),(none),0.0,1,1,session_only
66958817.6299177863,1028299882,2021-01-21,1,0,0,0,0,0,desktop,Windows,United States,Illinois,<Other>,referral,0.0,1,1,session_only
31725370.2750072463,275468902,2021-01-14,1,0,0,0,0,0,mobile,iOS,India,Karnataka,<Other>,<Other>,0.0,1,1,session_only
8372564.2980404100,8455066615,2020-11-02,1,0,0,0,0,0,desktop,Web,Romania,(not set),google,organic,0.0,1,1,session_only
2580868.7924471071,3196113461,2020-11-18,1,1,0,0,0,0,mobile,iOS,China,Shanghai,<Other>,<Other>,0.0,3,2,view_item
3531783.8962774686,4178685346,2020-11-29,1,0,0,0,0,0,desktop,Web,United States,California,(direct),(none),0.0,1,1,session_only
6698829.2913246021,660774654,2020-12-29,1,1,1,1,1,1,desktop,<Other>,United States,Virginia,(direct),(none),0.0,63,6,purchase
8616313.7133307940,2256288216,2021-01-21,1,0,0,0,0,0,tablet,Web,Ireland,County Dublin,google,organic,0.0,1,1,session_only
1580681.1104951784,7177162828,2021-01-19,1,0,0,0,0,0,desktop,Web,Canada,Ontario,(direct),(none),0.0,1,1,session_only
8392745.8487872718,3726503915,2021-01-26,1,0,0,0,0,0,mobile,Web,United States,California,<Other>,<Other>,0.0,1,1,session_only
14517150.0590182239,1583712219,2020-11-05,1,0,0,0,0,0,mobile,Web,Canada,Ontario,<Other>,organic,0.0,1,1,session_only
77920833.5405051482,5324103954,2020-11-06,1,0,0,0,0,0,mobile,iOS,South Africa,(not set),google,organic,0.0,1,1,session_only
7463654.6485476467,7351866233,2021-01-26,1,0,0,0,0,0,desktop,Web,Turkey,Istanbul,(data deleted),(data deleted),0.0,1,1,session_only
8599515.5779070320,2614073962,2021-01-12,1,0,0,0,0,0,desktop,Macintosh,United States,Florida,google,organic,0.0,1,1,session_only
3650801.0998216434,6064828150,2020-11-03,1,0,0,0,0,0,desktop,Web,Sri Lanka,(not set),google,organic,0.0,1,1,session_only
42684053.1876476104,9594065204,2020-12-31,1,0,0,0,0,0,desktop,Web,United States,California,(data deleted),(data deleted),0.0,1,1,session_only
2088765.4156824709,2593894752,2021-01-31,1,0,0,0,0,0,desktop,Macintosh,United States,District of Columbia,google,organic,0.0,1,1,session_only
8185332.7333268769,7328072738,2021-01-14,1,0,0,0,0,0,desktop,Macintosh,Thailand,Bangkok,<Other>,<Other>,0.0,1,1,session_only
24172828.4558722674,5934347346,2020-11-02,1,0,0,0,0,0,desktop,Windows,Peru,(not set),<Other>,<Other>,0.0,1,1,session_only
73659823.6409998130,3156304780,2020-12-27,1,0,0,0,0,0,mobile,Android,India,Karnataka,google,organic,0.0,1,1,session_only
97240192.2065518761,6927250635,2020-11-03,1,0,0,0,0,0,desktop,Web,Cyprus,(not set),<Other>,organic,0.0,1,1,session_only
9003453375.8121226436,4053060344,2021-01-14,1,0,0,0,0,0,desktop,Web,(not set),(not set),shop.googlemerchandisestore.com,referral,0.0,1,1,session_only
3863567.3404821914,2884119739,2021-01-04,1,0,0,0,0,0,desktop,<Other>,United States,Connecticut,google,organic,0.0,1,1,session_only
86945850.8517487189,8440133303,2021-01-21,1,1,0,0,0,0,mobile,iOS,Greece,Attica,(direct),(none),0.0,2,2,view_item
11129456.3425233584,2074126917,2020-12-26,1,0,0,0,0,0,mobile,iOS,Canada,Ontario,google,organic,0.0,1,1,session_only
84032990.0159517601,2868678970,2020-12-22,1,0,0,0,0,0,desktop,Web,United Kingdom,England,(direct),(none),0.0,1,1,session_only
98905096.1363356692,1081748058,2020-12-13,1,1,0,0,0,0,mobile,Web,United States,Texas,shop.googlemerchandisestore.com,referral,0.0,3,2,view_item
44905995.5272992739,5202755379,2020-11-07,1,0,0,0,0,0,mobile,Web,United States,California,(direct),(none),0.0,1,1,session_only
51326470.9729884278,3638614199,2020-11-03,1,0,0,0,0,0,mobile,Android,Spain,Andalusia,<Other>,organic,0.0,1,1,session_only
25383006.0460961551,4148890108,2021-01-24,1,0,0,0,0,0,mobile,Web,United States,Kansas,<Other>,referral,0.0,1,1,session_only
77729239.3089934098,5642150218,2020-12-25,1,0,0,0,0,0,mobile,Web,United States,California,google,organic,0.0,1,1,session_only
5824699.2965070371,1304701810,2021-01-13,1,0,0,0,0,0,desktop,Windows,United States,Tennessee,<Other>,<Other>,0.0,1,1,session_only
66524995.9638709425,3682809451,2020-11-01,1,0,0,0,0,0,mobile,Web,Japan,Fukuoka,google,organic,0.0,1,1,session_only
2044313.5317530345,4576069264,2020-11-07,1,0,0,0,0,0,desktop,<Other>,United States,Washington,(data deleted),(data deleted),0.0,1,1,session_only
39224800.0639393806,7600569676,2020-12-29,1,0,0,0,0,0,mobile,Web,Bulgaria,(not set),<Other>,<Other>,0.0,1,1,session_only
5856314.4159293819,2001587109,2021-01-23,1,0,0,0,0,0,desktop,Web,United States,Oregon,google,organic,0.0,1,1,session_only
13223825.4547795010,2220343337,2021-01-29,1,1,1,0,0,0,mobile,Web,India,Karnataka,<Other>,<Other>,0.0,3,3,add_to_cart
40793272.8727685429,2509820628,2021-01-21,1,0,0,0,0,0,mobile,Android,Taiwan,Taipei City,<Other>,<Other>,0.0,1,1,session_only
4803241.3739553285,548611612,2020-11-01,1,0,0,0,0,0,mobile,Android,Canada,Quebec,google,organic,0.0,1,1,session_only
8431355.1116189946,8968831418,2020-11-29,1,0,0,0,0,0,desktop,Macintosh,Hong Kong,(not set),google,organic,0.0,1,1,session_only
50555957.6577669340,1605816279,2021-01-02,1,0,0,0,0,0,desktop,Web,United States,California,google,cpc,0.0,1,1,session_only
86359897.4469255275,3222768866,2021-01-03,1,0,0,0,0,0,desktop,Windows,United States,California,shop.googlemerchandisestore.com,referral,0.0,1,1,session_only
77142100.0661466262,3443096096,2020-12-29,1,0,0,0,0,0,mobile,Web,Austria,(not set),google,organic,0.0,1,1,session_only
31028442.2070305696,5249617336,2021-01-25,1,1,0,0,0,0,desktop,Web,Canada,Quebec,<Other>,<Other>,0.0,2,2,view_item
5801926.5828532925,2601580034,2021-01-13,1,0,0,0,0,0,desktop,Web,United States,South Carolina,(direct),(none),0.0,1,1,session_only
1955830.6375868208,428350196,2021-01-13,1,0,0,0,0,0,mobile,Web,United States,California,google,organic,0.0,1,1,session_only
9838402.1682354639,20456161,2021-01-21,1,0,0,0,0,0,desktop,Web,United States,Indiana,<Other>,referral,0.0,1,1,session_only
49478140.0908369429,3023439448,2020-11-23,1,0,0,0,0,0,mobile,Android,Puerto Rico,(not set),(direct),(none),0.0,1,1,session_only
1183548.0033976719,7742250462,2020-11-19,1,0,0,0,0,0,desktop,Macintosh,United States,Georgia,google,organic,0.0,1,1,session_only
42435072.0365552680,4250332983,2020-11-02,1,0,0,0,0,0,mobile,Web,Italy,Lazio,google,organic,0.0,1,1,session_only
3407011.9169756571,6351592473,2020-11-23,1,1,0,0,0,0,tablet,Web,Ireland,(not set),<Other>,referral,0.0,2,2,view_item
2854125.3334838904,6842227703,2021-01-18,1,0,0,0,0,0,desktop,Web,China,Fujian,<Other>,<Other>,0.0,1,1,session_only
29052788.1164080751,2564416875,2020-12-13,1,0,0,0,0,0,mobile,Web,Canada,Quebec,google,organic,0.0,1,1,session_only
6822833.6194016161,3211245209,2021-01-30,1,0,0,0,0,0,mobile,Web,Canada,Ontario,(direct),(none),0.0,1,1,session_only
12876279.0566562373,2096576728,2020-11-19,1,0,0,0,0,0,desktop,Web,United States,New York,shop.googlemerchandisestore.com,referral,0.0,1,1,session_only
15415129.6090258237,7553509950,2020-11-02,1,0,0,0,0,0,desktop,Web,United States,Rhode Island,(direct),(none),0.0,1,1,session_only
47027698.4446530979,4009585495,2020-11-29,1,0,0,0,0,0,mobile,Web,India,Uttarakhand,shop.googlemerchandisestore.com,referral,0.0,1,1,session_only
85845841.1924705347,7847261979,2021-01-08,1,0,0,0,0,0,mobile,iOS,Canada,Alberta,google,organic,0.0,1,1,session_only
7483078.1076858608,4617582706,2020-12-23,1,1,1,1,1,1,desktop,Web,Malaysia,Penang,google,organic,67.28,20,6,purchase
2194441.0544343537,9532584972,2021-01-04,1,1,0,0,0,0,desktop,Web,Sweden,Vastra Gotaland County,(direct),(none),0.0,4,2,view_item
8557924.4842722085,9350605770,2021-01-07,1,1,1,1,0,0,desktop,<Other>,United States,California,(direct),(none),0.0,9,4,begin_checkout
30851418.3362894662,1731044705,2021-01-07,1,0,0,0,0,0,desktop,Web,United States,Texas,<Other>,<Other>,0.0,1,1,session_only
5054247511.4078398521,6258826720,2020-12-29,1,0,0,0,0,0,desktop,<Other>,United States,New York,google,organic,0.0,1,1,session_only
89509806.8702117822,3024929405,2020-12-23,1,1,0,1,1,1,mobile,Web,United States,Massachusetts,shop.googlemerchandisestore.com,referral,0.0,12,6,purchase
61500677.1546355714,383883086,2021-01-16,1,0,0,0,0,0,mobile,Web,United States,California,google,organic,0.0,1,1,session_only
47751144.5360396458,6311739724,2020-12-31,1,0,0,0,0,0,mobile,Web,United States,Michigan,google,organic,0.0,1,1,session_only
35977637.0318469894,600468219,2020-12-12,1,0,0,0,0,0,desktop,Web,China,Zhejiang,<Other>,<Other>,0.0,1,1,session_only
89780962.1836580926,5911321482,2020-11-29,1,0,0,0,0,0,mobile,Android,Switzerland,(not set),google,organic,0.0,1,1,session_only
1065871.6454431609,2695671689,2021-01-29,1,0,0,0,0,0,desktop,Windows,Mexico,Queretaro,(direct),(none),0.0,1,1,session_only
3397452.4878669453,3748763996,2020-12-26,1,0,0,0,0,0,desktop,Macintosh,United States,Minnesota,(direct),(none),0.0,1,1,session_only
68273972.5723624374,7958355725,2021-01-05,1,0,0,0,0,0,desktop,<Other>,United States,Florida,<Other>,<Other>,0.0,1,1,session_only
8141071.2562455393,7856505614,2021-01-26,1,0,0,0,0,0,desktop,Web,United States,Virginia,google,organic,0.0,1,1,session_only
3393663.8851334427,3793764725,2021-01-21,1,0,0,0,0,0,desktop,Web,United States,New York,<Other>,<Other>,0.0,1,1,session_only
40726754.6736437308,3892965043,2021-01-19,1,0,0,0,0,0,desktop,Web,United States,Massachusetts,google,cpc,0.0,1,1,session_only
4318527027.1396086358,1150395024,2021-01-25,1,1,1,1,1,1,mobile,Android,United States,South Carolina,shop.googlemerchandisestore.com,referral,108.8,9,6,purchase
8447373.0647826021,6232713252,2021-01-04,1,1,0,0,0,0,desktop,Web,India,Andhra Pradesh,google,organic,0.0,7,2,view_item
7469033.8855660780,7239842620,2020-11-23,1,1,0,0,0,0,desktop,Web,Belgium,Brussels,google,organic,0.0,2,2,view_item
66021745.1784185552,7575769362,2021-01-23,1,0,0,0,0,0,desktop,Web,United States,California,(direct),(none),0.0,1,1,session_only
22846242.6375754975,3653271663,2021-01-11,1,1,1,0,0,0,mobile,iOS,Italy,Apulia,(data deleted),(data deleted),0.0,15,3,add_to_cart
4660648.8329006738,3282900091,2020-11-07,1,0,0,0,0,0,mobile,iOS,Italy,Lombardy,google,cpc,0.0,1,1,session_only
7275685.9598387647,9405090937,2021-01-19,1,0,0,0,0,0,desktop,Macintosh,South Korea,Gyeonggi-do,google,organic,0.0,1,1,session_only
5311473.8165888860,5974501265,2020-11-07,1,0,0,0,0,0,mobile,Android,United States,Ohio,<Other>,referral,0.0,1,1,session_only
86026488.9848075903,7666543995,2021-01-21,1,1,1,0,0,0,desktop,Web,India,Odisha,(data deleted),(data deleted),0.0,13,3,add_to_cart
85087582.2194074818,227083750,2020-11-21,1,0,0,0,0,0,desktop,Windows,Hong Kong,(not set),(direct),(none),0.0,1,1,session_only
4867179.7989774522,4521481537,2021-01-11,1,0,0,0,0,0,desktop,Web,India,Telangana,<Other>,<Other>,0.0,1,1,session_only
4675913.3585135154,4605651738,2021-01-22,1,0,0,0,0,0,desktop,Web,Portugal,Porto District,<Other>,organic,0.0,1,1,session_only
46273316.9937478779,6012011548,2021-01-12,1,0,0,0,0,0,desktop,Web,United States,Virginia,<Other>,organic,0.0,1,1,session_only
3819613.0116702310,5592399220,2020-11-22,1,0,0,0,0,0,mobile,iOS,United States,California,(direct),(none),0.0,1,1,session_only
3314356.6875159523,3897079439,2020-11-24,1,0,0,0,0,0,mobile,iOS,Slovakia,(not set),(direct),(none),0.0,1,1,session_only
2354384.4783226283,6336354452,2020-11-07,1,1,0,0,0,0,desktop,Windows,Canada,Ontario,<Other>,<Other>,0.0,3,2,view_item
65742395.1984520382,1643128979,2020-11-09,1,0,0,0,0,0,desktop,Web,Taiwan,Taipei City,<Other>,referral,0.0,1,1,session_only
76376574.4407695389,5093872601,2020-11-18,1,1,0,0,0,0,mobile,Web,United States,Georgia,google,organic,0.0,2,2,view_item
17090877.5429330432,29199489,2021-01-08,1,0,0,0,0,0,mobile,iOS,South Korea,Seoul,(direct),(none),0.0,1,1,session_only
26959567.2767445521,3757978636,2021-01-05,1,0,0,0,0,0,mobile,Android,United States,Florida,google,organic,0.0,1,1,session_only
12306432.7939489449,7613457224,2020-11-18,1,0,0,0,0,0,mobile,Android,Italy,Campania,(direct),(none),0.0,1,1,session_only
79744676.2325612995,1584927512,2021-01-07,1,0,0,0,0,0,mobile,Android,Japan,(not set),(direct),(none),0.0,1,1,session_only
5210718.7636041770,4371352530,2020-11-23,1,0,0,0,0,0,desktop,Web,Honduras,(not set),(data deleted),(data deleted),0.0,1,1,session_only
8099896.6305354539,3466966183,2020-11-12,1,0,0,0,0,0,desktop,Web,China,Zhejiang,<Other>,<Other>,0.0,1,1,session_only
81673389.2458099121,8019623688,2020-11-19,1,0,0,0,0,0,desktop,Web,Switzerland,Zurich,<Other>,<Other>,0.0,1,1,session_only
8770458.5945801424,9016120134,2021-01-31,1,0,0,0,0,0,desktop,Windows,United States,New York,<Other>,<Other>,0.0,1,1,session_only
22038475.5293600109,7225545310,2021-01-26,1,0,0,0,0,0,desktop,Windows,United Kingdom,England,<Other>,<Other>,0.0,1,1,session_only
8850624.9855598722,2312407069,2020-11-09,1,0,0,0,0,0,desktop,Windows,United States,California,(data deleted),(data deleted),0.0,1,1,session_only
1615461.2860305017,9888466260,2020-11-29,1,0,0,0,0,0,mobile,iOS,Malaysia,Selangor,<Other>,referral,0.0,1,1,session_only
7456047.8363281680,2457610330,2020-11-13,1,0,0,0,0,0,desktop,Web,United States,California,<Other>,<Other>,0.0,1,1,session_only
75013224.5032720536,4589446787,2021-01-07,1,0,0,0,0,0,mobile,Android,Canada,Quebec,google,cpc,0.0,1,1,session_only
4825963.3212930711,8447848463,2020-11-12,1,0,0,0,0,0,desktop,Web,United States,Michigan,(direct),(none),0.0,1,1,session_only
12700306.5667683929,4914541215,2021-01-17,1,0,0,0,0,0,desktop,<Other>,Canada,Quebec,google,organic,0.0,1,1,session_only
31797266.4604414524,3990196606,2021-01-30,1,0,0,0,0,0,mobile,iOS,Ireland,County Dublin,(direct),(none),0.0,1,1,session_only
52494893.0515498821,8572651444,2021-01-31,1,0,0,0,0,0,desktop,Web,United States,Massachusetts,<Other>,referral,0.0,1,1,session_only
55007670.9189892302,2184831821,2020-11-01,1,1,0,0,0,0,desktop,Web,Taiwan,Taoyuan City,(direct),(none),0.0,7,2,view_item
5370133.2416551194,8415292990,2020-11-09,1,1,0,1,0,0,desktop,Web,Australia,New South Wales,(direct),(none),0.0,7,4,begin_checkout
37146783.8847972522,1879336775,2021-01-30,1,0,0,0,0,0,tablet,Android,China,Zhejiang,(direct),(none),0.0,1,1,session_only
88309844.1738980441,9484713208,2021-01-08,1,0,0,0,0,0,desktop,Web,India,Telangana,(direct),(none),0.0,1,1,session_only
48237741.2897583912,7215885011,2020-11-14,1,0,0,0,0,0,desktop,<Other>,Taiwan,Taiwan Province,google,organic,0.0,1,1,session_only
18960265.4171879743,8247536204,2020-11-26,1,0,0,0,0,0,desktop,Web,Italy,Emilia-Romagna,<Other>,<Other>,0.0,1,1,session_only
24372566.3302802100,5847886923,2020-11-29,1,1,1,1,1,1,desktop,Web,United States,Tennessee,<Other>,referral,0.0,25,6,purchase
77994820.7710955063,3569178875,2021-01-05,1,0,0,0,0,0,desktop,Web,Netherlands,North Holland,(data deleted),(data deleted),0.0,1,1,session_only
5691137.4458265098,9212097683,2021-01-24,1,1,0,0,0,0,desktop,<Other>,Philippines,Calabarzon,(direct),(none),0.0,2,2,view_item
7315372.8028151281,9555942744,2020-12-24,1,1,0,0,0,0,mobile,iOS,Egypt,Giza Governorate,shop.googlemerchandisestore.com,referral,0.0,7,2,view_item
23838024.6264869596,8656485060,2020-11-21,1,0,0,0,0,0,desktop,Windows,United States,North Carolina,google,organic,0.0,1,1,session_only
26682437.0738301179,4105757610,2020-11-15,1,0,0,0,0,0,mobile,Web,United States,New York,<Other>,<Other>,0.0,1,1,session_only
41615843.4397393832,6311131064,2021-01-22,1,0,0,0,0,0,desktop,Web,Netherlands,South Holland,shop.googlemerchandisestore.com,referral,0.0,1,1,session_only
12504802.7319283782,6115334254,2020-11-01,1,0,0,0,0,0,desktop,Web,Australia,Queensland,(direct),(none),0.0,1,1,session_only
8390083.2832447367,2491358814,2020-11-23,1,0,0,0,0,0,mobile,Web,United States,New York,(data deleted),(data deleted),0.0,1,1,session_only
3286508161.5364341025,693837363,2020-11-05,1,0,0,0,0,0,mobile,Web,United States,Georgia,<Other>,<Other>,0.0,1,1,session_only
91101787.5922238167,2275097747,2021-01-13,1,0,0,0,0,0,desktop,Web,United States,Michigan,google,organic,0.0,1,1,session_only
6267709873.2177451604,7064303962,2020-11-18,1,0,0,0,0,0,desktop,Web,France,Pays de la Loire,google,organic,0.0,1,1,session_only
5788686572.5981505502,7091885612,2020-11-09,1,1,0,1,1,1,mobile,Web,Brazil,Federal District,google,organic,0.0,40,6,purchase
77582996.5755173077,7936701597,2021-01-21,1,1,0,0,0,0,desktop,Web,Switzerland,Vaud,google,organic,0.0,2,2,view_item
3770843.5974602759,2537865814,2020-12-13,1,0,0,0,0,0,mobile,Web,United States,Pennsylvania,google,organic,0.0,1,1,session_only
7213449.3285599680,6801800453,2020-11-16,1,1,0,0,0,0,mobile,Web,United States,North Carolina,google,organic,0.0,4,2,view_item
3461577.4933409459,7600335255,2021-01-01,1,1,0,0,0,0,desktop,Web,United States,New York,(direct),(none),0.0,2,2,view_item
1004545.8016952581,1472239785,2021-01-13,1,0,0,0,0,0,desktop,<Other>,United States,Illinois,(direct),(none),0.0,1,1,session_only
63751444.8407748325,791090664,2020-12-19,1,0,0,0,0,0,desktop,Web,United States,New York,(data deleted),(data deleted),0.0,1,1,session_only
35367039.8308787550,4130539031,2020-11-26,1,1,1,1,1,1,desktop,Web,United States,California,(direct),(none),0.0,10,6,purchase
2398419.2819857095,8159126197,2020-11-13,1,1,0,0,0,0,mobile,Web,Germany,Baden-Wurttemberg,shop.googlemerchandisestore.com,referral,0.0,2,2,view_item
3114643.1665522014,2219741435,2021-01-29,1,0,0,0,0,0,mobile,Web,United Kingdom,England,google,organic,0.0,1,1,session_only
2500167.7788761932,5163505509,2021-01-05,1,0,0,0,0,0,mobile,Web,Italy,Lombardy,(direct),(none),0.0,1,1,session_only
1777780.1627587956,2257649887,2021-01-23,1,0,0,0,0,0,mobile,Web,United States,California,<Other>,referral,0.0,1,1,session_only
58445077.7878613918,9354881327,2021-01-12,1,0,0,0,0,0,desktop,Macintosh,Canada,Quebec,google,organic,0.0,1,1,session_only
6824516.7169773008,7352081646,2020-12-27,1,0,0,0,0,0,desktop,Web,United States,Colorado,(direct),(none),0.0,1,1,session_only
62921407.7385261228,2980261124,2020-12-20,1,1,0,1,1,1,desktop,Web,Germany,Saxony,google,organic,281.6,10,6,purchase
7769353.6518357428,584514067,2020-12-26,1,0,0,0,0,0,desktop,Web,Pakistan,Sindh,(data deleted),(data deleted),0.0,1,1,session_only
50637615.9219628936,8678845805,2020-11-09,1,0,0,0,0,0,mobile,iOS,United States,Ohio,<Other>,organic,0.0,1,1,session_only
86588154.1567483239,9610744782,2021-01-24,1,0,0,0,0,0,desktop,Windows,United Kingdom,England,google,organic,0.0,1,1,session_only
8771068.1463026107,9890953330,2020-12-27,1,0,0,0,0,0,desktop,Web,United States,California,google,organic,0.0,1,1,session_only
3143796.7210491795,2756400871,2020-11-02,1,0,0,0,0,0,desktop,Web,United States,California,(data deleted),(data deleted),0.0,1,1,session_only
4644650486.5435688967,3252889931,2020-11-05,1,0,0,0,0,0,desktop,Web,United States,Ohio,shop.googlemerchandisestore.com,referral,0.0,1,1,session_only
16678335.8235637155,7743914742,2021-01-14,1,0,0,0,0,0,desktop,Windows,Canada,Ontario,(data deleted),(data deleted),0.0,1,1,session_only
68582560.8382553611,2327262077,2021-01-22,1,1,0,0,0,0,mobile,Web,United States,Florida,(direct),(none),0.0,3,2,view_item
8415714.2383458977,9685130444,2021-01-14,1,0,0,0,0,0,desktop,Web,United States,Ohio,(direct),(none),0.0,1,1,session_only
8294350.9338556445,3508483379,2021-01-22,1,1,1,1,1,1,desktop,Web,United States,California,shop.googlemerchandisestore.com,referral,0.0,62,6,purchase
4514883.4105450654,1504962060,2021-01-08,1,0,0,0,0,0,desktop,Web,Mexico,Baja California,<Other>,referral,0.0,1,1,session_only
5938232.7798729734,7322481621,2021-01-13,1,0,0,0,0,0,mobile,Android,Canada,Quebec,google,organic,0.0,1,1,session_only
1792234.3660017339,5059803909,2021-01-24,1,0,0,0,0,0,mobile,Web,Netherlands,Overijssel,<Other>,referral,0.0,1,1,session_only
1996659.1269737110,3437962733,2020-11-01,1,0,0,0,0,0,desktop,Macintosh,United States,Florida,(direct),(none),0.0,1,1,session_only
8218227.4048076211,8761047070,2020-12-05,1,0,0,0,0,0,mobile,iOS,United States,Nebraska,google,organic,0.0,1,1,session_only
23458525.5867395509,992432929,2020-11-28,1,0,0,0,0,0,desktop,Web,Spain,Madrid,google,organic,0.0,1,1,session_only
48578439.0419473592,5963425344,2021-01-01,1,0,0,0,0,0,desktop,Web,Singapore,(not set),(direct),(none),0.0,1,1,session_only
62592645.2609625231,9087066139,2020-12-31,1,0,0,0,0,0,mobile,Web,Pakistan,Punjab,<Other>,<Other>,0.0,1,1,session_only
48339324.0547985746,4099536555,2021-01-30,1,1,1,1,1,1,mobile,Web,Taiwan,Taiwan Province,shop.googlemerchandisestore.com,referral,0.0,32,6,purchase
56852070.5557608479,1243289529,2021-01-24,1,1,0,0,0,0,desktop,Web,China,Shanghai,shop.googlemerchandisestore.com,referral,0.0,2,2,view_item
40003351.7678877308,8028955737,2020-12-30,1,0,0,0,0,0,mobile,Android,Canada,British Columbia,(direct),(none),0.0,1,1,session_only
72050298.1844766328,7412751975,2020-11-13,1,0,0,0,0,0,desktop,Web,Finland,Uusimaa,(direct),(none),0.0,1,1,session_only
75126594.8173949759,8579521297,2021-01-11,1,0,0,0,0,0,mobile,Android,Turkey,Istanbul,google,organic,0.0,1,1,session_only
1902645.9882441729,1543569473,2020-11-18,1,0,0,0,0,0,mobile,Web,India,Uttarakhand,(direct),(none),0.0,1,1,session_only
6231205.8596636663,3998095578,2020-11-26,1,0,0,0,0,0,tablet,Web,United States,Texas,<Other>,organic,0.0,1,1,session_only
8388948.7706984401,4877586331,2020-11-22,1,0,0,0,0,0,mobile,Android,(not set),(not set),google,organic,0.0,1,1,session_only
8662929.1676255923,6417181028,2020-12-12,1,1,0,0,0,0,desktop,Web,Turkey,Istanbul,google,organic,0.0,2,2,view_item
65389732.2944001116,124134259,2021-01-12,1,0,0,0,0,0,mobile,iOS,United States,Kansas,(data deleted),(data deleted),0.0,1,1,session_only
45728568.6571174969,3995768795,2020-12-05,1,0,0,0,0,0,desktop,<Other>,Canada,Ontario,<Other>,organic,0.0,1,1,session_only
5136968.7559598928,5693779294,2021-01-29,1,0,0,0,0,0,mobile,Web,United States,California,google,organic,0.0,1,1,session_only
86953811.9568548667,7885621734,2021-01-07,1,0,0,0,0,0,desktop,Windows,United States,California,google,organic,0.0,1,1,session_only
8014835.5844090862,2443497136,2020-12-30,1,0,0,0,0,0,desktop,Windows,Japan,Osaka,google,organic,0.0,1,1,session_only
23575323.7876487077,928717046,2021-01-31,1,1,0,0,0,0,desktop,Web,Spain,Madrid,shop.googlemerchandisestore.com,referral,0.0,4,2,view_item
78088542.4349978114,1074115887,2020-12-12,1,1,1,0,0,0,desktop,Web,Netherlands,South Holland,(direct),(none),0.0,6,3,add_to_cart
25631840.3215691016,3289776494,2021-01-31,0,1,0,0,0,0,desktop,Web,United States,Colorado,<Other>,<Other>,0.0,4,2,view_item
4436424.7906300315,1229941857,2020-12-12,1,0,0,0,0,0,desktop,Web,Netherlands,North Holland,(direct),(none),0.0,1,1,session_only
20877726.2587298362,9525477299,2021-01-19,1,0,0,0,0,0,desktop,<Other>,United States,California,(direct),(none),0.0,1,1,session_only
71615724.5787307027,63969874,2021-01-31,1,0,0,0,0,0,desktop,Web,United States,New York,<Other>,referral,0.0,1,1,session_only
72275592.1784119851,6856239153,2021-01-19,1,0,0,0,0,0,desktop,Web,Kuwait,Hawalli Governorate,<Other>,<Other>,0.0,1,1,session_only
3122197.9178413688,3572139528,2020-12-12,1,1,1,1,1,1,desktop,Web,United States,California,(direct),(none),0.0,18,6,purchase
1948224.0928047908,282393816,2020-11-02,1,0,0,0,0,0,desktop,Macintosh,United States,California,(direct),(none),0.0,1,1,session_only
65832673.4467517019,3730429984,2021-01-04,1,1,0,0,0,0,mobile,Android,United States,California,(direct),(none),0.0,2,2,view_item
59219171.3445420080,3045705644,2020-11-09,1,0,0,0,0,0,mobile,iOS,United States,Georgia,google,organic,0.0,1,1,session_only
66530547.3298880615,8529265075,2020-12-24,1,0,0,0,0,0,mobile,Web,Germany,Berlin,<Other>,referral,0.0,1,1,session_only
18357647.7592673297,1267218128,2020-11-28,1,0,0,0,0,0,desktop,Web,Japan,Osaka,(direct),(none),0.0,1,1,session_only
55595022.6969370887,8014748704,2020-11-01,1,0,0,0,0,0,desktop,Macintosh,United States,Texas,<Other>,<Other>,0.0,1,1,session_only
8346949.7613043517,2286581283,2021-01-01,1,0,0,0,0,0,mobile,Web,Canada,Ontario,<Other>,<Other>,0.0,1,1,session_only
3101001.8022430574,5720777848,2021-01-02,1,0,0,0,0,0,desktop,Web,Pakistan,Punjab,google,organic,0.0,1,1,session_only
50473038.5869639770,7499257195,2021-01-22,1,0,0,0,0,0,desktop,Macintosh,United States,Ohio,(direct),(none),0.0,1,1,session_only
12203257.1944936631,977738232,2020-12-05,1,0,0,0,0,0,mobile,Web,(not set),(not set),<Other>,referral,0.0,1,1,session_only
78106766.0535705085,5817345654,2020-12-22,1,0,0,1,1,1,desktop,Web,United States,Oklahoma,shop.googlemerchandisestore.com,referral,0.0,7,6,purchase
2446317.3546248281,7919128977,2021-01-19,1,0,0,0,0,0,mobile,Web,India,West Bengal,<Other>,<Other>,0.0,1,1,session_only
68637578.7514941119,5229686087,2020-11-05,1,0,0,0,0,0,desktop,Macintosh,United States,Washington,(data deleted),(data deleted),0.0,1,1,session_only
8575512403.1238544800,1910956680,2020-11-18,1,1,0,1,1,1,desktop,Macintosh,Canada,British Columbia,(direct),(none),142.28,22,6,purchase
7421377.4518076673,4527016600,2020-12-13,1,0,0,0,0,0,desktop,Windows,United States,New York,google,organic,0.0,1,1,session_only
9415386.7322000206,61585763,2020-11-03,1,0,0,0,0,0,desktop,Web,United Kingdom,England,<Other>,<Other>,0.0,1,1,session_only
41365560.0609443794,5529003334,2020-12-13,1,0,0,0,0,0,desktop,Macintosh,United States,California,google,organic,0.0,1,1,session_only
63706130.6233376299,5767191704,2020-11-13,1,0,0,0,0,0,desktop,Web,France,Ile-de-France,google,organic,0.0,1,1,session_only
3642286.7602628052,9108018876,2020-11-21,1,0,0,0,0,0,desktop,Web,United States,New York,(direct),(none),0.0,1,1,session_only
87409145.9079508951,7334332293,2020-12-19,1,0,0,0,0,0,desktop,Windows,Canada,Quebec,google,organic,0.0,1,1,session_only
5517519.5211134731,5344643894,2020-11-22,1,1,0,0,0,0,desktop,Web,United States,North Carolina,google,organic,0.0,6,2,view_item
66696568.3774563540,1289981479,2021-01-08,1,0,0,0,0,0,mobile,Web,Argentina,Buenos Aires,google,organic,0.0,1,1,session_only
2241494.3141616762,313611767,2020-11-09,1,0,0,0,0,0,desktop,Macintosh,Colombia,Bogota,(direct),(none),0.0,1,1,session_only
6473480.0400811463,1691434802,2021-01-11,1,0,0,0,0,0,mobile,Web,United States,Texas,google,organic,0.0,1,1,session_only
31177535.6141228512,3793263486,2021-01-29,1,0,0,0,0,0,mobile,Web,United States,Georgia,google,organic,0.0,1,1,session_only
4599081.1263406500,5081121684,2021-01-26,1,0,0,0,0,0,mobile,iOS,India,Maharashtra,<Other>,<Other>,0.0,1,1,session_only
3249612.1535745077,551001210,2020-12-25,1,0,0,0,0,0,mobile,Android,United States,California,<Other>,<Other>,0.0,1,1,session_only
34226035.1615754014,9035869870,2021-01-30,1,1,0,0,0,0,desktop,Web,United States,New Jersey,(data deleted),(data deleted),0.0,2,2,view_item
50195692.9115236877,9114325224,2020-11-23,1,0,0,0,0,0,desktop,Web,United States,Florida,google,organic,0.0,1,1,session_only
6653193.1799400562,3399175623,2020-12-31,1,1,0,0,0,0,mobile,Web,Italy,Piedmont,<Other>,organic,0.0,2,2,view_item
41822440.7447527491,3483840017,2020-11-18,1,0,0,0,0,0,desktop,Web,Netherlands,South Holland,<Other>,<Other>,0.0,1,1,session_only
18222484.5070494379,5761534627,2020-11-26,1,0,0,0,0,0,desktop,Web,India,Telangana,<Other>,<Other>,0.0,1,1,session_only
35553473.4966937121,6882876561,2021-01-14,1,0,0,0,0,0,mobile,Web,India,Tamil Nadu,shop.googlemerchandisestore.com,referral,0.0,1,1,session_only
23506870.7205618309,6955206314,2021-01-29,1,0,0,0,0,0,desktop,Web,United States,Indiana,google,organic,0.0,1,1,session_only
6862204.4607093774,4511658245,2021-01-30,1,0,0,0,0,0,mobile,iOS,Poland,Silesian Voivodeship,google,organic,0.0,1,1,session_only
36824181.9403841415,4939381856,2020-12-13,1,0,0,0,0,0,mobile,iOS,United States,North Carolina,(data deleted),(data deleted),0.0,1,1,session_only
83835181.2455305075,191875473,2021-01-30,1,0,0,0,0,0,mobile,Android,Philippines,(not set),(direct),(none),0.0,1,1,session_only
9662426.1819584735,9592850187,2020-12-29,1,1,0,0,0,0,mobile,iOS,United Kingdom,England,google,cpc,0.0,2,2,view_item
7337320.6099359731,8550915994,2020-11-07,1,1,0,1,1,1,desktop,Windows,United States,Illinois,google,organic,0.0,8,6,purchase
47152763.6287195885,6456504492,2020-11-21,1,0,0,0,0,0,desktop,Macintosh,Brazil,State of Pernambuco,<Other>,referral,0.0,1,1,session_only
48232360.7293348950,8933177768,2020-11-18,1,0,0,0,0,0,mobile,Android,India,Gujarat,shop.googlemerchandisestore.com,referral,0.0,1,1,session_only
13630463.4756817593,6423346687,2020-12-30,1,0,0,0,0,0,desktop,Web,China,Shanghai,shop.googlemerchandisestore.com,referral,0.0,1,1,session_only
79219690.8483166390,2563088955,2020-11-06,1,1,0,0,0,0,mobile,Web,India,Maharashtra,<Other>,organic,0.0,8,2,view_item
5534844.0753723357,2089229214,2020-11-19,1,0,0,0,0,0,desktop,Web,United States,(not set),google,organic,0.0,1,1,session_only
59602637.5895644392,4050713232,2020-11-26,1,0,0,0,0,0,mobile,Android,France,Ile-de-France,google,organic,0.0,1,1,session_only
7035107.4631200707,2742281355,2020-12-30,1,0,0,0,0,0,desktop,Windows,Denmark,Capital Region of Denmark,(direct),(none),0.0,1,1,session_only
20113334.5336118278,4686609273,2020-11-14,1,1,0,0,0,0,desktop,Web,Australia,New South Wales,<Other>,<Other>,0.0,2,2,view_item
88929019.3402896993,5980870511,2021-01-26,1,1,1,1,1,1,desktop,Web,Canada,Ontario,(direct),(none),0.0,25,6,purchase
3724609.1600302008,6642984629,2020-11-15,1,0,0,0,0,0,desktop,Web,China,(not set),<Other>,referral,0.0,1,1,session_only
9340265.7434436378,8113403798,2021-01-17,1,0,0,0,0,0,mobile,iOS,Canada,Quebec,<Other>,referral,0.0,1,1,session_only
59364236.3501978811,3679754256,2021-01-04,1,0,0,0,0,0,mobile,Web,United States,Virginia,google,organic,0.0,1,1,session_only
2222014.0610863435,1182614210,2021-01-14,1,0,0,0,0,0,desktop,Windows,Hong Kong,(not set),shop.googlemerchandisestore.com,referral,0.0,1,1,session_only
3200576.6010249056,3047358472,2021-01-30,0,1,1,1,1,1,mobile,Android,Norway,(not set),shop.googlemerchandisestore.com,referral,0.0,14,6,purchase
5475289.6893517332,4113827062,2020-12-26,1,1,0,0,0,0,mobile,Web,Canada,Ontario,<Other>,referral,0.0,2,2,view_item
3724395.4355931891,6425018271,2020-12-22,1,0,0,0,0,0,desktop,Web,Canada,Ontario,google,organic,0.0,1,1,session_only
2968086.6626564548,9567793309,2020-12-05,1,1,1,0,0,0,desktop,Windows,United States,California,google,cpc,0.0,4,3,add_to_cart
28221651.6949104993,3324258529,2021-01-24,1,0,0,0,0,0,desktop,Web,United States,California,google,organic,0.0,1,1,session_only
35096777.1530717049,407843084,2021-01-23,1,1,0,0,0,0,desktop,Web,United States,Florida,google,cpc,0.0,4,2,view_item
52993683.9914657240,4728975579,2020-11-06,1,0,0,0,0,0,desktop,Web,India,Tamil Nadu,google,organic,0.0,1,1,session_only
9100788.0533561233,2590808412,2020-11-27,1,0,0,0,0,0,tablet,Android,United States,Massachusetts,google,cpc,0.0,1,1,session_only
7033424.8201185073,6001788331,2020-11-19,1,0,0,0,0,0,mobile,Android,China,Shanghai,google,organic,0.0,1,1,session_only
7676353.1742526375,7100022989,2021-01-08,1,0,0,0,0,0,desktop,Web,United States,Georgia,google,organic,0.0,1,1,session_only
6058971.5818911037,2868651390,2020-11-13,1,0,0,0,0,0,desktop,<Other>,Lithuania,Vilnius County,<Other>,<Other>,0.0,1,1,session_only
5825341.0661519652,7825187233,2020-11-23,1,0,0,0,0,0,desktop,Web,United States,California,<Other>,referral,0.0,1,1,session_only
25126802.6061322203,2577641518,2021-01-13,1,0,0,0,0,0,mobile,Android,United States,Ohio,(direct),(none),0.0,1,1,session_only
53570261.8131792405,4342182835,2021-01-07,1,1,1,0,0,0,mobile,Web,Germany,Baden-Wurttemberg,(direct),(none),0.0,27,3,add_to_cart
50168082.8967124218,1429844999,2020-12-24,1,1,1,1,1,1,mobile,Web,United States,Kentucky,<Other>,<Other>,0.0,11,6,purchase
18328993.0182140971,6389597324,2020-11-06,1,1,0,0,0,0,mobile,Web,Romania,(not set),<Other>,<Other>,0.0,2,2,view_item
8445368.2229027101,9318983849,2020-12-25,1,0,0,0,0,0,mobile,Web,Taiwan,Taipei City,<Other>,referral,0.0,1,1,session_only
85165081.1065202137,5442518558,2020-12-19,1,0,0,0,0,0,desktop,Web,United States,Florida,<Other>,<Other>,0.0,1,1,session_only
88156092.8192006602,9934754136,2020-12-20,1,0,0,0,0,0,mobile,Android,United States,California,shop.googlemerchandisestore.com,referral,0.0,1,1,session_only
51496820.7568350249,1913514603,2021-01-09,1,1,0,0,0,0,desktop,Web,Canada,Quebec,google,organic,0.0,2,2,view_item
50078126.5670358988,4390416384,2020-12-27,1,0,0,0,0,0,mobile,Android,United States,Arizona,(direct),(none),0.0,1,1,session_only
1556928.9305705946,7310183473,2020-11-01,1,0,0,0,0,0,mobile,Web,United States,New York,google,organic,0.0,1,1,session_only
7644155580.3915602822,986027770,2020-11-16,1,1,0,1,1,1,mobile,Web,Canada,Quebec,google,organic,0.0,18,6,purchase
3279442.4662387919,9711485915,2021-01-22,1,0,0,0,0,0,mobile,Web,Ukraine,(not set),<Other>,organic,0.0,1,1,session_only
2991225.2405152372,6082899932,2021-01-05,1,0,0,0,0,0,desktop,Web,Japan,Osaka,google,organic,0.0,1,1,session_only
8105033.0772536964,9734042064,2020-11-02,1,0,0,0,0,0,mobile,Android,Canada,Ontario,(direct),(none),0.0,1,1,session_only
69444837.2783530408,3222866169,2020-11-05,1,0,0,0,0,0,desktop,Web,United States,Michigan,shop.googlemerchandisestore.com,referral,0.0,1,1,session_only
7433564.9838484793,6059723925,2021-01-25,1,0,0,0,0,0,mobile,Web,United States,California,google,organic,0.0,1,1,session_only
70008862.6256873914,8491936273,2021-01-30,1,0,0,0,0,0,desktop,Web,Portugal,(not set),google,organic,0.0,1,1,session_only
88270805.9906413342,5960304356,2020-11-14,1,0,0,0,0,0,mobile,Web,South Korea,Seoul,<Other>,referral,0.0,1,1,session_only
23340884.2920611247,2286026867,2021-01-18,1,0,0,0,0,0,desktop,Macintosh,United States,Michigan,google,organic,0.0,1,1,session_only
26769269.2370663570,152359137,2020-12-12,1,0,0,0,0,0,desktop,Web,Australia,New South Wales,<Other>,referral,0.0,1,1,session_only
61215046.8796206752,1480005057,2021-01-16,1,0,0,0,0,0,mobile,Web,China,Zhejiang,google,organic,0.0,1,1,session_only
78657153.7922899179,769402155,2021-01-17,1,0,0,0,0,0,desktop,Macintosh,United States,Minnesota,(direct),(none),0.0,1,1,session_only
8419340.5411570453,6981065238,2021-01-13,1,0,0,0,0,0,desktop,Web,France,Normandy,google,organic,0.0,1,1,session_only
41226615.9692758512,2963215637,2020-12-24,1,0,0,0,0,0,desktop,Macintosh,United States,California,(direct),(none),0.0,1,1,session_only
9093532.3995605799,8331699920,2020-12-29,1,0,0,0,0,0,desktop,Web,United States,Massachusetts,<Other>,referral,0.0,1,1,session_only
89763652.9231605898,6731603913,2020-11-23,1,0,0,0,0,0,desktop,Macintosh,Australia,Victoria,<Other>,organic,0.0,1,1,session_only
8466512.3165163195,2843312542,2020-11-05,1,0,0,0,0,0,mobile,Web,Poland,West Pomeranian Voivodeship,google,cpc,0.0,1,1,session_only
2932346.8881695046,1694838823,2020-11-02,1,0,0,0,0,0,desktop,Web,Canada,Ontario,<Other>,referral,0.0,1,1,session_only
8551523.3074617338,5787816890,2021-01-03,1,0,0,0,0,0,desktop,Web,China,(not set),<Other>,<Other>,0.0,1,1,session_only
29305704.9890775609,8902341951,2020-11-14,1,1,0,0,0,0,desktop,Macintosh,Canada,New Brunswick,shop.googlemerchandisestore.com,referral,0.0,2,2,view_item
14518854.9915230860,9381234520,2020-11-03,1,0,0,0,0,0,mobile,Android,United States,California,<Other>,<Other>,0.0,1,1,session_only
39303403.0350498386,229581513,2021-01-31,1,0,0,0,0,0,mobile,Web,United States,Ohio,(direct),(none),0.0,1,1,session_only
89169562.7137498571,5993321823,2020-11-14,1,1,0,0,0,0,mobile,Android,United States,Illinois,google,cpc,0.0,2,2,view_item
7596412.8536573785,4365735784,2021-01-28,1,0,0,0,0,0,mobile,iOS,United States,Utah,google,organic,0.0,1,1,session_only
36008421.0821148096,2911508631,2020-12-12,1,0,0,0,0,0,mobile,Android,United States,Tennessee,google,cpc,0.0,1,1,session_only
5115614.9477775331,7254733712,2020-11-05,1,0,0,0,0,0,mobile,Android,United States,California,<Other>,<Other>,0.0,1,1,session_only
83758934.8606567658,3905963127,2020-11-15,1,0,0,0,0,0,mobile,Web,Czechia,(not set),<Other>,<Other>,0.0,1,1,session_only
34941647.4914799735,5322383491,2021-01-08,1,0,0,0,0,0,mobile,iOS,United States,New York,google,organic,0.0,1,1,session_only
34794079.2212081244,4130683253,2020-12-19,1,0,0,0,0,0,mobile,Web,India,Uttar Pradesh,google,cpc,0.0,1,1,session_only
9131287.5476909340,7593800330,2021-01-08,1,0,0,0,0,0,mobile,Web,United States,Iowa,<Other>,organic,0.0,1,1,session_only
9602583.9691624130,5851830208,2021-01-25,1,0,0,0,0,0,desktop,Windows,United States,New York,google,organic,0.0,1,1,session_only
6885531.3315335764,5409892232,2020-12-20,1,1,0,0,0,0,desktop,<Other>,Italy,Lazio,(direct),(none),0.0,2,2,view_item
29721487.6359788194,4018386420,2021-01-05,1,0,0,0,0,0,desktop,Web,Switzerland,St. Gallen,<Other>,<Other>,0.0,1,1,session_only
41180894.3678263772,1130984356,2020-11-13,1,0,0,0,0,0,mobile,Web,North Macedonia,(not set),(direct),(none),0.0,1,1,session_only
11819082.3058324495,3556307766,2021-01-25,1,0,0,0,0,0,desktop,Web,South Korea,Gyeonggi-do,google,organic,0.0,1,1,session_only
70485733.2524435052,5385573282,2020-11-08,1,0,0,0,0,0,mobile,Android,Hong Kong,(not set),<Other>,<Other>,0.0,1,1,session_only
5218650241.7328950353,9601873161,2021-01-24,1,0,0,0,0,0,desktop,Windows,United States,Florida,<Other>,referral,0.0,1,1,session_only
17607425.3489651464,8761918561,2021-01-03,1,0,0,0,0,0,desktop,Web,United States,New Jersey,<Other>,<Other>,0.0,1,1,session_only
3843660.5740146911,3645470623,2020-12-26,1,0,0,0,0,0,desktop,Web,United States,New York,google,organic,0.0,1,1,session_only
76107292.6031552561,8497911332,2021-01-13,1,0,0,0,0,0,mobile,iOS,Pakistan,Sindh,(direct),(none),0.0,1,1,session_only
7414131.6714089677,5465837349,2020-12-30,1,0,0,0,0,0,mobile,iOS,United States,New York,google,organic,0.0,1,1,session_only
66463798.6769676403,3987216644,2021-01-07,1,0,0,0,0,0,mobile,Web,United States,California,shop.googlemerchandisestore.com,referral,0.0,1,1,session_only
74703823.6176484211,6041784474,2020-11-03,1,0,0,0,0,0,mobile,Web,United States,Pennsylvania,google,organic,0.0,1,1,session_only
59730851.1475504124,7310339276,2021-01-31,1,1,0,0,0,0,desktop,Windows,United States,Missouri,<Other>,<Other>,0.0,2,2,view_item
68703836.2333482446,9667781195,2020-11-19,1,0,0,0,0,0,desktop,Web,United States,Michigan,(direct),(none),0.0,1,1,session_only
90556778.7685003851,9633538746,2021-01-24,1,0,0,0,0,0,desktop,Web,United States,California,<Other>,organic,0.0,1,1,session_only
4184381.7233890660,6942808221,2020-11-14,1,0,0,0,0,0,desktop,Web,United States,California,shop.googlemerchandisestore.com,referral,0.0,1,1,session_only
65070350.8854174161,5938462319,2021-01-01,1,0,0,0,0,0,tablet,iOS,Mexico,Mexico City,<Other>,referral,0.0,1,1,session_only
50605235.7329007575,1842785055,2021-01-18,1,0,0,0,0,0,desktop,Windows,United States,Utah,<Other>,<Other>,0.0,1,1,session_only
13941386.4423911523,5546639510,2020-12-31,1,0,0,0,0,0,desktop,Web,United States,Ohio,google,organic,0.0,1,1,session_only
8480452.7649930901,4276392927,2020-12-31,1,0,0,0,0,0,mobile,Web,United States,California,google,cpc,0.0,1,1,session_only
9187742.5514137548,6985500225,2020-11-05,1,1,0,0,0,0,desktop,Web,Canada,Ontario,(direct),(none),0.0,2,2,view_item
70245450.5065751466,4024832594,2020-12-31,1,0,0,0,0,0,mobile,Web,Spain,Castile and Leon,shop.googlemerchandisestore.com,referral,0.0,1,1,session_only
24851556.8621093233,6140980781,2020-11-13,1,1,0,0,0,0,mobile,Web,Japan,Saitama,(direct),(none),0.0,2,2,view_item
2168014.8597886535,940430957,2020-11-13,1,0,0,0,0,0,desktop,Web,United States,Texas,(direct),(none),0.0,1,1,session_only
36342934.1053894040,2982175737,2020-11-21,1,0,0,0,0,0,mobile,iOS,United States,California,google,organic,0.0,1,1,session_only
10889877.8563771210,1184449844,2021-01-11,1,0,0,0,0,0,mobile,iOS,United States,Massachusetts,google,organic,0.0,1,1,session_only
7433992.4386173698,7160013779,2021-01-03,1,0,0,0,0,0,mobile,Web,Brazil,State of Sao Paulo,<Other>,referral,0.0,1,1,session_only
6802741.1854491749,2429541007,2021-01-11,1,0,0,0,0,0,mobile,Web,United Kingdom,England,google,organic,0.0,1,1,session_only
69590100.7200701116,4354735639,2020-11-07,1,1,0,0,0,0,desktop,Windows,Canada,New Brunswick,<Other>,organic,0.0,4,2,view_item
2245003.8317534614,2194041670,2021-01-19,1,0,0,0,0,0,mobile,Android,United States,Georgia,<Other>,referral,0.0,1,1,session_only
1142217.6286896603,6552386447,2020-11-14,1,1,0,0,0,0,mobile,Web,United States,Virginia,(direct),(none),0.0,2,2,view_item
38371437.2412386439,7235949819,2021-01-05,1,0,0,0,0,0,mobile,iOS,United States,New York,(direct),(none),0.0,1,1,session_only
3246349.5729241751,9032973226,2021-01-17,1,0,0,0,0,0,desktop,Web,Canada,British Columbia,<Other>,<Other>,0.0,1,1,session_only
68697405.8028401591,9122379297,2020-12-20,1,0,0,0,0,0,mobile,Android,Lithuania,Vilnius County,google,organic,0.0,1,1,session_only
40612841.7863213193,4765686559,2021-01-05,1,0,0,0,0,0,desktop,Web,United States,Virginia,(direct),(none),0.0,1,1,session_only
5523332.0138338676,7491516219,2021-01-12,1,0,0,0,0,0,mobile,iOS,India,Haryana,google,organic,0.0,1,1,session_only
5948940485.3497865221,3947768606,2020-11-01,1,1,0,0,0,0,mobile,Android,United States,Massachusetts,shop.googlemerchandisestore.com,referral,0.0,2,2,view_item
5960152.2270602546,9332361513,2020-11-21,1,0,0,0,0,0,desktop,Windows,Greece,Attica,<Other>,referral,0.0,1,1,session_only
32638801.6111559322,3060043132,2020-11-03,1,0,0,0,0,0,desktop,Web,United States,Virginia,<Other>,<Other>,0.0,1,1,session_only
68127009.8306217786,485136098,2020-11-07,1,0,0,0,0,0,desktop,Web,United States,Colorado,google,organic,0.0,1,1,session_only
46574324.9683380755,1913386074,2021-01-04,1,1,0,1,1,0,desktop,Web,India,Delhi,<Other>,referral,0.0,9,5,add_payment
5913248.4085121546,24994887,2021-01-29,1,1,1,1,1,1,mobile,iOS,Finland,Uusimaa,google,organic,4.2,8,6,purchase
30513558.7264635897,4930587046,2021-01-05,1,1,0,0,0,0,desktop,Windows,Turkey,Istanbul,(direct),(none),0.0,2,2,view_item
44440901.7300725884,4330110665,2021-01-28,1,0,0,0,0,0,desktop,Web,China,Guangdong Province,google,cpc,0.0,1,1,session_only
4445506.2883890406,2436603124,2020-12-24,1,1,0,0,0,0,desktop,Macintosh,Portugal,(not set),google,organic,0.0,2,2,view_item
66845604.0260709177,3453070430,2021-01-17,1,0,0,0,0,0,desktop,Web,India,Uttar Pradesh,<Other>,<Other>,0.0,1,1,session_only
8053391.2623231747,3424723599,2021-01-04,1,0,0,0,0,0,mobile,Web,United States,Florida,google,organic,0.0,1,1,session_only
6462876.4310834862,2090631125,2020-11-21,1,0,0,0,0,0,mobile,Web,United States,Michigan,(direct),(none),0.0,1,1,session_only
18522010.8560259163,3684087009,2021-01-24,1,0,0,0,0,0,desktop,Web,United States,New Hampshire,(direct),(none),0.0,1,1,session_only
2639026784.0676701676,6065382472,2021-01-29,1,0,0,0,0,0,mobile,Web,United States,California,<Other>,referral,0.0,1,1,session_only
7745171.4890537643,5988463862,2021-01-25,1,0,0,0,0,0,desktop,Windows,United States,Maryland,(direct),(none),0.0,1,1,session_only
40761168.3334594960,7894467093,2021-01-17,1,1,1,0,0,0,mobile,Android,United States,California,google,organic,0.0,7,3,add_to_cart
6061374.2253267975,6666929655,2020-12-24,1,0,0,0,0,0,mobile,Web,Canada,Quebec,<Other>,referral,0.0,1,1,session_only
63361083.5331710883,4920241058,2020-11-27,1,1,1,1,0,0,desktop,Web,Thailand,Bangkok,(direct),(none),0.0,6,4,begin_checkout
43400897.1573931490,7781677309,2020-11-14,1,0,0,0,0,0,mobile,Web,United States,Michigan,google,cpc,0.0,1,1,session_only
63903181.1086396128,9894413538,2020-12-20,1,0,0,0,0,0,desktop,Windows,China,Beijing,<Other>,referral,0.0,1,1,session_only
11605290.3923471720,4663295162,2020-11-03,1,0,0,0,0,0,tablet,Web,United States,Illinois,(direct),(none),0.0,1,1,session_only
53523131.0018880031,3381601319,2021-01-19,1,0,0,0,0,0,desktop,Windows,India,Rajasthan,shop.googlemerchandisestore.com,referral,0.0,1,1,session_only
7984689.2593508343,480052814,2020-11-08,1,1,0,1,0,0,mobile,Android,United States,Texas,google,organic,0.0,61,4,begin_checkout
52862856.2554999204,1709741451,2021-01-21,1,1,1,1,1,1,desktop,Web,United Arab Emirates,(not set),shop.googlemerchandisestore.com,referral,0.0,22,6,purchase
7024121.0371146241,3297772300,2021-01-11,1,0,0,0,0,0,desktop,Web,India,Rajasthan,(direct),(none),0.0,1,1,session_only
91311869.3028740451,2871546821,2021-01-13,1,0,0,0,0,0,desktop,Web,Canada,Alberta,(direct),(none),0.0,1,1,session_only
2293625.2129319503,1202521703,2021-01-23,1,1,0,0,0,0,mobile,Web,Mexico,(not set),<Other>,<Other>,0.0,2,2,view_item
2210886237.5274906655,9046227557,2020-11-05,1,0,0,0,0,0,mobile,Web,United States,California,google,organic,0.0,1,1,session_only
19540677.0971577615,4967728366,2021-01-10,1,0,0,0,0,0,desktop,Web,China,Guangdong Province,(direct),(none),0.0,1,1,session_only
6564796.1290041020,8187092813,2020-11-12,1,1,0,1,1,1,desktop,Web,United States,Texas,google,organic,0.0,22,6,purchase
3323449.9478110227,7681424974,2020-11-18,1,0,0,0,0,0,desktop,Web,Canada,Ontario,<Other>,<Other>,0.0,1,1,session_only
4064709.6809185036,8825956749,2020-11-21,1,1,0,0,0,0,desktop,Windows,Russia,(not set),google,organic,0.0,7,2,view_item
1466615.7002804722,5924393436,2020-11-23,1,1,0,0,0,0,desktop,Web,United States,New York,shop.googlemerchandisestore.com,referral,0.0,4,2,view_item
7820616.9912864147,7902376576,2021-01-02,1,0,0,0,0,0,desktop,Windows,India,Maharashtra,google,cpc,0.0,1,1,session_only
7384530.0369884061,6687670918,2021-01-12,1,0,0,0,0,0,desktop,Web,Turkey,(not set),google,organic,0.0,1,1,session_only
54703056.6570723173,3806652947,2021-01-29,1,0,0,0,0,0,desktop,Web,India,Uttar Pradesh,google,organic,0.0,1,1,session_only
35862721.9988627980,3189715756,2020-11-24,1,1,0,1,1,1,desktop,Windows,United States,Tennessee,(direct),(none),80.48,29,6,purchase
26565252.5171779760,5550787846,2020-11-07,1,1,0,0,0,0,desktop,Web,United States,California,<Other>,referral,0.0,2,2,view_item
87572619.7896878606,7167460884,2021-01-02,1,0,0,0,0,0,desktop,Windows,United States,Wisconsin,google,organic,0.0,1,1,session_only
24880117.9514379811,387783584,2020-11-02,1,0,0,0,0,0,mobile,Web,United States,Illinois,shop.googlemerchandisestore.com,referral,0.0,1,1,session_only
7580278.4231956908,6078602141,2020-11-23,1,1,0,1,1,1,desktop,Web,United States,California,google,organic,112.6,11,6,purchase
6080877.8085762728,7218428480,2020-11-28,1,1,1,1,1,1,mobile,Android,United States,Illinois,<Other>,referral,22.72,12,6,purchase
1375315408.3896331669,7834746781,2021-01-09,1,0,0,0,0,0,mobile,Web,United States,Florida,shop.googlemerchandisestore.com,referral,0.0,1,1,session_only
28081388.2204467334,8225341403,2020-11-24,1,1,0,0,0,0,mobile,Web,United States,Missouri,google,organic,0.0,15,2,view_item
62256850.6727016840,4001201539,2021-01-30,1,1,0,0,0,0,desktop,Web,Turkey,Istanbul,(direct),(none),0.0,2,2,view_item
87890742.3110547124,9542277220,2021-01-24,1,1,1,0,0,0,desktop,Windows,Nigeria,Lagos,(direct),(none),0.0,3,3,add_to_cart
6532524.0638215909,2940575048,2021-01-28,1,0,0,0,0,0,desktop,Web,United States,New York,<Other>,referral,0.0,1,1,session_only
3577806.2578587674,4111829988,2020-12-23,1,1,1,1,1,1,mobile,iOS,United States,California,google,organic,0.0,18,6,purchase
26251645.3864259290,2568791926,2020-12-19,1,1,0,0,0,0,desktop,Web,(not set),(not set),shop.googlemerchandisestore.com,referral,0.0,4,2,view_item
4051920.8414756062,4220712782,2020-12-20,1,0,0,0,0,0,desktop,Windows,India,Kerala,google,organic,0.0,1,1,session_only
15777523.2078089414,8003850251,2021-01-24,1,0,0,0,0,0,mobile,Web,United States,Missouri,(direct),(none),0.0,1,1,session_only
11979747.9147719399,5812048045,2020-11-21,1,0,0,0,0,0,desktop,Web,Greece,Attica,(data deleted),(data deleted),0.0,1,1,session_only
2330556.9474606268,5780498745,2020-11-22,1,0,0,0,0,0,desktop,Web,Indonesia,Banten,google,organic,0.0,1,1,session_only
11928713.8459334287,9117494692,2021-01-28,1,1,0,0,0,0,desktop,Web,United States,Maryland,shop.googlemerchandisestore.com,referral,0.0,2,2,view_item
67814725.8643462554,2375537740,2021-01-05,1,0,0,0,0,0,desktop,Macintosh,India,Maharashtra,<Other>,referral,0.0,1,1,session_only
1761509.9544512743,429213701,2021-01-26,1,0,0,0,0,0,mobile,Android,United States,Massachusetts,(direct),(none),0.0,1,1,session_only
52999802.3362307637,8407446651,2020-11-14,1,0,0,0,0,0,desktop,Web,Germany,North Rhine-Westphalia,<Other>,referral,0.0,1,1,session_only
37493575.0376020341,9959466500,2020-12-19,1,1,1,1,1,1,desktop,Web,India,Maharashtra,google,organic,20.8,21,6,purchase
65698283.3293956591,1083443005,2020-11-09,1,1,0,0,0,0,mobile,iOS,United States,Colorado,shop.googlemerchandisestore.com,referral,0.0,9,2,view_item
4690776.4482273006,9730045645,2021-01-17,1,0,0,0,0,0,desktop,Web,Canada,Ontario,google,organic,0.0,1,1,session_only
2312250.1284076583,2345173296,2021-01-28,1,0,0,0,0,0,desktop,Windows,United States,South Carolina,<Other>,<Other>,0.0,1,1,session_only
2141181.9030327417,1554628145,2021-01-12,1,0,0,0,0,0,mobile,iOS,United States,Texas,google,organic,0.0,1,1,session_only
7419666.1209098726,4838193749,2021-01-10,1,0,0,0,0,0,mobile,iOS,United States,Louisiana,google,organic,0.0,1,1,session_only
46445511.0695154618,2559439028,2020-12-20,1,0,0,0,0,0,mobile,Web,United States,New York,google,organic,0.0,1,1,session_only
82315666.5350244728,316859733,2020-11-02,1,0,0,0,0,0,desktop,<Other>,United States,Texas,google,organic,0.0,1,1,session_only
12431213.6816909034,5882499668,2021-01-22,1,1,1,0,0,0,desktop,Web,United States,California,(direct),(none),0.0,3,3,add_to_cart
6807457.4689336581,668151554,2021-01-19,1,0,0,0,0,0,mobile,Web,Canada,Quebec,<Other>,referral,0.0,1,1,session_only
25431816.1634878481,5328006921,2020-11-13,1,0,0,0,0,0,desktop,Web,China,Guangdong Province,shop.googlemerchandisestore.com,referral,0.0,1,1,session_only
4750357.5574165908,2288278431,2020-12-24,1,0,0,0,0,0,mobile,iOS,United States,Colorado,<Other>,referral,0.0,1,1,session_only
44859903.4634689416,33004003,2021-01-24,1,0,0,0,0,0,desktop,Windows,United States,New York,google,organic,0.0,1,1,session_only
56110190.2206479626,8448300369,2020-11-08,1,1,0,1,1,1,desktop,Windows,United States,Tennessee,(data deleted),(data deleted),81.5,61,6,purchase
33893132.0346772829,9922284376,2020-11-08,1,0,0,0,0,0,desktop,<Other>,United States,Virginia,(data deleted),(data deleted),0.0,1,1,session_only
8020703.5676950101,6713770260,2021-01-02,1,0,0,0,0,0,desktop,Windows,Jordan,Amman Governorate,google,organic,0.0,1,1,session_only
83916811.6707432425,1769967215,2021-01-08,1,1,0,0,0,0,mobile,Web,United Kingdom,England,google,organic,0.0,2,2,view_item
47894146.2659616054,3357862572,2021-01-25,1,1,0,0,0,0,tablet,Web,Spain,Valencian Community,google,organic,0.0,2,2,view_item
29343010.8691658657,6000887313,2020-11-01,1,1,0,0,0,0,mobile,iOS,France,Ile-de-France,google,cpc,0.0,5,2,view_item
3560787.5173793356,5085159920,2021-01-23,1,0,0,0,0,0,mobile,Android,United States,Connecticut,google,organic,0.0,1,1,session_only
2048289.6396881482,4921773064,2021-01-21,1,0,0,0,0,0,desktop,Web,Turkey,Istanbul,(direct),(none),0.0,1,1,session_only
90550579.9780541595,9079813900,2021-01-12,1,0,0,0,0,0,mobile,iOS,Spain,Andalusia,google,organic,0.0,1,1,session_only
6314967.8772173324,1558936654,2020-12-23,1,1,0,1,1,1,desktop,Web,Nigeria,Lagos,google,organic,54.4,16,6,purchase
3873599.0193370960,8139586528,2021-01-12,1,1,0,0,0,0,mobile,iOS,Canada,Ontario,google,organic,0.0,3,2,view_item
48443936.9844614715,808212868,2020-11-03,1,0,0,0,0,0,desktop,Windows,Puerto Rico,(not set),(direct),(none),0.0,1,1,session_only
4631429.4147708733,5507465591,2020-11-24,1,0,0,0,0,0,mobile,Web,United States,Indiana,(direct),(none),0.0,1,1,session_only
68084848.5798562159,8862265467,2020-11-24,1,0,0,0,0,0,desktop,Windows,United States,California,shop.googlemerchandisestore.com,referral,0.0,1,1,session_only
76059639.3059955122,3089841510,2020-11-23,1,0,0,0,0,0,desktop,Web,Singapore,(not set),shop.googlemerchandisestore.com,referral,0.0,1,1,session_only
57674315.3412672406,2096622192,2020-11-05,1,0,0,0,0,0,mobile,Web,China,(not set),(direct),(none),0.0,1,1,session_only
23568589.2559038644,345391065,2021-01-10,1,1,0,0,0,0,desktop,Web,Mexico,(not set),google,organic,0.0,4,2,view_item
90369643.2814094345,8352404690,2021-01-30,1,0,0,0,0,0,desktop,Web,Morocco,Casablanca-Settat,google,organic,0.0,1,1,session_only
58706124.3594425411,7057414406,2021-01-30,1,1,0,0,0,0,desktop,Web,United States,California,(direct),(none),0.0,2,2,view_item
8965679024.3331613745,592073598,2020-11-19,1,1,0,0,0,0,desktop,Web,Denmark,Capital Region of Denmark,(direct),(none),0.0,10,2,view_item
1298335.4547768618,7128370124,2021-01-24,1,0,0,0,0,0,mobile,Web,United States,Florida,(direct),(none),0.0,1,1,session_only
7284820.8588731831,4566872905,2021-01-03,1,0,0,0,0,0,desktop,Web,Slovakia,(not set),<Other>,referral,0.0,1,1,session_only
3062116.6231713584,5239967316,2020-11-18,1,0,0,0,0,0,tablet,iOS,United States,North Carolina,google,organic,0.0,1,1,session_only
2743816.5026208681,2865490108,2020-12-05,1,0,0,0,0,0,mobile,iOS,India,Tamil Nadu,google,organic,0.0,1,1,session_only
7302535.7789729457,727719507,2021-01-17,1,1,1,1,1,0,desktop,Web,Australia,New South Wales,(direct),(none),0.0,12,5,add_payment
3848714.6816215823,2020774931,2021-01-26,1,0,0,0,0,0,mobile,Web,United States,Pennsylvania,shop.googlemerchandisestore.com,referral,0.0,1,1,session_only
71840844.1071904695,1421352588,2021-01-29,1,1,1,1,1,1,desktop,Web,United States,Texas,<Other>,referral,0.0,11,6,purchase
2902147.6858727704,845907679,2021-01-08,1,1,0,0,0,0,mobile,iOS,Israel,Tel Aviv District,google,organic,0.0,2,2,view_item
3184999.1722532044,6705873780,2021-01-14,1,0,0,0,0,0,mobile,Web,(not set),(not set),google,organic,0.0,1,1,session_only
56353624.7929857932,6871464203,2020-12-29,1,0,0,0,0,0,desktop,Windows,Canada,Ontario,google,organic,0.0,1,1,session_only
6406174.6400107326,5414993550,2020-12-22,1,0,0,0,0,0,mobile,Android,Egypt,(not set),shop.googlemerchandisestore.com,referral,0.0,1,1,session_only
21230045.5102575442,5733380821,2020-11-12,1,1,0,0,0,0,desktop,Web,United States,California,google,organic,0.0,3,2,view_item
6584113.7377528739,618903474,2021-01-12,1,0,0,0,0,0,mobile,Web,Mexico,Quintana Roo,google,cpc,0.0,1,1,session_only
80099261.3426524420,7850425965,2020-12-05,1,1,1,1,1,1,mobile,Android,Mexico,(not set),google,organic,51.839999999999996,83,6,purchase
81342463.3574639711,9175900015,2021-01-29,1,0,0,0,0,0,desktop,Windows,France,Grand Est,<Other>,referral,0.0,1,1,session_only
51931649.6153324056,9441647739,2020-11-27,1,1,0,0,0,0,desktop,Web,United States,Virginia,<Other>,referral,0.0,2,2,view_item
69248231.6018599534,3053167445,2020-11-16,1,1,0,0,0,0,desktop,Windows,Canada,Ontario,(data deleted),(data deleted),0.0,2,2,view_item
7576251.4223313153,512302671,2021-01-04,1,0,0,0,0,0,desktop,Web,United States,Texas,google,organic,0.0,1,1,session_only
51529139.8697183502,5062021318,2020-12-31,1,0,0,0,0,0,desktop,Web,United States,Georgia,(direct),(none),0.0,1,1,session_only
5840403.0659535064,9005731424,2020-11-02,1,0,0,0,0,0,desktop,Macintosh,United Kingdom,England,google,cpc,0.0,1,1,session_only
3257619.7439730148,8036294430,2020-12-13,1,0,0,0,0,0,desktop,Windows,United States,Montana,<Other>,referral,0.0,1,1,session_only
25548424.2501168282,1927658773,2020-11-24,1,1,0,0,0,0,desktop,<Other>,United Kingdom,England,google,cpc,0.0,3,2,view_item
5063617.9203089652,8308483743,2020-12-22,1,0,0,0,0,0,desktop,Windows,Singapore,(not set),<Other>,<Other>,0.0,1,1,session_only
4804944.3091129746,8698157015,2021-01-02,1,0,0,0,0,0,desktop,Web,United States,California,google,organic,0.0,1,1,session_only
3835025.3007062178,1018838364,2021-01-08,1,0,0,0,0,0,desktop,Macintosh,United States,Texas,google,cpc,0.0,1,1,session_only
67022338.3828594239,9570554443,2020-11-28,1,0,0,0,0,0,desktop,Web,United States,New York,google,organic,0.0,1,1,session_only
3056927.8375951035,7591440056,2021-01-05,1,1,1,1,1,1,desktop,Web,United States,New York,<Other>,referral,60.8,19,6,purchase
3709208.5652180806,1927560654,2020-11-07,1,0,0,0,0,0,mobile,Android,United States,Arizona,shop.googlemerchandisestore.com,referral,0.0,1,1,session_only
33261089.4818039045,969905684,2021-01-28,0,1,0,0,0,0,desktop,Macintosh,Turkey,Istanbul,(data deleted),(data deleted),0.0,1,2,view_item
40857273.2556345634,5346144080,2020-11-12,1,1,0,0,0,0,mobile,Android,United States,Illinois,google,organic,0.0,2,2,view_item
65626036.2927042638,4314642736,2021-01-18,1,0,0,0,0,0,desktop,Macintosh,United States,North Carolina,<Other>,<Other>,0.0,1,1,session_only
4481657.1614725296,198649636,2021-01-30,1,1,0,0,0,0,desktop,Web,United States,Georgia,google,organic,0.0,25,2,view_item
3008670.3250240015,2229943136,2020-12-13,1,1,1,1,1,1,desktop,Web,United States,Georgia,google,organic,72.8,33,6,purchase
76658773.6279871477,2837357409,2020-11-26,1,1,0,0,0,0,mobile,iOS,United States,California,(direct),(none),0.0,2,2,view_item
4298288178.7454493938,6652855149,2020-11-09,1,0,0,0,0,0,tablet,Android,Canada,Ontario,(direct),(none),0.0,1,1,session_only
39659108.7575276641,7201443589,2021-01-23,1,0,0,0,0,0,desktop,Web,United States,New Jersey,<Other>,<Other>,0.0,1,1,session_only
23502471.1924698502,131092821,2020-12-05,1,0,0,0,0,0,mobile,Web,United States,Washington,google,organic,0.0,1,1,session_only
44957561.8350067959,3445281275,2021-01-05,1,1,1,0,0,0,desktop,Web,United Arab Emirates,Dubai,<Other>,<Other>,0.0,3,3,add_to_cart
1620024.8966870933,3062698547,2020-12-13,1,0,0,0,0,0,desktop,Web,South Africa,Western Cape,google,cpc,0.0,1,1,session_only
