user_pseudo_id,session_id,event_date,session_start,viewed_item,added_to_cart,began_checkout,added_payment,converted,device_category,os,country,region,traffic_source,traffic_medium,session_revenue,event_count,max_funnel_stage,funnel_stage_label
7645479.1054478300,8983532708,2020-11-14,1,0,0,0,0,0,desktop,Web,United States,Idaho,(direct),(none),0.0,1,1,session_only
4522856.7550224780,2856055636,2020-11-22,1,0,0,0,0,0,desktop,Web,United States,California,(direct),(none),0.0,1,1,session_only
56554105.5357257443,7810261019,2021-01-29,1,0,0,0,0,0,desktop,Macintosh,United States,California,google,cpc,0.0,1,1,session_only
91904900.2748562602,9193254547,2021-01-23,1,0,0,0,0,0,desktop,Macintosh,China,Guangdong Province,<Other>,<Other>,0.0,1,1,session_only
2767257.5526480639,7888198954,2021-01-22,1,0,0,0,0,0,desktop,Windows,United States,New York,(direct),(none),0.0,1,1,session_only
56631052.6992391941,9481112136,2021-01-02,1,0,0,0,0,0,desktop,Windows,United States,California,<Other>,referral,0.0,1,1,session_only
7186879.8446139395,9534034009,2020-11-02,1,1,0,1,1,1,desktop,Web,India,Delhi,google,organic,65.68,16,6,purchase
16781365.5167027314,4085441289,2021-01-21,1,1,1,1,1,1,desktop,Windows,France,Nouvelle-Aquitaine,google,organic,86.88,49,6,purchase
26367969.8356305669,5565957172,2021-01-05,1,0,0,0,0,0,mobile,iOS,United States,New Hampshire,(direct),(none),0.0,1,1,session_only
9177515.4527676278,1460591471,2021-01-23,1,0,0,0,0,0,desktop,Web,India,Rajasthan,(direct),(none),0.0,1,1,session_only
3368811.1726449705,7002161505,2021-01-21,1,0,0,0,0,0,desktop,Web,(not set),(not set),<Other>,<Other>,0.0,1,1,session_only
48944371.5956629677,2102963335,2020-12-20,1,0,0,0,0,0,mobile,Web,United States,Virginia,google,organic,0.0,1,1,session_only
3018471.2187154322,5960062788,2020-12-29,1,1,1,1,1,1,desktop,Web,India,Rajasthan,shop.googlemerchandisestore.com,referral,0.0,49,6,purchase
84281455.0459300460,3787514523,2020-12-22,1,0,0,0,0,0,mobile,Web,Germany,Berlin,google,organic,0.0,1,1,session_only
8652669.2146779515,6331085925,2021-01-21,1,0,0,0,0,0,desktop,Windows,Spain,Madrid,<Other>,(data deleted),0.0,1,1,session_only
56925108.3925068213,6256472254,2021-01-05,1,1,0,0,0,0,desktop,Web,Spain,Madrid,<Other>,referral,0.0,2,2,view_item
4104297.1829009684,5977382671,2021-01-07,1,0,0,0,0,0,mobile,Android,Taiwan,Taipei City,google,cpc,0.0,1,1,session_only
8719132.4501644786,9088481076,2021-01-06,1,0,0,0,0,0,desktop,Web,Romania,Bucharest,<Other>,referral,0.0,1,1,session_only
1852882.2812416843,3436216964,2021-01-23,1,1,1,1,1,1,mobile,iOS,United States,Texas,(direct),(none),99.2,30,6,purchase
7211118.9409855231,7107982078,2021-01-11,1,1,1,0,0,0,desktop,Macintosh,India,Delhi,google,organic,0.0,9,3,add_to_cart
74754756.0674183963,1944904731,2020-12-20,1,0,0,0,0,0,mobile,iOS,India,Uttar Pradesh,(direct),(none),0.0,1,1,session_only
5939250.1961581656,5278063680,2020-11-06,1,0,0,0,0,0,desktop,Web,Mexico,(not set),google,organic,0.0,1,1,session_only
5216927.8839667836,893449874,2021-01-03,1,0,0,0,0,0,desktop,Web,United States,West Virginia,google,organic,0.0,1,1,session_only
84438904.2078020909,7712568419,2021-01-07,1,0,0,0,0,0,tablet,Web,China,(not set),(direct),(none),0.0,1,1,session_only
8345034.4317979946,8083080826,2020-11-16,1,0,0,0,0,0,desktop,Web,Taiwan,New Taipei City,google,organic,0.0,1,1,session_only
42729368.3942046129,1372943683,2021-01-03,1,0,0,0,0,0,mobile,Web,France,Ile-de-France,google,organic,0.0,1,1,session_only
6665644.4894147625,910897203,2021-01-06,1,0,0,0,0,0,mobile,iOS,Vietnam,Hanoi,<Other>,<Other>,0.0,1,1,session_only
72105784.0233596452,9816869587,2021-01-06,1,0,0,0,0,0,mobile,Web,United States,Georgia,google,organic,0.0,1,1,session_only
88936727.5999914670,1788941493,2020-12-08,1,1,1,1,1,0,mobile,iOS,Spain,Madrid,google,organic,0.0,39,5,add_payment
7641997.9578096774,8654657426,2021-01-26,1,0,0,0,0,0,mobile,Web,United States,Illinois,google,cpc,0.0,1,1,session_only
34573129.9247668049,568143431,2020-12-16,1,0,0,0,0,0,desktop,Web,China,Fujian,<Other>,<Other>,0.0,1,1,session_only
1608051.0070501000,3107811179,2020-12-10,1,0,0,0,0,0,desktop,Web,Canada,British Columbia,google,organic,0.0,1,1,session_only
4991327772.3241284021,4372645438,2021-01-30,1,0,0,0,0,0,mobile,iOS,South Korea,Gyeonggi-do,<Other>,referral,0.0,1,1,session_only
30760022.9820198935,7625789758,2020-12-24,1,0,0,0,0,0,desktop,Web,South Korea,(not set),google,cpc,0.0,1,1,session_only
95208228.2126605036,3225866163,2020-12-02,1,0,0,0,0,0,mobile,Android,United States,Florida,shop.googlemerchandisestore.com,referral,0.0,1,1,session_only
14832805.0298601394,594915524,2020-12-30,1,0,0,0,0,0,mobile,Web,United States,California,<Other>,<Other>,0.0,1,1,session_only
13309292.1735139529,9568533433,2020-12-13,1,1,1,1,1,1,mobile,Web,South Africa,Western Cape,(direct),(none),0.0,31,6,purchase
54018196.9942243720,1315130577,2020-11-09,1,0,0,0,0,0,mobile,Android,United States,Kentucky,<Other>,referral,0.0,1,1,session_only
71076182.3768563317,4060582826,2021-01-24,1,0,0,0,0,0,desktop,Macintosh,Malaysia,(not set),(data deleted),(data deleted),0.0,1,1,session_only
8236993.5929886972,9779181262,2020-11-27,1,0,0,0,0,0,desktop,Macintosh,Canada,Ontario,google,organic,0.0,1,1,session_only
7132358.6228292016,4981603824,2020-12-02,1,1,0,0,0,0,desktop,Web,Thailand,Bangkok,(data deleted),(data deleted),0.0,3,2,view_item
28894503.7965195139,9677516688,2020-12-13,1,0,0,0,0,0,mobile,Web,United States,Massachusetts,google,organic,0.0,1,1,session_only
143821237.8450072237,5234959194,2021-01-25,1,0,0,0,0,0,desktop,<Other>,United States,Texas,(direct),(none),0.0,1,1,session_only
48459476.8885028586,9418815778,2021-01-07,1,1,0,0,0,0,desktop,Windows,Greece,Attica,google,organic,0.0,3,2,view_item
35962780.3188274031,4106282759,2020-11-21,1,0,0,0,0,0,mobile,iOS,United States,California,google,organic,0.0,1,1,session_only
5572774684.5698209837,7567874754,2021-01-16,1,1,0,0,0,0,mobile,Web,United States,California,(direct),(none),0.0,3,2,view_item
8059512.6302246541,1935416217,2020-12-25,1,1,0,0,0,0,desktop,Web,Poland,Silesian Voivodeship,google,organic,0.0,3,2,view_item
5444054.0299206594,1968513370,2020-11-09,1,1,0,1,1,1,desktop,Web,United States,California,(direct),(none),22.24,9,6,purchase
8283930.3795908810,8375331421,2020-12-08,1,0,0,0,0,0,desktop,Web,India,Madhya Pradesh,google,organic,0.0,1,1,session_only
3268216.7614097066,7440912731,2021-01-15,1,0,0,0,0,0,desktop,Web,United Kingdom,England,<Other>,referral,0.0,1,1,session_only
4783448022.7117361410,7734714830,2020-11-18,1,0,0,0,0,0,desktop,<Other>,Spain,Andalusia,google,cpc,0.0,1,1,session_only
5977174.8304217464,9490740211,2020-11-22,1,1,0,0,0,0,desktop,Windows,India,Bihar,<Other>,<Other>,0.0,2,2,view_item
15325716.2948928870,1201869066,2021-01-08,1,0,0,0,0,0,mobile,iOS,United States,North Carolina,google,organic,0.0,1,1,session_only
76828975.0653000926,1809380378,2020-11-02,1,1,0,1,0,0,desktop,Web,United States,New York,google,organic,0.0,5,4,begin_checkout
8337143.6133427096,7414882104,2021-01-04,1,0,0,0,0,0,desktop,Windows,Slovenia,Ljubljana,<Other>,organic,0.0,1,1,session_only
551386115.1693559951,1961823598,2020-12-24,1,0,0,0,0,0,tablet,Web,United States,Illinois,<Other>,<Other>,0.0,1,1,session_only
12406842.2143348403,9138761775,2020-11-01,1,1,0,0,0,0,desktop,Web,United States,Virginia,google,organic,0.0,5,2,view_item
59082324.2816085710,8315581246,2021-01-13,1,0,0,0,0,0,mobile,Web,Japan,Saitama,google,organic,0.0,1,1,session_only
68043567.5257754664,1485597061,2020-11-07,1,1,0,0,0,0,mobile,Web,Switzerland,Zurich,google,organic,0.0,2,2,view_item
5928479.2791170847,3747135487,2021-01-25,1,1,1,1,1,1,desktop,Macintosh,Belgium,Flanders,<Other>,referral,0.0,28,6,purchase
23842696.8053963370,5117043909,2020-12-22,1,0,0,0,0,0,desktop,Windows,Canada,Ontario,<Other>,referral,0.0,1,1,session_only
6131516363.6996438385,5806263950,2021-01-02,1,0,0,0,0,0,mobile,iOS,Canada,Manitoba,(direct),(none),0.0,1,1,session_only
42311704.2684007187,4371326543,2021-01-21,1,1,1,0,0,0,desktop,Web,Japan,Tokyo,<Other>,organic,0.0,17,3,add_to_cart
5598225.1109400799,2829309131,2020-12-25,1,0,0,0,0,0,desktop,Web,India,Delhi,<Other>,<Other>,0.0,1,1,session_only
77503837.1358564348,9693781675,2020-11-01,1,0,0,0,0,0,mobile,Web,Mexico,Mexico City,google,organic,0.0,1,1,session_only
7039437.1967631953,6219972743,2021-01-16,1,0,0,0,0,0,desktop,Web,United States,Georgia,<Other>,referral,0.0,1,1,session_only
42915649.7608368130,4101157944,2021-01-09,1,0,0,0,0,0,desktop,Macintosh,Taiwan,Taipei City,shop.googlemerchandisestore.com,referral,0.0,1,1,session_only
6306262.3158414689,6883122433,2020-11-16,1,0,0,0,0,0,desktop,Web,United States,Texas,shop.googlemerchandisestore.com,referral,0.0,1,1,session_only
40995609.9239353975,273190474,2020-11-07,1,1,0,0,0,0,mobile,Web,India,Delhi,google,cpc,0.0,14,2,view_item
93727034.1179461378,4146830467,2020-11-08,1,0,0,0,0,0,desktop,<Other>,United States,North Carolina,<Other>,<Other>,0.0,1,1,session_only
1183914.8293949170,1101664365,2021-01-22,1,0,0,0,0,0,desktop,Windows,United States,California,<Other>,<Other>,0.0,1,1,session_only
1504020.7661034060,231228538,2020-11-15,1,1,0,0,0,0,mobile,Web,Sri Lanka,Western Province,(data deleted),(data deleted),0.0,2,2,view_item
72957336.1004222273,7169712203,2021-01-21,1,1,1,1,1,1,desktop,Macintosh,South Korea,Seoul,(direct),(none),0.0,60,6,purchase
7230566.1748573530,8938450470,2021-01-14,1,0,0,0,0,0,mobile,Android,United States,California,google,organic,0.0,1,1,session_only
55282104.2632011217,9006166482,2021-01-13,1,0,0,0,0,0,desktop,Web,Canada,British Columbia,<Other>,referral,0.0,1,1,session_only
65175239.4152388021,3865729960,2020-11-18,1,0,0,0,0,0,mobile,Web,United Arab Emirates,Dubai,(direct),(none),0.0,1,1,session_only
61285973.2831638591,1010815762,2020-12-10,1,1,0,0,0,0,desktop,Windows,United States,North Carolina,(direct),(none),0.0,2,2,view_item
67388075.6649253327,35652587,2021-01-10,1,0,0,0,0,0,desktop,Web,United States,Indiana,(direct),(none),0.0,1,1,session_only
2366093.6180107622,3994692252,2021-01-06,1,0,0,0,0,0,desktop,Windows,United States,Massachusetts,(data deleted),(data deleted),0.0,1,1,session_only
44705163.2893620480,2711006321,2021-01-18,1,0,0,0,0,0,desktop,Web,United States,Florida,shop.googlemerchandisestore.com,referral,0.0,1,1,session_only
2876583.5568477554,6745042162,2020-12-22,1,1,1,0,0,0,mobile,Android,Taiwan,Taipei City,(direct),(none),0.0,4,3,add_to_cart
78222512.5114977021,6454172046,2021-01-03,1,0,0,0,0,0,desktop,Web,Canada,Quebec,google,organic,0.0,1,1,session_only
7193863.8935424303,4624521486,2021-01-06,1,0,0,0,0,0,desktop,Web,United States,Florida,<Other>,<Other>,0.0,1,1,session_only
74938909.0218564836,9448106757,2021-01-02,1,0,0,0,0,0,desktop,Web,United States,Oregon,google,organic,0.0,1,1,session_only
77236000.2433970745,4511881557,2020-12-24,1,0,0,0,0,0,desktop,Web,Indonesia,(not set),google,cpc,0.0,1,1,session_only
21683663.4440188892,5459550512,2020-12-24,1,1,1,1,1,1,desktop,Web,India,Gujarat,google,cpc,19.92,27,6,purchase
8892929.7909399194,7874498402,2020-12-13,1,0,0,0,0,0,desktop,Web,Ukraine,Kyiv city,<Other>,<Other>,0.0,1,1,session_only
18519284.4917947501,9310925971,2020-12-26,1,0,0,0,0,0,desktop,Web,Spain,(not set),<Other>,<Other>,0.0,1,1,session_only
11035063.5953848749,3657648627,2020-11-22,1,0,0,0,0,0,desktop,Web,United States,Ohio,(direct),(none),0.0,1,1,session_only
54722735.7440769651,3265022600,2021-01-21,1,1,0,0,0,0,mobile,Web,United States,Virginia,(direct),(none),0.0,2,2,view_item
1873433.6864762133,4810335727,2021-01-09,1,1,0,0,0,0,desktop,Windows,United States,North Carolina,google,organic,0.0,3,2,view_item
34360015.5039813275,9929500747,2020-11-14,1,1,0,0,0,0,desktop,<Other>,United States,Massachusetts,(data deleted),(data deleted),0.0,5,2,view_item
7162267.4440496414,8663351289,2021-01-06,1,0,0,0,0,0,desktop,Windows,United States,Pennsylvania,shop.googlemerchandisestore.com,referral,0.0,1,1,session_only
31530904.6052091956,613194957,2020-12-22,1,0,0,0,0,0,desktop,Web,United States,Pennsylvania,google,organic,0.0,1,1,session_only
71230332.1496517484,625335091,2020-11-02,1,0,0,0,0,0,desktop,Web,United States,Ohio,shop.googlemerchandisestore.com,referral,0.0,1,1,session_only
1025092.0321826313,3634231712,2020-12-02,1,1,0,0,0,0,desktop,Web,United Arab Emirates,Dubai,(direct),(none),0.0,2,2,view_item
1160350.0477529859,3991276119,2021-01-29,1,1,1,0,0,0,desktop,Windows,United States,Missouri,<Other>,referral,0.0,17,3,add_to_cart
4132023.4615352106,6163583720,2021-01-24,1,0,0,0,0,0,mobile,Web,Singapore,(not set),(direct),(none),0.0,1,1,session_only
2196663.7754862068,5430829857,2020-12-27,1,0,0,0,0,0,mobile,iOS,South Korea,Seoul,<Other>,<Other>,0.0,1,1,session_only
69515603.8086432782,6030886410,2021-01-21,1,1,1,1,1,1,desktop,Macintosh,Canada,Ontario,(direct),(none),88.48,57,6,purchase
9397545.7933031135,2611219788,2020-11-21,1,1,0,1,1,1,mobile,Web,Macao,(not set),(direct),(none),98.6,12,6,purchase
53833758.4980355905,3387899772,2021-01-14,1,0,0,0,0,0,mobile,iOS,United States,Virginia,(direct),(none),0.0,1,1,session_only
2200672.9284265386,7224861382,2020-11-09,1,0,0,0,0,0,mobile,Web,Japan,Saitama,<Other>,<Other>,0.0,1,1,session_only
23760471.7093102894,9312945377,2020-12-26,1,0,0,0,0,0,desktop,Web,United States,New York,<Other>,referral,0.0,1,1,session_only
5718269.9461125660,2885723338,2021-01-01,1,0,0,0,0,0,desktop,Macintosh,United States,Virginia,<Other>,<Other>,0.0,1,1,session_only
26746685.8092444964,4511631516,2020-12-16,1,0,0,0,0,0,mobile,Android,United States,Washington,<Other>,<Other>,0.0,1,1,session_only
66843239.0427434152,1278312411,2020-11-07,1,1,0,1,0,0,mobile,Android,United States,Minnesota,<Other>,<Other>,0.0,76,4,begin_checkout
86339603.1386313809,9957869571,2020-11-01,1,1,0,0,0,0,mobile,Android,Canada,Ontario,google,organic,0.0,8,2,view_item
83570471.1632632861,3891675141,2020-12-08,1,0,0,0,0,0,mobile,Android,Iraq,(not set),google,cpc,0.0,1,1,session_only
78530815.9457174912,5920327672,2020-11-15,1,0,0,0,0,0,mobile,iOS,United States,New York,<Other>,<Other>,0.0,1,1,session_only
38606741.4196359488,8525506777,2021-01-08,1,0,0,0,0,0,desktop,Windows,United States,Virginia,google,organic,0.0,1,1,session_only
2333315.2717916701,256009752,2021-01-18,1,0,0,0,0,0,mobile,Web,United States,Texas,google,organic,0.0,1,1,session_only
34520045.2822531344,1828758456,2021-01-10,1,1,0,0,0,0,desktop,Web,Portugal,Lisbon,<Other>,<Other>,0.0,4,2,view_item
87675410.4329559996,6782065645,2021-01-06,1,0,0,0,0,0,desktop,Windows,United Kingdom,England,<Other>,organic,0.0,1,1,session_only
2669656.5276416328,8159059258,2020-12-13,1,1,1,1,1,1,mobile,Web,Sri Lanka,Western Province,google,organic,20.8,11,6,purchase
81826319.0971147384,2196702667,2021-01-04,1,0,0,0,0,0,desktop,Macintosh,(not set),(not set),google,organic,0.0,1,1,session_only
3958761.2970072783,1782242528,2021-01-07,1,0,0,0,0,0,desktop,Web,United Kingdom,England,google,organic,0.0,1,1,session_only
92523208.0081845990,9023956052,2021-01-06,1,0,0,0,0,0,desktop,Web,China,(not set),google,organic,0.0,1,1,session_only
21609246.4018297988,850030159,2020-11-22,1,0,0,0,0,0,mobile,Web,France,Nouvelle-Aquitaine,<Other>,referral,0.0,1,1,session_only
71206194.9159332783,4467201519,2020-11-13,1,1,0,1,1,1,desktop,Web,Canada,Newfoundland and Labrador,(direct),(none),0.0,9,6,purchase
6505143.6067858690,9931926769,2020-12-29,1,0,0,0,0,0,desktop,Windows,United States,Nevada,google,cpc,0.0,1,1,session_only
17394622.9293575648,7470781973,2020-11-29,1,0,0,0,0,0,desktop,Macintosh,United Kingdom,England,google,organic,0.0,1,1,session_only
91367625.6825797054,3544758404,2020-11-29,1,0,0,0,0,0,desktop,<Other>,United States,Oregon,google,cpc,0.0,1,1,session_only
35235422.2369022057,7314902263,2021-01-18,1,0,0,0,0,0,mobile,Web,Italy,Lazio,<Other>,referral,0.0,1,1,session_only
8138982.6406215182,227995321,2020-11-03,1,0,0,0,0,0,mobile,Web,Japan,(not set),(data deleted),(data deleted),0.0,1,1,session_only
64292219.9366807643,119783541,2020-11-14,1,1,0,0,0,0,mobile,Web,United States,California,google,organic,0.0,2,2,view_item
91703861.9116351996,9522221754,2020-11-03,1,0,0,0,0,0,desktop,Web,Italy,Lazio,google,organic,0.0,1,1,session_only
57985307.5936727130,4026314687,2020-12-28,1,1,0,1,1,1,desktop,Windows,China,(not set),google,organic,0.0,22,6,purchase
3745369.4691715930,2462565689,2020-11-16,1,0,0,0,0,0,desktop,Web,Canada,Quebec,<Other>,<Other>,0.0,1,1,session_only
71280629.3506389656,3749747418,2020-12-16,1,0,0,0,0,0,desktop,Web,United States,(not set),google,organic,0.0,1,1,session_only
13673990.3343139874,3273376832,2020-12-26,1,0,0,0,0,0,mobile,iOS,Malaysia,Federal Territory of Kuala Lumpur,google,organic,0.0,1,1,session_only
72045112.4341888544,2459588096,2021-01-11,1,0,0,0,0,0,mobile,Android,United Kingdom,England,(direct),(none),0.0,1,1,session_only
6677476.3763521620,3121942730,2020-11-27,1,0,0,0,0,0,mobile,Web,South Korea,Gyeonggi-do,shop.googlemerchandisestore.com,referral,0.0,1,1,session_only
7152106.8242237700,449791724,2021-01-04,1,0,0,0,0,0,desktop,Web,United States,Massachusetts,<Other>,organic,0.0,1,1,session_only
19155284.3201120597,9759357014,2021-01-11,1,0,0,0,0,0,desktop,Web,Peru,(not set),(direct),(none),0.0,1,1,session_only
69174659.0113251587,9387206193,2020-12-06,1,0,0,0,0,0,desktop,Macintosh,United States,Nebraska,<Other>,<Other>,0.0,1,1,session_only
2383216.3446440256,7499322885,2021-01-07,1,0,0,0,0,0,mobile,Web,Denmark,Capital Region of Denmark,google,organic,0.0,1,1,session_only
62366976.5728406142,5854876322,2020-12-05,1,0,0,0,0,0,desktop,Web,India,Maharashtra,(direct),(none),0.0,1,1,session_only
86838912.6388010616,6412854878,2021-01-09,1,0,0,0,0,0,desktop,Web,India,Maharashtra,(direct),(none),0.0,1,1,session_only
4252389749.2055176528,9737655617,2020-11-18,1,0,0,0,0,0,desktop,Web,United States,Florida,(direct),(none),0.0,1,1,session_only
4178332.6189240502,7584393835,2021-01-11,0,1,0,1,0,0,mobile,iOS,South Korea,Gyeongsangbuk-do,<Other>,referral,0.0,16,4,begin_checkout
6578204.1614469741,6250720010,2021-01-16,1,1,1,1,1,1,mobile,Android,United States,Florida,<Other>,referral,170.4,29,6,purchase
678199818.1753616041,9063120789,2020-11-06,1,1,0,0,0,0,desktop,Windows,Canada,New Brunswick,shop.googlemerchandisestore.com,referral,0.0,2,2,view_item
51751819.3987775772,6141567726,2021-01-23,1,0,0,0,0,0,mobile,Android,United States,(not set),<Other>,<Other>,0.0,1,1,session_only
4944518.3179963208,3216754410,2021-01-13,1,0,0,0,0,0,desktop,Web,Pakistan,Sindh,google,organic,0.0,1,1,session_only
20012307.1424727010,450999678,2021-01-26,1,0,0,0,0,0,desktop,Web,United States,Texas,(direct),(none),0.0,1,1,session_only
64074507.2697574859,3902224122,2021-01-10,1,1,0,0,0,0,desktop,Web,United States,Virginia,(data deleted),(data deleted),0.0,10,2,view_item
47827228.0917478260,7769612881,2020-12-10,1,0,0,0,0,0,desktop,Web,India,(not set),<Other>,organic,0.0,1,1,session_only
5850371.7017566977,7087078080,2021-01-22,1,1,0,0,0,0,desktop,Web,United States,New York,shop.googlemerchandisestore.com,referral,0.0,2,2,view_item
6048504.5682285046,1165113219,2021-01-06,1,0,0,0,0,0,desktop,Web,(not set),(not set),google,organic,0.0,1,1,session_only
32776943.4175054199,3454573525,2021-01-23,1,1,1,0,0,0,mobile,Web,United States,Tennessee,<Other>,referral,0.0,5,3,add_to_cart
2216313.0274479385,4155485387,2020-12-08,1,0,0,0,0,0,desktop,Macintosh,Philippines,(not set),<Other>,referral,0.0,1,1,session_only
11244054.2177805414,7919761844,2020-12-10,1,0,0,0,0,0,mobile,iOS,Canada,Quebec,<Other>,<Other>,0.0,1,1,session_only
12523044.3689917470,8994170018,2020-12-16,1,0,0,0,0,0,mobile,Web,Brazil,State of Rio de Janeiro,<Other>,referral,0.0,1,1,session_only
7534419.7933326516,1572119346,2020-11-16,1,1,0,1,1,1,desktop,<Other>,United States,Virginia,(direct),(none),231.2,55,6,purchase
45075393.3422853734,5044552747,2020-11-02,1,0,0,0,0,0,mobile,Web,Russia,(not set),(direct),(none),0.0,1,1,session_only
4881630.7727501991,7862993656,2020-12-29,1,0,0,0,0,0,mobile,Web,Sweden,Skane County,<Other>,<Other>,0.0,1,1,session_only
7711059.8608524985,3951807454,2020-11-09,1,0,0,0,0,0,desktop,Windows,United States,New Jersey,<Other>,referral,0.0,1,1,session_only
56460399.1194105799,5343625656,2021-01-07,0,1,0,1,1,1,mobile,iOS,United States,Florida,google,organic,0.0,12,6,purchase
46963586.1618975548,7218107733,2020-12-05,1,0,0,0,0,0,desktop,Web,Germany,Bavaria,google,organic,0.0,1,1,session_only
17918965.5968192573,6855309516,2020-11-21,1,0,0,0,0,0,desktop,Web,United States,Idaho,(direct),(none),0.0,1,1,session_only
7739968.5970739107,5924403921,2020-11-03,1,0,0,0,0,0,mobile,Web,Germany,(not set),<Other>,<Other>,0.0,1,1,session_only
5431479.7012511942,2858771309,2020-11-03,1,0,0,0,0,0,mobile,Web,United States,Mississippi,google,cpc,0.0,1,1,session_only
2613398.2166675477,1835495519,2020-12-08,1,1,0,1,1,1,mobile,Web,Japan,Tokyo,(direct),(none),0.0,18,6,purchase
89230602.7763637518,6886833860,2020-12-21,1,0,0,0,0,0,desktop,Windows,Canada,Ontario,(direct),(none),0.0,1,1,session_only
27927971.7672281306,596200534,2021-01-18,1,0,0,0,0,0,desktop,Macintosh,United States,California,(direct),(none),0.0,1,1,session_only
46675357.7484909419,3736491168,2021-01-07,1,0,0,0,0,0,mobile,Web,Canada,Quebec,google,organic,0.0,1,1,session_only
71841723.9998203561,3629433933,2020-12-24,1,0,0,0,0,0,mobile,Android,Turkey,Istanbul,google,organic,0.0,1,1,session_only
16734243.4850889785,9682625223,2020-11-18,1,1,0,0,0,0,desktop,Web,United Kingdom,England,shop.googlemerchandisestore.com,referral,0.0,8,2,view_item
56892325.6022498962,2254297272,2021-01-06,1,1,0,0,0,0,desktop,Web,Portugal,(not set),(direct),(none),0.0,2,2,view_item
4404869.0998982911,9697861407,2020-11-06,1,1,0,1,1,1,desktop,Web,Belgium,Flanders,(data deleted),(data deleted),16.8,10,6,purchase
5065985.7082353378,4635018833,2020-12-08,1,0,0,0,0,0,mobile,Android,United States,California,google,organic,0.0,1,1,session_only
3445548.9125466186,5706659920,2020-11-15,1,0,0,0,0,0,desktop,Web,United States,Texas,<Other>,referral,0.0,1,1,session_only
6494317.9968580447,8729050988,2020-12-31,1,0,0,0,0,0,desktop,Windows,Canada,Ontario,(direct),(none),0.0,1,1,session_only
4284577.4775669451,167948194,2020-12-31,1,0,0,0,0,0,mobile,Android,Turkey,Ankara,shop.googlemerchandisestore.com,referral,0.0,1,1,session_only
2157650.2458667671,7592206047,2021-01-24,1,0,0,0,0,0,desktop,Web,Canada,British Columbia,google,organic,0.0,1,1,session_only
4600497.9667708977,3883669594,2020-12-16,1,0,0,0,0,0,desktop,Web,China,Shanghai,(direct),(none),0.0,1,1,session_only
44788740.5701516534,5617235409,2020-12-29,1,0,0,0,0,0,desktop,Web,United States,Georgia,google,cpc,0.0,1,1,session_only
44633267.4247480426,9464206656,2020-11-03,1,0,0,0,0,0,mobile,Android,Israel,South District,google,organic,0.0,1,1,session_only
1464716398.9861476237,4255892130,2020-11-15,1,0,0,0,0,0,desktop,Web,Italy,Veneto,<Other>,referral,0.0,1,1,session_only
3198843.0611848527,7864833059,2020-12-16,1,1,1,1,1,1,desktop,Web,United States,Ohio,(direct),(none),170.64,72,6,purchase
1220886.0250243467,3690819165,2021-01-28,1,0,0,0,0,0,desktop,Web,United States,California,shop.googlemerchandisestore.com,referral,0.0,1,1,session_only
2919337526.9698228219,7336354047,2020-12-31,1,0,0,0,0,0,mobile,Android,Philippines,Central Visayas,(direct),(none),0.0,1,1,session_only
24524364.1326643374,1147540184,2020-11-16,1,1,0,1,1,1,desktop,<Other>,New Zealand,Auckland,(direct),(none),71.2,44,6,purchase
89651425.5771855021,5575305252,2021-01-25,1,0,0,0,0,0,desktop,Macintosh,Ireland,County Dublin,(direct),(none),0.0,1,1,session_only
2419347.0232103134,2551904099,2020-11-02,1,1,0,0,0,0,mobile,Web,India,Delhi,<Other>,<Other>,0.0,2,2,view_item
54178523.4564591415,3014988556,2021-01-25,1,1,1,0,0,0,desktop,<Other>,Hong Kong,(not set),(direct),(none),0.0,20,3,add_to_cart
10567723.3271981326,9334406503,2021-01-18,1,0,0,0,0,0,mobile,Web,Australia,New South Wales,(direct),(none),0.0,1,1,session_only
5534623.0174755270,205030385,2020-11-13,1,0,0,0,0,0,desktop,Web,Peru,(not set),<Other>,<Other>,0.0,1,1,session_only
41986228.7152498784,6864962518,2021-01-14,1,0,0,0,0,0,desktop,Web,United States,Florida,google,organic,0.0,1,1,session_only
9341533.7032458148,8323960964,2021-01-14,1,0,0,0,0,0,desktop,Web,United States,Massachusetts,(direct),(none),0.0,1,1,session_only
63275862.3937715168,8109083082,2021-01-23,1,0,0,0,0,0,mobile,Android,United States,Alabama,google,organic,0.0,1,1,session_only
51335161.3802402393,34132933,2021-01-30,1,0,0,0,0,0,desktop,Windows,United States,Louisiana,(direct),(none),0.0,1,1,session_only
1441375.7353918689,4180327122,2020-11-02,1,1,0,1,1,1,desktop,Web,United States,Arizona,(direct),(none),0.0,7,6,purchase
74631636.6328690122,8239112986,2021-01-06,1,0,0,0,0,0,desktop,Web,United States,Texas,google,organic,0.0,1,1,session_only
76734207.4984595139,4021231287,2020-12-27,1,0,0,0,0,0,desktop,Web,(not set),(not set),(data deleted),(data deleted),0.0,1,1,session_only
8478040283.7405308990,6916653382,2020-12-16,1,1,1,1,1,1,mobile,Web,India,Telangana,(direct),(none),10.4,13,6,purchase
6230502.7429024126,3962372144,2020-12-16,1,0,0,0,0,0,mobile,Web,(not set),(not set),<Other>,referral,0.0,1,1,session_only
7507652.9307696948,3550441019,2021-01-14,1,0,0,0,0,0,desktop,Windows,Canada,(not set),<Other>,organic,0.0,1,1,session_only
54155528.9010608497,4700801876,2021-01-18,1,0,0,0,0,0,desktop,Web,United States,Arkansas,google,cpc,0.0,1,1,session_only
8306990.4395993078,2091634624,2020-12-28,1,0,0,0,0,0,mobile,Web,India,Karnataka,<Other>,<Other>,0.0,1,1,session_only
85731262.8528877875,9861992060,2021-01-23,1,0,0,0,0,0,desktop,Web,United States,Virginia,google,organic,0.0,1,1,session_only
4220588.5761848164,1023257208,2020-12-06,1,0,0,0,0,0,desktop,Macintosh,United States,California,(direct),(none),0.0,1,1,session_only
10177947.3734582905,6350634110,2020-12-08,1,0,0,0,0,0,desktop,Web,Singapore,(not set),(direct),(none),0.0,1,1,session_only
3358097.6000630573,9088929867,2020-12-08,1,0,0,0,0,0,desktop,Web,Canada,Quebec,<Other>,<Other>,0.0,1,1,session_only
3157223.1830063728,1649506620,2021-01-11,1,0,0,0,0,0,desktop,Web,Ukraine,(not set),(direct),(none),0.0,1,1,session_only
4488871.5219928679,8531558616,2020-12-10,1,0,0,0,0,0,desktop,Web,United States,Pennsylvania,google,organic,0.0,1,1,session_only
80312544.1441597452,6397905202,2020-11-21,1,1,0,1,1,1,desktop,<Other>,United States,New Jersey,<Other>,referral,94.4,18,6,purchase
38518915.1549609471,8308304336,2020-11-04,1,0,0,0,0,0,mobile,Web,Canada,Manitoba,google,cpc,0.0,1,1,session_only
2362855.4920197598,6372099109,2020-12-08,1,0,0,0,0,0,desktop,Windows,New Zealand,(not set),<Other>,<Other>,0.0,1,1,session_only
4037688.8591004422,5450696076,2020-11-09,1,1,0,0,0,0,tablet,Web,United States,Florida,(direct),(none),0.0,2,2,view_item
7635630.7352367078,8278074340,2021-01-18,1,0,0,0,0,0,mobile,iOS,Bosnia & Herzegovina,Federation of Bosnia and Herzegovina,google,organic,0.0,1,1,session_only
87782178.2153703339,3050764580,2020-12-08,1,0,0,0,0,0,mobile,Web,United States,Massachusetts,<Other>,organic,0.0,1,1,session_only
7584383.2313579025,9535971082,2020-12-20,1,0,0,0,0,0,mobile,iOS,United States,North Carolina,<Other>,organic,0.0,1,1,session_only
4305697.3679130033,772169011,2021-01-28,1,0,0,0,0,0,desktop,Macintosh,Poland,Lesser Poland Voivodeship,(direct),(none),0.0,1,1,session_only
20341252.3039366913,9182944360,2020-12-27,1,0,0,0,0,0,mobile,Web,Ukraine,(not set),shop.googlemerchandisestore.com,referral,0.0,1,1,session_only
5384477.9498815631,2532666258,2021-01-31,1,1,0,0,0,0,desktop,Web,United States,California,(direct),(none),0.0,2,2,view_item
12655266.4726751801,3283795704,2021-01-14,1,0,0,0,0,0,desktop,Web,Pakistan,Punjab,<Other>,<Other>,0.0,1,1,session_only
23641645.3697543645,2171356698,2020-11-08,1,0,0,0,0,0,desktop,Web,United States,Massachusetts,shop.googlemerchandisestore.com,referral,0.0,1,1,session_only
5523755.0745216564,3066496569,2021-01-15,1,0,0,0,0,0,desktop,Web,India,West Bengal,(direct),(none),0.0,1,1,session_only
4511811.3990598489,498278561,2020-11-09,1,1,0,1,1,1,mobile,iOS,United States,Ohio,shop.googlemerchandisestore.com,referral,0.0,9,6,purchase
4758468.3169146943,6205951777,2021-01-10,1,0,0,0,0,0,mobile,iOS,Brazil,State of Sao Paulo,google,organic,0.0,1,1,session_only
8726738.5839854396,6773931518,2020-12-21,1,0,0,0,0,0,mobile,Web,United States,Texas,(direct),(none),0.0,1,1,session_only
9211694715.1718105043,3602961006,2021-01-04,1,1,1,0,0,0,mobile,Web,United States,North Carolina,<Other>,referral,0.0,3,3,add_to_cart
34445942.7613819355,8125803523,2021-01-16,1,0,0,0,0,0,mobile,Android,United States,Ohio,(direct),(none),0.0,1,1,session_only
6916390508.4529223147,5089639487,2020-12-13,1,0,0,0,0,0,mobile,Web,Italy,Lazio,(direct),(none),0.0,1,1,session_only
6096727.6332875545,9571491287,2021-01-14,1,0,0,0,0,0,mobile,Android,France,Pays de la Loire,(direct),(none),0.0,1,1,session_only
3737770.5037546403,9433969423,2020-11-06,1,0,0,0,0,0,desktop,Windows,India,Gujarat,google,cpc,0.0,1,1,session_only
82353986.8436288420,6673062326,2020-11-01,1,0,0,0,0,0,desktop,Web,United States,Florida,<Other>,<Other>,0.0,1,1,session_only
88058009.5724449484,4003835576,2020-12-08,1,0,0,0,0,0,desktop,Web,United States,Pennsylvania,(direct),(none),0.0,1,1,session_only
23833631.1674749862,1635704980,2021-01-15,1,0,0,0,0,0,desktop,Macintosh,United States,Texas,google,organic,0.0,1,1,session_only
1489726542.2195258758,6745494129,2020-12-24,1,0,0,0,0,0,mobile,Android,United States,Virginia,shop.googlemerchandisestore.com,referral,0.0,1,1,session_only
7296845.4997447007,7961433211,2021-01-02,1,1,1,1,1,1,mobile,Android,United States,Pennsylvania,google,organic,0.0,11,6,purchase
4715266.7387079063,6982810390,2020-12-02,1,1,0,0,0,0,mobile,Web,Peru,(not set),google,organic,0.0,6,2,view_item
1765514.3967459271,2847176748,2020-12-29,1,1,0,1,1,1,desktop,Web,Italy,Emilia-Romagna,google,organic,0.0,16,6,purchase
55579986.4861450069,8501332660,2020-12-30,1,1,1,0,0,0,desktop,Windows,United States,California,<Other>,<Other>,0.0,3,3,add_to_cart
20057839.3899300124,2956608414,2021-01-13,1,0,0,0,0,0,desktop,Macintosh,Hong Kong,(not set),(direct),(none),0.0,1,1,session_only
2690662.5797596337,6415242126,2021-01-09,1,0,0,0,0,0,desktop,Macintosh,Canada,Quebec,<Other>,referral,0.0,1,1,session_only
66346687.8805674230,3884747235,2021-01-14,1,0,0,0,0,0,desktop,Web,China,Guangdong Province,(data deleted),(data deleted),0.0,1,1,session_only
50526237.4923596450,6980360306,2021-01-13,1,0,0,0,0,0,desktop,Windows,United States,California,google,organic,0.0,1,1,session_only
5851740084.3661645210,7109890642,2020-12-08,1,0,0,0,0,0,desktop,Web,Egypt,(not set),google,organic,0.0,1,1,session_only
22182373.1673994315,8652004965,2020-11-22,1,0,0,0,0,0,desktop,Web,Poland,Silesian Voivodeship,(direct),(none),0.0,1,1,session_only
30383840.3503454836,9569301469,2020-12-26,1,0,0,0,0,0,desktop,Web,Germany,Lower Saxony,google,organic,0.0,1,1,session_only
23809830.8427550807,898775416,2021-01-09,1,0,0,0,0,0,desktop,Web,United States,Wisconsin,google,organic,0.0,1,1,session_only
6445740.3674504313,5080159959,2021-01-06,1,0,0,0,0,0,desktop,Windows,United States,Florida,google,organic,0.0,1,1,session_only
20186680.9630839388,6486562730,2021-01-18,1,1,0,0,0,0,desktop,Web,United States,Kentucky,google,organic,0.0,5,2,view_item
51463570.9547617162,2147461191,2021-01-17,1,0,0,0,0,0,mobile,iOS,Algeria,Algiers Province,google,organic,0.0,1,1,session_only
5568544.3515791629,1002968051,2020-12-27,1,0,0,0,0,0,desktop,Web,United States,Michigan,<Other>,<Other>,0.0,1,1,session_only
99840207.8261407697,1543024360,2021-01-29,1,0,0,0,0,0,desktop,Web,United Kingdom,England,<Other>,<Other>,0.0,1,1,session_only
63264702.6481053265,6462354801,2020-11-03,1,0,0,0,0,0,desktop,Web,Colombia,Bogota,<Other>,<Other>,0.0,1,1,session_only
90874258.3444935058,1016209052,2021-01-17,1,0,0,0,0,0,desktop,Web,Canada,Ontario,google,cpc,0.0,1,1,session_only
39238804.4841294487,3912784596,2021-01-28,1,1,1,1,1,1,desktop,Web,United States,Louisiana,(data deleted),(data deleted),0.0,9,6,purchase
22249278.9422880272,4551821066,2021-01-22,1,0,0,0,0,0,desktop,Macintosh,France,Ile-de-France,<Other>,referral,0.0,1,1,session_only
8571843.9058320381,3488260094,2021-01-26,1,1,1,1,1,1,desktop,Windows,United States,Texas,shop.googlemerchandisestore.com,referral,0.0,16,6,purchase
3203311.2420301543,9431099032,2021-01-23,1,0,0,0,0,0,mobile,Web,(not set),(not set),google,organic,0.0,1,1,session_only
25605851.3460770171,4919024612,2021-01-18,1,0,0,0,0,0,mobile,Web,United States,Texas,(direct),(none),0.0,1,1,session_only
8250743.9138578172,9295952364,2020-11-04,1,0,0,0,0,0,desktop,Windows,India,Telangana,(direct),(none),0.0,1,1,session_only
3668018553.8892189501,291442162,2020-12-10,1,1,0,0,0,0,mobile,iOS,Turkey,Istanbul,google,organic,0.0,3,2,view_item
8264881.2680228532,6732225715,2021-01-02,1,0,0,0,0,0,mobile,Web,Czechia,Central Bohemian Region,<Other>,referral,0.0,1,1,session_only
4110212.3574278304,6713767230,2020-11-02,1,0,0,0,0,0,desktop,Windows,India,Tamil Nadu,shop.googlemerchandisestore.com,referral,0.0,1,1,session_only
92180564.8434550082,9698064643,2020-11-18,1,0,0,0,0,0,mobile,Web,Indonesia,Jakarta,<Other>,<Other>,0.0,1,1,session_only
3093959493.0018709051,8397976475,2021-01-07,1,0,0,0,0,0,mobile,iOS,Canada,Ontario,<Other>,referral,0.0,1,1,session_only
2629264.3166268950,3356978435,2021-01-30,1,0,0,0,0,0,mobile,iOS,Ireland,County Dublin,<Other>,referral,0.0,1,1,session_only
2679860.5561850012,8020909323,2020-11-13,1,0,0,0,0,0,desktop,Windows,Canada,Ontario,(direct),(none),0.0,1,1,session_only
16851116.6419517132,3907419017,2020-12-10,1,1,1,1,1,1,mobile,Web,United States,New York,<Other>,referral,22.4,50,6,purchase
77641811.3667467420,4912127095,2020-12-24,1,0,0,0,0,0,mobile,Web,China,Shanghai,(direct),(none),0.0,1,1,session_only
4339173.8260839392,8021048659,2020-11-03,1,0,0,0,0,0,desktop,Windows,United States,South Dakota,<Other>,<Other>,0.0,1,1,session_only
1456304.6587745574,5229363310,2020-12-16,1,0,0,0,0,0,mobile,Web,Taiwan,Taipei City,<Other>,<Other>,0.0,1,1,session_only
3929049.8034386802,6032311932,2020-11-01,1,1,0,0,0,0,desktop,Windows,United States,California,google,organic,0.0,2,2,view_item
94161873.0154908137,8760128994,2021-01-28,1,0,0,0,0,0,desktop,Web,Japan,Tokyo,<Other>,referral,0.0,1,1,session_only
8554306.9979414069,5218849586,2021-01-18,1,0,0,0,0,0,desktop,Web,Ukraine,Lviv Oblast,shop.googlemerchandisestore.com,referral,0.0,1,1,session_only
35280274.7819823332,1757319371,2020-12-22,1,1,0,0,0,0,desktop,Web,United States,Ohio,(direct),(none),0.0,3,2,view_item
73043413.8575253366,9005767176,2020-11-03,1,0,0,0,0,0,mobile,Web,India,Delhi,<Other>,<Other>,0.0,1,1,session_only
82928949.4939423148,9441091012,2020-11-01,1,0,0,0,0,0,desktop,Macintosh,United States,Florida,google,organic,0.0,1,1,session_only
9118389.6443405410,25211843,2021-01-13,1,0,0,0,0,0,desktop,Web,United States,California,google,organic,0.0,1,1,session_only
59566070.4632667722,8464714076,2021-01-22,1,1,1,1,1,1,desktop,Windows,India,Andhra Pradesh,google,organic,0.0,14,6,purchase
7772543.5636685061,8184989561,2020-11-18,1,1,1,0,0,0,desktop,Macintosh,United States,California,<Other>,referral,0.0,6,3,add_to_cart
4635048.9350683408,6773682146,2021-01-28,1,1,1,1,1,1,desktop,<Other>,United States,California,(direct),(none),0.0,21,6,purchase
6575225.3540497634,6266763323,2020-12-20,1,0,0,0,0,0,mobile,Web,United States,Colorado,(direct),(none),0.0,1,1,session_only
5955339.1313627314,8320822466,2020-12-16,1,0,0,0,0,0,mobile,iOS,United States,Ohio,<Other>,<Other>,0.0,1,1,session_only
4222389.7633536675,2766955537,2020-11-08,1,0,0,0,0,0,desktop,Web,Romania,(not set),(data deleted),(data deleted),0.0,1,1,session_only
3498060.3850720604,8365397576,2020-11-01,1,0,0,0,0,0,desktop,Windows,United States,California,google,cpc,0.0,1,1,session_only
2887417.5994809571,1448689077,2020-12-29,1,0,0,0,0,0,desktop,Windows,United States,California,google,organic,0.0,1,1,session_only
8397828.0377394782,1290956861,2020-12-20,1,0,0,0,0,0,desktop,Web,South Korea,Incheon,<Other>,<Other>,0.0,1,1,session_only
12330801.7384250024,7957896098,2020-12-16,1,0,0,0,0,0,mobile,Web,United States,New Jersey,shop.googlemerchandisestore.com,referral,0.0,1,1,session_only
3892228.5555715324,9971440515,2020-12-05,1,1,0,0,0,0,desktop,<Other>,Israel,South District,google,organic,0.0,8,2,view_item
3398852635.9428651409,9418307433,2020-12-21,1,1,0,1,1,1,desktop,Web,India,West Bengal,google,organic,0.0,11,6,purchase
3294878.6476444650,4924798066,2021-01-11,1,0,0,0,0,0,desktop,Web,United States,South Carolina,google,organic,0.0,1,1,session_only
4771080.5720190140,7208929803,2020-11-09,1,0,0,0,0,0,desktop,Windows,United States,West Virginia,google,organic,0.0,1,1,session_only
2317598.9209464204,4253362798,2020-12-02,1,1,1,1,1,1,mobile,iOS,India,Andhra Pradesh,(direct),(none),71.2,18,6,purchase
7748582.4433761007,2175091199,2020-12-29,0,1,1,0,0,0,desktop,Windows,United States,California,shop.googlemerchandisestore.com,referral,0.0,4,3,add_to_cart
86913077.0501333686,7811868539,2021-01-22,1,1,0,0,0,0,desktop,Windows,Spain,Castile and Leon,<Other>,referral,0.0,2,2,view_item
2213203.3846940178,6517647072,2020-12-13,1,1,1,1,1,1,desktop,Web,United States,Kansas,(direct),(none),35.55,26,6,purchase
4857642.6552294776,4881101048,2020-12-02,1,1,0,0,0,0,mobile,Web,United States,California,(direct),(none),0.0,3,2,view_item
2078196.5597187323,7419597315,2021-01-26,1,0,0,0,0,0,mobile,Android,United States,California,shop.googlemerchandisestore.com,referral,0.0,1,1,session_only
8585073.8496851855,6432639407,2021-01-14,1,0,0,0,0,0,mobile,Web,Kenya,Nairobi County,<Other>,<Other>,0.0,1,1,session_only
1259445.6778728194,7639756089,2021-01-21,1,0,0,0,0,0,desktop,Web,Canada,Ontario,(direct),(none),0.0,1,1,session_only
71930884.3040512825,1225631100,2020-11-29,1,0,0,0,0,0,mobile,iOS,India,Uttar Pradesh,google,cpc,0.0,1,1,session_only
3285624.8590655923,3895616869,2021-01-13,1,0,0,0,0,0,desktop,Windows,France,Provence-Alpes-Cote d'Azur,<Other>,<Other>,0.0,1,1,session_only
8673800.8985723616,4546678452,2020-12-13,1,1,1,1,1,1,desktop,Web,United States,California,google,organic,341.76,72,6,purchase
90765466.2201595409,7780367930,2021-01-13,1,0,0,0,0,0,desktop,Web,United Kingdom,Scotland,<Other>,<Other>,0.0,1,1,session_only
1298335.4547768618,7128370124,2021-01-24,1,0,0,0,0,0,mobile,Web,United States,Florida,(direct),(none),0.0,1,1,session_only
5788686572.5981505502,7091885612,2020-11-09,1,1,0,1,1,1,mobile,Web,Brazil,Federal District,google,organic,0.0,40,6,purchase
7928541.0470915066,3359455371,2021-01-21,1,0,0,0,0,0,desktop,Web,United States,Wisconsin,google,cpc,0.0,1,1,session_only
52667068.8253424328,5224104056,2020-12-22,1,0,0,0,0,0,desktop,Windows,India,West Bengal,(direct),(none),0.0,1,1,session_only
62750939.8619125990,2749376860,2020-12-27,1,0,0,0,0,0,desktop,Web,United States,Massachusetts,google,organic,0.0,1,1,session_only
45644821.4915391502,2765680638,2020-11-06,1,1,0,0,0,0,mobile,Android,United Kingdom,Scotland,google,cpc,0.0,3,2,view_item
4058922.6108826187,9531874114,2020-11-06,1,1,0,0,0,0,desktop,<Other>,United States,Texas,(direct),(none),0.0,2,2,view_item
39084217.4132259659,9516527512,2021-01-01,1,0,0,0,0,0,desktop,Macintosh,United States,Florida,<Other>,<Other>,0.0,1,1,session_only
7587048.1737758574,6912776414,2021-01-13,1,1,0,0,0,0,mobile,Web,Belgium,Flanders,google,organic,0.0,3,2,view_item
70929930.9364307631,8014733315,2021-01-03,1,0,0,0,0,0,desktop,Web,United States,Michigan,(direct),(none),0.0,1,1,session_only
54473705.5698854674,9302349610,2020-11-08,1,1,0,0,0,0,desktop,Windows,United States,Mississippi,google,cpc,0.0,3,2,view_item
52984199.3487573162,9342639137,2021-01-06,1,0,0,0,0,0,desktop,Web,Norway,(not set),google,organic,0.0,1,1,session_only
13015580.2160311313,8142325703,2020-11-07,1,1,0,0,0,0,desktop,Web,Lithuania,(not set),(data deleted),(data deleted),0.0,2,2,view_item
71229618.4627599435,2894083539,2020-12-28,1,0,0,0,0,0,mobile,iOS,India,Delhi,<Other>,<Other>,0.0,1,1,session_only
4213458.8296804908,6254799295,2021-01-08,1,1,0,0,0,0,mobile,iOS,Canada,Saskatchewan,<Other>,referral,0.0,2,2,view_item
24528855.1713169167,5855637671,2020-11-02,1,0,0,0,0,0,mobile,iOS,United States,California,(direct),(none),0.0,1,1,session_only
4555514.9024401556,695109445,2021-01-09,1,1,0,0,0,0,mobile,Web,Sweden,Stockholm County,<Other>,<Other>,0.0,2,2,view_item
2122058.1405701047,4834262165,2021-01-07,1,0,0,0,0,0,desktop,Web,United States,Washington,<Other>,<Other>,0.0,1,1,session_only
9221559.2363075358,5044242464,2020-11-13,1,0,0,0,0,0,desktop,Web,India,Uttar Pradesh,google,organic,0.0,1,1,session_only
5311007.5669893427,1560431607,2020-12-22,1,1,1,1,1,1,mobile,Web,United States,Texas,google,organic,7.75,18,6,purchase
32487175.7868784679,447072480,2020-11-18,1,1,0,0,0,0,mobile,iOS,United States,California,<Other>,<Other>,0.0,3,2,view_item
38963130.1006713941,2372773178,2020-11-08,1,1,0,1,1,1,mobile,Web,United States,Nebraska,<Other>,<Other>,0.0,10,6,purchase
7620467.3977427478,1638690926,2020-12-20,1,0,0,0,0,0,desktop,Macintosh,United States,Kansas,shop.googlemerchandisestore.com,referral,0.0,1,1,session_only
77834653.6186124222,9742567533,2021-01-08,1,0,0,0,0,0,mobile,Android,Canada,Manitoba,google,organic,0.0,1,1,session_only
86226148.0023726393,9853462159,2020-11-18,1,0,0,0,0,0,desktop,Web,Poland,West Pomeranian Voivodeship,google,organic,0.0,1,1,session_only
7989341.0097191625,7258469542,2020-12-24,1,1,1,1,1,1,desktop,Web,Canada,New Brunswick,(direct),(none),0.0,47,6,purchase
52779129.2513256271,3029091957,2021-01-23,1,0,0,0,0,0,mobile,Web,Spain,Valencian Community,(direct),(none),0.0,1,1,session_only
51467287.0047749760,7417641565,2020-12-08,1,0,0,0,0,0,mobile,Android,Canada,Ontario,google,organic,0.0,1,1,session_only
8154077.7637241518,1942173857,2021-01-13,1,0,0,0,0,0,desktop,Web,Israel,Tel Aviv District,<Other>,referral,0.0,1,1,session_only
19908844.9276094295,886768129,2021-01-25,1,0,0,0,0,0,desktop,Web,United States,Texas,(direct),(none),0.0,1,1,session_only
6481638.7729547211,4247356215,2020-12-31,1,0,0,0,0,0,mobile,iOS,Germany,Bavaria,(direct),(none),0.0,1,1,session_only
82150168.3771721503,6865573712,2020-12-25,1,0,0,0,0,0,mobile,Web,India,Uttar Pradesh,google,organic,0.0,1,1,session_only
82002366.0743318364,1290447988,2020-12-20,1,0,0,0,0,0,desktop,Web,New Zealand,Auckland,(direct),(none),0.0,1,1,session_only
8316804.6084383790,9179856862,2020-11-12,1,1,0,0,0,0,desktop,Windows,India,Kerala,(direct),(none),0.0,13,2,view_item
66666717.5888252589,1290007773,2021-01-05,1,0,0,0,0,0,desktop,Web,United States,California,google,organic,0.0,1,1,session_only
1297957.7614599070,8452278896,2020-11-16,1,0,0,0,0,0,desktop,Macintosh,Singapore,(not set),<Other>,referral,0.0,1,1,session_only
6145791.9704883603,2869444685,2020-12-24,1,1,0,0,0,0,desktop,Windows,France,Ile-de-France,<Other>,<Other>,0.0,6,2,view_item
14412901.6394555836,152279498,2020-11-18,1,0,0,0,0,0,mobile,iOS,United States,Texas,google,cpc,0.0,1,1,session_only
3576689.2963688586,6510078021,2020-12-21,1,0,0,0,0,0,desktop,Web,United States,Colorado,(direct),(none),0.0,1,1,session_only
9507289116.7685282362,5667508792,2021-01-16,1,1,1,1,1,1,desktop,Web,Canada,Ontario,google,organic,0.0,18,6,purchase
42902674.3783589577,9962501958,2020-11-02,1,1,0,0,0,0,desktop,Macintosh,Saudi Arabia,(not set),(direct),(none),0.0,2,2,view_item
13544394.9822599937,7687675301,2020-11-04,1,0,0,0,0,0,mobile,Web,United States,California,<Other>,<Other>,0.0,1,1,session_only
26802738.4476747258,5066985684,2020-12-10,1,0,0,0,0,0,desktop,<Other>,Greece,"Decentralized Administration of Peloponnese, Western Greece and the Ionian",<Other>,referral,0.0,1,1,session_only
9122741.6144823199,4663709364,2020-11-01,1,0,0,0,0,0,mobile,Web,United States,Texas,<Other>,referral,0.0,1,1,session_only
4526003.7763568584,6708205817,2021-01-28,1,0,0,0,0,0,desktop,Windows,Sri Lanka,Western Province,(direct),(none),0.0,1,1,session_only
88103530.3817530505,2599772652,2021-01-22,1,0,0,0,0,0,desktop,Macintosh,Singapore,(not set),<Other>,<Other>,0.0,1,1,session_only
61155485.7972854632,5209647353,2021-01-30,1,1,0,0,0,0,mobile,iOS,Pakistan,Punjab,<Other>,<Other>,0.0,2,2,view_item
5315363.0230026524,5769168047,2020-11-18,1,1,1,1,1,1,mobile,Web,United Kingdom,England,(direct),(none),13.6,10,6,purchase
5741754.3509480740,1605271741,2021-01-24,1,0,0,0,0,0,mobile,Web,(not set),(not set),google,cpc,0.0,1,1,session_only
69647434.0331593022,7165597674,2021-01-31,1,0,0,0,0,0,mobile,Web,India,Uttar Pradesh,(direct),(none),0.0,1,1,session_only
42042869.4311039673,6110989726,2021-01-21,1,0,0,0,0,0,desktop,Web,United Kingdom,England,<Other>,organic,0.0,1,1,session_only
75872747.2073347638,1793152280,2020-11-18,1,0,0,0,0,0,desktop,Web,United States,Virginia,<Other>,referral,0.0,1,1,session_only
74294276.5153039405,5593277501,2021-01-31,1,0,0,0,0,0,desktop,Web,United States,New York,google,organic,0.0,1,1,session_only
58202770.9352561653,5485273953,2020-11-15,1,0,0,0,0,0,desktop,Web,Indonesia,Jakarta,(direct),(none),0.0,1,1,session_only
7073318.9332438943,2396083178,2021-01-17,1,1,0,0,0,0,desktop,Macintosh,New Zealand,Auckland,<Other>,<Other>,0.0,2,2,view_item
3139491.8472656805,8424558605,2021-01-22,1,0,0,0,0,0,desktop,Web,United States,New York,(direct),(none),0.0,1,1,session_only
5357127.1784602583,9745012544,2020-12-26,1,0,0,0,0,0,desktop,Web,Czechia,Prague,google,organic,0.0,1,1,session_only
22466523.6207198868,5712880761,2020-12-29,1,0,0,0,0,0,desktop,Web,United States,Washington,google,organic,0.0,1,1,session_only
8111248.0723898567,1037580070,2021-01-06,1,0,0,0,0,0,desktop,Web,Thailand,Bangkok,(direct),(none),0.0,1,1,session_only
62500599.7411268334,3981638086,2020-12-30,1,0,0,0,0,0,desktop,Macintosh,Indonesia,South Sulawesi,google,organic,0.0,1,1,session_only
23653514.7640376984,9464493894,2021-01-11,1,0,0,0,0,0,desktop,Macintosh,United States,California,(direct),(none),0.0,1,1,session_only
78207562.9231433824,2770581779,2021-01-04,1,1,1,1,1,1,desktop,Web,Colombia,Bogota,(data deleted),(data deleted),10.5,21,6,purchase
2694593.4183555727,5991265060,2021-01-13,1,0,0,0,0,0,mobile,Web,Ireland,County Dublin,<Other>,organic,0.0,1,1,session_only
5623689.4571122200,8219551505,2021-01-16,1,0,0,0,0,0,desktop,Web,United Kingdom,England,<Other>,<Other>,0.0,1,1,session_only
88154403.7996843519,2960865739,2020-12-08,1,0,0,0,0,0,desktop,Web,Singapore,(not set),<Other>,<Other>,0.0,1,1,session_only
6946013.5473699205,3390184731,2020-12-10,1,0,0,0,0,0,mobile,Web,United States,Pennsylvania,<Other>,<Other>,0.0,1,1,session_only
49456942.0436829148,4168789449,2021-01-03,1,1,0,1,1,1,mobile,iOS,United States,Kentucky,<Other>,<Other>,33.6,16,6,purchase
1282829.2912367074,8302204703,2021-01-25,1,1,0,1,1,1,desktop,Web,United States,Texas,<Other>,referral,0.0,22,6,purchase
2751279.2816290884,5775859494,2021-01-06,1,1,0,0,0,0,mobile,Web,United States,California,(direct),(none),0.0,3,2,view_item
3135759.6931516852,6012251991,2020-11-16,1,1,0,1,1,1,mobile,iOS,United States,Tennessee,google,organic,197.6,41,6,purchase
23822168.6708010770,7661434748,2021-01-16,1,1,1,1,0,0,mobile,Android,United States,Ohio,<Other>,referral,0.0,9,4,begin_checkout
7171486.6478024356,9623286776,2021-01-06,1,0,0,0,0,0,desktop,Web,United States,Illinois,(direct),(none),0.0,1,1,session_only
64164016.9055211118,6374711899,2020-12-24,1,1,0,0,0,0,desktop,Macintosh,United States,Washington,shop.googlemerchandisestore.com,referral,0.0,3,2,view_item
6939209.0233360986,6066191953,2021-01-25,1,0,0,0,0,0,desktop,Windows,United States,Washington,(direct),(none),0.0,1,1,session_only
66798919.2201654288,9225821697,2020-11-12,1,0,0,0,0,0,mobile,Web,United States,Florida,(direct),(none),0.0,1,1,session_only
21388340.0360400090,7298845348,2021-01-24,1,0,0,0,0,0,desktop,Windows,United States,California,(direct),(none),0.0,1,1,session_only
84357121.2342050628,4997994431,2020-12-24,1,0,0,0,0,0,desktop,Web,Philippines,Central Luzon,(direct),(none),0.0,1,1,session_only
72003576.6932540681,1348083760,2020-12-30,1,1,0,1,0,0,desktop,Web,United States,Minnesota,google,organic,0.0,6,4,begin_checkout
76104627.4527942986,1563685722,2021-01-28,1,0,0,0,0,0,desktop,Web,Portugal,Lisbon,google,organic,0.0,1,1,session_only
5073728722.9711149228,5683507433,2020-12-02,1,0,0,0,0,0,mobile,iOS,Singapore,(not set),google,organic,0.0,1,1,session_only
59007667.6429877733,811492634,2021-01-06,1,1,1,1,0,0,desktop,Web,United States,Vermont,google,organic,0.0,6,4,begin_checkout
19566632.4743609449,2967309468,2021-01-26,1,0,0,0,0,0,mobile,Web,United States,New Jersey,<Other>,referral,0.0,1,1,session_only
5362866550.2538689166,5886650456,2021-01-04,1,0,0,0,0,0,desktop,Web,United States,Minnesota,<Other>,referral,0.0,1,1,session_only
95868505.8197462916,6258532236,2021-01-28,1,1,0,0,0,0,desktop,Web,France,Hauts-de-France,(data deleted),(data deleted),0.0,2,2,view_item
58599190.9082594451,4653983999,2020-11-07,1,1,0,0,0,0,mobile,Web,India,Karnataka,google,organic,0.0,3,2,view_item
28830544.5852150515,2936472174,2021-01-13,1,0,0,0,0,0,mobile,iOS,United States,Virginia,google,organic,0.0,1,1,session_only
55352562.6734785817,4889099239,2020-12-20,1,1,0,0,0,0,desktop,Macintosh,United States,Wisconsin,(direct),(none),0.0,2,2,view_item
44801542.1335281966,4449430027,2020-11-09,1,0,0,0,0,0,desktop,Web,Ireland,(not set),<Other>,<Other>,0.0,1,1,session_only
4878575.1211438538,118701839,2021-01-23,1,0,0,0,0,0,desktop,Web,Thailand,Bangkok,(direct),(none),0.0,1,1,session_only
4975471.3474844324,202040923,2021-01-21,1,1,0,0,0,0,mobile,iOS,Egypt,Cairo Governorate,(direct),(none),0.0,2,2,view_item
7501304.1781824052,7255246116,2021-01-05,1,0,0,0,0,0,mobile,iOS,Canada,Nova Scotia,<Other>,referral,0.0,1,1,session_only
75571709.1157982540,3876904400,2021-01-04,0,1,0,1,1,1,desktop,Web,United States,North Carolina,shop.googlemerchandisestore.com,referral,101.12,12,6,purchase
2400875.0640636725,3996401190,2020-12-05,1,0,0,0,0,0,desktop,Web,Iceland,Capital Region,<Other>,<Other>,0.0,1,1,session_only
41585036.7755318867,4129918024,2021-01-01,1,0,0,0,0,0,desktop,Windows,Canada,British Columbia,<Other>,<Other>,0.0,1,1,session_only
1856267.4409278035,7616017038,2021-01-26,1,0,0,0,0,0,mobile,Web,United States,Montana,(direct),(none),0.0,1,1,session_only
57475875.6926519678,9839668363,2020-12-02,1,0,0,0,0,0,desktop,Web,China,Zhejiang,<Other>,referral,0.0,1,1,session_only
4778089.6230908505,3811672347,2020-12-29,1,1,0,0,0,0,desktop,Web,United States,Alabama,(direct),(none),0.0,2,2,view_item
7316045.0794924548,4951898259,2021-01-07,1,1,0,0,0,0,desktop,Web,China,Fujian,(direct),(none),0.0,2,2,view_item
44016842.6202401186,6895497969,2020-12-10,1,0,0,0,0,0,desktop,Windows,Canada,Ontario,google,organic,0.0,1,1,session_only
23146102.8465669732,2763246983,2020-11-03,1,0,0,0,0,0,mobile,Android,Canada,Ontario,(direct),(none),0.0,1,1,session_only
97081968.5846751209,2990131049,2020-12-30,1,0,0,0,0,0,desktop,Macintosh,United States,New Hampshire,shop.googlemerchandisestore.com,referral,0.0,1,1,session_only
60249380.1931933634,4668106231,2020-12-30,1,1,0,0,0,0,mobile,iOS,India,Punjab,shop.googlemerchandisestore.com,referral,0.0,3,2,view_item
27557328.0721889129,8471614605,2020-11-04,1,0,0,0,0,0,mobile,Android,United States,Michigan,google,organic,0.0,1,1,session_only
97496012.5094153885,9908616705,2020-11-02,1,0,0,0,0,0,desktop,Web,Greece,Attica,<Other>,<Other>,0.0,1,1,session_only
6180285.2063724731,3303294883,2021-01-23,1,0,0,0,0,0,desktop,Web,Canada,Ontario,google,organic,0.0,1,1,session_only
38384609.9189027079,4357311774,2021-01-08,1,0,0,0,0,0,desktop,Macintosh,India,Gujarat,(direct),(none),0.0,1,1,session_only
2188735.0518827456,5803351171,2020-11-04,1,0,0,0,0,0,mobile,Web,United States,Florida,google,organic,0.0,1,1,session_only
6082494.8895704345,474224341,2021-01-11,1,1,1,0,0,0,mobile,iOS,Colombia,Bogota,<Other>,<Other>,0.0,9,3,add_to_cart
73263327.5581411760,9444942495,2020-12-22,1,0,0,0,0,0,mobile,iOS,South Korea,Seoul,<Other>,<Other>,0.0,1,1,session_only
3809950.2596773022,7512064076,2020-12-08,1,0,0,0,0,0,mobile,Android,Singapore,(not set),<Other>,referral,0.0,1,1,session_only
7862487.9650192996,1650207234,2020-12-20,1,0,0,0,0,0,desktop,Web,United States,Minnesota,google,organic,0.0,1,1,session_only
9059152.8222254522,635850445,2020-11-13,1,0,0,0,0,0,mobile,Android,France,Ile-de-France,(direct),(none),0.0,1,1,session_only
7291397.6091074904,4299704451,2021-01-26,1,1,0,1,1,1,mobile,Web,Russia,Moscow,shop.googlemerchandisestore.com,referral,0.0,21,6,purchase
77464719.3925341430,255719292,2020-12-16,1,0,0,0,0,0,desktop,Web,Canada,Ontario,google,organic,0.0,1,1,session_only
7643329.9412160058,8982094948,2020-11-13,1,0,0,0,0,0,desktop,Windows,United States,California,(direct),(none),0.0,1,1,session_only
30709130.5801495714,3551185605,2021-01-29,1,1,0,0,0,0,desktop,Macintosh,United Kingdom,England,google,organic,0.0,2,2,view_item
1559546.3543471282,9837750657,2020-11-14,1,0,0,0,0,0,desktop,Web,India,Tamil Nadu,<Other>,<Other>,0.0,1,1,session_only
54146683.9823417453,3114001217,2020-12-29,1,0,0,0,0,0,mobile,Android,Denmark,Capital Region of Denmark,google,organic,0.0,1,1,session_only
5407319.2419017481,4467675633,2020-12-16,1,0,0,0,0,0,desktop,Web,India,West Bengal,(direct),(none),0.0,1,1,session_only
36346574.2504762494,6372943959,2021-01-01,1,0,0,0,0,0,desktop,Web,India,Karnataka,(direct),(none),0.0,1,1,session_only
91266801.2614474752,6390441113,2020-12-28,1,1,0,0,0,0,mobile,Web,United States,Minnesota,(direct),(none),0.0,3,2,view_item
3375663287.0879167265,4678868493,2020-12-08,1,0,0,0,0,0,mobile,iOS,United States,Colorado,google,cpc,0.0,1,1,session_only
7651923.7989621000,2664615036,2021-01-24,1,0,0,0,0,0,desktop,Web,Netherlands,North Brabant,google,organic,0.0,1,1,session_only
90123780.9587021640,3385864875,2020-12-16,1,0,0,0,0,0,desktop,Web,Germany,Baden-Wurttemberg,google,organic,0.0,1,1,session_only
24715415.8358368716,9992283778,2021-01-23,1,1,0,0,0,0,desktop,Web,United States,Arkansas,google,organic,0.0,2,2,view_item
84618014.4401126437,3179905838,2020-11-22,1,0,0,0,0,0,desktop,Windows,United States,Colorado,google,organic,0.0,1,1,session_only
83806353.9025860739,7495857774,2021-01-11,1,1,1,1,1,1,mobile,Web,United States,Connecticut,(data deleted),(data deleted),0.0,26,6,purchase
4933691.7656113183,2350918302,2021-01-08,1,0,0,0,0,0,desktop,Web,Sweden,(not set),(direct),(none),0.0,1,1,session_only
4212887.1242233673,202151533,2021-01-28,1,0,0,0,0,0,desktop,Web,United States,Michigan,google,organic,0.0,1,1,session_only
28448651.6441996842,2009095273,2021-01-06,1,1,0,0,0,0,mobile,iOS,China,Guangdong Province,google,organic,0.0,2,2,view_item
49645398.2648138082,5471102259,2020-11-15,1,0,0,0,0,0,mobile,Web,Canada,Ontario,(direct),(none),0.0,1,1,session_only
3457650.2924951409,8228764866,2020-12-08,1,1,1,1,1,1,mobile,Android,Taiwan,Taipei City,(data deleted),(data deleted),25.6,12,6,purchase
65976271.3479743808,470968678,2020-12-30,1,0,0,0,0,0,desktop,Web,United States,California,shop.googlemerchandisestore.com,referral,0.0,1,1,session_only
15219557.2753713612,3601792131,2021-01-04,1,0,0,0,0,0,desktop,Windows,Taiwan,Taipei City,(direct),(none),0.0,1,1,session_only
1299518.4337551586,3213054916,2021-01-31,1,0,0,0,0,0,mobile,Android,United States,New York,(direct),(none),0.0,1,1,session_only
82534562.0920206552,4670503123,2020-12-16,1,0,0,0,0,0,tablet,Web,India,Maharashtra,(direct),(none),0.0,1,1,session_only
68414602.3400720573,3006441589,2020-11-21,1,0,0,0,0,0,desktop,Web,United States,Massachusetts,(direct),(none),0.0,1,1,session_only
73060040.7733492367,6272320649,2020-12-25,1,0,0,0,0,0,desktop,Web,India,Tamil Nadu,<Other>,referral,0.0,1,1,session_only
6745673860.2318198644,3675674939,2021-01-26,1,0,0,0,0,0,desktop,Windows,Japan,Hokkaido,google,organic,0.0,1,1,session_only
50935648.5871639351,5368596114,2020-11-06,1,1,0,0,0,0,desktop,Windows,United States,Texas,(direct),(none),0.0,10,2,view_item
68536707.2613748211,9731336670,2020-12-16,0,1,1,0,0,0,mobile,iOS,United States,New Jersey,<Other>,organic,0.0,21,3,add_to_cart
3811139.0673638133,2884545779,2020-11-21,1,0,0,0,0,0,desktop,Web,Italy,(not set),<Other>,referral,0.0,1,1,session_only
53683958.4773097404,6048325114,2020-12-13,1,0,0,0,0,0,mobile,Web,United States,California,(data deleted),(data deleted),0.0,1,1,session_only
33867646.5397874507,3594749760,2021-01-05,1,0,0,0,0,0,mobile,Web,France,Pays de la Loire,(direct),(none),0.0,1,1,session_only
35310730.6781973094,5349880775,2021-01-15,1,0,0,0,0,0,desktop,Macintosh,Canada,Ontario,google,organic,0.0,1,1,session_only
20378205.7693031166,7283934001,2021-01-23,1,0,0,0,0,0,desktop,Windows,United States,California,google,cpc,0.0,1,1,session_only
40499246.5701945231,826922611,2020-12-21,1,1,1,1,1,1,desktop,Web,Canada,Nova Scotia,google,organic,0.0,14,6,purchase
28653671.3255492636,1017425209,2020-12-05,1,0,0,0,0,0,desktop,Windows,United States,Pennsylvania,(data deleted),(data deleted),0.0,1,1,session_only
6548464.6802578491,2496156528,2021-01-14,1,0,0,0,0,0,desktop,Web,India,Maharashtra,(direct),(none),0.0,1,1,session_only
2402758.2223967551,9521019121,2020-12-08,1,0,0,0,0,0,desktop,Web,United States,Texas,<Other>,referral,0.0,1,1,session_only
57217414.7813926788,9694276401,2020-12-02,1,0,0,0,0,0,mobile,Web,United States,Virginia,google,organic,0.0,1,1,session_only
2916466.0256798553,5586909440,2021-01-02,1,0,0,0,0,0,desktop,Web,United Kingdom,Scotland,(direct),(none),0.0,1,1,session_only
4923755.6143891936,98815627,2020-11-04,1,0,0,0,0,0,desktop,Web,United States,Mississippi,(direct),(none),0.0,1,1,session_only
7408077.9272234274,7068271802,2020-12-25,1,0,0,0,0,0,desktop,Web,India,Maharashtra,google,organic,0.0,1,1,session_only
45331052.0098046635,1426558583,2021-01-31,1,0,0,0,0,0,mobile,Web,India,West Bengal,google,cpc,0.0,1,1,session_only
8207929.0080492239,2245565682,2020-12-29,1,1,0,0,0,0,desktop,Web,United States,California,google,organic,0.0,2,2,view_item
1433137.5084846344,6581333825,2020-12-13,1,1,1,1,0,0,desktop,<Other>,United States,Louisiana,<Other>,<Other>,0.0,50,4,begin_checkout
14233481.9298635081,1527048773,2020-11-09,1,1,0,0,0,0,mobile,Web,Russia,(not set),<Other>,referral,0.0,11,2,view_item
7700266460.6973035820,5437169094,2020-12-25,1,0,0,0,0,0,desktop,Web,United States,Illinois,google,organic,0.0,1,1,session_only
6471617.5735299597,7946048621,2020-12-06,1,0,0,0,0,0,mobile,Web,United States,Montana,(data deleted),(data deleted),0.0,1,1,session_only
22295298.8936665859,6937217439,2021-01-31,1,1,0,0,0,0,desktop,Macintosh,United States,Kansas,shop.googlemerchandisestore.com,referral,0.0,6,2,view_item
32712749.2142106178,5113495136,2020-11-07,1,0,0,0,0,0,tablet,Android,India,Gujarat,(direct),(none),0.0,1,1,session_only
8943242.9144393972,4082071355,2021-01-09,1,0,0,0,0,0,desktop,Web,United States,Oregon,<Other>,<Other>,0.0,1,1,session_only
9591363.7202444907,7581517406,2020-11-06,1,1,0,1,0,0,mobile,iOS,India,Maharashtra,(direct),(none),0.0,3,4,begin_checkout
5285505.3262198353,3331207958,2020-12-22,1,0,0,0,0,0,mobile,Web,United States,Minnesota,(direct),(none),0.0,1,1,session_only
44589429.9068358520,4620584091,2020-12-10,1,1,1,1,1,1,desktop,Web,China,Beijing,<Other>,referral,8.4,21,6,purchase
5280885.0876110867,574698261,2020-12-10,1,0,0,0,0,0,desktop,Web,United States,California,google,organic,0.0,1,1,session_only
29460643.3629174059,3108311902,2020-11-03,1,1,0,1,1,0,mobile,Android,Belgium,Brussels,(direct),(none),0.0,11,5,add_payment
8846133.3726396176,5515501225,2021-01-22,1,1,0,0,0,0,mobile,Web,Greece,Decentralized Administration of Macedonia and Thrace,shop.googlemerchandisestore.com,referral,0.0,2,2,view_item
24897762.0454201456,6777784819,2020-12-08,1,0,0,0,0,0,desktop,Macintosh,United States,North Carolina,(data deleted),(data deleted),0.0,1,1,session_only
7687394.8608023492,7405273482,2021-01-11,1,1,0,1,1,1,desktop,Macintosh,United States,Michigan,google,cpc,0.0,9,6,purchase
63111762.2574791501,9012160097,2020-11-14,1,0,0,0,0,0,mobile,Android,United States,Virginia,<Other>,<Other>,0.0,1,1,session_only
79437846.7966348856,958019263,2020-12-28,1,0,0,0,0,0,desktop,Web,India,Gujarat,(data deleted),(data deleted),0.0,1,1,session_only
3814078.9698504639,6241430915,2021-01-28,1,0,0,0,0,0,mobile,iOS,India,Gujarat,<Other>,<Other>,0.0,1,1,session_only
319431934.2224913605,5675689901,2021-01-11,1,0,0,0,0,0,mobile,iOS,United Kingdom,England,(direct),(none),0.0,1,1,session_only
29519442.1811924761,7308738298,2021-01-10,1,0,0,0,0,0,mobile,Web,Israel,Tel Aviv District,google,organic,0.0,1,1,session_only
96199687.2215556125,3193263032,2020-11-04,1,0,0,0,0,0,desktop,Web,United States,Texas,google,organic,0.0,1,1,session_only
39479011.1297793222,1526549515,2020-12-13,1,1,0,0,0,0,mobile,Android,United States,California,<Other>,<Other>,0.0,2,2,view_item
45310208.5712781434,3624796724,2020-12-30,1,0,0,0,0,0,desktop,Windows,Singapore,(not set),google,cpc,0.0,1,1,session_only
1280391.8433026064,8302226178,2020-11-16,1,0,0,0,0,0,mobile,Web,United States,California,(direct),(none),0.0,1,1,session_only
3150279.5723277485,441220672,2021-01-18,1,1,1,0,0,0,desktop,Web,Denmark,Capital Region of Denmark,(data deleted),(data deleted),0.0,3,3,add_to_cart
6556781.0235160020,2429610504,2021-01-13,1,0,0,0,0,0,desktop,Windows,United States,Wisconsin,<Other>,<Other>,0.0,1,1,session_only
8118577.8263396094,2333650911,2020-11-16,1,0,0,0,0,0,desktop,Web,China,Beijing,google,organic,0.0,1,1,session_only
38462189.3445744526,2757282023,2020-11-29,1,1,1,0,0,0,desktop,Web,Singapore,(not set),<Other>,<Other>,0.0,6,3,add_to_cart
6381058.0824350420,8202041989,2021-01-08,1,1,0,0,0,0,desktop,Windows,Israel,Tel Aviv District,shop.googlemerchandisestore.com,referral,0.0,3,2,view_item
7787271.0270022142,1400036711,2021-01-06,1,0,0,0,0,0,desktop,Web,China,Shanghai,(direct),(none),0.0,1,1,session_only
51790647.1433313227,2121456201,2021-01-10,1,1,0,0,0,0,mobile,Web,Japan,Kanagawa,google,organic,0.0,7,2,view_item
8319287.9780437871,530143250,2021-01-13,1,0,0,0,0,0,tablet,Web,Morocco,Rabat-Sale-Kenitra,(data deleted),(data deleted),0.0,1,1,session_only
6734727.4972562580,1220270563,2020-12-27,1,0,0,0,0,0,desktop,Web,United States,Maryland,<Other>,referral,0.0,1,1,session_only
5298181.7137406370,2080196712,2020-12-02,1,1,1,1,1,1,desktop,Web,United States,Connecticut,google,organic,0.0,9,6,purchase
5426142.4948065978,4294016119,2021-01-09,1,0,0,0,0,0,desktop,Web,United States,Texas,<Other>,<Other>,0.0,1,1,session_only
7955531.2046745742,6374487327,2020-11-02,1,0,0,0,0,0,desktop,Web,Canada,Quebec,(direct),(none),0.0,1,1,session_only
63852058.8066735961,4137293431,2021-01-30,1,0,0,0,0,0,desktop,Web,Jordan,Amman Governorate,google,organic,0.0,1,1,session_only
1892992518.9860495568,5777195069,2020-11-04,1,0,0,0,0,0,mobile,Web,United States,Florida,(direct),(none),0.0,1,1,session_only
1984949.2063420376,8058331147,2020-11-03,1,0,0,0,0,0,desktop,Windows,United States,Washington,google,cpc,0.0,1,1,session_only
34647657.3187094415,2693945265,2021-01-28,1,1,1,1,1,1,desktop,<Other>,United States,California,(data deleted),(data deleted),0.0,28,6,purchase
60279516.2537353095,1312433379,2021-01-26,1,0,0,0,0,0,mobile,Web,United States,Massachusetts,shop.googlemerchandisestore.com,referral,0.0,1,1,session_only
49325939.2254026979,3215694036,2021-01-22,1,0,0,0,0,0,mobile,Web,India,Maharashtra,google,organic,0.0,1,1,session_only
34355208.2842248920,5630087388,2021-01-08,1,0,0,0,0,0,desktop,Macintosh,United States,California,google,cpc,0.0,1,1,session_only
26074132.0524833263,4853175374,2020-11-12,1,0,0,0,0,0,mobile,Web,United States,California,google,organic,0.0,1,1,session_only
22106177.8716111630,6449853374,2021-01-24,1,1,0,0,0,0,mobile,Android,Ukraine,Kyiv city,google,organic,0.0,3,2,view_item
7599160.3113453474,7570913829,2020-12-20,1,0,0,0,0,0,desktop,Macintosh,United States,Missouri,shop.googlemerchandisestore.com,referral,0.0,1,1,session_only
45668382.0624646291,6026346608,2020-11-22,1,0,0,0,0,0,desktop,Web,Russia,(not set),google,organic,0.0,1,1,session_only
7213630.0605316509,3811875092,2020-12-06,1,0,0,0,0,0,mobile,Web,Croatia,City of Zagreb,google,organic,0.0,1,1,session_only
19160186.6495858118,4144504348,2020-11-18,1,0,0,0,0,0,mobile,iOS,United States,Texas,(data deleted),(data deleted),0.0,1,1,session_only
1258004.2174935320,5547897604,2021-01-13,1,0,0,0,0,0,desktop,Macintosh,United States,New York,shop.googlemerchandisestore.com,referral,0.0,1,1,session_only
50519528.8725839758,8129470164,2021-01-30,1,1,0,0,0,0,desktop,Windows,United States,Texas,google,cpc,0.0,2,2,view_item
2572468.9367477352,6661689974,2020-12-29,1,1,0,0,0,0,desktop,Web,United States,Maryland,google,organic,0.0,3,2,view_item
49870287.5327145858,4967436904,2020-12-26,1,0,0,0,0,0,desktop,Web,United States,Wisconsin,(direct),(none),0.0,1,1,session_only
36241423.5833682933,3348459918,2021-01-11,1,0,0,0,0,0,desktop,Web,United States,Montana,<Other>,<Other>,0.0,1,1,session_only
4535787.7524917302,9817022256,2021-01-15,1,0,0,0,0,0,desktop,<Other>,United States,Florida,<Other>,<Other>,0.0,1,1,session_only
5824129.4334263651,9794449823,2021-01-21,1,0,0,0,0,0,desktop,Windows,Canada,Quebec,(data deleted),(data deleted),0.0,1,1,session_only
4210140.6584900861,3384688722,2020-11-29,1,0,0,0,0,0,mobile,iOS,India,Madhya Pradesh,google,organic,0.0,1,1,session_only
8427419.4570740409,561331528,2020-12-10,1,0,0,0,0,0,mobile,iOS,Taiwan,New Taipei City,<Other>,<Other>,0.0,1,1,session_only
18562126.1110896765,5027369722,2020-12-16,1,1,1,0,0,0,mobile,Android,United States,Virginia,(data deleted),(data deleted),0.0,10,3,add_to_cart
8681721.8353034914,7984070619,2020-12-13,1,0,0,0,0,0,mobile,Web,Canada,British Columbia,(direct),(none),0.0,1,1,session_only
59487571.9263599382,6350996406,2021-01-04,1,1,1,1,1,1,mobile,iOS,Spain,Andalusia,(data deleted),(data deleted),48.8,66,6,purchase
55913834.3993305185,8257723182,2020-12-21,1,1,0,0,0,0,desktop,Windows,Netherlands,North Holland,(direct),(none),0.0,2,2,view_item
3658961.2431880961,441429406,2020-11-12,1,0,0,0,0,0,mobile,Android,Canada,Alberta,google,organic,0.0,1,1,session_only
90476257.4537878473,7380184996,2021-01-11,1,0,0,0,0,0,mobile,iOS,Russia,Moscow,(direct),(none),0.0,1,1,session_only
90665095.4398985431,4127615813,2020-11-06,1,1,0,0,0,0,desktop,Web,India,Maharashtra,google,organic,0.0,3,2,view_item
74016002.6019650209,3152633152,2020-11-13,1,1,0,1,1,1,desktop,Web,United States,Washington,<Other>,<Other>,99.6,30,6,purchase
5347761.1128686871,6681761246,2020-12-08,1,0,0,0,0,0,desktop,Web,Romania,(not set),<Other>,<Other>,0.0,1,1,session_only
13810929.6986175729,6249539770,2020-11-06,1,1,0,0,0,0,desktop,Web,United States,Missouri,google,organic,0.0,3,2,view_item
42278513.9197012248,3983290218,2021-01-13,1,0,0,0,0,0,mobile,iOS,United States,Virginia,google,organic,0.0,1,1,session_only
73627797.5486173010,3145756264,2020-11-12,1,0,0,0,0,0,desktop,Macintosh,United States,West Virginia,shop.googlemerchandisestore.com,referral,0.0,1,1,session_only
91305724.9801810894,5703694300,2021-01-15,1,0,0,0,0,0,desktop,Web,United States,California,(direct),(none),0.0,1,1,session_only
6467724.1362969516,3687948802,2020-12-30,1,0,0,0,0,0,desktop,Web,United States,California,google,organic,0.0,1,1,session_only
69303054.0561716824,7872095518,2021-01-24,1,0,0,0,0,0,desktop,Macintosh,China,Beijing,(direct),(none),0.0,1,1,session_only
8894775.5253595050,1327399059,2021-01-03,1,1,1,1,1,1,desktop,Web,Hong Kong,(not set),(direct),(none),40.64,10,6,purchase
8732723.3285548442,9963341356,2021-01-01,1,0,0,0,0,0,desktop,Web,United States,Wyoming,google,organic,0.0,1,1,session_only
5528502.4916807329,8722348085,2020-11-04,1,0,0,0,0,0,mobile,Android,United States,Colorado,google,organic,0.0,1,1,session_only
47612980.7655715269,2697440349,2021-01-06,1,0,0,0,0,0,desktop,Macintosh,Israel,Tel Aviv District,<Other>,organic,0.0,1,1,session_only
3401100233.7419228939,839209060,2020-12-02,1,0,0,0,0,0,desktop,Web,Belgium,Wallonia,shop.googlemerchandisestore.com,referral,0.0,1,1,session_only
27845781.1838258104,2556109977,2020-12-22,1,0,0,0,0,0,desktop,Web,United States,Kentucky,google,organic,0.0,1,1,session_only
3959033.4213259227,4090034108,2020-12-13,1,1,1,1,1,1,mobile,iOS,Canada,Ontario,google,organic,0.0,15,6,purchase
4243489.9221932335,3292154971,2020-11-16,1,0,0,0,0,0,desktop,Windows,India,Tamil Nadu,<Other>,<Other>,0.0,1,1,session_only
2231205792.0033112424,3380918392,2020-12-26,1,0,0,0,0,0,mobile,Android,Israel,Center District,shop.googlemerchandisestore.com,referral,0.0,1,1,session_only
7178692492.3992525126,9213046590,2020-12-02,1,0,0,0,0,0,desktop,Macintosh,Thailand,Bangkok,(direct),(none),0.0,1,1,session_only
8293813.5673097253,3181243326,2021-01-10,1,1,1,0,0,0,desktop,Web,United States,Virginia,shop.googlemerchandisestore.com,referral,0.0,29,3,add_to_cart
4722225.2022353473,109978256,2020-12-05,1,1,0,1,1,1,mobile,iOS,Canada,Prince Edward Island,shop.googlemerchandisestore.com,referral,29.6,9,6,purchase
7419068.8676017423,1125812492,2020-12-27,1,0,0,0,0,0,mobile,Android,United States,California,google,organic,0.0,1,1,session_only
40558887.9684227118,9585910737,2020-12-29,1,0,0,0,0,0,desktop,Web,Singapore,(not set),(direct),(none),0.0,1,1,session_only
44167673.5416653927,9450642387,2021-01-15,1,0,0,0,0,0,mobile,Android,Italy,Lazio,<Other>,referral,0.0,1,1,session_only
27395842.5804308724,5793278518,2020-11-18,1,1,1,0,0,0,desktop,Web,United States,New Jersey,<Other>,<Other>,0.0,3,3,add_to_cart
66462724.2940788729,338668127,2020-11-08,1,0,0,0,0,0,tablet,Android,India,Rajasthan,(direct),(none),0.0,1,1,session_only
8033063.5985947274,9603953830,2020-11-18,1,0,0,0,0,0,desktop,Windows,Peru,(not set),<Other>,<Other>,0.0,1,1,session_only
8633002.3339270787,1261215854,2020-12-10,1,1,1,1,1,1,desktop,Windows,United States,Utah,(direct),(none),0.0,12,6,purchase
1369012.1060524117,955445353,2021-01-26,1,0,0,0,0,0,desktop,Web,United States,Virginia,(direct),(none),0.0,1,1,session_only
1541006.6168463275,5130600681,2021-01-11,1,1,1,1,1,1,desktop,Web,United States,Colorado,(direct),(none),32.48,16,6,purchase
19426205.3605206002,5523036672,2020-11-16,1,0,0,0,0,0,desktop,Web,Spain,Andalusia,<Other>,<Other>,0.0,1,1,session_only
88339948.5463689590,6040209535,2020-11-02,1,0,0,0,0,0,mobile,Web,United States,California,google,organic,0.0,1,1,session_only
34349177.9219320822,1967969244,2021-01-06,1,0,0,0,0,0,desktop,Web,United States,California,(data deleted),(data deleted),0.0,1,1,session_only
5228382.0602690123,711063751,2020-11-07,1,1,0,0,0,0,desktop,Macintosh,United States,Colorado,google,organic,0.0,2,2,view_item
4377273.2623316159,6833111189,2021-01-14,1,0,0,0,0,0,desktop,Web,United States,Virginia,(data deleted),(data deleted),0.0,1,1,session_only
22109577.7853501616,1191946421,2021-01-13,1,0,0,0,0,0,desktop,Windows,Canada,British Columbia,google,organic,0.0,1,1,session_only
9162393.3139216792,4404552727,2021-01-10,1,1,0,1,1,1,desktop,Web,Philippines,Central Visayas,shop.googlemerchandisestore.com,referral,0.0,42,6,purchase
5833707.4640795740,6567443314,2020-11-13,1,1,0,1,1,1,desktop,Web,Netherlands,South Holland,google,organic,30.24,19,6,purchase
4975815.9730362196,7869841062,2021-01-14,1,0,0,0,0,0,desktop,Windows,Italy,Lombardy,shop.googlemerchandisestore.com,referral,0.0,1,1,session_only
34518784.8487308531,8518972657,2021-01-05,1,0,0,0,0,0,mobile,iOS,Canada,British Columbia,<Other>,<Other>,0.0,1,1,session_only
17710524.6153959996,4970119163,2020-12-25,1,0,0,0,0,0,mobile,Web,Mexico,Baja California,google,cpc,0.0,1,1,session_only
6088376299.3777008465,4786579438,2021-01-22,1,1,1,1,1,1,desktop,Macintosh,United States,New Mexico,<Other>,<Other>,0.0,14,6,purchase
8127706.5496393109,6031066326,2021-01-28,1,0,0,0,0,0,mobile,iOS,United States,New Jersey,<Other>,referral,0.0,1,1,session_only
48509845.3597365867,7418769251,2021-01-30,1,0,0,0,0,0,desktop,Web,India,Telangana,(direct),(none),0.0,1,1,session_only
8248586.6124214624,7625497096,2021-01-07,1,0,0,0,0,0,desktop,Web,United States,New York,google,organic,0.0,1,1,session_only
35557994.8344136199,2837652639,2020-11-02,1,0,0,0,0,0,desktop,Web,Poland,Lesser Poland Voivodeship,google,organic,0.0,1,1,session_only
49189821.0475272782,4094269672,2020-12-16,1,0,0,0,0,0,desktop,Windows,India,Tamil Nadu,<Other>,organic,0.0,1,1,session_only
4779092.2180784248,8986421290,2020-12-02,1,0,0,0,0,0,mobile,Web,United States,California,<Other>,<Other>,0.0,1,1,session_only
3503790.2492421135,6950991964,2021-01-10,1,0,0,0,0,0,mobile,Web,United States,Indiana,<Other>,<Other>,0.0,1,1,session_only
1507306.6228623620,4981302425,2021-01-22,1,1,0,0,0,0,desktop,Web,United States,New York,google,organic,0.0,2,2,view_item
3515676.0054796242,5314055746,2021-01-14,1,0,0,0,0,0,mobile,iOS,United States,Pennsylvania,shop.googlemerchandisestore.com,referral,0.0,1,1,session_only
2565533.4912616346,8077427202,2021-01-07,1,0,0,0,0,0,mobile,Web,United Kingdom,Scotland,(direct),(none),0.0,1,1,session_only
4184834.4682442320,8189097330,2021-01-13,1,0,0,0,0,0,mobile,Android,Sweden,(not set),google,cpc,0.0,1,1,session_only
7501345951.1618679168,8933998464,2020-11-03,1,0,0,0,0,0,desktop,Windows,Italy,Veneto,<Other>,<Other>,0.0,1,1,session_only
2056515.6557089519,3272361373,2021-01-06,1,0,0,0,0,0,desktop,Web,United Kingdom,Scotland,google,organic,0.0,1,1,session_only
9210848.0212558256,8012088631,2020-12-08,1,0,0,0,0,0,desktop,Web,United Arab Emirates,Abu Dhabi,<Other>,<Other>,0.0,1,1,session_only
19070204.9664357005,7240723107,2020-12-22,1,0,0,0,0,0,mobile,Web,India,Uttar Pradesh,google,organic,0.0,1,1,session_only
36633983.4114690912,4559800486,2021-01-14,1,0,0,0,0,0,desktop,Web,United States,Arizona,google,organic,0.0,1,1,session_only
13248543.6641277791,9685023078,2021-01-10,1,0,0,0,0,0,mobile,Web,United States,Virginia,google,organic,0.0,1,1,session_only
1441114.9456688746,3939377564,2020-12-16,1,0,0,0,0,0,desktop,Web,Canada,Saskatchewan,(direct),(none),0.0,1,1,session_only
1056454.5884205288,286937789,2020-12-13,1,1,0,0,0,0,desktop,Web,Canada,Quebec,<Other>,<Other>,0.0,2,2,view_item
2067845.7410750039,1728081423,2020-11-15,1,1,0,0,0,0,desktop,Windows,Bangladesh,(not set),(direct),(none),0.0,2,2,view_item
68247530.3143625558,9783647169,2021-01-06,1,0,0,0,0,0,desktop,Macintosh,United Kingdom,England,google,organic,0.0,1,1,session_only
5516802.3828150165,735743164,2021-01-14,1,0,0,0,0,0,desktop,Web,United States,Massachusetts,google,organic,0.0,1,1,session_only
15111350.3760835722,9501906632,2020-12-06,1,1,0,0,0,0,desktop,Web,Brazil,State of Rio de Janeiro,shop.googlemerchandisestore.com,referral,0.0,3,2,view_item
70961334.3376988673,7729104144,2020-11-03,1,0,0,0,0,0,desktop,Web,Taiwan,Taichung City,google,organic,0.0,1,1,session_only
10513611.2809170909,7490581973,2021-01-09,1,0,0,0,0,0,desktop,Web,United States,Virginia,google,organic,0.0,1,1,session_only
3157748.4988786010,4791820983,2021-01-29,1,0,0,0,0,0,desktop,Web,United States,Ohio,<Other>,<Other>,0.0,1,1,session_only
23112993.5784734347,6712981698,2020-12-02,1,0,0,0,0,0,desktop,Web,Peru,(not set),google,organic,0.0,1,1,session_only
83470863.4761299587,9037917834,2021-01-09,1,0,0,0,0,0,desktop,Web,India,Uttar Pradesh,<Other>,referral,0.0,1,1,session_only
5438849.1247218850,9102120608,2020-12-02,1,0,0,0,0,0,mobile,Web,Saudi Arabia,Makkah Province,(direct),(none),0.0,1,1,session_only
61489475.1751743254,200727811,2020-12-30,1,0,0,0,0,0,mobile,iOS,United Kingdom,England,google,organic,0.0,1,1,session_only
27181517.9278849940,9367060844,2020-11-29,1,1,0,1,1,1,mobile,Web,Canada,Quebec,<Other>,organic,0.0,7,6,purchase
29288346.7486596451,7916084093,2021-01-03,1,0,0,0,0,0,tablet,Web,United States,Idaho,<Other>,referral,0.0,1,1,session_only
11319013.9244904983,8689041899,2020-12-05,1,0,0,0,0,0,desktop,Web,Thailand,(not set),shop.googlemerchandisestore.com,referral,0.0,1,1,session_only
4630468.5149646092,9320398862,2020-12-20,1,0,0,0,0,0,tablet,Web,Canada,Ontario,google,organic,0.0,1,1,session_only
3036652.7053843242,3021027414,2020-12-02,1,0,0,0,0,0,desktop,Macintosh,United Kingdom,Scotland,google,organic,0.0,1,1,session_only
3088649.0637227372,8007934960,2021-01-30,1,0,0,0,0,0,desktop,Windows,United States,Massachusetts,google,organic,0.0,1,1,session_only
6027887.5211064946,899087817,2020-11-21,1,1,0,1,1,1,mobile,Web,Taiwan,Taipei City,<Other>,<Other>,0.0,10,6,purchase
2567881.7159819707,6932296596,2020-12-22,1,0,0,0,0,0,desktop,Macintosh,Japan,Saitama,<Other>,referral,0.0,1,1,session_only
18642601.6974810445,1808365473,2021-01-14,1,0,0,0,0,0,desktop,Web,Japan,Kanagawa,google,organic,0.0,1,1,session_only
4428248.8188402637,3807337689,2020-12-10,1,0,0,0,0,0,tablet,iOS,United Kingdom,England,(data deleted),(data deleted),0.0,1,1,session_only
42973705.2604123071,4763478806,2020-12-10,1,1,1,1,1,1,desktop,<Other>,United States,Illinois,(data deleted),(data deleted),19.76,10,6,purchase
9071337.2790115495,4304379113,2020-12-21,1,0,0,0,0,0,mobile,Web,United States,North Carolina,google,organic,0.0,1,1,session_only
71510217.3315206080,516532527,2021-01-07,1,1,0,1,1,1,mobile,Web,United Kingdom,England,<Other>,organic,0.0,12,6,purchase
24198771.2559712602,5746176156,2021-01-02,1,0,0,0,0,0,desktop,Web,United States,Missouri,google,organic,0.0,1,1,session_only
4783448022.7117361410,1612704067,2020-11-18,1,0,0,0,0,0,desktop,<Other>,Spain,Andalusia,(direct),(none),0.0,1,1,session_only
87656936.2095000060,8690538453,2020-11-03,1,0,0,0,0,0,desktop,Web,Canada,British Columbia,(direct),(none),0.0,1,1,session_only
3320603.8814983154,8329124987,2021-01-04,1,0,0,0,0,0,mobile,Web,United States,Massachusetts,shop.googlemerchandisestore.com,referral,0.0,1,1,session_only
43424361.1885743889,3912080298,2021-01-11,1,0,0,0,0,0,desktop,Web,United States,Georgia,<Other>,referral,0.0,1,1,session_only
69909309.3914545525,2775870506,2020-12-16,1,0,0,0,0,0,desktop,Web,India,Maharashtra,(data deleted),(data deleted),0.0,1,1,session_only
5929814.5919580515,9650902189,2020-11-12,1,0,0,0,0,0,desktop,Windows,United States,New Jersey,<Other>,<Other>,0.0,1,1,session_only
8393713.6899692987,290584681,2021-01-18,1,0,0,0,0,0,desktop,Macintosh,United States,Nebraska,google,organic,0.0,1,1,session_only
4383455.7327298419,7774387989,2020-12-28,1,0,0,0,0,0,mobile,Web,United States,California,google,organic,0.0,1,1,session_only
78655705.8298074236,7021949991,2020-12-29,1,0,0,0,0,0,mobile,iOS,Romania,(not set),<Other>,organic,0.0,1,1,session_only
1973757.8722046630,7550816621,2021-01-30,1,0,0,0,0,0,desktop,Web,United States,California,(direct),(none),0.0,1,1,session_only
87100456.3648734874,2707004031,2020-12-30,1,0,0,0,0,0,desktop,<Other>,United States,Florida,(data deleted),(data deleted),0.0,1,1,session_only
55312118.9076289779,4601783708,2021-01-28,1,0,0,0,0,0,mobile,Web,United States,New York,google,organic,0.0,1,1,session_only
76326927.8015668323,4369665318,2020-12-06,1,0,0,0,0,0,mobile,Web,United States,Texas,google,cpc,0.0,1,1,session_only
2630084.3484713733,6964698119,2020-11-29,1,0,0,0,0,0,desktop,Windows,United States,Texas,<Other>,referral,0.0,1,1,session_only
31450884.9129417592,618781552,2021-01-07,1,1,0,1,1,1,desktop,Macintosh,Canada,British Columbia,(direct),(none),16.24,9,6,purchase
7042560.4523422776,3981720178,2021-01-22,1,0,0,0,0,0,mobile,Web,United States,Texas,<Other>,<Other>,0.0,1,1,session_only
16920974.8580949014,4101444923,2021-01-10,1,1,0,0,0,0,desktop,Web,Russia,(not set),google,organic,0.0,3,2,view_item
2023035.6131522592,8571554618,2020-12-20,1,1,1,1,1,0,mobile,Web,United Kingdom,England,<Other>,<Other>,0.0,142,5,add_payment
9557692.1178362544,7371164242,2020-11-21,1,0,0,0,0,0,mobile,Web,United States,Wisconsin,(direct),(none),0.0,1,1,session_only
8957881.1085416437,7570794727,2021-01-24,1,0,0,0,0,0,mobile,Android,United Kingdom,England,<Other>,<Other>,0.0,1,1,session_only
8980235.3849994847,179676250,2020-11-02,1,0,0,0,0,0,mobile,iOS,United States,Utah,<Other>,referral,0.0,1,1,session_only
9998468.0666774814,3426677195,2020-11-03,1,0,0,0,0,0,desktop,Web,United States,Florida,google,organic,0.0,1,1,session_only
90423440.6722182357,3306315055,2021-01-25,1,0,0,0,0,0,desktop,Web,Singapore,(not set),<Other>,<Other>,0.0,1,1,session_only
54054788.5524342358,7789881178,2021-01-08,1,1,1,1,1,1,mobile,Android,United States,Pennsylvania,shop.googlemerchandisestore.com,referral,0.0,70,6,purchase
8869843.5934137874,9075410852,2020-12-21,1,1,0,0,0,0,mobile,Android,United States,Washington,google,organic,0.0,2,2,view_item
6651183.7152992381,2610032499,2020-11-04,1,1,0,0,0,0,mobile,iOS,United States,Virginia,(direct),(none),0.0,5,2,view_item
5646295.7189050602,5105218057,2020-12-05,1,0,0,0,0,0,mobile,iOS,Singapore,(not set),google,cpc,0.0,1,1,session_only
66003279.3244514841,7738506211,2020-12-10,1,0,0,0,0,0,mobile,Android,United States,California,(direct),(none),0.0,1,1,session_only
5442339.6226879585,4854023785,2020-12-08,1,0,0,0,0,0,mobile,Web,France,Nouvelle-Aquitaine,google,organic,0.0,1,1,session_only
8233454.3379625056,4234291198,2021-01-03,1,0,0,0,0,0,desktop,Web,Spain,Castile-La Mancha,<Other>,referral,0.0,1,1,session_only
59950329.8093496406,9698732996,2021-01-21,1,0,0,0,0,0,mobile,iOS,Finland,Uusimaa,<Other>,<Other>,0.0,1,1,session_only
39788795.2440974155,8177608417,2021-01-23,1,1,1,0,0,0,desktop,Web,India,Jharkhand,(direct),(none),0.0,3,3,add_to_cart
55570200.4023713914,3448343133,2020-12-10,1,1,1,1,1,1,desktop,Windows,United States,Texas,(data deleted),(data deleted),106.32,29,6,purchase
77410974.2880356784,2175841549,2020-11-13,1,0,0,0,0,0,desktop,Web,Israel,Haifa District,google,organic,0.0,1,1,session_only
5693743.9718682957,5604947594,2021-01-15,1,0,0,0,0,0,desktop,Web,United States,Tennessee,(direct),(none),0.0,1,1,session_only
20597956.2617555051,9355061567,2021-01-24,1,0,0,0,0,0,desktop,Web,Sri Lanka,Western Province,google,organic,0.0,1,1,session_only
7240383.9655796458,9636603357,2020-12-28,1,0,0,0,0,0,desktop,Macintosh,Japan,(not set),(direct),(none),0.0,1,1,session_only
8123614.1576441120,1996115634,2020-12-05,1,0,0,0,0,0,mobile,iOS,India,West Bengal,<Other>,<Other>,0.0,1,1,session_only
48239272.3554550360,9796640992,2021-01-23,1,1,1,0,0,0,desktop,Web,United Kingdom,England,<Other>,<Other>,0.0,3,3,add_to_cart
60698420.1221466810,863319805,2021-01-31,1,0,0,0,0,0,desktop,Web,India,Maharashtra,shop.googlemerchandisestore.com,referral,0.0,1,1,session_only
1819343.7135638887,1687587580,2020-11-03,1,0,0,0,0,0,desktop,Web,Sweden,(not set),<Other>,<Other>,0.0,1,1,session_only
2526267.9747473648,6308726509,2020-12-20,1,0,0,0,0,0,desktop,Web,India,Karnataka,(direct),(none),0.0,1,1,session_only
1499335.9590096233,2239179665,2021-01-21,1,0,0,0,0,0,desktop,Web,United States,Missouri,(direct),(none),0.0,1,1,session_only
11728928.3102991835,8901578253,2020-11-15,1,1,0,0,0,0,desktop,Web,Italy,Lombardy,(direct),(none),0.0,3,2,view_item
36757204.3843354213,3419981704,2021-01-22,1,0,0,0,0,0,desktop,Web,United States,Illinois,(direct),(none),0.0,1,1,session_only
54777207.5761146753,9656967850,2020-12-08,1,1,0,0,0,0,desktop,Web,United States,Nevada,google,organic,0.0,2,2,view_item
67031279.3583234517,3436293575,2020-11-08,1,0,0,0,0,0,desktop,Web,United States,Wisconsin,google,organic,0.0,1,1,session_only
10270025.2390906666,6123065066,2021-01-04,1,0,0,0,0,0,desktop,Windows,United States,Michigan,(data deleted),(data deleted),0.0,1,1,session_only
29856356.5477376316,3571931258,2020-12-16,1,0,0,0,0,0,mobile,Android,United States,New York,shop.googlemerchandisestore.com,referral,0.0,1,1,session_only
6604958.4115044058,5547319426,2021-01-22,1,0,0,0,0,0,desktop,Windows,India,Uttar Pradesh,google,organic,0.0,1,1,session_only
8076546.3814078834,2389662026,2021-01-21,1,1,1,1,1,1,mobile,iOS,India,Kerala,(data deleted),(data deleted),0.0,56,6,purchase
84959757.0086253392,531168443,2020-11-12,1,0,0,0,0,0,mobile,Android,Canada,Ontario,(data deleted),(data deleted),0.0,1,1,session_only
80967987.2209982007,5552881655,2020-11-02,1,0,0,0,0,0,mobile,Web,United States,California,google,organic,0.0,1,1,session_only
7056404.4413786644,6824818772,2020-12-05,1,0,0,0,0,0,desktop,Web,United States,California,(data deleted),(data deleted),0.0,1,1,session_only
4620710.8711798700,5583163291,2020-11-18,1,1,0,0,0,0,mobile,Android,United States,Texas,(direct),(none),0.0,19,2,view_item
68905827.0781527930,5553214900,2021-01-16,1,0,0,0,0,0,desktop,Macintosh,United Kingdom,England,<Other>,<Other>,0.0,1,1,session_only
82719277.9552974501,2645424634,2021-01-13,1,0,0,0,0,0,desktop,Web,Indonesia,Jakarta,google,organic,0.0,1,1,session_only
36703476.1848881070,9491130921,2021-01-02,1,0,0,0,0,0,mobile,Web,United States,Michigan,<Other>,<Other>,0.0,1,1,session_only
55046543.9542047378,4973548686,2020-12-06,1,0,0,0,0,0,desktop,Web,India,Odisha,<Other>,referral,0.0,1,1,session_only
1332759.1359482987,9912380883,2020-11-09,1,0,0,0,0,0,desktop,Web,United States,South Dakota,google,organic,0.0,1,1,session_only
6512021.3913056139,4142706715,2021-01-03,1,0,0,0,0,0,desktop,Windows,United States,Florida,google,organic,0.0,1,1,session_only
53421562.5228915065,3041108040,2020-12-25,1,1,0,0,0,0,desktop,Web,Singapore,(not set),<Other>,referral,0.0,2,2,view_item
7560366.0020370623,2038884811,2021-01-24,1,0,0,0,0,0,desktop,Web,United States,California,(direct),(none),0.0,1,1,session_only
47946831.1066900442,2416415571,2021-01-22,1,1,1,1,1,1,desktop,Web,Mexico,Nuevo Leon,<Other>,<Other>,0.0,10,6,purchase
47006116.8708351317,8139801185,2021-01-28,1,0,0,0,0,0,mobile,Web,France,Brittany,<Other>,<Other>,0.0,1,1,session_only
21409061.4600433100,2367532332,2021-01-21,1,0,0,0,0,0,desktop,Web,India,Delhi,shop.googlemerchandisestore.com,referral,0.0,1,1,session_only
6801821.5367611951,547589299,2020-12-16,1,1,0,0,0,0,desktop,Web,Iraq,(not set),(direct),(none),0.0,6,2,view_item
1484748.1273833111,9934829856,2020-12-06,1,1,0,0,0,0,desktop,Web,United States,Florida,shop.googlemerchandisestore.com,referral,0.0,3,2,view_item
45060077.4351247857,1173792912,2020-12-21,1,0,0,0,0,0,desktop,Web,United States,New York,<Other>,<Other>,0.0,1,1,session_only
60352271.8356592943,524866995,2020-12-20,1,0,0,0,0,0,desktop,Macintosh,Canada,Ontario,<Other>,<Other>,0.0,1,1,session_only
45260463.3855518621,7318373582,2021-01-25,1,0,0,0,0,0,mobile,iOS,United States,California,<Other>,<Other>,0.0,1,1,session_only
57751963.7831292491,3831002184,2020-11-07,1,0,0,0,0,0,mobile,Web,(not set),(not set),(direct),(none),0.0,1,1,session_only
4275783.3113255900,5707780751,2020-12-30,1,1,0,0,0,0,mobile,iOS,France,Provence-Alpes-Cote d'Azur,google,organic,0.0,6,2,view_item
1260992.5282234785,5114548941,2021-01-05,1,0,0,0,0,0,desktop,Macintosh,United States,Indiana,(direct),(none),0.0,1,1,session_only
42336766.0496132106,6418115477,2021-01-06,1,1,0,0,0,0,desktop,Macintosh,United States,Mississippi,google,organic,0.0,4,2,view_item
2892202.6937553846,5986600160,2020-12-22,1,0,0,0,0,0,desktop,Web,India,Maharashtra,google,organic,0.0,1,1,session_only
5742427.7025645750,6716331724,2021-01-06,1,0,0,0,0,0,mobile,Web,Germany,Bavaria,(direct),(none),0.0,1,1,session_only
4499992609.9764785594,194791205,2020-12-22,1,0,0,0,0,0,desktop,Windows,United States,Florida,(direct),(none),0.0,1,1,session_only
7928589.8400436686,3168712780,2021-01-13,1,1,0,0,0,0,desktop,Web,Portugal,(not set),google,cpc,0.0,3,2,view_item
81792063.3992602010,6835705714,2021-01-05,1,0,0,0,0,0,desktop,Windows,United States,Texas,(direct),(none),0.0,1,1,session_only
21415103.4717334027,5991341564,2020-12-13,1,0,0,0,0,0,desktop,Windows,Ireland,(not set),(direct),(none),0.0,1,1,session_only
34969883.6296949264,5411517297,2020-11-21,1,0,0,0,0,0,desktop,Web,India,Telangana,(data deleted),(data deleted),0.0,1,1,session_only
6139983.5303621158,2260408020,2020-11-03,1,0,0,0,0,0,mobile,Android,United States,Virginia,google,organic,0.0,1,1,session_only
5677801.4737625319,9827444293,2020-12-08,1,0,0,0,0,0,desktop,Windows,United States,Florida,(direct),(none),0.0,1,1,session_only
32024115.5649616205,6860506625,2021-01-17,1,0,0,0,0,0,desktop,Web,Greece,Attica,(direct),(none),0.0,1,1,session_only
96354335.0257202462,984852336,2020-12-22,1,0,0,0,0,0,desktop,Web,United States,Pennsylvania,google,organic,0.0,1,1,session_only
18959111.1595509886,8502619544,2021-01-21,1,1,0,1,1,1,desktop,Windows,Taiwan,New Taipei City,<Other>,referral,83.6,30,6,purchase
41206275.9263592974,377450588,2020-12-05,1,0,0,0,0,0,mobile,Web,United Kingdom,England,google,organic,0.0,1,1,session_only
51398150.4064098877,5962794878,2021-01-10,1,0,0,0,0,0,mobile,Web,United States,California,google,cpc,0.0,1,1,session_only
85826217.5324727350,3775822139,2020-12-28,1,0,0,0,0,0,desktop,Web,Pakistan,Sindh,google,organic,0.0,1,1,session_only
8055906.6735793477,2162354869,2021-01-08,1,1,0,0,0,0,mobile,iOS,Ireland,County Dublin,<Other>,referral,0.0,5,2,view_item
8176803.0981102586,2345635218,2021-01-21,1,0,0,0,0,0,desktop,Web,United States,California,(direct),(none),0.0,1,1,session_only
87799136.2894958967,673805765,2021-01-28,1,0,0,0,0,0,mobile,Web,Switzerland,(not set),google,organic,0.0,1,1,session_only
59712659.2168298976,2699212994,2021-01-26,1,0,0,0,0,0,mobile,Web,India,Rajasthan,<Other>,organic,0.0,1,1,session_only
7280323.4917392172,1381213058,2021-01-09,1,0,0,0,0,0,desktop,Windows,India,Uttarakhand,shop.googlemerchandisestore.com,referral,0.0,1,1,session_only
9115432.2022550839,3608376681,2020-12-21,1,0,0,0,0,0,mobile,Web,Mexico,State of Mexico,google,cpc,0.0,1,1,session_only
66999027.0229648490,8373211072,2021-01-21,1,1,1,1,1,1,desktop,Windows,United States,California,(data deleted),(data deleted),85.44,67,6,purchase
7393363.8926862028,6836679008,2021-01-05,1,0,0,0,0,0,mobile,Web,United States,New Jersey,(direct),(none),0.0,1,1,session_only
42739035.6452487261,5075218123,2021-01-04,1,0,0,0,0,0,mobile,Web,Hong Kong,(not set),google,organic,0.0,1,1,session_only
6432122.5226639734,9027802405,2020-12-13,1,0,0,0,0,0,mobile,Android,China,Guangdong Province,google,organic,0.0,1,1,session_only
51922182.4067586137,9797509678,2021-01-24,1,0,0,0,0,0,desktop,Web,United Kingdom,England,(direct),(none),0.0,1,1,session_only
7617341.4022412317,6865713324,2020-12-21,1,0,0,0,0,0,desktop,Web,United States,Nevada,(direct),(none),0.0,1,1,session_only
3138179.3381440667,2450284932,2021-01-14,1,0,0,0,0,0,mobile,Web,United States,Florida,google,organic,0.0,1,1,session_only
26438403.8965651583,2991851270,2021-01-21,1,0,0,0,0,0,desktop,Web,Taiwan,Taiwan Province,google,organic,0.0,1,1,session_only
19273701.8700181182,5547121916,2021-01-26,1,0,0,0,0,0,mobile,Android,Australia,Queensland,google,organic,0.0,1,1,session_only
7504209.4010435894,2653584532,2020-12-27,1,0,0,0,0,0,desktop,Windows,United States,Arkansas,google,organic,0.0,1,1,session_only
8963432.4575583523,5758073222,2020-11-09,1,0,0,0,0,0,mobile,Web,United States,California,google,organic,0.0,1,1,session_only
2459609.1421753209,2372673548,2020-11-21,1,1,0,1,1,1,mobile,Web,Germany,Schleswig-Holstein,google,cpc,66.08,21,6,purchase
86893935.9736360254,7004955978,2021-01-08,1,1,0,0,0,0,desktop,Web,United States,California,(direct),(none),0.0,3,2,view_item
6255244.2740726940,5635702680,2021-01-21,1,0,0,0,0,0,desktop,Web,Switzerland,Canton of Bern,google,organic,0.0,1,1,session_only
6529983.5567562804,6049162583,2021-01-24,1,1,1,1,1,1,mobile,iOS,Canada,Ontario,google,organic,79.4,29,6,purchase
11753202.9022502795,9325552152,2021-01-04,1,0,0,0,0,0,mobile,Web,Japan,(not set),shop.googlemerchandisestore.com,referral,0.0,1,1,session_only
6378351.4591823664,8377013351,2020-12-10,1,0,0,0,0,0,desktop,Web,Italy,Apulia,<Other>,referral,0.0,1,1,session_only
23664596.6213658181,7555256151,2020-12-16,1,0,0,0,0,0,mobile,Web,United States,California,google,organic,0.0,1,1,session_only
43635422.5881128785,7213369776,2021-01-01,1,0,0,0,0,0,desktop,Macintosh,United States,New York,(data deleted),(data deleted),0.0,1,1,session_only
2646219.6086431961,3164651611,2020-11-04,1,0,0,0,0,0,mobile,iOS,United Arab Emirates,(not set),<Other>,<Other>,0.0,1,1,session_only
3743461.4622907707,6222297170,2020-12-28,1,0,0,0,0,0,desktop,Web,Italy,Lazio,google,cpc,0.0,1,1,session_only
67008151.0156727582,1551001826,2020-11-13,1,0,0,0,0,0,mobile,iOS,United States,New Jersey,google,organic,0.0,1,1,session_only
65623101.0424669149,5365697058,2020-12-28,1,1,0,0,0,0,mobile,Web,France,Hauts-de-France,<Other>,referral,0.0,2,2,view_item
51954044.7234105463,3511442624,2021-01-02,1,1,0,1,1,1,desktop,<Other>,Ecuador,(not set),google,organic,10.5,10,6,purchase
6877259.3053247129,9519218020,2021-01-04,1,0,0,0,0,0,desktop,Web,Italy,Piedmont,google,organic,0.0,1,1,session_only
8053281.3434835195,3412396306,2021-01-13,1,0,0,0,0,0,desktop,Web,Brazil,State of Minas Gerais,(direct),(none),0.0,1,1,session_only
49354846.0718560012,7916298109,2020-12-16,1,1,1,1,1,1,mobile,Web,India,Rajasthan,<Other>,referral,0.0,18,6,purchase
6912309.8730595992,5685704674,2021-01-22,1,1,0,1,1,1,desktop,Web,United States,Kentucky,google,organic,79.2,8,6,purchase
8852686.2320515436,3751491207,2021-01-16,1,1,0,1,1,1,desktop,Web,India,Tamil Nadu,<Other>,referral,52.5,10,6,purchase
5069477.3861817004,7082978523,2020-11-09,1,0,0,0,0,0,desktop,Web,Canada,British Columbia,google,cpc,0.0,1,1,session_only
19646880.6083875642,3943627398,2021-01-06,1,1,1,1,1,1,desktop,Web,Germany,North Rhine-Westphalia,<Other>,referral,0.0,41,6,purchase
2414876.7142655919,313360744,2020-11-22,1,1,0,0,0,0,desktop,Web,Canada,Quebec,google,organic,0.0,9,2,view_item
55898259.3632334008,9378027713,2020-11-13,1,0,0,0,0,0,mobile,Web,United States,California,(direct),(none),0.0,1,1,session_only
7760437.6364265573,3872965937,2020-12-13,1,1,0,0,0,0,desktop,Windows,Hong Kong,(not set),<Other>,organic,0.0,2,2,view_item
3221278.5647783858,2363507670,2021-01-09,1,1,0,0,0,0,desktop,Web,India,Telangana,shop.googlemerchandisestore.com,referral,0.0,2,2,view_item
3336721.0629654353,1328471875,2020-12-31,1,0,0,0,0,0,desktop,Windows,United States,Missouri,<Other>,<Other>,0.0,1,1,session_only
89585834.6508653051,9600131479,2020-12-08,1,0,0,0,0,0,desktop,Web,United States,Texas,google,organic,0.0,1,1,session_only
41013948.1588001834,6242508296,2021-01-09,1,0,0,0,0,0,mobile,Web,United States,Texas,shop.googlemerchandisestore.com,referral,0.0,1,1,session_only
45799137.6611164146,1482602827,2021-01-10,1,0,0,0,0,0,mobile,Web,United States,Virginia,(direct),(none),0.0,1,1,session_only
74651254.2882412368,6815617851,2021-01-30,1,0,0,0,0,0,mobile,Web,Taiwan,New Taipei City,google,cpc,0.0,1,1,session_only
62393838.4289173144,1919654205,2021-01-13,1,0,0,0,0,0,desktop,Web,United States,Colorado,(data deleted),(data deleted),0.0,1,1,session_only
8411833.6071525495,7046587001,2020-12-10,1,0,0,0,0,0,desktop,Web,India,Tamil Nadu,<Other>,<Other>,0.0,1,1,session_only
7261867.6042277708,6006725898,2021-01-21,1,0,0,0,0,0,mobile,iOS,United States,New York,google,organic,0.0,1,1,session_only
70696475.5127519546,4538530022,2020-12-31,1,0,0,0,0,0,desktop,Web,Vietnam,(not set),(direct),(none),0.0,1,1,session_only
7435496.9335305579,4224922347,2021-01-23,1,1,0,0,0,0,mobile,iOS,United States,Montana,google,organic,0.0,2,2,view_item
53310243.6553659101,7398057787,2021-01-22,1,0,0,0,0,0,mobile,Web,France,Grand Est,google,organic,0.0,1,1,session_only
7210878.8207434394,313493529,2021-01-14,1,1,1,0,0,0,desktop,Web,United States,Texas,shop.googlemerchandisestore.com,referral,0.0,7,3,add_to_cart
19873344.4999466945,8404530363,2020-12-16,1,1,0,1,1,1,desktop,Web,United States,Michigan,(direct),(none),81.68,25,6,purchase
35349561.5642144475,3906038108,2020-12-08,1,0,0,0,0,0,desktop,Web,United States,Virginia,(direct),(none),0.0,1,1,session_only
5023047.3313940465,1224057956,2020-11-12,1,0,0,0,0,0,mobile,Web,Ukraine,Odessa Oblast,(direct),(none),0.0,1,1,session_only
21754913.8438869157,4780268937,2020-11-03,1,1,0,0,0,0,desktop,Windows,United States,Virginia,google,cpc,0.0,2,2,view_item
70674039.4088254371,6843461971,2020-12-10,1,0,0,0,0,0,desktop,Windows,United States,Missouri,<Other>,<Other>,0.0,1,1,session_only
91028872.0097105946,7354781131,2021-01-01,1,0,0,0,0,0,desktop,Windows,United States,Florida,<Other>,<Other>,0.0,1,1,session_only
43501868.9797856240,4046769066,2021-01-25,1,0,0,0,0,0,tablet,Android,Canada,Alberta,google,organic,0.0,1,1,session_only
69908382.7779591287,1688635385,2020-12-29,1,0,0,0,0,0,mobile,iOS,Russia,(not set),<Other>,<Other>,0.0,1,1,session_only
1197804.1752774227,4464617508,2020-11-08,1,0,0,0,0,0,desktop,Windows,United States,Maine,(direct),(none),0.0,1,1,session_only
3118737.2160667978,1183700469,2020-12-02,1,1,1,1,1,1,mobile,Android,United States,California,<Other>,referral,145.6,17,6,purchase
3777881.8197329849,597075327,2021-01-23,1,1,1,1,1,1,mobile,iOS,Canada,British Columbia,(data deleted),(data deleted),76.96,26,6,purchase
27626877.4534026606,6106599834,2020-11-22,1,0,0,0,0,0,desktop,Web,Canada,Ontario,google,organic,0.0,1,1,session_only
38042480.3319476864,2039015596,2020-12-06,1,0,0,0,0,0,mobile,iOS,United States,New York,(direct),(none),0.0,1,1,session_only
54670907.5546157135,6294653895,2020-12-24,1,0,0,0,0,0,desktop,Web,United States,Massachusetts,google,organic,0.0,1,1,session_only
6412181.2873193997,3390070496,2020-11-22,1,0,0,0,0,0,desktop,Web,United States,Ohio,google,organic,0.0,1,1,session_only
81229609.5722218249,9128847472,2020-12-13,1,0,0,0,0,0,mobile,Web,United States,California,google,organic,0.0,1,1,session_only
84306443.0570794097,980401648,2021-01-25,1,0,0,0,0,0,desktop,<Other>,Spain,Catalonia,(data deleted),(data deleted),0.0,1,1,session_only
2276128.3701644536,5152437673,2021-01-26,1,0,0,0,0,0,mobile,Android,Spain,Balearic Islands,<Other>,referral,0.0,1,1,session_only
4664837.8390408690,2249111467,2020-11-14,1,0,0,0,0,0,mobile,iOS,Singapore,(not set),google,organic,0.0,1,1,session_only
22739964.8040727255,6637062505,2021-01-31,1,0,0,0,0,0,desktop,Web,United States,Texas,(direct),(none),0.0,1,1,session_only
5128606.0721185395,89525775,2021-01-14,1,0,0,0,0,0,desktop,<Other>,United States,Virginia,(direct),(none),0.0,1,1,session_only
57033137.0877277786,8683640187,2020-12-22,1,0,0,0,0,0,desktop,Web,United States,New York,<Other>,<Other>,0.0,1,1,session_only
1845185.7913442083,3920550953,2020-12-13,1,0,0,0,0,0,mobile,Android,Canada,Ontario,(data deleted),(data deleted),0.0,1,1,session_only
7691953.3937791950,5651060434,2021-01-29,1,0,0,0,0,0,mobile,Android,New Zealand,Auckland,(direct),(none),0.0,1,1,session_only
31686068.9237597213,282243492,2020-12-10,1,0,0,0,0,0,mobile,iOS,United States,Mississippi,(direct),(none),0.0,1,1,session_only
1830994.2632619583,2179806382,2021-01-15,1,0,0,0,0,0,desktop,Web,Indonesia,Jakarta,(direct),(none),0.0,1,1,session_only
4181862.5710073931,2719470862,2021-01-05,1,1,0,1,1,1,mobile,iOS,United States,Massachusetts,(data deleted),(data deleted),80.64,8,6,purchase
48307061.6905233560,9487253185,2021-01-23,1,0,0,0,0,0,tablet,iOS,France,Ile-de-France,<Other>,<Other>,0.0,1,1,session_only
8335592.9870663039,2168392497,2021-01-01,1,0,0,0,0,0,desktop,Web,Canada,Ontario,(direct),(none),0.0,1,1,session_only
1011181.9866462856,1367750264,2020-12-26,1,0,0,0,0,0,mobile,Web,United States,Washington,google,organic,0.0,1,1,session_only
14895146.5305142759,4300029645,2021-01-05,1,0,0,0,0,0,mobile,iOS,Morocco,(not set),(direct),(none),0.0,1,1,session_only
10422183.0835916514,7372087162,2020-11-12,1,1,0,1,0,0,desktop,Macintosh,United States,Pennsylvania,(direct),(none),0.0,59,4,begin_checkout
4933842.6531660526,3613173382,2021-01-10,1,0,0,0,0,0,desktop,Web,United States,New York,google,organic,0.0,1,1,session_only
82076175.9336960512,918558725,2020-12-20,1,0,0,0,0,0,mobile,Web,United States,New York,<Other>,<Other>,0.0,1,1,session_only
2806179.8854828251,9926477547,2020-11-21,1,0,0,0,0,0,mobile,Web,United States,New York,(direct),(none),0.0,1,1,session_only
77217473.3504982322,3941116189,2020-12-05,1,0,0,0,0,0,desktop,Web,Canada,Quebec,<Other>,<Other>,0.0,1,1,session_only
75953287.3882982735,1481796310,2020-11-14,1,0,0,0,0,0,mobile,Android,United States,California,(data deleted),(data deleted),0.0,1,1,session_only
78721828.5011912928,7557133999,2021-01-21,1,1,0,0,0,0,mobile,Web,United States,California,google,organic,0.0,2,2,view_item
72182893.6700601462,2751664372,2020-12-08,1,0,0,0,0,0,desktop,Windows,Spain,Catalonia,(direct),(none),0.0,1,1,session_only
7405255.3621386470,9271639702,2020-12-13,1,0,0,0,0,0,mobile,iOS,Canada,Quebec,<Other>,<Other>,0.0,1,1,session_only
7138224847.3496040032,5252298831,2020-12-13,1,0,0,0,0,0,mobile,iOS,Taiwan,Taipei City,(direct),(none),0.0,1,1,session_only
60867775.6680263403,1021441867,2020-12-13,1,0,0,0,0,0,mobile,Web,Canada,Quebec,google,organic,0.0,1,1,session_only
2456361.8976202534,4603334177,2020-11-16,1,0,0,0,0,0,mobile,Web,United States,Virginia,(data deleted),(data deleted),0.0,1,1,session_only
46388405.3442354541,1151146226,2020-11-22,1,0,0,0,0,0,desktop,Web,United States,New Jersey,shop.googlemerchandisestore.com,referral,0.0,1,1,session_only
81840536.7778795669,3479701937,2021-01-25,1,0,0,0,0,0,desktop,Web,Croatia,City of Zagreb,<Other>,<Other>,0.0,1,1,session_only
2289162.4874850060,9277508036,2021-01-22,1,1,0,0,0,0,desktop,Web,United States,California,google,organic,0.0,2,2,view_item
27239616.1843538354,9534898140,2021-01-21,1,1,1,0,0,0,desktop,Macintosh,Taiwan,Taipei City,(direct),(none),0.0,3,3,add_to_cart
56428621.0388550419,5538495476,2020-11-04,1,1,0,0,0,0,mobile,Web,United States,Kentucky,google,organic,0.0,2,2,view_item
7129488.9079798031,6759154641,2020-12-16,1,0,0,0,0,0,mobile,Web,France,Brittany,(direct),(none),0.0,1,1,session_only
6369914.9090131699,4937464248,2020-12-28,1,0,0,0,0,0,desktop,Web,United States,Minnesota,(direct),(none),0.0,1,1,session_only
1051653.5256730522,2233651289,2020-12-31,1,0,0,0,0,0,desktop,Web,Ukraine,(not set),(direct),(none),0.0,1,1,session_only
4215160.0997785537,7296576383,2020-11-27,1,0,0,0,0,0,mobile,Web,Vietnam,(not set),google,organic,0.0,1,1,session_only
88787688.2319611655,7782288080,2021-01-14,1,0,0,0,0,0,desktop,Web,Germany,Schleswig-Holstein,<Other>,referral,0.0,1,1,session_only
1701427.0999574413,9898770171,2021-01-10,1,0,0,0,0,0,mobile,Web,United Kingdom,England,<Other>,<Other>,0.0,1,1,session_only
77622195.7599777061,8192002945,2021-01-06,1,1,0,0,0,0,mobile,Android,Taiwan,Taiwan Province,(data deleted),(data deleted),0.0,2,2,view_item
4482012.6113083964,629679624,2020-11-27,1,0,0,0,0,0,mobile,iOS,Australia,New South Wales,google,organic,0.0,1,1,session_only
87956837.7511790318,4386876226,2021-01-03,1,0,0,0,0,0,desktop,Web,India,Maharashtra,google,organic,0.0,1,1,session_only
3215534.5876119688,3676338992,2021-01-01,1,0,0,0,0,0,mobile,Web,United States,New York,<Other>,referral,0.0,1,1,session_only
4434092.1528784622,5634251311,2021-01-14,1,0,0,0,0,0,desktop,Windows,Spain,Madrid,google,organic,0.0,1,1,session_only
73701262.2066935599,8276969721,2020-12-31,1,0,0,0,0,0,desktop,Web,Singapore,(not set),(direct),(none),0.0,1,1,session_only
9074238.6234215075,2596242005,2020-12-13,1,1,1,0,0,0,mobile,iOS,United States,Michigan,google,cpc,0.0,16,3,add_to_cart
2469657.2116538189,5421159063,2021-01-06,1,0,0,0,0,0,desktop,Macintosh,United States,Georgia,(direct),(none),0.0,1,1,session_only
4198839.6459847980,1815917402,2021-01-09,1,0,0,0,0,0,mobile,Android,Poland,Silesian Voivodeship,google,organic,0.0,1,1,session_only
12766683.0226580097,6247903700,2021-01-30,1,1,0,0,0,0,desktop,Web,Japan,Tokyo,<Other>,referral,0.0,2,2,view_item
10375826.1196153183,2863818886,2020-11-27,1,0,0,0,0,0,mobile,iOS,Vietnam,(not set),<Other>,<Other>,0.0,1,1,session_only
2104959.3802861970,5601010890,2020-11-06,1,1,0,0,0,0,desktop,Web,United States,Washington,google,organic,0.0,4,2,view_item
22837614.1079524603,2907148879,2020-12-16,1,0,0,0,0,0,mobile,Web,India,Haryana,<Other>,<Other>,0.0,1,1,session_only
9758563.5938733181,1942656006,2020-12-10,1,0,0,0,0,0,mobile,iOS,United Arab Emirates,Dubai,(data deleted),(data deleted),0.0,1,1,session_only
40620079.6899964873,9219627134,2020-12-08,1,0,0,0,0,0,mobile,Web,India,Telangana,(direct),(none),0.0,1,1,session_only
41023423.9571189771,7254961526,2020-11-08,1,0,0,0,0,0,desktop,Web,United States,New Jersey,google,organic,0.0,1,1,session_only
1684721.4174347902,553834049,2020-11-07,1,0,0,0,0,0,mobile,Web,United States,California,<Other>,referral,0.0,1,1,session_only
2483576500.7658669936,4247391158,2021-01-28,1,0,0,0,0,0,desktop,Web,United Kingdom,England,(direct),(none),0.0,1,1,session_only
9137071980.8600240752,7782572146,2021-01-06,1,0,0,0,0,0,desktop,Web,United States,California,google,organic,0.0,1,1,session_only
7691684.8767888540,6445803088,2020-12-06,1,0,0,0,0,0,desktop,Web,United States,California,(data deleted),(data deleted),0.0,1,1,session_only
37428075.0734807436,7032757712,2021-01-28,1,0,0,0,0,0,desktop,Web,Canada,Ontario,<Other>,<Other>,0.0,1,1,session_only
6662036.7879446573,3765605694,2020-12-08,1,1,1,1,1,1,desktop,Web,United States,Pennsylvania,<Other>,<Other>,44.8,41,6,purchase
7081013.7006742891,158878229,2021-01-25,1,0,0,0,0,0,mobile,iOS,United States,Georgia,(direct),(none),0.0,1,1,session_only
40536107.5551520044,5162598838,2021-01-31,1,0,0,0,0,0,mobile,Web,France,Auvergne-Rhone-Alpes,<Other>,referral,0.0,1,1,session_only
8957082.5604268233,6777244073,2021-01-08,1,0,0,0,0,0,desktop,Web,India,Bihar,<Other>,referral,0.0,1,1,session_only
63910438.2249424050,6339955868,2021-01-22,1,1,0,0,0,0,desktop,Web,Thailand,Bangkok,google,organic,0.0,2,2,view_item
36000341.0768123951,5159037244,2020-12-27,1,0,0,0,0,0,desktop,Windows,Vietnam,Hanoi,google,organic,0.0,1,1,session_only
34616001.8285900805,1078812039,2021-01-14,1,1,0,0,0,0,mobile,Web,United States,(not set),<Other>,<Other>,0.0,5,2,view_item
1372858842.6041630481,2487279820,2020-12-30,1,0,0,0,0,0,desktop,Web,United States,New Jersey,<Other>,<Other>,0.0,1,1,session_only
75823965.8436104791,577052090,2021-01-21,1,0,0,0,0,0,desktop,Web,United States,Virginia,google,organic,0.0,1,1,session_only
53534892.7668727863,5412196625,2021-01-06,1,0,0,0,0,0,desktop,Web,United States,Pennsylvania,(direct),(none),0.0,1,1,session_only
3623894.4565818499,3353101717,2021-01-09,1,0,0,0,0,0,desktop,Windows,Malaysia,Selangor,google,organic,0.0,1,1,session_only
11807197.7385130323,1309074602,2021-01-31,1,0,0,0,0,0,desktop,Web,Peru,(not set),google,cpc,0.0,1,1,session_only
41405209.5902280874,4894556458,2020-11-09,1,1,0,1,1,1,mobile,Android,Italy,Piedmont,<Other>,<Other>,0.0,15,6,purchase
20128411.6374027856,9251988662,2021-01-09,1,0,0,0,0,0,mobile,iOS,Turkey,(not set),(direct),(none),0.0,1,1,session_only
36157381.5297778074,1214883103,2021-01-06,1,0,0,0,0,0,desktop,Web,United States,Nebraska,<Other>,<Other>,0.0,1,1,session_only
71260187.7819880287,5067966275,2021-01-08,1,1,1,1,1,1,mobile,iOS,United States,Indiana,(data deleted),(data deleted),112.64,56,6,purchase
8916850.7133790736,1213538239,2021-01-23,1,1,0,0,0,0,desktop,Macintosh,Colombia,Bogota,google,organic,0.0,5,2,view_item
86223757.9187589113,7668964447,2021-01-06,1,0,0,0,0,0,desktop,Web,Sri Lanka,Western Province,(data deleted),(data deleted),0.0,1,1,session_only
61209477.7293702072,6062998080,2020-11-08,1,0,0,0,0,0,mobile,Android,India,Gujarat,(direct),(none),0.0,1,1,session_only
7128823.1776740707,2475826590,2020-11-02,1,1,0,1,1,1,desktop,<Other>,Portugal,Lisbon,(direct),(none),0.0,10,6,purchase
90817445.2754767710,207491550,2021-01-07,1,0,0,0,0,0,desktop,Web,United States,Georgia,<Other>,<Other>,0.0,1,1,session_only
1808170.2762309629,1038723814,2021-01-04,1,1,0,0,0,0,mobile,Web,Chile,Santiago Metropolitan Region,<Other>,<Other>,0.0,7,2,view_item
2798155.8136359339,4411502029,2020-11-03,1,1,0,1,1,1,desktop,Macintosh,Austria,Vienna,(direct),(none),28.799999999999997,25,6,purchase
8719132.4501644786,1860838570,2021-01-06,1,0,0,0,0,0,desktop,Web,Romania,Bucharest,google,organic,0.0,1,1,session_only
39313463.3631514538,475709867,2020-11-06,1,0,0,0,0,0,mobile,iOS,Spain,Madrid,google,organic,0.0,1,1,session_only
7202413.9548709822,1320358567,2021-01-14,1,0,0,0,0,0,desktop,Web,Sweden,Stockholm County,(direct),(none),0.0,1,1,session_only
68372792.6835136539,7570931958,2021-01-26,1,1,0,0,0,0,desktop,Web,China,(not set),<Other>,organic,0.0,2,2,view_item
5299488.0522490006,6114829063,2020-11-02,1,1,0,1,1,1,desktop,Windows,Italy,Campania,shop.googlemerchandisestore.com,referral,191.2,13,6,purchase
2647065.8603961769,260191357,2021-01-04,1,0,0,0,0,0,desktop,Web,Poland,Lesser Poland Voivodeship,(direct),(none),0.0,1,1,session_only
9133125.3786029037,4818165601,2021-01-08,1,0,0,0,0,0,desktop,Web,United States,New York,<Other>,<Other>,0.0,1,1,session_only
1121499.8324057137,2432935751,2020-12-06,1,0,0,0,0,0,desktop,Macintosh,United States,California,(direct),(none),0.0,1,1,session_only
31396025.2931510776,2117080185,2020-12-27,1,1,1,1,1,1,tablet,Web,Brazil,State of Sao Paulo,(direct),(none),0.0,60,6,purchase
1476536.2211782642,4878519324,2020-12-20,1,0,0,0,0,0,mobile,iOS,United States,Colorado,(direct),(none),0.0,1,1,session_only
51359052.9832825278,5229104570,2020-12-30,1,1,0,1,1,1,mobile,Android,Canada,Ontario,<Other>,<Other>,19.2,20,6,purchase
3113626.3476873200,2852359573,2020-12-31,1,0,0,0,0,0,mobile,Android,Singapore,(not set),google,organic,0.0,1,1,session_only
4253652056.9299637299,4023251996,2020-12-02,1,0,0,0,0,0,mobile,iOS,Brazil,State of Sao Paulo,(direct),(none),0.0,1,1,session_only
23433164.1903665151,3336513715,2020-11-22,1,0,0,0,0,0,mobile,Web,United States,Oregon,<Other>,<Other>,0.0,1,1,session_only
46518809.4323367212,4105925293,2020-11-12,1,1,0,0,0,0,desktop,Windows,South Korea,Gyeonggi-do,(direct),(none),0.0,3,2,view_item
2560700.2802998477,4059779943,2021-01-01,1,0,0,0,0,0,mobile,Web,South Korea,Gyeonggi-do,shop.googlemerchandisestore.com,referral,0.0,1,1,session_only
6914778658.6833780797,7464912130,2021-01-01,1,0,0,0,0,0,desktop,Windows,India,West Bengal,google,organic,0.0,1,1,session_only
8920020.3281968979,2609952387,2020-11-21,1,0,0,0,0,0,desktop,Web,Hong Kong,(not set),google,organic,0.0,1,1,session_only
78057967.0429812447,480694888,2020-11-12,1,1,0,0,0,0,mobile,iOS,Austria,Vienna,google,organic,0.0,4,2,view_item
5204033.6227395295,4249673769,2020-12-22,1,0,0,0,0,0,mobile,Android,India,Andhra Pradesh,(direct),(none),0.0,1,1,session_only
20388972.8043824214,9794792836,2021-01-08,1,1,0,0,0,0,desktop,Windows,United States,Alabama,google,organic,0.0,19,2,view_item
34312928.9783300407,456953398,2021-01-16,1,0,0,0,0,0,desktop,Web,Ukraine,(not set),<Other>,<Other>,0.0,1,1,session_only
15960694.1274519135,9457859878,2021-01-18,1,0,0,0,0,0,mobile,Web,United States,Kentucky,<Other>,referral,0.0,1,1,session_only
3578764.2437806565,6317481177,2021-01-13,1,0,0,0,0,0,desktop,Web,United States,Kentucky,<Other>,referral,0.0,1,1,session_only
32584040.8523652004,8107328466,2020-12-26,1,0,0,0,0,0,mobile,Web,United States,Idaho,(direct),(none),0.0,1,1,session_only
44527613.3095607707,6945303911,2021-01-13,1,0,0,0,0,0,desktop,Web,United States,California,<Other>,referral,0.0,1,1,session_only
7920005.2515048015,9354103922,2021-01-28,1,0,0,0,0,0,desktop,Windows,Slovenia,Ljubljana,google,organic,0.0,1,1,session_only
28532996.7550439967,3306292802,2020-11-22,1,0,0,0,0,0,desktop,Web,Brazil,State of Sao Paulo,(direct),(none),0.0,1,1,session_only
20355337.8527210175,4166926004,2021-01-26,1,0,0,0,0,0,desktop,Macintosh,United States,California,shop.googlemerchandisestore.com,referral,0.0,1,1,session_only
20806580.9545450752,8099617470,2021-01-01,1,0,0,0,0,0,mobile,Android,Netherlands,North Brabant,(direct),(none),0.0,1,1,session_only
87149543.9287285161,7153656795,2020-11-03,1,0,0,0,0,0,mobile,Web,United States,Alabama,<Other>,organic,0.0,1,1,session_only
41480506.8586691714,7125789907,2020-11-01,1,0,0,0,0,0,mobile,iOS,Finland,Uusimaa,google,organic,0.0,1,1,session_only
13566579.0892535939,8586225325,2020-12-22,1,0,0,0,0,0,mobile,Web,Germany,Berlin,google,organic,0.0,1,1,session_only
58535639.3555391988,5490629798,2021-01-08,1,1,1,1,1,1,desktop,Windows,United States,Minnesota,<Other>,<Other>,0.0,11,6,purchase
20732183.2933172558,820160586,2020-12-24,1,1,0,0,0,0,desktop,Web,United States,California,<Other>,<Other>,0.0,3,2,view_item
31430869.9028960991,5431854148,2020-11-08,1,0,0,0,0,0,desktop,Windows,Canada,Quebec,(direct),(none),0.0,1,1,session_only
88082516.4065780745,8613058791,2021-01-14,1,0,0,0,0,0,desktop,Web,Sri Lanka,Western Province,google,organic,0.0,1,1,session_only
8901645608.3085970890,1453945939,2020-12-22,1,0,0,0,0,0,desktop,Web,(not set),(not set),google,organic,0.0,1,1,session_only
8945015.7737942488,6390129571,2021-01-31,1,0,0,0,0,0,desktop,Macintosh,United States,Texas,google,organic,0.0,1,1,session_only
26817874.2769513965,9262054178,2021-01-03,1,0,0,0,0,0,mobile,Web,United States,Kansas,google,cpc,0.0,1,1,session_only
84133262.6568462779,4923085715,2020-12-21,1,0,0,0,0,0,tablet,Web,Sweden,(not set),(direct),(none),0.0,1,1,session_only
2081240.8078085855,1156973277,2021-01-28,1,1,1,1,1,1,desktop,Web,United States,Virginia,<Other>,<Other>,0.0,15,6,purchase
79984248.8953899244,9363312797,2020-11-09,1,0,0,0,0,0,desktop,Web,United States,Connecticut,(direct),(none),0.0,1,1,session_only
41307159.5834755257,7618186531,2020-12-22,1,0,0,0,0,0,desktop,Web,United States,Oregon,(direct),(none),0.0,1,1,session_only
7403204.3264957893,4219970435,2020-12-22,1,1,1,1,1,1,mobile,Web,United Kingdom,Wales,<Other>,<Other>,87.44,43,6,purchase
76792664.2291223421,772908855,2020-12-22,1,0,0,0,0,0,mobile,Web,United States,Oregon,(direct),(none),0.0,1,1,session_only
76343136.9011013986,2834799617,2021-01-03,1,0,0,0,0,0,desktop,Web,United States,California,google,organic,0.0,1,1,session_only
76652355.9928882532,2963332944,2021-01-15,1,0,0,0,0,0,mobile,Web,United States,Illinois,<Other>,referral,0.0,1,1,session_only
8568734.7416352741,7622554732,2020-12-05,1,0,0,0,0,0,mobile,Web,United States,Texas,(data deleted),(data deleted),0.0,1,1,session_only
68546038.8820428933,5425867143,2021-01-01,1,1,1,1,1,1,mobile,Android,India,Karnataka,(direct),(none),51.6,43,6,purchase
4827053.7341245474,460680788,2020-11-02,1,0,0,0,0,0,desktop,Web,United States,Virginia,<Other>,referral,0.0,1,1,session_only
3454792.8382225368,2752065823,2020-12-21,1,1,0,0,0,0,desktop,Windows,India,Punjab,google,cpc,0.0,3,2,view_item
70663962.9336406140,4122795264,2020-12-13,1,1,0,0,0,0,desktop,Macintosh,United States,South Carolina,(direct),(none),0.0,2,2,view_item
3968154921.9330076480,9217263448,2020-12-22,1,0,0,0,0,0,tablet,Android,United States,Mississippi,shop.googlemerchandisestore.com,referral,0.0,1,1,session_only
4162827.7651432416,8968894343,2021-01-18,1,0,0,0,0,0,mobile,Android,United Kingdom,England,(direct),(none),0.0,1,1,session_only
5119513.3885614515,1851007438,2021-01-26,1,0,0,0,0,0,desktop,Windows,Taiwan,Taipei City,(data deleted),(data deleted),0.0,1,1,session_only
15674359.2155064172,1706897009,2021-01-25,1,0,0,0,0,0,mobile,Web,United States,Missouri,(direct),(none),0.0,1,1,session_only
3966423.5012572509,9740115964,2020-11-04,1,0,0,0,0,0,mobile,Web,Italy,Piedmont,<Other>,referral,0.0,1,1,session_only
9178445.6207101790,8450060299,2020-12-06,1,0,0,0,0,0,mobile,Web,United Kingdom,England,(direct),(none),0.0,1,1,session_only
4010057.5459478068,1395909880,2020-12-22,1,0,0,0,0,0,desktop,Macintosh,Singapore,(not set),<Other>,referral,0.0,1,1,session_only
75040788.3733309402,2869275877,2020-12-21,1,1,0,0,0,0,mobile,Web,United States,Kansas,google,organic,0.0,3,2,view_item
88491757.7676152251,3802342514,2021-01-06,1,1,0,0,0,0,mobile,Android,United States,Florida,google,organic,0.0,5,2,view_item
61103004.4108922855,5834020545,2020-12-10,1,1,0,1,1,1,mobile,Web,United States,New Jersey,google,organic,117.44,14,6,purchase
3733163.6424116574,888103239,2021-01-28,1,0,0,0,0,0,mobile,Android,India,Maharashtra,<Other>,<Other>,0.0,1,1,session_only
30863432.2315115550,6284306442,2020-11-02,1,0,0,0,0,0,desktop,Macintosh,United States,Texas,google,cpc,0.0,1,1,session_only
41058617.9614995388,6040229838,2021-01-11,1,1,0,0,0,0,mobile,Web,United States,California,google,organic,0.0,4,2,view_item
2635464.4896743363,6181327435,2020-12-08,1,0,0,0,0,0,mobile,Android,India,Haryana,google,organic,0.0,1,1,session_only
4660834.1784425237,3955370373,2021-01-01,1,0,0,0,0,0,desktop,Web,Germany,(not set),google,organic,0.0,1,1,session_only
5979607.9294532360,9612253312,2020-12-16,1,0,0,0,0,0,mobile,Web,Russia,(not set),<Other>,<Other>,0.0,1,1,session_only
37143169.4084775409,9237001537,2020-12-02,1,0,0,0,0,0,mobile,iOS,Algeria,Algiers Province,(direct),(none),0.0,1,1,session_only
61523899.1824146278,4545517819,2021-01-29,1,0,0,0,0,0,desktop,Macintosh,Poland,Silesian Voivodeship,shop.googlemerchandisestore.com,referral,0.0,1,1,session_only
34878115.1130893425,4734556049,2020-12-16,1,0,0,0,0,0,mobile,Web,United States,Virginia,(direct),(none),0.0,1,1,session_only
2274095.3997311421,9587680739,2021-01-24,1,1,0,0,0,0,desktop,Windows,Egypt,Cairo Governorate,google,organic,0.0,2,2,view_item
68491031.9683753240,622992859,2020-11-09,1,1,0,0,0,0,mobile,Web,United States,Texas,<Other>,referral,0.0,3,2,view_item
5949538.9678560950,7728493581,2021-01-30,1,0,0,0,0,0,mobile,iOS,United States,Illinois,google,organic,0.0,1,1,session_only
55820810.1372414758,9541185890,2021-01-06,1,0,0,0,0,0,mobile,Web,United States,Nebraska,<Other>,referral,0.0,1,1,session_only
31545206.5257873965,3627639991,2021-01-24,1,0,0,0,0,0,mobile,Android,United States,Illinois,google,organic,0.0,1,1,session_only
1066770.8986512005,8512347559,2020-12-02,1,0,0,0,0,0,desktop,Web,United States,North Carolina,<Other>,<Other>,0.0,1,1,session_only
52206227.1304942050,2961029653,2020-12-16,1,1,1,1,1,1,desktop,<Other>,Italy,Veneto,(data deleted),(data deleted),82.8,51,6,purchase
3250187.5433250631,3734917226,2021-01-05,1,0,0,0,0,0,desktop,Web,United States,Kansas,(direct),(none),0.0,1,1,session_only
7049688.6125368953,5357145909,2021-01-05,1,0,0,0,0,0,desktop,Windows,United States,Illinois,google,organic,0.0,1,1,session_only
21935268.6241475694,7073843935,2021-01-04,1,0,0,0,0,0,mobile,Web,Germany,(not set),(data deleted),(data deleted),0.0,1,1,session_only
2201275.8222573178,6432192336,2020-12-22,1,1,0,0,0,0,mobile,Web,Taiwan,Taiwan Province,<Other>,referral,0.0,3,2,view_item
60732269.8607698282,139256370,2021-01-26,1,0,0,0,0,0,mobile,Web,Japan,Tokyo,shop.googlemerchandisestore.com,referral,0.0,1,1,session_only
5369715.1684809541,9668079212,2021-01-16,1,0,0,0,0,0,mobile,Web,Portugal,(not set),shop.googlemerchandisestore.com,referral,0.0,1,1,session_only
4664282.8411662444,7877802698,2020-12-29,1,0,0,0,0,0,mobile,Web,Italy,Veneto,(direct),(none),0.0,1,1,session_only
56086591.1191347286,1008962451,2021-01-11,1,0,0,0,0,0,desktop,Windows,(not set),(not set),<Other>,<Other>,0.0,1,1,session_only
89421640.1655795716,7333269097,2021-01-13,1,1,0,0,0,0,mobile,Web,Switzerland,St. Gallen,google,cpc,0.0,2,2,view_item
89754241.1943931181,9243399179,2021-01-18,1,0,0,0,0,0,mobile,iOS,Italy,Lazio,<Other>,<Other>,0.0,1,1,session_only
8779511.9817965493,5780594150,2021-01-02,1,0,0,0,0,0,desktop,Web,South Korea,Seoul,(direct),(none),0.0,1,1,session_only
23255534.7478785645,6704273980,2021-01-25,1,0,0,0,0,0,desktop,Windows,United Kingdom,England,<Other>,<Other>,0.0,1,1,session_only
68917146.3824834923,9335111870,2021-01-04,1,0,0,0,0,0,desktop,Windows,United States,California,google,organic,0.0,1,1,session_only
52843409.8121265844,2843235435,2021-01-26,1,0,0,0,0,0,desktop,Web,Italy,Lombardy,<Other>,referral,0.0,1,1,session_only
20878021.2985787269,9913745828,2021-01-05,1,0,0,0,0,0,desktop,Web,United States,Texas,<Other>,referral,0.0,1,1,session_only
69841268.7427183037,8077928424,2021-01-06,1,1,0,0,0,0,mobile,iOS,United States,Virginia,<Other>,referral,0.0,2,2,view_item
5812183.3180111766,5735530254,2021-01-06,1,0,0,0,0,0,desktop,Web,Malaysia,Federal Territory of Kuala Lumpur,(direct),(none),0.0,1,1,session_only
59891527.0186191840,6000439484,2020-11-04,1,0,0,0,0,0,mobile,Android,United States,Washington,<Other>,<Other>,0.0,1,1,session_only
7322847.1365985835,7484504853,2020-12-30,1,0,0,0,0,0,mobile,Web,United States,Iowa,google,cpc,0.0,1,1,session_only
5898171.4094218927,8764486771,2021-01-05,1,0,0,0,0,0,desktop,Windows,Indonesia,(not set),(direct),(none),0.0,1,1,session_only
7567782.9234369006,1894808590,2020-12-08,1,0,0,0,0,0,mobile,Android,United States,Colorado,google,organic,0.0,1,1,session_only
7678566.2593327152,6427550869,2020-11-01,1,0,0,0,0,0,mobile,iOS,Japan,Chiba,<Other>,referral,0.0,1,1,session_only
47221700.3070915274,3896533823,2021-01-11,1,0,0,0,0,0,desktop,Web,United States,Virginia,<Other>,<Other>,0.0,1,1,session_only
26776044.4437822934,3831828373,2020-11-13,1,1,0,0,0,0,desktop,Web,United States,Virginia,shop.googlemerchandisestore.com,referral,0.0,2,2,view_item
1852884.1667842088,2320472160,2021-01-28,1,0,0,0,0,0,mobile,iOS,United States,New York,<Other>,referral,0.0,1,1,session_only
1121549.1578365023,1205049710,2020-12-08,1,1,1,1,0,0,desktop,Web,Taiwan,Taichung City,google,organic,0.0,49,4,begin_checkout
1197843.9514150219,142431832,2020-11-22,1,0,0,0,0,0,desktop,Web,United States,California,<Other>,<Other>,0.0,1,1,session_only
2321963.7929252810,3435651866,2020-12-16,1,0,0,0,0,0,desktop,Web,Canada,Ontario,<Other>,<Other>,0.0,1,1,session_only
76494707.0878926561,4624642152,2020-12-10,1,1,0,0,0,0,mobile,Web,India,(not set),<Other>,<Other>,0.0,2,2,view_item
7210878.8207434394,9224511309,2021-01-06,1,1,1,0,0,0,desktop,Windows,United States,Texas,google,cpc,0.0,3,3,add_to_cart
26738567.5605733676,2760684876,2020-12-29,1,0,0,0,0,0,mobile,Web,Spain,Valencian Community,(direct),(none),0.0,1,1,session_only
31396025.2931510776,31964329,2020-12-26,1,0,0,0,0,0,tablet,Web,Brazil,State of Sao Paulo,(direct),(none),0.0,1,1,session_only
4495362.8626822039,7493485046,2021-01-15,1,0,0,0,0,0,mobile,Web,United States,California,<Other>,<Other>,0.0,1,1,session_only
88307851.4795711119,9390782784,2020-11-02,1,0,0,0,0,0,desktop,<Other>,Turkey,Istanbul,<Other>,<Other>,0.0,1,1,session_only
892818484.8655622550,8180251386,2020-11-03,1,0,0,0,0,0,desktop,Web,(not set),(not set),<Other>,referral,0.0,1,1,session_only
53963916.7617120223,2240332785,2020-12-21,1,0,0,0,0,0,mobile,Web,United States,California,(direct),(none),0.0,1,1,session_only
30042176.9812453735,6096760836,2021-01-15,1,0,0,0,0,0,mobile,Web,South Korea,(not set),google,organic,0.0,1,1,session_only
65720732.3948532983,7985910963,2021-01-23,1,0,0,0,0,0,mobile,Android,Czechia,(not set),google,organic,0.0,1,1,session_only
1825804.6453097888,9806792491,2020-12-20,1,0,0,0,0,0,mobile,Web,India,Gujarat,(data deleted),(data deleted),0.0,1,1,session_only
26270117.5970278868,6110329777,2021-01-16,1,0,0,0,0,0,mobile,iOS,Spain,Catalonia,(direct),(none),0.0,1,1,session_only
24602978.9492842250,6765791674,2021-01-11,1,0,0,0,0,0,desktop,Web,United States,California,shop.googlemerchandisestore.com,referral,0.0,1,1,session_only
42513934.9724855149,9116312595,2020-11-07,1,0,0,0,0,0,desktop,Macintosh,Greece,Decentralized Administration of Macedonia and Thrace,<Other>,<Other>,0.0,1,1,session_only
17092913.6445812691,3876434495,2021-01-23,1,1,0,1,1,1,mobile,Web,Spain,Madrid,(data deleted),(data deleted),122.4,22,6,purchase
4397581.4075526142,5662062887,2020-12-27,1,0,0,0,0,0,desktop,Web,Japan,(not set),<Other>,referral,0.0,1,1,session_only
3851606.1980010342,7155623368,2021-01-05,1,1,0,0,0,0,mobile,Web,Poland,Lesser Poland Voivodeship,google,organic,0.0,2,2,view_item
8966294.7463713579,3540072941,2021-01-21,1,0,0,0,0,0,desktop,Web,India,Maharashtra,google,organic,0.0,1,1,session_only
1126308.8378040050,201552957,2020-11-04,1,0,0,0,0,0,mobile,Web,United States,Florida,(data deleted),(data deleted),0.0,1,1,session_only
84003186.1903563489,3952944508,2020-12-08,1,0,0,0,0,0,desktop,Web,Paraguay,(not set),google,organic,0.0,1,1,session_only
38943505.3778489892,9205951676,2021-01-18,1,0,0,0,0,0,desktop,Web,United States,Georgia,shop.googlemerchandisestore.com,referral,0.0,1,1,session_only
9029010.8049284962,1569683826,2020-12-22,1,1,1,1,1,1,mobile,Web,United Kingdom,England,(data deleted),(data deleted),55.68,48,6,purchase
5425826.4889702973,6173047921,2021-01-30,1,0,0,0,0,0,mobile,Web,Philippines,Central Luzon,google,organic,0.0,1,1,session_only
3291867.8966101730,2253172259,2020-12-13,1,1,1,1,1,1,desktop,Macintosh,Canada,Ontario,(data deleted),(data deleted),0.0,12,6,purchase
68878168.8273253986,766642870,2021-01-08,1,0,0,0,0,0,desktop,Web,Austria,Vienna,<Other>,referral,0.0,1,1,session_only
13965501.3079306644,3665965764,2020-11-08,1,1,0,1,1,1,tablet,iOS,United States,North Carolina,(data deleted),(data deleted),115.08,23,6,purchase
22819422.2745260718,5983748845,2020-11-16,1,0,0,0,0,0,desktop,Web,Italy,Tuscany,google,organic,0.0,1,1,session_only
12291833.4027102912,747529752,2021-01-23,1,1,1,0,0,0,desktop,Web,Mexico,(not set),(data deleted),(data deleted),0.0,3,3,add_to_cart
48020775.0446779095,6489119619,2020-12-28,1,0,0,0,0,0,mobile,Web,United States,Texas,(data deleted),(data deleted),0.0,1,1,session_only
37587826.1974136781,8686437404,2020-11-12,1,1,0,1,1,1,mobile,Android,United States,Illinois,(direct),(none),0.0,18,6,purchase
78782131.3998018882,2362286774,2020-11-21,1,0,0,0,0,0,mobile,Web,Canada,Quebec,(direct),(none),0.0,1,1,session_only
6280682.0192389307,976904083,2021-01-03,1,0,0,0,0,0,desktop,Web,United States,(not set),<Other>,referral,0.0,1,1,session_only
314301078.8141013173,4775894152,2021-01-05,1,1,0,0,0,0,desktop,Web,United States,Alabama,(direct),(none),0.0,2,2,view_item
60946114.0900351195,2009847496,2020-11-29,1,1,1,1,1,1,desktop,Windows,Palestine,(not set),(data deleted),(data deleted),62.64,25,6,purchase
26445266.4688792266,8858373751,2020-11-08,1,0,0,0,0,0,desktop,Macintosh,Canada,Ontario,<Other>,referral,0.0,1,1,session_only
62710234.3062145938,9653738686,2020-12-02,1,1,0,0,0,0,mobile,iOS,China,(not set),(direct),(none),0.0,8,2,view_item
9087324.0935069707,2957402236,2021-01-18,1,0,0,0,0,0,mobile,Web,Israel,Tel Aviv District,<Other>,referral,0.0,1,1,session_only
1485809.7099219841,1154126062,2020-11-09,1,0,0,0,0,0,mobile,Web,Ireland,County Dublin,google,organic,0.0,1,1,session_only
3593045.4474754034,2569891814,2021-01-05,1,1,0,1,1,1,mobile,Web,United States,Mississippi,(direct),(none),0.0,18,6,purchase
3166096.6878752320,7504659458,2021-01-04,1,0,0,0,0,0,desktop,Windows,France,Hauts-de-France,google,organic,0.0,1,1,session_only
66497021.0627787690,9740543418,2021-01-28,1,0,0,0,0,0,desktop,Web,United States,Illinois,google,organic,0.0,1,1,session_only
7149418.0554548662,7628664901,2020-12-02,1,1,1,1,1,1,mobile,Web,United States,Texas,(data deleted),(data deleted),0.0,18,6,purchase
2387152.6348512959,3016840337,2021-01-13,1,0,0,0,0,0,mobile,iOS,United States,Michigan,<Other>,referral,0.0,1,1,session_only
70763527.2682325517,1187996265,2020-11-14,1,0,0,0,0,0,mobile,Web,United States,(not set),google,organic,0.0,1,1,session_only
4195089.4850204200,5878019234,2021-01-02,1,0,0,0,0,0,desktop,Web,United States,Maryland,google,cpc,0.0,1,1,session_only
54404207.7644056387,2586911447,2020-12-10,1,0,0,0,0,0,mobile,Web,Netherlands,Utrecht,(direct),(none),0.0,1,1,session_only
7370655.5184888726,7099644845,2021-01-14,1,1,0,0,0,0,desktop,Web,India,West Bengal,google,organic,0.0,2,2,view_item
45023461.8178888825,883339642,2020-12-22,1,0,0,0,0,0,mobile,iOS,United States,Florida,(data deleted),(data deleted),0.0,1,1,session_only
47567325.1541636864,7137280321,2020-12-05,1,0,0,0,0,0,mobile,Web,United States,Maine,(direct),(none),0.0,1,1,session_only
7608791.7553567019,3095993806,2021-01-23,1,0,0,0,0,0,desktop,Windows,United States,Tennessee,(direct),(none),0.0,1,1,session_only
8469042.0225221034,6019806037,2020-11-01,1,0,0,0,0,0,desktop,Windows,Australia,(not set),google,organic,0.0,1,1,session_only
2551845.8875196538,2612742711,2020-12-16,1,0,0,0,0,0,desktop,Web,France,Ile-de-France,(direct),(none),0.0,1,1,session_only
1793657.4173240079,3472353057,2020-12-08,0,1,1,1,1,1,desktop,Web,India,Punjab,(direct),(none),386.4,20,6,purchase
2134596.3615088936,2666315237,2020-11-04,1,0,0,0,0,0,mobile,iOS,United States,New York,google,organic,0.0,1,1,session_only
1195129.1091890070,6118584531,2021-01-14,1,0,0,0,0,0,desktop,Web,Germany,Baden-Wurttemberg,<Other>,referral,0.0,1,1,session_only
67685423.5672485858,1336293794,2021-01-22,1,0,0,0,0,0,mobile,Android,Canada,Ontario,<Other>,<Other>,0.0,1,1,session_only
4119699.1554866319,2886172139,2021-01-31,1,1,0,0,0,0,desktop,Windows,Iraq,(not set),<Other>,<Other>,0.0,2,2,view_item
23851655.0546635394,1301755962,2020-11-14,1,1,0,1,1,1,mobile,Android,Puerto Rico,(not set),<Other>,<Other>,17.6,9,6,purchase
48374485.0359520847,6600886829,2021-01-08,1,1,0,0,0,0,desktop,Web,Indonesia,Jakarta,(direct),(none),0.0,12,2,view_item
1052855.9145777052,4574894683,2021-01-15,1,1,1,1,1,1,desktop,Web,United Kingdom,Wales,<Other>,organic,0.0,58,6,purchase
80921507.1393350408,7201536171,2020-11-18,1,1,0,1,1,1,desktop,Web,India,Uttar Pradesh,(direct),(none),342.0,31,6,purchase
40124491.8403007851,3563922208,2020-11-18,1,0,0,0,0,0,mobile,Web,South Korea,Busan,google,organic,0.0,1,1,session_only
23008693.3820150897,1783565844,2020-12-10,1,0,0,0,0,0,desktop,Macintosh,United Kingdom,England,google,cpc,0.0,1,1,session_only
6576064.2804097869,4603528938,2020-12-05,1,1,0,0,0,0,desktop,Windows,Canada,Manitoba,<Other>,<Other>,0.0,2,2,view_item
2487619.8831189472,9327110609,2020-11-03,1,0,0,0,0,0,mobile,Web,United States,Virginia,(data deleted),(data deleted),0.0,1,1,session_only
30535946.1428567575,7008494329,2020-12-24,1,0,0,0,0,0,desktop,Windows,United States,South Carolina,google,organic,0.0,1,1,session_only
8108230.6480449735,3689568571,2021-01-13,1,0,0,0,0,0,mobile,Android,Singapore,(not set),<Other>,referral,0.0,1,1,session_only
4605707.5685019714,9949392827,2021-01-05,1,0,0,0,0,0,mobile,Web,United States,Texas,google,cpc,0.0,1,1,session_only
2623941.4388776138,8375088363,2020-11-09,1,0,0,0,0,0,mobile,Android,United States,Texas,google,organic,0.0,1,1,session_only
6328873.1018450410,3385440687,2020-11-03,1,0,0,0,0,0,desktop,Macintosh,United States,Illinois,<Other>,referral,0.0,1,1,session_only
29571655.8033585395,7373095574,2020-11-21,1,0,0,0,0,0,mobile,iOS,United States,North Carolina,(direct),(none),0.0,1,1,session_only
86552725.3305687488,6515974621,2021-01-24,1,1,0,0,0,0,mobile,Web,Austria,(not set),google,organic,0.0,2,2,view_item
4295503.4410846501,3159210105,2020-11-13,1,1,0,1,1,1,desktop,Web,Canada,Ontario,google,organic,6.3,7,6,purchase
4601469.9960556244,9798371830,2021-01-26,1,0,0,0,0,0,desktop,Web,Italy,Lazio,<Other>,organic,0.0,1,1,session_only
25690827.4611429701,9882627533,2021-01-29,1,0,0,0,0,0,mobile,Web,United States,Texas,<Other>,<Other>,0.0,1,1,session_only
21265038.7899406604,406025769,2020-12-10,1,0,0,0,0,0,mobile,Web,United States,Colorado,google,organic,0.0,1,1,session_only
43914136.5300631729,3408195902,2020-12-02,1,1,0,1,1,1,mobile,iOS,Japan,(not set),<Other>,<Other>,0.0,8,6,purchase
7201450.3819326003,7558791696,2021-01-14,1,0,0,0,0,0,mobile,iOS,Canada,British Columbia,shop.googlemerchandisestore.com,referral,0.0,1,1,session_only
7369634.0466862249,4297111320,2021-01-11,1,0,0,0,0,0,desktop,Web,India,Tamil Nadu,<Other>,organic,0.0,1,1,session_only
86210641.9544363956,6634134656,2020-11-02,1,0,0,0,0,0,mobile,Web,United States,Massachusetts,google,organic,0.0,1,1,session_only
5054519308.5535859107,882609398,2020-11-06,1,0,0,0,0,0,desktop,Web,Netherlands,Utrecht,(data deleted),(data deleted),0.0,1,1,session_only
37553736.4709969003,9480352934,2020-12-10,1,0,0,0,0,0,mobile,iOS,Austria,Vienna,(direct),(none),0.0,1,1,session_only
3950314848.3954571290,5524488467,2020-12-28,1,0,0,0,0,0,mobile,Web,United States,Colorado,<Other>,<Other>,0.0,1,1,session_only
22725343.8468054836,1463274454,2021-01-23,1,0,0,0,0,0,mobile,Web,Germany,Berlin,shop.googlemerchandisestore.com,referral,0.0,1,1,session_only
80961468.0032847961,5186462144,2021-01-13,1,1,1,1,0,0,desktop,Web,Canada,Saskatchewan,google,organic,0.0,7,4,begin_checkout
12291446.3815334458,466183539,2020-11-07,1,1,0,1,1,1,mobile,Web,United States,Massachusetts,google,organic,439.2,82,6,purchase
5242740.3027110338,3766651983,2020-11-13,1,1,0,1,1,1,desktop,Web,United States,New York,(data deleted),(data deleted),34.84,18,6,purchase
7633548.0006656641,8923515106,2021-01-05,1,0,0,0,0,0,mobile,iOS,Spain,Catalonia,shop.googlemerchandisestore.com,referral,0.0,1,1,session_only
1134690.2723351968,8464235556,2021-01-17,1,0,0,0,0,0,desktop,Web,India,Delhi,google,organic,0.0,1,1,session_only
2295104.0924822602,7510139887,2020-12-25,1,0,0,0,0,0,mobile,Web,United Kingdom,England,google,organic,0.0,1,1,session_only
59066256.9705147448,5094198240,2021-01-10,1,0,0,0,0,0,mobile,Web,United States,Georgia,(direct),(none),0.0,1,1,session_only
59180476.0973321526,8709351805,2020-12-22,1,0,0,0,0,0,mobile,Web,United States,Virginia,<Other>,<Other>,0.0,1,1,session_only
6054447.8611936817,5810470928,2020-12-10,1,1,0,0,0,0,mobile,iOS,United States,Georgia,google,organic,0.0,2,2,view_item
41005995.9947663512,7379652399,2021-01-26,1,0,0,0,0,0,mobile,Web,Belgium,Flanders,(data deleted),(data deleted),0.0,1,1,session_only
58976235.7050813591,2471887889,2020-11-07,1,0,0,0,0,0,mobile,Web,United States,Minnesota,google,organic,0.0,1,1,session_only
7597537.8355907459,6839144516,2020-11-12,1,1,0,0,0,0,tablet,iOS,Israel,Tel Aviv District,<Other>,<Other>,0.0,11,2,view_item
81207782.0449710039,2158526630,2021-01-06,1,0,0,0,0,0,mobile,Web,Singapore,(not set),google,organic,0.0,1,1,session_only
4127957.2959603948,8952029408,2020-11-14,1,0,0,0,0,0,mobile,Web,South Africa,Gauteng,google,organic,0.0,1,1,session_only
3456466.0562046935,5209884875,2021-01-02,1,0,0,0,0,0,desktop,Windows,France,Nouvelle-Aquitaine,google,organic,0.0,1,1,session_only
64775737.6198693870,40312598,2021-01-06,1,1,0,0,0,0,desktop,Web,United States,Utah,(direct),(none),0.0,8,2,view_item
47381190.1927143211,2988330021,2020-12-29,1,0,0,0,0,0,mobile,Android,United States,Iowa,shop.googlemerchandisestore.com,referral,0.0,1,1,session_only
6176511.0161757198,8337387334,2020-12-10,1,1,1,1,1,1,desktop,Web,India,Maharashtra,google,organic,174.56,85,6,purchase
75957590.9826872579,9376724650,2021-01-18,1,0,0,0,0,0,desktop,Windows,United States,Tennessee,(direct),(none),0.0,1,1,session_only
25027203.0811538088,4688947981,2021-01-10,1,0,0,0,0,0,tablet,Web,United States,Rhode Island,google,cpc,0.0,1,1,session_only
3119016.1594864882,4591594608,2020-11-04,1,0,0,0,0,0,mobile,Web,North Macedonia,(not set),(data deleted),(data deleted),0.0,1,1,session_only
14233481.9298635081,6476405464,2020-11-13,1,0,0,0,0,0,mobile,Web,Russia,(not set),google,organic,0.0,1,1,session_only
2348063.3656374174,8565141268,2021-01-14,1,1,0,0,0,0,desktop,Web,India,Maharashtra,google,organic,0.0,2,2,view_item
27742934.6362637789,9604040424,2021-01-06,1,1,0,0,0,0,desktop,Web,Canada,Manitoba,shop.googlemerchandisestore.com,referral,0.0,2,2,view_item
6284723.1866114239,8338057582,2021-01-05,1,0,0,0,0,0,mobile,Web,Russia,(not set),google,organic,0.0,1,1,session_only
42882816.0027030505,6980036511,2021-01-28,1,0,0,0,0,0,mobile,Web,Canada,New Brunswick,google,organic,0.0,1,1,session_only
5776696.8626570449,7840078806,2020-12-05,1,0,0,0,0,0,desktop,Web,United States,California,(direct),(none),0.0,1,1,session_only
81307979.7711748050,6871306982,2021-01-11,1,0,0,0,0,0,mobile,Android,Croatia,City of Zagreb,google,cpc,0.0,1,1,session_only
73969022.4968144876,6714065725,2021-01-05,1,0,0,0,0,0,mobile,Web,United States,Kentucky,google,organic,0.0,1,1,session_only
64768316.7172710075,8786028748,2020-11-12,1,0,0,0,0,0,desktop,Macintosh,Argentina,Buenos Aires Province,(direct),(none),0.0,1,1,session_only
32740461.5409912487,6672316996,2021-01-17,1,1,1,0,0,0,mobile,Web,United States,Michigan,(data deleted),(data deleted),0.0,19,3,add_to_cart
6441320.8881737223,5094615042,2021-01-21,1,1,1,0,0,0,desktop,<Other>,Canada,Quebec,<Other>,referral,0.0,20,3,add_to_cart
1725375.3140428724,3733188374,2020-11-21,1,0,0,0,0,0,mobile,iOS,United States,California,<Other>,referral,0.0,1,1,session_only
61973747.3225649984,9319892505,2021-01-05,1,1,0,0,0,0,desktop,Web,Israel,Tel Aviv District,google,organic,0.0,3,2,view_item
76825207.0742735563,3276406977,2020-11-06,1,1,0,0,0,0,mobile,Web,India,Maharashtra,google,organic,0.0,2,2,view_item
71519660.8587187662,2420969026,2021-01-14,1,0,0,0,0,0,desktop,Web,Israel,Tel Aviv District,(direct),(none),0.0,1,1,session_only
31260602.2956303389,8167946875,2020-12-05,1,0,0,0,0,0,desktop,Web,Poland,Silesian Voivodeship,(direct),(none),0.0,1,1,session_only
71303088.5812196503,605574233,2021-01-30,1,0,0,0,0,0,desktop,Web,(not set),(not set),google,organic,0.0,1,1,session_only
21119458.9520176186,5769488693,2020-12-10,1,0,0,0,0,0,desktop,Web,United States,California,google,organic,0.0,1,1,session_only
58837682.0172140072,975280257,2021-01-11,1,0,0,0,0,0,desktop,Web,United States,Florida,google,organic,0.0,1,1,session_only
20591332.4876624321,8351979060,2020-12-21,1,1,0,0,0,0,desktop,Windows,United States,New York,(direct),(none),0.0,2,2,view_item
7630602.9159768037,6612125263,2020-11-03,1,0,0,0,0,0,desktop,Web,India,Tamil Nadu,google,organic,0.0,1,1,session_only
1983361950.0406778458,4331353836,2020-12-10,0,1,1,1,1,1,mobile,Web,Canada,British Columbia,(data deleted),(data deleted),189.6,29,6,purchase
58350081.9428565346,7231271055,2020-12-24,1,1,0,0,0,0,desktop,Macintosh,Chile,Santiago Metropolitan Region,google,organic,0.0,5,2,view_item
84197481.8962105784,2312295620,2020-11-21,1,0,0,0,0,0,desktop,Web,United States,Massachusetts,google,organic,0.0,1,1,session_only
34663312.9770250391,2808962055,2020-11-21,1,1,0,0,0,0,desktop,Web,United States,Florida,google,organic,0.0,3,2,view_item
8174650.3231261607,1247073737,2020-12-25,1,0,0,0,0,0,desktop,Windows,(not set),(not set),shop.googlemerchandisestore.com,referral,0.0,1,1,session_only
47418848.1556910452,6110020997,2021-01-23,1,0,0,0,0,0,desktop,Macintosh,United Kingdom,England,(direct),(none),0.0,1,1,session_only
5966066.2376720401,6181796012,2020-12-16,1,0,0,0,0,0,desktop,Web,United Kingdom,England,shop.googlemerchandisestore.com,referral,0.0,1,1,session_only
19748075.2329072728,6294199435,2020-12-24,1,1,1,0,0,0,desktop,Web,Brazil,State of Sao Paulo,(direct),(none),0.0,20,3,add_to_cart
20116753.3215571927,5542851499,2020-11-13,1,0,0,0,0,0,mobile,Web,Hong Kong,(not set),google,organic,0.0,1,1,session_only
52239798.2732810886,5003137436,2021-01-29,1,0,0,0,0,0,mobile,iOS,Turkey,Izmir,<Other>,organic,0.0,1,1,session_only
7828968.5532093675,8894922854,2021-01-03,1,1,1,1,1,1,mobile,Web,India,Gujarat,google,organic,0.0,23,6,purchase
3272137.2584008910,2737066535,2020-12-20,1,0,0,0,0,0,mobile,Web,Canada,Ontario,<Other>,<Other>,0.0,1,1,session_only
6980246.6092149502,6007050519,2020-12-10,1,0,0,0,0,0,desktop,Web,Turkey,Istanbul,<Other>,<Other>,0.0,1,1,session_only
52105745.2096142194,5413940583,2020-12-02,1,1,1,1,0,0,desktop,Web,Netherlands,Gelderland,google,organic,0.0,51,4,begin_checkout
62690083.0112628246,6570809709,2021-01-18,1,0,0,0,0,0,desktop,Web,United States,Colorado,<Other>,<Other>,0.0,1,1,session_only
2650280007.0600059128,9552845690,2020-11-03,1,0,0,0,0,0,desktop,Web,Netherlands,North Holland,google,organic,0.0,1,1,session_only
62465977.8532856137,7254024611,2020-11-06,1,0,0,0,0,0,desktop,Web,India,Telangana,<Other>,referral,0.0,1,1,session_only
4523081.5404556799,6085232832,2020-12-27,1,0,0,0,0,0,desktop,Macintosh,South Korea,Gyeonggi-do,google,organic,0.0,1,1,session_only
3264577.0138154367,1003779181,2020-12-25,1,0,0,0,0,0,desktop,Web,Ireland,(not set),(direct),(none),0.0,1,1,session_only
23098906.2163071661,5553853343,2021-01-23,1,0,0,0,0,0,desktop,Web,United States,Pennsylvania,(data deleted),(data deleted),0.0,1,1,session_only
61285973.2831638591,8076017074,2020-12-10,1,1,1,0,0,0,desktop,Windows,United States,North Carolina,<Other>,referral,0.0,27,3,add_to_cart
4706870509.7495501120,1338067645,2020-12-27,1,0,0,0,0,0,mobile,iOS,Russia,Moscow,(direct),(none),0.0,1,1,session_only
57894915.7689361916,1633729442,2021-01-28,1,0,0,0,0,0,desktop,Web,Hong Kong,(not set),google,organic,0.0,1,1,session_only
90483604.3683952885,4260174709,2020-11-21,1,0,0,0,0,0,desktop,Web,United States,Virginia,google,organic,0.0,1,1,session_only
39950189.1539315658,3220358867,2021-01-15,1,0,0,0,0,0,desktop,Web,India,Maharashtra,<Other>,<Other>,0.0,1,1,session_only
37088606.9803525936,2910513629,2020-11-02,1,0,0,0,0,0,mobile,Android,Taiwan,Taichung City,google,organic,0.0,1,1,session_only
20536922.1263598435,4365861070,2020-12-20,1,0,0,0,0,0,desktop,<Other>,Ecuador,Guayas,google,organic,0.0,1,1,session_only
789900707.1282113010,1770954566,2020-12-31,1,0,0,0,0,0,desktop,Web,Switzerland,Zurich,(direct),(none),0.0,1,1,session_only
54484138.9272465106,3588883257,2020-12-02,1,1,0,0,0,0,desktop,Windows,India,Gujarat,google,organic,0.0,2,2,view_item
5617828.6854839789,6641791382,2020-11-03,1,0,0,0,0,0,mobile,Web,United States,Michigan,google,organic,0.0,1,1,session_only
1102764.0438749125,3167355660,2021-01-26,1,0,0,0,0,0,mobile,Web,India,Delhi,(direct),(none),0.0,1,1,session_only
8658374.7527029214,4808043348,2021-01-25,1,0,0,0,0,0,mobile,Android,United States,Massachusetts,google,organic,0.0,1,1,session_only
39580321.2479069337,2143904476,2021-01-04,1,0,0,0,0,0,mobile,Web,India,Tamil Nadu,shop.googlemerchandisestore.com,referral,0.0,1,1,session_only
8458041212.0439655756,9452549500,2020-11-16,1,0,0,0,0,0,mobile,Android,United States,Kansas,google,organic,0.0,1,1,session_only
41577063.5394762630,6654772816,2021-01-22,1,0,0,0,0,0,desktop,Web,United States,Colorado,shop.googlemerchandisestore.com,referral,0.0,1,1,session_only
2486846.9299481244,4789596414,2020-12-16,1,1,1,0,0,0,desktop,Web,Spain,(not set),(direct),(none),0.0,3,3,add_to_cart
4964660865.1214659672,194785591,2020-12-02,1,1,0,0,0,0,mobile,Android,United States,Georgia,google,organic,0.0,2,2,view_item
2867155588.1112594884,3671874956,2021-01-04,1,0,0,0,0,0,mobile,iOS,Canada,Ontario,(direct),(none),0.0,1,1,session_only
38690208.7182176252,4165924888,2020-12-28,1,1,1,1,1,1,desktop,Web,Germany,Berlin,google,organic,91.44,20,6,purchase
91491300.4285359027,1020643276,2020-11-29,1,0,0,0,0,0,mobile,Android,India,Bihar,(direct),(none),0.0,1,1,session_only
68200712.6673181472,7672826660,2020-11-12,1,1,0,1,1,1,mobile,Android,United States,New Jersey,<Other>,<Other>,16.48,19,6,purchase
47150043.3327437534,7543057750,2020-12-24,1,0,0,0,0,0,desktop,Macintosh,United States,North Carolina,(direct),(none),0.0,1,1,session_only
88220291.8043961758,7873800801,2021-01-18,1,0,0,0,0,0,desktop,Web,Jordan,Amman Governorate,shop.googlemerchandisestore.com,referral,0.0,1,1,session_only
4588411.8000497478,5916874563,2021-01-28,1,0,0,0,0,0,desktop,Web,India,Madhya Pradesh,(direct),(none),0.0,1,1,session_only
87003613.2424775755,3642487650,2020-12-05,1,0,0,0,0,0,mobile,Web,United States,Illinois,shop.googlemerchandisestore.com,referral,0.0,1,1,session_only
59717563.2099328689,2343272301,2021-01-24,1,1,0,0,0,0,desktop,Macintosh,United States,Ohio,<Other>,<Other>,0.0,2,2,view_item
2209554.5623666771,5876725211,2021-01-13,1,0,0,0,0,0,tablet,Web,United States,Vermont,shop.googlemerchandisestore.com,referral,0.0,1,1,session_only
5283341.1115391061,1139987574,2020-12-06,1,0,0,0,0,0,mobile,iOS,United States,Oregon,google,organic,0.0,1,1,session_only
8503077911.9408841201,59660609,2020-12-05,1,0,0,0,0,0,desktop,Windows,Canada,Quebec,<Other>,<Other>,0.0,1,1,session_only
45754050.5806507487,7224291096,2021-01-28,1,0,0,0,0,0,desktop,Web,India,Uttar Pradesh,google,organic,0.0,1,1,session_only
6688825.2084783990,822550627,2021-01-26,1,0,0,0,0,0,desktop,<Other>,United States,Texas,google,cpc,0.0,1,1,session_only
1516904.8325459706,7266222856,2020-12-08,1,1,0,0,0,0,desktop,Web,Tunisia,Tunis,google,organic,0.0,2,2,view_item
40854588.7388885210,3119885140,2021-01-26,1,0,0,0,0,0,desktop,Web,United States,Virginia,google,organic,0.0,1,1,session_only
97000651.1954874938,9117855597,2020-12-26,1,0,0,0,0,0,desktop,Web,Turkey,(not set),google,organic,0.0,1,1,session_only
45420802.8299813971,1411437210,2020-12-08,1,0,0,0,0,0,desktop,Web,Canada,Quebec,google,cpc,0.0,1,1,session_only
56869987.8125306927,9127721022,2021-01-16,1,0,0,0,0,0,desktop,Web,Azerbaijan,(not set),(direct),(none),0.0,1,1,session_only
8625328.8211022277,9146126473,2020-11-12,1,1,0,0,0,0,desktop,Web,United States,Massachusetts,google,organic,0.0,2,2,view_item
3193247.2172494855,8043902685,2021-01-23,1,0,0,0,0,0,desktop,Windows,Pakistan,Punjab,(direct),(none),0.0,1,1,session_only
1550391.0083775168,2889351972,2021-01-07,1,1,1,0,0,0,desktop,Web,Switzerland,Geneva,(direct),(none),0.0,8,3,add_to_cart
4225788.2137400811,2431562017,2021-01-25,1,0,0,0,0,0,desktop,Macintosh,United States,Arkansas,google,organic,0.0,1,1,session_only
6643997692.2069658463,8220190746,2020-12-21,1,0,0,0,0,0,desktop,Macintosh,Germany,Lower Saxony,google,organic,0.0,1,1,session_only
88869224.0925857153,1602054506,2021-01-05,1,0,0,0,0,0,desktop,Web,United States,Texas,google,organic,0.0,1,1,session_only
3466738.9134693244,9168420745,2021-01-08,1,0,0,0,0,0,mobile,iOS,United States,North Carolina,(direct),(none),0.0,1,1,session_only
8272346.3449861049,7485950460,2021-01-24,1,1,0,1,1,1,desktop,<Other>,India,Chandigarh,google,organic,0.0,7,6,purchase
1234612.0506506819,7170027608,2020-12-28,1,0,0,0,0,0,desktop,Web,Taiwan,Taiwan Province,google,organic,0.0,1,1,session_only
6066197.8957732632,7613791961,2020-11-13,1,1,0,1,0,0,mobile,Web,United States,California,google,organic,0.0,59,4,begin_checkout
83131842.8109493507,917607201,2020-11-07,1,0,0,0,0,0,mobile,iOS,United States,California,<Other>,<Other>,0.0,1,1,session_only
7255611.2234018113,1031885438,2020-11-03,1,0,0,0,0,0,mobile,Android,Italy,Friuli-Venezia Giulia,(direct),(none),0.0,1,1,session_only
17739280.5771323010,5732232472,2021-01-24,1,0,0,0,0,0,mobile,Web,Netherlands,Utrecht,(direct),(none),0.0,1,1,session_only
4415674.4243182221,8130744823,2020-12-13,1,0,0,0,0,0,desktop,Web,Germany,Berlin,<Other>,<Other>,0.0,1,1,session_only
6520420.8247158029,5287832035,2020-12-13,1,0,0,0,0,0,desktop,Web,Turkey,Antalya,<Other>,<Other>,0.0,1,1,session_only
4857313.7507210775,2549688434,2020-12-10,1,0,0,0,0,0,mobile,Web,Japan,(not set),google,organic,0.0,1,1,session_only
55412735.9016450704,4601085236,2020-12-30,1,0,0,0,0,0,mobile,iOS,United Arab Emirates,(not set),google,cpc,0.0,1,1,session_only
7157137.4441241273,7443400675,2021-01-24,1,0,0,0,0,0,desktop,Windows,United States,California,<Other>,<Other>,0.0,1,1,session_only
51553869.8992587068,5357701934,2021-01-06,1,0,0,0,0,0,mobile,Android,Russia,Sverdlovsk Oblast,<Other>,referral,0.0,1,1,session_only
55932067.6075775712,9005017191,2021-01-05,1,0,0,0,0,0,desktop,Web,United States,California,(direct),(none),0.0,1,1,session_only
52999802.3362307637,8143300540,2020-11-13,1,0,0,0,0,0,desktop,Web,Germany,North Rhine-Westphalia,shop.googlemerchandisestore.com,referral,0.0,1,1,session_only
24958614.5423696521,7876892476,2020-12-10,1,0,0,0,0,0,desktop,Web,South Korea,Daegu,google,organic,0.0,1,1,session_only
81766978.2033601689,63842269,2020-12-31,1,1,1,1,1,1,desktop,Web,United States,Texas,(data deleted),(data deleted),0.0,13,6,purchase
89473789.6247691976,9888960163,2020-11-09,1,0,0,0,0,0,mobile,Web,Ukraine,Odessa Oblast,(direct),(none),0.0,1,1,session_only
5405277.3711137108,3115931185,2020-12-21,1,0,0,0,0,0,desktop,Web,United States,California,google,cpc,0.0,1,1,session_only
85345735.5076868914,5269883075,2020-12-10,1,0,0,0,0,0,mobile,Web,United States,New York,(data deleted),(data deleted),0.0,1,1,session_only
8632182.6684958342,723004258,2021-01-11,1,1,0,0,0,0,mobile,Android,Turkey,Ankara,<Other>,<Other>,0.0,6,2,view_item
24903569.5311946230,650707652,2021-01-07,1,0,0,0,0,0,desktop,Web,United States,New York,<Other>,referral,0.0,1,1,session_only
4777652.2980568851,91398964,2020-12-16,1,0,0,0,0,0,desktop,Windows,United States,California,(data deleted),(data deleted),0.0,1,1,session_only
12664465.5258974924,3531171136,2020-11-02,1,1,0,0,0,0,mobile,Web,Portugal,Lisbon,(direct),(none),0.0,3,2,view_item
5645225.6917653454,7697748953,2020-12-16,1,1,1,1,1,1,desktop,Web,United States,Arizona,google,organic,1003.44,154,6,purchase
91721201.9898607633,7424782840,2020-11-22,1,0,0,0,0,0,mobile,Web,India,Maharashtra,<Other>,organic,0.0,1,1,session_only
44100511.7298023955,2939449004,2020-11-08,1,0,0,0,0,0,desktop,Macintosh,United States,California,google,cpc,0.0,1,1,session_only
2378402.7437778539,7635614742,2020-11-04,1,1,0,0,0,0,desktop,Web,United States,Illinois,google,organic,0.0,5,2,view_item
9001396.4925983528,521228162,2020-11-01,1,0,0,0,0,0,mobile,Web,Philippines,Metro Manila,(direct),(none),0.0,1,1,session_only
38007746.2880873486,7592092305,2021-01-01,1,0,0,0,0,0,mobile,Web,India,Jammu and Kashmir,(direct),(none),0.0,1,1,session_only
39535500.1184493320,951885571,2021-01-17,1,0,0,0,0,0,desktop,Web,United States,California,(direct),(none),0.0,1,1,session_only
60082841.6448395764,3894717129,2020-12-10,0,1,0,1,1,1,desktop,Web,Japan,Chiba,<Other>,referral,29.6,21,6,purchase
8659853.8234187870,6250240716,2020-11-18,1,0,0,0,0,0,mobile,Web,United States,California,<Other>,<Other>,0.0,1,1,session_only
88220718.4700110650,367138826,2021-01-14,1,0,0,0,0,0,mobile,Android,New Zealand,Auckland,(data deleted),(data deleted),0.0,1,1,session_only
5996105.6475421363,9077287619,2020-12-20,1,0,0,0,0,0,desktop,Web,United Kingdom,England,(data deleted),(data deleted),0.0,1,1,session_only
35605383.0593929603,9939330558,2020-11-16,1,1,0,0,0,0,desktop,Windows,United States,South Carolina,google,cpc,0.0,3,2,view_item
21251342.7743867370,4730612600,2020-11-06,1,0,0,0,0,0,mobile,Web,India,Maharashtra,google,organic,0.0,1,1,session_only
1434721.1165752075,2640592313,2020-11-22,1,0,0,0,0,0,mobile,Android,Canada,Quebec,<Other>,referral,0.0,1,1,session_only
6459993375.7373333955,4889028491,2021-01-05,1,0,0,0,0,0,mobile,iOS,Canada,Quebec,google,organic,0.0,1,1,session_only
2573799.1865453719,530495674,2021-01-07,1,0,0,0,0,0,desktop,Web,Canada,Quebec,(direct),(none),0.0,1,1,session_only
8878343.6663218754,9718137455,2020-12-28,1,0,0,0,0,0,desktop,Web,United Kingdom,England,shop.googlemerchandisestore.com,referral,0.0,1,1,session_only
29352453.6315196878,3632990773,2020-12-08,1,0,0,0,0,0,mobile,iOS,United States,Texas,<Other>,referral,0.0,1,1,session_only
3409065848.5058339702,6406555107,2021-01-06,1,0,0,0,0,0,desktop,Web,Algeria,(not set),google,organic,0.0,1,1,session_only
8615228.8269864349,9537689318,2020-11-16,1,0,0,0,0,0,mobile,Web,Sweden,Stockholm County,<Other>,<Other>,0.0,1,1,session_only
43621076.2341660068,5901527331,2021-01-24,1,0,0,0,0,0,desktop,Web,United States,Maryland,(direct),(none),0.0,1,1,session_only
45830901.4936461670,8167927352,2020-11-06,1,0,0,0,0,0,desktop,Web,United States,Massachusetts,(direct),(none),0.0,1,1,session_only
34764344.5770423744,5740665966,2020-11-09,1,0,0,0,0,0,mobile,Web,Brazil,State of Sao Paulo,<Other>,referral,0.0,1,1,session_only
83372554.0196853353,1389479684,2020-11-18,1,1,0,0,0,0,desktop,Web,United States,Virginia,google,organic,0.0,3,2,view_item
16382639.4243528287,3045626679,2020-11-06,1,1,0,1,1,1,mobile,Web,Pakistan,Sindh,google,organic,29.6,19,6,purchase
6425914.2975476605,5588933940,2020-12-26,1,1,0,0,0,0,desktop,Web,United Kingdom,England,(direct),(none),0.0,4,2,view_item
8604746881.6999610174,9850196733,2020-11-04,1,0,0,0,0,0,mobile,Web,South Africa,Gauteng,<Other>,<Other>,0.0,1,1,session_only
39494222.2961106651,763285006,2021-01-30,1,1,0,0,0,0,desktop,Windows,United States,Louisiana,google,organic,0.0,2,2,view_item
88268701.1777520736,3475071950,2021-01-18,1,0,0,0,0,0,desktop,Web,Mexico,Chihuahua,(direct),(none),0.0,1,1,session_only
6821664.0130715707,4229663419,2020-12-31,1,1,0,0,0,0,desktop,Web,United States,California,<Other>,referral,0.0,2,2,view_item
81682906.6817497153,7383311960,2020-11-18,1,0,0,0,0,0,mobile,iOS,Ireland,County Dublin,<Other>,organic,0.0,1,1,session_only
3221828.8875631442,3200856447,2020-11-18,1,1,1,1,0,0,desktop,Macintosh,United States,Arizona,<Other>,<Other>,0.0,6,4,begin_checkout
70411222.7197945126,3642025372,2020-12-28,1,0,0,0,0,0,desktop,Web,Kuwait,(not set),<Other>,organic,0.0,1,1,session_only
64783017.1258465182,5714155015,2020-11-04,1,0,0,0,0,0,mobile,iOS,India,Tamil Nadu,google,organic,0.0,1,1,session_only
9039571.9454436357,857093276,2021-01-23,1,1,1,1,1,1,mobile,Web,United States,California,google,organic,0.0,15,6,purchase
33826412.1701150288,3443304007,2021-01-10,1,0,0,0,0,0,desktop,Windows,Canada,Newfoundland and Labrador,google,organic,0.0,1,1,session_only
2404616.5521353447,7031934035,2021-01-15,1,0,0,0,0,0,desktop,<Other>,Singapore,(not set),shop.googlemerchandisestore.com,referral,0.0,1,1,session_only
25212263.7190476243,2394877022,2021-01-03,1,0,0,0,0,0,desktop,Windows,China,Beijing,(direct),(none),0.0,1,1,session_only
45849341.7035525820,6965970316,2020-12-20,1,0,0,0,0,0,desktop,Windows,United States,California,google,organic,0.0,1,1,session_only
5555029.1780152336,258852191,2021-01-25,1,1,1,1,1,1,desktop,Windows,United States,Wisconsin,google,organic,84.88,73,6,purchase
11411335.2480170440,1135427984,2020-12-10,1,0,0,0,0,0,desktop,Web,India,Andhra Pradesh,google,cpc,0.0,1,1,session_only
34731196.1381344202,672852645,2020-12-05,1,0,0,0,0,0,desktop,Windows,United States,Texas,google,organic,0.0,1,1,session_only
1871415.5966345686,283516597,2020-12-21,1,0,0,0,0,0,desktop,Windows,United States,Alaska,google,organic,0.0,1,1,session_only
5906828.1486128199,6421322711,2020-12-08,1,0,0,0,0,0,mobile,Android,India,Telangana,<Other>,<Other>,0.0,1,1,session_only
9038007.6829665534,8087191319,2020-12-13,1,0,0,0,0,0,desktop,Windows,United States,Massachusetts,google,organic,0.0,1,1,session_only
1826170.8537903139,7590347851,2020-12-02,1,1,1,1,1,1,desktop,Web,United States,New York,(data deleted),(data deleted),0.0,13,6,purchase
28712963.6935372589,2528550223,2021-01-05,1,0,0,0,0,0,desktop,Web,Philippines,Metro Manila,<Other>,<Other>,0.0,1,1,session_only
392870430.8417894582,2975902749,2021-01-06,1,0,0,0,0,0,desktop,Web,Germany,Baden-Wurttemberg,<Other>,referral,0.0,1,1,session_only
48610051.6694041364,894046760,2021-01-26,1,0,0,0,0,0,desktop,Macintosh,United States,New Jersey,(direct),(none),0.0,1,1,session_only
4870974.8507944849,9677478384,2021-01-23,1,0,0,0,0,0,desktop,Web,China,Guangdong Province,<Other>,referral,0.0,1,1,session_only
90893441.0738132822,8232913679,2021-01-10,1,0,0,0,0,0,mobile,Web,United States,California,google,organic,0.0,1,1,session_only
3886465.4936684857,4269530851,2021-01-22,1,1,0,0,0,0,mobile,iOS,United States,California,google,organic,0.0,2,2,view_item
67456213.0697871079,172470017,2020-11-01,1,0,0,0,0,0,mobile,Web,United States,Utah,<Other>,<Other>,0.0,1,1,session_only
56750960.5617974570,3662906246,2020-11-01,1,1,0,0,0,0,mobile,Web,Netherlands,South Holland,(direct),(none),0.0,8,2,view_item
3210260.1172506502,3849382579,2020-12-28,1,0,0,0,0,0,mobile,iOS,Hungary,Budapest,google,organic,0.0,1,1,session_only
8832725.3996023484,7012335162,2021-01-06,1,1,0,0,0,0,mobile,Web,United States,Connecticut,<Other>,<Other>,0.0,2,2,view_item
6050239.7863062718,9845189109,2021-01-01,1,1,0,0,0,0,mobile,Web,Taiwan,Tainan City,(direct),(none),0.0,4,2,view_item
13731812.8466927066,2174111366,2021-01-30,1,0,0,0,0,0,desktop,Web,Canada,Ontario,(direct),(none),0.0,1,1,session_only
42605395.6565827117,5648636187,2021-01-24,1,0,0,0,0,0,desktop,Macintosh,United States,Illinois,(direct),(none),0.0,1,1,session_only
20824719.3256697331,4931271503,2020-11-16,1,0,0,0,0,0,desktop,Windows,Estonia,Harju County,<Other>,organic,0.0,1,1,session_only
3859946.1693600629,7406493979,2021-01-24,1,0,0,0,0,0,desktop,Web,Hong Kong,(not set),(direct),(none),0.0,1,1,session_only
3147398.8003490202,3015894471,2021-01-21,1,0,0,0,0,0,tablet,iOS,United States,Colorado,google,organic,0.0,1,1,session_only
5702667.8202910386,1005601492,2020-11-07,1,0,0,0,0,0,desktop,Web,United States,California,<Other>,organic,0.0,1,1,session_only
43468364.6728010460,5070842108,2020-12-20,1,1,0,0,0,0,desktop,Windows,United States,Colorado,<Other>,<Other>,0.0,2,2,view_item
18724686.8012593017,2942668841,2020-11-09,1,0,0,0,0,0,desktop,Web,United Kingdom,England,(direct),(none),0.0,1,1,session_only
46128463.8153625324,2349392304,2021-01-03,1,0,0,0,0,0,mobile,Android,India,Punjab,google,organic,0.0,1,1,session_only
16543358.6527191385,2254175926,2021-01-29,1,0,0,0,0,0,desktop,Windows,Japan,(not set),google,cpc,0.0,1,1,session_only
19030147.1067271843,6236585375,2020-12-10,1,0,0,0,0,0,mobile,iOS,Canada,British Columbia,<Other>,<Other>,0.0,1,1,session_only
70884656.9222479242,4334583148,2020-12-10,1,0,0,0,0,0,desktop,Windows,United States,Tennessee,<Other>,organic,0.0,1,1,session_only
1473017.2678658659,91540197,2021-01-25,1,0,0,0,0,0,mobile,Web,Ukraine,(not set),google,organic,0.0,1,1,session_only
4183533.3383299821,751636636,2021-01-29,1,0,0,1,0,0,desktop,Web,United Kingdom,England,(data deleted),(data deleted),0.0,3,4,begin_checkout
84505235.3811031418,2267479112,2020-12-24,1,1,1,1,1,1,mobile,iOS,Canada,Ontario,google,organic,25.76,21,6,purchase
2153194.8916016468,4127676728,2021-01-11,1,0,0,0,0,0,desktop,Web,United States,Kansas,google,organic,0.0,1,1,session_only
6115983.2241878817,883579080,2021-01-05,1,1,0,1,1,1,desktop,Web,United States,Colorado,shop.googlemerchandisestore.com,referral,5.6,17,6,purchase
11138573.6605521235,5036521556,2020-12-10,1,1,0,0,0,0,mobile,Web,Hungary,(not set),<Other>,referral,0.0,5,2,view_item
3586522.6728366173,1988283380,2020-12-06,1,0,0,0,0,0,desktop,Web,Pakistan,Sindh,<Other>,<Other>,0.0,1,1,session_only
2066970.0448690288,5524558898,2021-01-13,1,0,0,0,0,0,mobile,Web,United States,South Carolina,(direct),(none),0.0,1,1,session_only
8322848.5363327549,2331838290,2021-01-05,1,0,0,0,0,0,mobile,iOS,Switzerland,(not set),google,organic,0.0,1,1,session_only
1097358.9593491100,2207262384,2020-12-16,1,1,0,0,0,0,mobile,Android,Greece,Attica,(direct),(none),0.0,3,2,view_item
4346454396.3932670436,5688421918,2021-01-03,1,0,0,0,0,0,desktop,Web,Switzerland,Zurich,(data deleted),(data deleted),0.0,1,1,session_only
3804717.1395846193,2653414869,2021-01-02,1,1,0,0,0,0,mobile,iOS,Russia,(not set),(direct),(none),0.0,5,2,view_item
6854791.6133180340,1831924146,2020-12-25,1,0,0,0,0,0,desktop,Web,United States,Illinois,google,organic,0.0,1,1,session_only
30029755.0497081277,3063124985,2020-11-06,1,1,0,1,1,1,desktop,Web,South Korea,Seoul,shop.googlemerchandisestore.com,referral,21.44,6,6,purchase
3318445.9420815929,8328139367,2021-01-28,1,0,0,0,0,0,mobile,Web,(not set),(not set),google,organic,0.0,1,1,session_only
2809866.0697902151,1968611236,2020-12-05,1,0,0,0,0,0,tablet,Android,United States,Georgia,<Other>,referral,0.0,1,1,session_only
8292508.2728920265,2204145911,2020-11-21,1,1,0,1,1,1,mobile,Android,United States,Arkansas,(direct),(none),0.0,9,6,purchase
43869984.9708200846,4414590159,2020-11-06,1,1,0,1,1,1,desktop,Windows,Germany,Bavaria,(direct),(none),20.3,17,6,purchase
4570210.0407046090,2328130931,2020-12-10,1,0,0,0,0,0,mobile,Web,India,Maharashtra,<Other>,<Other>,0.0,1,1,session_only
42775735.3048011800,8691044078,2021-01-23,1,0,0,0,0,0,mobile,Android,United States,New York,<Other>,<Other>,0.0,1,1,session_only
87582324.2964308150,7482634793,2021-01-07,1,0,0,0,0,0,mobile,Web,Spain,Catalonia,google,organic,0.0,1,1,session_only
83811738.6510723757,2747853745,2021-01-07,1,0,0,0,0,0,desktop,Macintosh,United States,California,google,organic,0.0,1,1,session_only
74980629.0277968957,141466978,2020-11-16,1,1,0,1,1,1,mobile,Android,Philippines,Metro Manila,<Other>,<Other>,124.05,20,6,purchase
55238622.1897116989,8913676595,2021-01-17,1,0,0,0,0,0,mobile,Android,Singapore,(not set),<Other>,referral,0.0,1,1,session_only
23701791.0644471025,4323114710,2021-01-14,1,1,0,0,0,0,desktop,Macintosh,United States,Texas,google,organic,0.0,3,2,view_item
74560366.5513065567,1607591422,2020-12-30,1,1,1,0,0,0,desktop,Web,(not set),(not set),google,organic,0.0,4,3,add_to_cart
3626104.5200297169,4837575913,2020-12-08,1,0,0,0,0,0,mobile,iOS,South Africa,Western Cape,<Other>,<Other>,0.0,1,1,session_only
6818420.3391475389,5377213827,2020-12-25,1,1,0,0,0,0,tablet,Web,United States,Virginia,shop.googlemerchandisestore.com,referral,0.0,3,2,view_item
1764137.8640864561,6519423605,2020-11-27,1,0,0,0,0,0,mobile,Android,United States,Connecticut,(direct),(none),0.0,1,1,session_only
12291446.3815334458,1474914962,2020-11-18,1,1,1,1,1,1,mobile,Web,United States,Massachusetts,shop.googlemerchandisestore.com,referral,40.88,31,6,purchase
84548046.2287408834,891161634,2021-01-13,1,0,0,0,0,0,mobile,Web,China,Zhejiang,shop.googlemerchandisestore.com,referral,0.0,1,1,session_only
64244357.1396462982,6368875161,2020-12-16,1,0,0,0,0,0,desktop,Web,United States,Texas,google,organic,0.0,1,1,session_only
59531520.4289004347,8443331744,2021-01-11,1,0,0,0,0,0,desktop,Web,India,Uttar Pradesh,google,organic,0.0,1,1,session_only
9657667227.2663871662,460223091,2020-11-01,1,0,0,0,0,0,desktop,Web,United States,Utah,<Other>,<Other>,0.0,1,1,session_only
28394349.8695847806,9259538202,2020-12-08,1,1,1,1,1,1,mobile,iOS,United States,Texas,google,organic,32.4,25,6,purchase
9091675.3733638690,5442345822,2020-12-08,1,0,0,0,0,0,mobile,Web,Israel,Tel Aviv District,<Other>,<Other>,0.0,1,1,session_only
5609425.4456532281,709546105,2020-12-06,1,0,0,0,0,0,desktop,Macintosh,United States,California,google,organic,0.0,1,1,session_only
1887911.7398543352,2961882098,2021-01-25,1,0,0,0,0,0,mobile,Web,Germany,North Rhine-Westphalia,<Other>,<Other>,0.0,1,1,session_only
3117289.0450306966,3493944040,2021-01-17,1,0,0,0,0,0,desktop,Web,United States,California,(direct),(none),0.0,1,1,session_only
11455549.4361541559,2820140047,2020-12-22,1,0,0,0,0,0,desktop,Macintosh,United States,California,google,organic,0.0,1,1,session_only
8572249.7008807267,1092348718,2020-12-16,1,0,0,0,0,0,desktop,Web,United States,Virginia,(direct),(none),0.0,1,1,session_only
1560439.6223950749,2785993620,2021-01-26,1,0,0,0,0,0,mobile,iOS,United States,Michigan,(direct),(none),0.0,1,1,session_only
67563681.8255702488,4070460094,2020-12-10,1,0,0,0,0,0,mobile,iOS,United States,Pennsylvania,(data deleted),(data deleted),0.0,1,1,session_only
77387929.3509238684,3403471841,2021-01-08,1,0,0,0,0,0,desktop,Macintosh,United States,California,google,organic,0.0,1,1,session_only
42583182.3977693374,3813611241,2021-01-08,1,1,1,1,1,1,mobile,Android,United Kingdom,England,(direct),(none),205.2,18,6,purchase
21772009.9732149405,246977438,2021-01-23,1,0,0,0,0,0,desktop,<Other>,(not set),(not set),(direct),(none),0.0,1,1,session_only
89079926.1563585911,4836707199,2021-01-26,1,1,0,0,0,0,desktop,Web,Mexico,Puebla,(direct),(none),0.0,2,2,view_item
30698243.0293427930,4980402909,2021-01-31,1,0,0,0,0,0,desktop,Web,India,Telangana,<Other>,<Other>,0.0,1,1,session_only
46714149.5501637443,7125759472,2020-12-21,1,1,0,1,1,1,desktop,Web,Turkey,Ankara,(direct),(none),40.6,17,6,purchase
2392680.0005283505,5842139458,2020-11-18,1,0,0,0,0,0,desktop,Windows,Mexico,State of Mexico,google,cpc,0.0,1,1,session_only
1360671.0435504959,7872978320,2021-01-05,1,0,0,0,0,0,desktop,Web,India,Uttar Pradesh,shop.googlemerchandisestore.com,referral,0.0,1,1,session_only
81149539.2778710859,8997730116,2020-11-04,1,0,0,0,0,0,desktop,Windows,United States,California,shop.googlemerchandisestore.com,referral,0.0,1,1,session_only
15565152.3743270903,4234583129,2020-12-02,1,0,0,0,0,0,mobile,Web,India,Uttar Pradesh,<Other>,<Other>,0.0,1,1,session_only
59772740.9241246737,7966681856,2021-01-18,1,0,0,0,0,0,mobile,Android,United Kingdom,England,google,organic,0.0,1,1,session_only
5056844.9545527800,9589395640,2021-01-07,1,0,0,0,0,0,desktop,Web,United States,California,google,organic,0.0,1,1,session_only
14000608.1570408673,888279034,2020-11-02,1,0,0,0,0,0,mobile,Android,United States,Pennsylvania,google,organic,0.0,1,1,session_only
11427185.5950912577,3520407928,2020-11-15,1,0,0,0,0,0,desktop,Web,United States,California,<Other>,referral,0.0,1,1,session_only
81842623.1437047249,7926861446,2021-01-05,1,0,0,0,0,0,mobile,Web,France,Ile-de-France,shop.googlemerchandisestore.com,referral,0.0,1,1,session_only
77148955.9507810686,3485641384,2021-01-17,1,0,0,0,0,0,desktop,Web,United States,Tennessee,google,organic,0.0,1,1,session_only
24897762.0454201456,9508191558,2020-12-08,1,1,1,1,1,1,desktop,Macintosh,United States,North Carolina,<Other>,organic,0.0,9,6,purchase
39030706.3706710361,6321611106,2020-12-10,1,0,0,0,0,0,desktop,Windows,Singapore,(not set),google,cpc,0.0,1,1,session_only
3784837.2292835678,7843891559,2020-11-29,1,1,0,0,0,0,mobile,Web,Mongolia,Ulaanbaatar,(direct),(none),0.0,4,2,view_item
70508472.3106696874,9616647348,2021-01-31,1,0,0,0,0,0,desktop,Windows,Qatar,Doha,google,organic,0.0,1,1,session_only
52704489.7232760167,9871177243,2020-11-09,1,0,0,0,0,0,desktop,Web,India,Andhra Pradesh,(direct),(none),0.0,1,1,session_only
3518131.0262477250,7804085620,2021-01-24,1,0,0,0,0,0,desktop,Web,United States,California,shop.googlemerchandisestore.com,referral,0.0,1,1,session_only
1020639778.8497825265,7256374462,2021-01-16,1,0,0,0,0,0,mobile,iOS,India,Maharashtra,(direct),(none),0.0,1,1,session_only
7235245.5476805750,8907878230,2021-01-06,1,0,0,0,0,0,desktop,Web,United Arab Emirates,Dubai,google,organic,0.0,1,1,session_only
79889081.1084494710,1092784790,2020-12-29,1,0,0,0,0,0,tablet,iOS,United States,Pennsylvania,(direct),(none),0.0,1,1,session_only
79802897.6862553739,1318837004,2021-01-09,1,0,0,0,0,0,mobile,Android,United States,Florida,(direct),(none),0.0,1,1,session_only
23259395.5549101445,7780608746,2020-11-02,1,0,0,0,0,0,desktop,Macintosh,United States,California,<Other>,<Other>,0.0,1,1,session_only
55704957.2907206757,4847113128,2020-11-09,1,1,0,0,0,0,desktop,Web,United States,Georgia,<Other>,<Other>,0.0,2,2,view_item
34807385.9395234335,8258562423,2020-12-16,1,1,0,0,0,0,desktop,Web,United States,Georgia,google,organic,0.0,3,2,view_item
1773264.6597218360,2374176350,2021-01-29,1,1,0,0,0,0,mobile,Web,France,Ile-de-France,<Other>,referral,0.0,2,2,view_item
79069125.6585265646,4607389934,2020-12-21,1,0,0,0,0,0,desktop,Windows,Netherlands,North Holland,(data deleted),(data deleted),0.0,1,1,session_only
45666889.8647556177,329479095,2021-01-29,1,0,0,0,0,0,mobile,iOS,United States,New Jersey,<Other>,referral,0.0,1,1,session_only
3898077.9990357656,7831689647,2021-01-24,1,0,0,0,0,0,mobile,Web,Germany,Berlin,<Other>,<Other>,0.0,1,1,session_only
47644145.6596846717,6435884957,2020-11-29,1,1,0,0,0,0,desktop,Web,Morocco,Rabat-Sale-Kenitra,<Other>,organic,0.0,4,2,view_item
2502435.3548835289,2341257040,2021-01-08,1,1,0,1,1,1,desktop,Web,United States,Virginia,(direct),(none),38.4,9,6,purchase
3721130.5911409962,33773713,2021-01-28,1,0,0,0,0,0,mobile,iOS,Portugal,Lisbon,shop.googlemerchandisestore.com,referral,0.0,1,1,session_only
25419115.2847735337,6552481369,2020-12-02,1,0,0,0,0,0,mobile,Web,United States,Maine,shop.googlemerchandisestore.com,referral,0.0,1,1,session_only
5107942.1768070238,8334795054,2021-01-29,1,1,0,1,1,1,mobile,Web,Netherlands,North Brabant,<Other>,referral,0.0,26,6,purchase
25746067.4662646898,2818141282,2020-12-13,1,0,0,0,0,0,desktop,Web,United States,Texas,(direct),(none),0.0,1,1,session_only
7364004.3679102461,7411015965,2020-11-01,1,0,0,0,0,0,desktop,Web,Nepal,Central Development Region,<Other>,<Other>,0.0,1,1,session_only
3423561.5703663679,5696968023,2020-12-08,1,1,0,0,0,0,mobile,Web,Italy,Campania,(direct),(none),0.0,3,2,view_item
3278877.0817351206,332990637,2020-11-03,1,0,0,0,0,0,mobile,Android,United States,Texas,(direct),(none),0.0,1,1,session_only
8488402.8008192592,1292776424,2021-01-17,1,0,0,0,0,0,desktop,<Other>,China,Sichuan,google,organic,0.0,1,1,session_only
3694354.6236705977,8967064483,2021-01-03,1,0,0,0,0,0,desktop,Web,United States,Kansas,<Other>,<Other>,0.0,1,1,session_only
9748712376.8571299053,5229241470,2021-01-18,1,0,0,0,0,0,desktop,Web,Germany,Baden-Wurttemberg,(direct),(none),0.0,1,1,session_only
6013238.6353121362,6279839770,2021-01-29,1,0,0,0,0,0,desktop,Web,Portugal,(not set),(direct),(none),0.0,1,1,session_only
22419726.6739298007,9371996177,2020-12-10,1,1,1,1,1,1,desktop,Macintosh,Mexico,Jalisco,google,organic,0.0,8,6,purchase
45949206.1768367130,6465696222,2021-01-26,1,0,0,0,0,0,mobile,iOS,Argentina,Buenos Aires Province,(direct),(none),0.0,1,1,session_only
2914924.7289153916,1169265180,2020-11-13,1,0,0,0,0,0,desktop,Web,United States,Alabama,google,organic,0.0,1,1,session_only
82537890.1042476934,6319664199,2020-11-22,1,1,0,0,0,0,mobile,Web,Israel,Haifa District,google,organic,0.0,2,2,view_item
6815463.1434090721,5099142747,2020-12-16,1,1,0,0,0,0,desktop,Windows,United Kingdom,England,shop.googlemerchandisestore.com,referral,0.0,3,2,view_item
6810422492.7656540381,8782414060,2021-01-06,1,0,0,0,0,0,mobile,Web,United Kingdom,England,google,organic,0.0,1,1,session_only
6825126.0747815778,2090585383,2020-11-14,1,0,0,0,0,0,desktop,Web,United States,Utah,<Other>,<Other>,0.0,1,1,session_only
44356964.3056281867,9257935413,2020-12-08,1,1,1,1,1,1,mobile,iOS,United States,New York,google,organic,0.0,46,6,purchase
6952403.1465900333,3804893264,2020-12-30,1,0,0,0,0,0,mobile,iOS,Germany,Bavaria,(direct),(none),0.0,1,1,session_only
67514031.2447900241,7960729243,2021-01-26,1,0,0,0,0,0,desktop,Web,United States,Virginia,(data deleted),(data deleted),0.0,1,1,session_only
8016178.0613025896,9764943870,2020-11-18,1,1,1,1,1,1,mobile,Web,United States,Florida,<Other>,<Other>,4.88,7,6,purchase
5427258.5186391149,1296622111,2021-01-26,1,0,0,0,0,0,desktop,Web,United States,Idaho,(direct),(none),0.0,1,1,session_only
44652377.4604736006,1434974778,2020-12-26,1,0,0,0,0,0,desktop,Web,China,Beijing,google,organic,0.0,1,1,session_only
4354368.2403683022,2364925163,2020-12-08,1,0,0,0,0,0,mobile,Web,India,Telangana,<Other>,organic,0.0,1,1,session_only
13003174.8089195325,2173139176,2020-11-14,1,0,0,0,0,0,mobile,Web,Canada,Ontario,(direct),(none),0.0,1,1,session_only
19724431.3134349433,2767137515,2021-01-07,1,1,1,0,0,0,desktop,Macintosh,United States,Texas,(direct),(none),0.0,9,3,add_to_cart
32192738.1164395249,4501253502,2021-01-14,1,0,0,0,0,0,desktop,Web,Russia,(not set),google,cpc,0.0,1,1,session_only
4991672770.3407040393,6561632264,2020-12-10,1,0,0,0,0,0,desktop,Web,United States,California,(direct),(none),0.0,1,1,session_only
83911643.0968651475,3401606254,2020-11-22,1,0,0,0,0,0,desktop,Web,Chile,Santiago Metropolitan Region,google,organic,0.0,1,1,session_only
37278079.2548083732,2309945264,2021-01-05,1,0,0,0,0,0,mobile,Web,United States,Florida,google,organic,0.0,1,1,session_only
2752769864.1524280204,32819809,2021-01-16,1,0,0,0,0,0,desktop,Windows,Turkey,Istanbul,shop.googlemerchandisestore.com,referral,0.0,1,1,session_only
4836387.4761282711,8283427576,2020-11-06,1,1,0,0,0,0,desktop,Web,United States,Oregon,shop.googlemerchandisestore.com,referral,0.0,2,2,view_item
8228133.9622146553,9268723774,2021-01-26,1,0,0,0,0,0,mobile,Web,India,Uttar Pradesh,<Other>,referral,0.0,1,1,session_only
628230891.9696491032,2147872044,2020-11-14,1,0,0,0,0,0,desktop,Web,United States,Missouri,google,organic,0.0,1,1,session_only
10045496.6768851829,1971965727,2020-12-30,1,1,0,0,0,0,desktop,Macintosh,Canada,British Columbia,google,cpc,0.0,2,2,view_item
7283533.8199075465,9632946861,2021-01-18,1,0,0,0,0,0,desktop,Web,United States,Pennsylvania,google,organic,0.0,1,1,session_only
623103596.4796722519,5943518544,2021-01-15,1,1,0,0,0,0,desktop,Windows,India,Maharashtra,(direct),(none),0.0,5,2,view_item
8635477.9189974834,6891886314,2020-11-22,1,0,0,0,0,0,desktop,Web,Spain,Catalonia,<Other>,<Other>,0.0,1,1,session_only
8771477.6495543166,9911996099,2020-12-20,1,0,0,0,0,0,mobile,iOS,United States,North Carolina,google,organic,0.0,1,1,session_only
4465745.3319464507,324919015,2020-12-20,1,0,0,0,0,0,desktop,Web,Canada,Alberta,google,organic,0.0,1,1,session_only
9140774.8616614509,5917743449,2021-01-21,1,0,0,0,0,0,mobile,iOS,India,Karnataka,(direct),(none),0.0,1,1,session_only
54462597.1030688454,6729754712,2021-01-29,1,0,0,0,0,0,mobile,iOS,Taiwan,Taipei City,(data deleted),(data deleted),0.0,1,1,session_only
40563299.6630627734,6602470228,2021-01-09,1,0,0,0,0,0,desktop,Windows,United States,California,(direct),(none),0.0,1,1,session_only
59048652.1058598226,1383356526,2020-12-29,1,1,0,0,0,0,desktop,Web,Hong Kong,(not set),(direct),(none),0.0,2,2,view_item
60700250.6196786203,7842445131,2021-01-07,1,0,0,0,0,0,mobile,Web,United States,New York,(direct),(none),0.0,1,1,session_only
3299386254.9410778262,6447130042,2020-12-06,1,0,0,0,0,0,desktop,Web,United Kingdom,England,(data deleted),(data deleted),0.0,1,1,session_only
76786685.1214516065,382035318,2020-11-04,1,0,0,0,0,0,desktop,Windows,United States,California,(direct),(none),0.0,1,1,session_only
7683409.1373820401,3208622188,2020-12-22,1,0,0,0,0,0,desktop,Web,United States,Massachusetts,google,organic,0.0,1,1,session_only
50061655.9109615326,3292483513,2020-11-06,1,0,0,0,0,0,desktop,Web,United States,Virginia,<Other>,<Other>,0.0,1,1,session_only
18631364.8443428106,8363367138,2021-01-30,1,0,0,0,0,0,desktop,<Other>,United States,Indiana,shop.googlemerchandisestore.com,referral,0.0,1,1,session_only
42947747.9218695548,3208037719,2021-01-28,1,0,0,0,0,0,mobile,iOS,United States,California,google,organic,0.0,1,1,session_only
3834110.4163486793,1364729258,2021-01-26,1,0,0,0,0,0,desktop,Web,Canada,Quebec,google,organic,0.0,1,1,session_only
1594874.6106636037,427947565,2021-01-21,1,1,1,1,1,1,mobile,Web,Singapore,(not set),<Other>,referral,161.6,14,6,purchase
1444327223.5601899915,341721277,2020-11-22,1,0,0,0,0,0,desktop,Web,United States,Washington,google,organic,0.0,1,1,session_only
82765525.4385058544,2648540424,2020-11-21,1,1,0,0,0,0,desktop,<Other>,United States,Nevada,shop.googlemerchandisestore.com,referral,0.0,2,2,view_item
6221187.8330542170,7537897794,2020-12-29,1,0,0,0,0,0,desktop,Web,Portugal,Lisbon,(direct),(none),0.0,1,1,session_only
13668613.8770229549,9252298710,2020-11-13,1,0,0,0,0,0,mobile,iOS,Canada,Manitoba,<Other>,referral,0.0,1,1,session_only
4454587.6176300535,9411857182,2020-12-02,1,0,0,0,0,0,mobile,iOS,India,Gujarat,<Other>,referral,0.0,1,1,session_only
90121871.6263772499,9225157786,2021-01-15,1,0,0,0,0,0,desktop,Web,Canada,Ontario,(direct),(none),0.0,1,1,session_only
61926936.5478907982,9083574406,2020-12-24,1,1,1,1,1,1,desktop,Web,North Macedonia,(not set),shop.googlemerchandisestore.com,referral,153.2,47,6,purchase
64798031.1663577698,9427081210,2020-11-06,1,1,0,0,0,0,mobile,Web,United States,New York,google,organic,0.0,2,2,view_item
27206108.2383838582,9417796018,2021-01-25,1,1,0,0,0,0,desktop,Macintosh,United Kingdom,England,<Other>,<Other>,0.0,7,2,view_item
40118666.5870914374,827471689,2021-01-01,1,0,0,0,0,0,mobile,Web,Australia,Queensland,(direct),(none),0.0,1,1,session_only
2301015.7868167880,9220573048,2020-12-30,1,0,0,0,0,0,desktop,Macintosh,United States,Texas,google,organic,0.0,1,1,session_only
66224322.1415887174,1444139932,2021-01-21,1,0,0,0,0,0,desktop,Macintosh,United States,Michigan,(direct),(none),0.0,1,1,session_only
9134117.4123012407,9608126301,2020-12-10,1,0,0,0,0,0,desktop,<Other>,Canada,Quebec,<Other>,<Other>,0.0,1,1,session_only
75923028.0206908119,6243497831,2020-12-24,1,1,0,0,0,0,desktop,<Other>,United States,Illinois,google,organic,0.0,2,2,view_item
6243473.1159071667,1627308658,2021-01-09,1,0,0,0,0,0,mobile,Web,United States,Texas,(direct),(none),0.0,1,1,session_only
76681754.5040988205,8709376616,2020-11-09,1,1,0,0,0,0,mobile,Web,United States,New York,<Other>,referral,0.0,3,2,view_item
47404779.3400578000,1097996976,2021-01-30,1,0,0,0,0,0,mobile,Android,Singapore,(not set),<Other>,<Other>,0.0,1,1,session_only
1099815.7393183773,7188091748,2021-01-15,1,0,0,0,0,0,mobile,iOS,Canada,Ontario,google,organic,0.0,1,1,session_only
14901140.5939808986,9655670316,2020-12-28,1,0,0,0,0,0,desktop,<Other>,United States,California,google,cpc,0.0,1,1,session_only
36639894.0508714821,1473388587,2020-12-10,1,0,0,0,0,0,desktop,Web,Vietnam,Ho Chi Minh City,(direct),(none),0.0,1,1,session_only
2882138.1643961145,1445335348,2021-01-26,1,0,0,0,0,0,mobile,Web,United States,Virginia,(direct),(none),0.0,1,1,session_only
1593060.9903989741,2705950918,2020-12-16,1,1,1,1,1,1,desktop,Windows,India,Telangana,shop.googlemerchandisestore.com,referral,0.0,46,6,purchase
5525161.5193809463,4477244496,2020-12-02,1,0,0,0,0,0,mobile,Web,United States,Alabama,<Other>,<Other>,0.0,1,1,session_only
63756305.8186497779,3128466630,2020-12-08,1,0,0,0,0,0,desktop,Macintosh,United States,California,google,organic,0.0,1,1,session_only
4234363.6017452965,5279753691,2020-11-09,1,0,0,0,0,0,desktop,Web,United States,California,<Other>,<Other>,0.0,1,1,session_only
1457551.9813423359,8340615975,2020-11-03,0,1,0,0,0,0,desktop,Windows,United States,Connecticut,google,organic,0.0,1,2,view_item
69479754.0302169841,1253686910,2021-01-02,1,0,0,0,0,0,desktop,Web,India,Tamil Nadu,shop.googlemerchandisestore.com,referral,0.0,1,1,session_only
73120924.0339833479,4800328898,2021-01-24,1,0,0,0,0,0,desktop,Web,Canada,Quebec,google,cpc,0.0,1,1,session_only
90038379.9838021098,7755271864,2020-12-10,1,1,1,1,1,1,desktop,Web,Poland,Masovian Voivodeship,(direct),(none),136.8,26,6,purchase
13337954.6744942637,4443259809,2021-01-22,1,0,0,0,0,0,mobile,Android,United States,California,(data deleted),(data deleted),0.0,1,1,session_only
3274035.7886971888,4519553054,2020-11-14,1,1,0,0,0,0,mobile,iOS,United States,Pennsylvania,<Other>,<Other>,0.0,2,2,view_item
75127814.3683689494,5864670685,2020-11-03,1,0,0,0,0,0,mobile,iOS,United States,New York,(direct),(none),0.0,1,1,session_only
75888892.0409615993,8217806593,2021-01-14,1,1,1,0,0,0,mobile,Web,China,Beijing,google,organic,0.0,5,3,add_to_cart
2092405.5541949212,415928946,2020-12-02,1,1,0,0,0,0,desktop,<Other>,Japan,Osaka,google,organic,0.0,4,2,view_item
26101027.9336397994,6645046434,2021-01-14,0,1,0,1,1,1,mobile,Web,United States,Texas,shop.googlemerchandisestore.com,referral,16.1,9,6,purchase
1477594.8089132603,7963102350,2021-01-29,1,0,0,0,0,0,desktop,Web,Canada,British Columbia,(direct),(none),0.0,1,1,session_only
8706427.7162263165,4805431255,2020-11-03,1,0,0,0,0,0,mobile,Web,United States,South Carolina,<Other>,referral,0.0,1,1,session_only
1909672.1136961547,4302969476,2021-01-11,1,0,0,0,0,0,desktop,Web,Philippines,Metro Manila,google,organic,0.0,1,1,session_only
8896138.3236474926,4625467825,2021-01-26,1,0,0,0,0,0,desktop,Windows,United States,New York,google,organic,0.0,1,1,session_only
20940030.0485496471,1742465520,2021-01-26,1,0,0,0,0,0,desktop,Web,Belgium,Flanders,<Other>,<Other>,0.0,1,1,session_only
1281034.1055760011,5345611252,2020-11-13,1,0,0,0,0,0,desktop,Web,Singapore,(not set),(direct),(none),0.0,1,1,session_only
40666691.6104312954,1385432400,2021-01-04,1,0,0,0,0,0,tablet,iOS,Slovakia,(not set),google,organic,0.0,1,1,session_only
1849954.9655671023,4134767707,2021-01-28,1,1,0,0,0,0,desktop,Web,Greece,(not set),(direct),(none),0.0,2,2,view_item
1819801.1582224257,8159571100,2021-01-13,1,0,0,0,0,0,desktop,Windows,United States,Virginia,google,organic,0.0,1,1,session_only
1896125556.7280515109,7124016193,2021-01-04,1,0,0,0,0,0,desktop,Macintosh,Colombia,Bogota,<Other>,referral,0.0,1,1,session_only
35910152.4891218786,327982232,2020-12-28,1,1,1,1,1,1,desktop,Windows,United States,Maryland,(data deleted),(data deleted),19.2,23,6,purchase
29029362.2660887230,7537088271,2020-12-10,1,0,0,0,0,0,mobile,Android,United States,Virginia,google,organic,0.0,1,1,session_only
1270300957.2957683920,5903813610,2020-12-08,1,0,0,0,0,0,desktop,Web,Austria,Vienna,<Other>,<Other>,0.0,1,1,session_only
4035690.0501155588,4516421190,2020-11-16,1,0,0,0,0,0,mobile,Web,Australia,Queensland,<Other>,organic,0.0,1,1,session_only
2892728.7127164422,9275565387,2021-01-23,1,0,0,0,0,0,desktop,<Other>,United States,Massachusetts,(direct),(none),0.0,1,1,session_only
89178557.3055002658,185528325,2021-01-23,1,1,0,0,0,0,desktop,Web,United States,California,<Other>,<Other>,0.0,2,2,view_item
74754441.8670786333,7135389413,2020-11-18,1,1,0,0,0,0,mobile,iOS,United States,California,google,organic,0.0,2,2,view_item
1284739.5954704764,3727451181,2020-12-02,1,0,0,0,0,0,desktop,Web,United Kingdom,England,google,organic,0.0,1,1,session_only
7518580.3893481902,4032193256,2020-12-08,1,0,0,0,0,0,desktop,Web,United States,New York,google,organic,0.0,1,1,session_only
7127853.4789832348,9353333834,2020-12-02,1,0,0,0,0,0,desktop,Web,Poland,Masovian Voivodeship,<Other>,<Other>,0.0,1,1,session_only
4162195.5417436906,1146176435,2020-12-27,1,0,0,0,0,0,mobile,Web,United States,California,<Other>,<Other>,0.0,1,1,session_only
68472086.2114164625,8534682175,2020-12-22,1,0,0,0,0,0,desktop,Web,United States,Washington,<Other>,<Other>,0.0,1,1,session_only
73574224.3287781006,9118728390,2021-01-28,1,1,1,1,1,1,mobile,Web,Canada,British Columbia,google,cpc,0.0,53,6,purchase
5782666.0338415017,2261563144,2020-11-01,1,0,0,0,0,0,desktop,Web,United States,California,google,organic,0.0,1,1,session_only
6533143.3436587500,3060820433,2021-01-13,1,1,0,0,0,0,mobile,iOS,United Kingdom,England,<Other>,<Other>,0.0,2,2,view_item
44139699.8894417162,9737797980,2021-01-11,1,0,0,0,0,0,desktop,Web,India,Chandigarh,google,organic,0.0,1,1,session_only
51742095.1571068464,90392130,2021-01-18,1,0,0,0,0,0,desktop,Windows,United States,New Jersey,(direct),(none),0.0,1,1,session_only
58880756.3926559317,4044214724,2020-12-20,1,1,0,0,0,0,desktop,Web,Taiwan,Taipei City,shop.googlemerchandisestore.com,referral,0.0,2,2,view_item
59258289.4908184955,9489451140,2021-01-05,1,0,0,0,0,0,desktop,Web,United States,Iowa,<Other>,organic,0.0,1,1,session_only
11600170.1714069614,664397256,2020-12-16,1,0,0,0,0,0,mobile,iOS,India,Maharashtra,google,organic,0.0,1,1,session_only
77057010.5940296534,1024740617,2021-01-06,1,0,0,0,0,0,desktop,Web,Taiwan,Taipei City,google,cpc,0.0,1,1,session_only
5205102.1933565412,2877334768,2020-11-14,1,0,0,0,0,0,mobile,iOS,Netherlands,North Holland,<Other>,referral,0.0,1,1,session_only
2285335.7115906506,7838423977,2020-12-21,1,0,0,0,0,0,desktop,Windows,Philippines,Calabarzon,(direct),(none),0.0,1,1,session_only
4946973.9545040759,3478851750,2020-12-02,1,1,0,0,0,0,mobile,Web,Canada,Quebec,<Other>,<Other>,0.0,2,2,view_item
31145503.5511790409,2687927828,2021-01-18,1,0,0,0,0,0,mobile,Web,India,Karnataka,(direct),(none),0.0,1,1,session_only
73148827.5442896447,537421837,2020-11-16,1,0,0,0,0,0,mobile,Web,United States,Arkansas,<Other>,<Other>,0.0,1,1,session_only
48311290.7284075171,1129062539,2020-11-12,1,0,0,0,0,0,desktop,Web,United States,California,<Other>,<Other>,0.0,1,1,session_only
1476217952.4625821146,9216095888,2020-11-21,1,0,0,0,0,0,mobile,iOS,United Kingdom,England,google,organic,0.0,1,1,session_only
42463554.1409769202,6171443534,2020-11-12,1,1,0,0,0,0,mobile,Web,Canada,Quebec,shop.googlemerchandisestore.com,referral,0.0,2,2,view_item
80698776.0554444491,1163439602,2020-12-02,1,1,1,0,0,0,mobile,Web,United States,Texas,(direct),(none),0.0,25,3,add_to_cart
47705051.4543207032,5323675210,2020-12-05,1,1,1,1,1,1,desktop,Web,China,(not set),<Other>,<Other>,55.36,19,6,purchase
7732748.4014455759,6757221952,2021-01-24,1,0,0,0,0,0,desktop,Windows,United States,Maryland,<Other>,<Other>,0.0,1,1,session_only
1363970.8728053697,438370757,2020-12-20,1,0,0,0,0,0,desktop,Windows,United States,Idaho,<Other>,<Other>,0.0,1,1,session_only
12285433.9541421964,4340784580,2020-11-03,1,0,0,0,0,0,desktop,Windows,United Kingdom,England,shop.googlemerchandisestore.com,referral,0.0,1,1,session_only
7982737.4154933291,8735575001,2020-12-30,1,0,0,0,0,0,mobile,iOS,Czechia,Prague,<Other>,<Other>,0.0,1,1,session_only
63660733.6817079936,4370243128,2021-01-06,1,0,0,0,0,0,desktop,Macintosh,United States,Wisconsin,google,organic,0.0,1,1,session_only
44822468.0260411018,3399676119,2020-12-06,1,1,1,1,1,1,desktop,Macintosh,United Kingdom,England,(data deleted),(data deleted),196.88,55,6,purchase
70565421.1295046349,4892129774,2021-01-04,1,0,0,0,0,0,desktop,Web,United States,Kansas,<Other>,<Other>,0.0,1,1,session_only
5309497742.4560578847,8907932529,2021-01-26,1,1,1,1,1,1,mobile,Android,Canada,Quebec,(direct),(none),68.16,40,6,purchase
2579061.2049226478,439608213,2020-11-08,1,1,0,0,0,0,desktop,Web,United States,Illinois,(direct),(none),0.0,3,2,view_item
8585638.4387238879,8390691192,2020-12-02,1,0,0,0,0,0,desktop,Web,Taiwan,Taipei City,google,organic,0.0,1,1,session_only
50199197.8794976168,2898303784,2021-01-31,1,0,0,0,0,0,desktop,Web,South Korea,Gyeonggi-do,<Other>,<Other>,0.0,1,1,session_only
66260395.1860862331,537885068,2020-11-03,1,0,0,0,0,0,tablet,Web,United States,New Jersey,(direct),(none),0.0,1,1,session_only
1576695677.4455125059,5244072474,2020-12-24,1,0,0,0,0,0,desktop,Windows,United States,California,(direct),(none),0.0,1,1,session_only
54622837.6139940576,9450288934,2021-01-09,1,0,0,0,0,0,desktop,Web,United States,Kansas,shop.googlemerchandisestore.com,referral,0.0,1,1,session_only
3432625.4664075073,9365646190,2020-11-16,1,0,0,0,0,0,desktop,Windows,United States,New Mexico,shop.googlemerchandisestore.com,referral,0.0,1,1,session_only
58000495.3792850386,5418023024,2020-11-06,1,1,0,0,0,0,mobile,Web,United States,California,<Other>,referral,0.0,9,2,view_item
47503919.4120542094,667543909,2021-01-24,1,1,0,0,0,0,desktop,Web,Netherlands,Gelderland,google,organic,0.0,2,2,view_item
75047875.7800553343,6151648995,2021-01-14,1,0,0,0,0,0,desktop,Web,India,Madhya Pradesh,google,organic,0.0,1,1,session_only
1165475.6214510573,2801387031,2020-11-03,1,0,0,0,0,0,desktop,Web,China,Jiangsu,google,organic,0.0,1,1,session_only
76213920.5448983035,2120831602,2021-01-22,1,1,1,1,1,1,desktop,Web,South Korea,(not set),(direct),(none),0.0,50,6,purchase
76337026.6952718467,9694289144,2020-11-09,1,1,0,0,0,0,mobile,Android,United States,California,(direct),(none),0.0,3,2,view_item
6149654.3757607604,8990629345,2021-01-22,1,1,1,0,0,0,mobile,iOS,China,Sichuan,(data deleted),(data deleted),0.0,50,3,add_to_cart
8832954.6333028692,7160390762,2020-11-08,1,0,0,0,0,0,mobile,Web,United Kingdom,England,<Other>,<Other>,0.0,1,1,session_only
67522359.2848039358,9415285943,2020-11-12,1,1,0,1,1,1,mobile,Web,Netherlands,Utrecht,<Other>,<Other>,169.04,40,6,purchase
7254887.7912159091,5512949342,2020-11-12,1,1,0,0,0,0,mobile,Web,(not set),(not set),(direct),(none),0.0,2,2,view_item
3970244.0843404011,2575564963,2020-11-18,1,1,1,1,1,1,desktop,Web,Netherlands,Gelderland,(direct),(none),117.76,59,6,purchase
35922780.3278563041,1293275884,2020-11-22,1,0,0,0,0,0,mobile,iOS,Greece,(not set),(direct),(none),0.0,1,1,session_only
1590119.5839722940,997332266,2021-01-25,1,0,0,0,0,0,desktop,Web,United States,Ohio,<Other>,referral,0.0,1,1,session_only
1313851.6501590410,871114730,2020-12-20,1,1,0,0,0,0,desktop,<Other>,United Kingdom,England,(direct),(none),0.0,2,2,view_item
27722998.3962656250,8979741413,2020-12-22,1,0,0,0,0,0,mobile,Web,India,Bihar,shop.googlemerchandisestore.com,referral,0.0,1,1,session_only
7760557.0840745683,80288241,2020-12-27,0,1,0,0,0,0,desktop,Macintosh,United States,Kentucky,google,organic,0.0,3,2,view_item
10618490.4802171210,2582168869,2020-12-06,1,0,0,0,0,0,desktop,Web,Malaysia,Selangor,google,organic,0.0,1,1,session_only
3957847.6938846095,9434461556,2020-12-25,1,1,0,0,0,0,desktop,Windows,United States,Virginia,<Other>,referral,0.0,2,2,view_item
4502358.0004312173,3089908040,2020-11-09,1,0,0,0,0,0,tablet,Android,France,Brittany,google,organic,0.0,1,1,session_only
62660728.5318819387,5298051343,2020-12-29,1,1,0,0,0,0,mobile,Web,United States,Illinois,google,organic,0.0,2,2,view_item
34560318.0682627409,1640776321,2020-12-08,1,1,1,0,0,0,desktop,Windows,Canada,Alberta,shop.googlemerchandisestore.com,referral,0.0,4,3,add_to_cart
29970961.5459268611,364938066,2021-01-09,1,0,0,0,0,0,mobile,Web,United States,(not set),google,organic,0.0,1,1,session_only
5032481.9792399575,1352749856,2020-11-18,1,1,0,0,0,0,desktop,Web,United States,South Carolina,google,organic,0.0,2,2,view_item
16962442.8538152384,7638491371,2020-11-18,1,0,0,0,0,0,desktop,Windows,Mexico,Baja California,google,organic,0.0,1,1,session_only
66818906.4556926283,8558623793,2020-12-02,1,0,0,0,0,0,desktop,Web,Australia,New South Wales,(direct),(none),0.0,1,1,session_only
9129376.6666111068,1236697989,2020-11-09,1,0,0,0,0,0,tablet,Web,United States,Pennsylvania,google,organic,0.0,1,1,session_only
52384391.5517867573,5107066975,2020-11-16,1,0,0,0,0,0,desktop,Windows,United States,(not set),<Other>,<Other>,0.0,1,1,session_only
7068229.7658454474,7483026899,2020-12-08,1,1,0,0,0,0,mobile,iOS,Taiwan,Taiwan Province,<Other>,<Other>,0.0,3,2,view_item
7537692.1034118848,2869247252,2020-12-27,1,0,0,0,0,0,mobile,Android,Nigeria,Lagos,<Other>,<Other>,0.0,1,1,session_only
4463331.1416882680,1221434018,2021-01-15,1,0,0,0,0,0,desktop,Macintosh,Taiwan,Taipei City,<Other>,referral,0.0,1,1,session_only
1835311.3955349126,1629850006,2021-01-15,1,1,1,1,1,1,desktop,Windows,United States,New York,<Other>,referral,29.6,17,6,purchase
41931002.2576091000,2299220954,2020-11-06,1,0,0,0,0,0,tablet,Web,United States,New York,google,organic,0.0,1,1,session_only
67258701.9431842034,9588221751,2020-11-18,1,0,0,0,0,0,desktop,Web,Uruguay,(not set),<Other>,referral,0.0,1,1,session_only
5421084.4871208646,5293539503,2020-12-30,1,0,0,0,0,0,mobile,Web,Canada,Ontario,google,organic,0.0,1,1,session_only
37409739.2479799624,910002215,2020-11-16,1,1,0,0,0,0,desktop,<Other>,United States,Illinois,(data deleted),(data deleted),0.0,2,2,view_item
69854044.3129330808,2328832998,2020-12-06,1,0,0,0,0,0,mobile,Web,United States,Virginia,google,organic,0.0,1,1,session_only
30030464.1293533967,9883731892,2020-11-09,1,0,0,0,0,0,desktop,<Other>,Brazil,State of Sao Paulo,<Other>,referral,0.0,1,1,session_only
84250340.3870514519,9745067590,2021-01-05,1,0,0,0,0,0,desktop,Web,United States,Florida,(direct),(none),0.0,1,1,session_only
7466606.5333586991,1891904641,2021-01-13,1,1,0,0,0,0,desktop,Web,United States,Mississippi,shop.googlemerchandisestore.com,referral,0.0,2,2,view_item
32585066.2005695751,5248121999,2021-01-21,1,0,0,0,0,0,desktop,Web,Colombia,Bogota,google,cpc,0.0,1,1,session_only
75310933.0201509682,1512563890,2020-11-18,1,0,0,0,0,0,desktop,Web,China,(not set),<Other>,<Other>,0.0,1,1,session_only
7942760.8499444204,6927655219,2020-12-08,1,0,0,0,0,0,mobile,Web,United States,Texas,google,organic,0.0,1,1,session_only
2990198.2937470158,3034792201,2020-11-18,1,0,0,0,0,0,desktop,Web,United States,(not set),google,cpc,0.0,1,1,session_only
5320068.3830223799,1352157361,2020-12-30,1,1,1,1,1,1,desktop,Web,United States,Ohio,shop.googlemerchandisestore.com,referral,0.0,13,6,purchase
81373254.1978751537,5493928569,2021-01-04,1,1,0,0,0,0,mobile,Web,United States,Washington,google,organic,0.0,2,2,view_item
7136683.4968639734,194489014,2021-01-26,1,0,0,0,0,0,mobile,Web,India,Maharashtra,<Other>,<Other>,0.0,1,1,session_only
3745963.4623706741,7244605329,2021-01-13,1,1,0,0,0,0,desktop,Macintosh,United States,Texas,google,organic,0.0,2,2,view_item
2992136.7917547013,6175487250,2020-12-08,1,0,0,0,0,0,mobile,Web,Germany,Baden-Wurttemberg,shop.googlemerchandisestore.com,referral,0.0,1,1,session_only
5981310.4110645204,8040587209,2020-11-15,1,0,0,0,0,0,desktop,Web,Pakistan,Punjab,google,organic,0.0,1,1,session_only
2808102.2330574481,8090457563,2020-12-13,1,1,1,1,1,1,desktop,<Other>,United States,California,(data deleted),(data deleted),357.76,94,6,purchase
86727932.2167162845,3985395914,2020-11-22,1,0,0,0,0,0,desktop,Windows,United States,(not set),shop.googlemerchandisestore.com,referral,0.0,1,1,session_only
61186196.3192259944,3218688188,2021-01-28,1,0,0,0,0,0,desktop,Web,United States,Michigan,(direct),(none),0.0,1,1,session_only
4728759502.4720180871,2536376580,2021-01-29,1,0,0,0,0,0,desktop,Web,Germany,Bavaria,google,organic,0.0,1,1,session_only
12448307.8186911073,5847539608,2020-11-14,1,0,0,0,0,0,desktop,<Other>,Spain,Basque Country,google,organic,0.0,1,1,session_only
23512364.2343760023,319018959,2021-01-24,1,0,0,0,0,0,desktop,Web,Canada,Ontario,(direct),(none),0.0,1,1,session_only
6257810.1983753715,6643401464,2021-01-22,1,1,1,1,1,1,desktop,Windows,China,Zhejiang,(data deleted),(data deleted),0.0,8,6,purchase
34602948.6663140435,775630954,2020-12-26,1,1,0,0,0,0,mobile,Web,Singapore,(not set),(direct),(none),0.0,3,2,view_item
20859896.2747540548,7062605477,2020-12-16,1,0,0,0,0,0,desktop,Web,Italy,Tuscany,google,organic,0.0,1,1,session_only
53447288.4859183003,976575465,2021-01-29,1,1,0,1,1,1,mobile,iOS,Morocco,(not set),google,organic,0.0,14,6,purchase
38078673.0862451438,5149468524,2020-12-13,1,0,0,0,0,0,desktop,Macintosh,Canada,Alberta,google,organic,0.0,1,1,session_only
66431376.9009067856,7119140476,2021-01-06,1,1,1,0,0,0,desktop,Macintosh,South Korea,Seoul,<Other>,<Other>,0.0,4,3,add_to_cart
7632980.9519107071,2911435439,2020-11-07,1,0,0,0,0,0,mobile,Web,United States,Connecticut,google,organic,0.0,1,1,session_only
3699450.4727318667,4202548698,2020-12-13,1,0,0,0,0,0,desktop,Windows,United States,Ohio,<Other>,<Other>,0.0,1,1,session_only
18037589.9652769072,5734308494,2021-01-03,1,0,0,0,0,0,desktop,Web,Brazil,State of Minas Gerais,google,organic,0.0,1,1,session_only
70991146.6259919159,4658793825,2021-01-28,1,0,0,1,1,1,mobile,Android,Canada,Ontario,google,organic,0.0,8,6,purchase
87467868.4829910639,820626075,2020-11-01,1,0,0,0,0,0,desktop,Web,United States,Wisconsin,google,organic,0.0,1,1,session_only
6730563.0157524038,609261170,2021-01-02,1,0,0,0,0,0,desktop,Windows,Taiwan,Kaohsiung City,google,organic,0.0,1,1,session_only
5723457.0950665128,9696440456,2020-11-12,1,1,0,0,0,0,desktop,Web,Norway,Oslo,google,organic,0.0,2,2,view_item
46778897.2082722884,6514905123,2021-01-04,1,0,0,0,0,0,desktop,Web,Taiwan,New Taipei City,(direct),(none),0.0,1,1,session_only
7347387.9539159768,1825033047,2020-12-21,1,0,0,0,0,0,desktop,Web,Denmark,Capital Region of Denmark,google,organic,0.0,1,1,session_only
63852409.2756006065,8958866311,2020-12-08,1,0,0,0,0,0,mobile,Web,Germany,Bavaria,google,cpc,0.0,1,1,session_only
13081669.2700067618,2517569875,2020-12-24,1,0,0,0,0,0,desktop,Windows,United States,Virginia,<Other>,organic,0.0,1,1,session_only
2652970.1627307664,4774346163,2020-12-28,1,0,0,0,0,0,tablet,Web,Taiwan,Taipei City,google,organic,0.0,1,1,session_only
57342716.1787863925,9588291043,2020-12-10,1,1,0,1,1,1,desktop,Windows,United States,Oregon,<Other>,referral,0.0,13,6,purchase
5645101.8554537419,7680728893,2020-11-12,1,0,0,0,0,0,mobile,Web,United States,Oregon,(direct),(none),0.0,1,1,session_only
92053441.0254123516,9857665784,2021-01-22,1,0,0,0,0,0,desktop,Windows,United States,Massachusetts,google,organic,0.0,1,1,session_only
18198601.3716864901,6912008010,2021-01-04,1,0,0,0,0,0,mobile,Web,Bangladesh,(not set),<Other>,<Other>,0.0,1,1,session_only
49804669.0673074031,281403768,2021-01-26,1,0,0,0,0,0,desktop,Web,United States,Kansas,(direct),(none),0.0,1,1,session_only
33592110.7234643614,5119565053,2021-01-29,1,0,0,0,0,0,desktop,Web,United States,California,<Other>,<Other>,0.0,1,1,session_only
9535329.9995156605,110087312,2021-01-10,1,0,0,0,0,0,mobile,Web,United States,Missouri,<Other>,referral,0.0,1,1,session_only
65105639.7560841090,711023154,2021-01-15,1,0,0,0,0,0,desktop,Web,Japan,(not set),google,organic,0.0,1,1,session_only
84880806.8320854824,8456015778,2021-01-02,1,0,0,0,0,0,desktop,Web,United States,Wisconsin,google,organic,0.0,1,1,session_only
44471635.3687272557,9659991222,2020-11-16,1,0,0,0,0,0,desktop,Macintosh,Thailand,Bangkok,<Other>,organic,0.0,1,1,session_only
52443149.1275754542,5856968905,2020-11-14,1,1,0,0,0,0,desktop,Windows,United States,Alabama,(direct),(none),0.0,2,2,view_item
75192285.0383923806,6601054251,2021-01-01,1,0,0,0,0,0,desktop,Web,China,(not set),<Other>,<Other>,0.0,1,1,session_only
3051995.7094224224,5262596420,2020-11-02,1,1,0,1,1,1,desktop,Web,India,Telangana,google,organic,0.0,7,6,purchase
66574790.6270985962,667029836,2021-01-04,1,1,1,0,0,0,desktop,Windows,United States,Virginia,(data deleted),(data deleted),0.0,3,3,add_to_cart
50242975.0244933762,3799096930,2021-01-09,1,0,0,0,0,0,desktop,Web,Belgium,Flanders,shop.googlemerchandisestore.com,referral,0.0,1,1,session_only
40513870.5627546439,7991622872,2021-01-28,1,0,0,0,0,0,desktop,Macintosh,United States,New Jersey,google,organic,0.0,1,1,session_only
4745344.3372520293,8925277928,2020-11-03,1,0,0,0,0,0,desktop,Web,United States,California,google,organic,0.0,1,1,session_only
80435974.9462183494,263104117,2021-01-02,1,1,1,1,1,1,desktop,Web,United States,Colorado,google,organic,162.08,52,6,purchase
4490144.2299023217,81258844,2021-01-21,1,0,0,0,0,0,mobile,Web,Pakistan,Islamabad Capital Territory,(data deleted),(data deleted),0.0,1,1,session_only
77281408.0642751430,2906615170,2021-01-29,1,0,0,0,0,0,desktop,Web,Sweden,(not set),<Other>,<Other>,0.0,1,1,session_only
9272225039.8708609435,9119684428,2021-01-04,1,0,0,0,0,0,mobile,Web,United States,Illinois,(direct),(none),0.0,1,1,session_only
2370249.9757837167,5248522779,2020-11-07,1,0,0,0,0,0,desktop,Macintosh,United States,Massachusetts,google,organic,0.0,1,1,session_only
43259288.5905790888,2068464747,2020-12-08,1,1,1,1,1,1,desktop,Macintosh,El Salvador,San Salvador Department,(data deleted),(data deleted),0.0,15,6,purchase
5183343.7058547491,984175015,2021-01-22,1,1,1,1,1,1,mobile,Web,Czechia,(not set),google,organic,15.52,35,6,purchase
67297189.0623688352,9387051041,2021-01-11,1,1,1,0,0,0,mobile,Web,United States,Missouri,google,organic,0.0,12,3,add_to_cart
50115000.8941082663,1336746755,2020-11-01,1,1,0,0,0,0,desktop,Web,United States,New York,<Other>,referral,0.0,4,2,view_item
49193571.2085199610,8059800957,2020-12-10,1,0,0,0,0,0,desktop,Windows,United States,California,(direct),(none),0.0,1,1,session_only
6617092.6216763678,1938468825,2020-11-06,1,1,0,0,0,0,mobile,Web,Turkey,Istanbul,(direct),(none),0.0,12,2,view_item
72959035.2192369480,8316035107,2021-01-04,1,1,1,1,1,1,tablet,Web,United Arab Emirates,Abu Dhabi,(direct),(none),41.6,31,6,purchase
74208315.1089315761,4066731213,2020-11-22,1,0,0,0,0,0,mobile,Android,United States,Colorado,(direct),(none),0.0,1,1,session_only
33574078.1131140257,7969225097,2020-12-02,1,0,0,0,0,0,desktop,Macintosh,Indonesia,Jakarta,google,organic,0.0,1,1,session_only
71230332.1496517484,8184437618,2020-11-02,1,0,0,0,0,0,desktop,Web,United States,Ohio,(direct),(none),0.0,1,1,session_only
6614904.3886374828,7649276981,2021-01-07,1,1,0,0,0,0,desktop,Web,United States,California,(direct),(none),0.0,2,2,view_item
6580497.7330526031,2112633615,2021-01-09,1,0,0,0,0,0,desktop,Web,United Kingdom,England,google,organic,0.0,1,1,session_only
6452202.9211478088,8627913105,2020-12-08,1,0,0,0,0,0,desktop,Web,Netherlands,Gelderland,(direct),(none),0.0,1,1,session_only
1674464967.3081069850,6221215429,2020-11-07,1,1,0,1,1,1,mobile,Web,Hungary,Budapest,google,organic,139.2,17,6,purchase
63656791.0876825782,8915717988,2021-01-08,1,0,0,0,0,0,mobile,Web,United States,Washington,google,cpc,0.0,1,1,session_only
39438800.9820606078,1099573437,2020-11-09,1,0,0,0,0,0,mobile,iOS,Greece,Attica,<Other>,referral,0.0,1,1,session_only
3978776.1600036251,8395836459,2020-11-22,1,0,0,0,0,0,desktop,Windows,United States,Colorado,google,organic,0.0,1,1,session_only
47769472.3330201267,8720996470,2020-11-12,1,0,0,0,0,0,desktop,Web,United States,Illinois,<Other>,organic,0.0,1,1,session_only
9202743.5976016729,9703643604,2020-11-27,1,0,0,0,0,0,mobile,Android,United States,Texas,(direct),(none),0.0,1,1,session_only
40088615.0092284038,8562449722,2020-12-20,1,0,0,0,0,0,desktop,Windows,Canada,Quebec,<Other>,<Other>,0.0,1,1,session_only
8474883.1476714634,2841526194,2020-12-02,1,1,1,1,1,1,desktop,Web,France,Nouvelle-Aquitaine,<Other>,referral,41.2,43,6,purchase
8701674.0408327584,5553850809,2020-12-10,1,0,0,0,0,0,mobile,Web,United States,Rhode Island,google,organic,0.0,1,1,session_only
3042770.1403171195,9527531742,2020-12-26,1,0,0,0,0,0,mobile,iOS,Canada,Quebec,(direct),(none),0.0,1,1,session_only
62718773.9007683458,2479483791,2020-11-12,1,0,0,0,0,0,desktop,Windows,Pakistan,Islamabad Capital Territory,(direct),(none),0.0,1,1,session_only
4511811.3990598489,1072828360,2020-11-09,1,1,0,1,1,1,mobile,iOS,United States,Ohio,(data deleted),(data deleted),61.199999999999996,35,6,purchase
3946106406.8781642883,4468525912,2020-12-05,1,1,0,0,0,0,desktop,Windows,United States,Massachusetts,shop.googlemerchandisestore.com,referral,0.0,2,2,view_item
7493652.8210460189,5601689897,2021-01-03,1,0,0,0,0,0,desktop,Windows,United States,Pennsylvania,(direct),(none),0.0,1,1,session_only
76882994.1625710343,8333411026,2020-12-06,1,1,0,0,0,0,desktop,Web,United States,Michigan,(data deleted),(data deleted),0.0,3,2,view_item
1504411.9072188168,8401387304,2020-12-10,1,0,0,0,0,0,desktop,Web,United States,Ohio,(data deleted),(data deleted),0.0,1,1,session_only
1282090.0261030361,5313743377,2021-01-29,1,0,0,0,0,0,mobile,Web,United Kingdom,England,google,organic,0.0,1,1,session_only
10196238.9992199166,6164874514,2021-01-22,1,0,0,0,0,0,mobile,Web,Hungary,Budapest,google,organic,0.0,1,1,session_only
4776816062.3081299097,6477908249,2020-11-02,1,0,0,0,0,0,desktop,Web,Netherlands,South Holland,google,organic,0.0,1,1,session_only
1426415.9104951655,9953153804,2020-11-01,1,0,0,0,0,0,desktop,Web,France,Pays de la Loire,shop.googlemerchandisestore.com,referral,0.0,1,1,session_only
51457099.0051403619,2509113603,2020-11-13,1,1,0,1,1,1,mobile,Web,United States,Nebraska,<Other>,<Other>,54.2,23,6,purchase
65876044.3270043409,1467674607,2021-01-02,1,0,0,0,0,0,mobile,iOS,Hong Kong,(not set),<Other>,referral,0.0,1,1,session_only
4162813.2667450319,321908516,2021-01-28,1,0,0,0,0,0,desktop,Web,United States,Michigan,google,organic,0.0,1,1,session_only
4704620.2847990084,6948300106,2021-01-11,1,1,1,0,0,0,desktop,<Other>,United States,New York,<Other>,referral,0.0,8,3,add_to_cart
58373350.0749161635,6182283552,2020-12-22,1,0,0,0,0,0,mobile,iOS,United States,Kentucky,google,organic,0.0,1,1,session_only
65759805.5853197859,48086934,2020-12-10,1,0,0,0,0,0,desktop,Windows,India,Gujarat,google,organic,0.0,1,1,session_only
50844046.9564028621,7811006272,2021-01-01,1,1,1,1,1,1,mobile,Android,United States,New York,(direct),(none),0.0,41,6,purchase
25789855.2749533896,5851073694,2021-01-22,1,1,0,0,0,0,mobile,iOS,India,Telangana,google,organic,0.0,2,2,view_item
14247269.6402137768,8812067644,2020-12-05,1,0,0,0,0,0,desktop,Windows,Singapore,(not set),google,organic,0.0,1,1,session_only
74795146.0535576826,9855027649,2020-11-15,1,1,0,1,1,1,desktop,Windows,North Macedonia,(not set),shop.googlemerchandisestore.com,referral,46.08,29,6,purchase
49598585.2146262653,3677538566,2020-12-02,1,0,0,0,0,0,mobile,iOS,United States,Texas,shop.googlemerchandisestore.com,referral,0.0,1,1,session_only
1153512.0837624501,1326433926,2020-12-28,1,0,0,0,0,0,desktop,Windows,Mexico,Nuevo Leon,google,organic,0.0,1,1,session_only
52892486.0996965558,3890441083,2020-12-28,1,0,0,0,0,0,desktop,Windows,Belgium,Flanders,<Other>,referral,0.0,1,1,session_only
7812406.4300821145,9198778026,2021-01-11,1,0,0,0,0,0,mobile,Web,India,Punjab,google,organic,0.0,1,1,session_only
74134338.3870312102,6096105964,2020-12-08,1,0,0,0,0,0,desktop,Web,South Korea,Busan,<Other>,<Other>,0.0,1,1,session_only
91287430.3186535333,9495136817,2020-12-30,1,1,0,0,0,0,desktop,Macintosh,United States,New York,<Other>,<Other>,0.0,2,2,view_item
25442088.2410545172,6062200589,2021-01-28,1,0,0,0,0,0,desktop,Web,United States,California,<Other>,organic,0.0,1,1,session_only
74761717.4847088379,4310141911,2020-11-22,1,0,0,0,0,0,mobile,Android,India,Manipur,(direct),(none),0.0,1,1,session_only
32706017.9812352317,6622391862,2020-11-16,1,0,0,0,0,0,desktop,Web,India,Telangana,google,organic,0.0,1,1,session_only
14222235.7111425907,6475781147,2020-12-16,1,0,0,0,0,0,mobile,Web,United States,Kentucky,shop.googlemerchandisestore.com,referral,0.0,1,1,session_only
62895310.7075722537,2386067338,2020-12-06,1,1,0,0,0,0,tablet,Web,Germany,Bavaria,<Other>,<Other>,0.0,2,2,view_item
64981116.6312310267,9676374408,2021-01-10,1,0,0,0,0,0,desktop,Windows,United States,Texas,(data deleted),(data deleted),0.0,1,1,session_only
49625836.6778130197,3212358191,2021-01-14,1,0,0,0,0,0,desktop,Web,Taiwan,Taiwan Province,<Other>,<Other>,0.0,1,1,session_only
4020426.3564371129,2135250093,2020-12-22,1,0,0,0,0,0,mobile,Web,Spain,Andalusia,google,cpc,0.0,1,1,session_only
65515500.1061129943,4023788527,2021-01-22,1,0,0,0,0,0,desktop,Web,Poland,(not set),google,organic,0.0,1,1,session_only
48091005.7189850245,2863110206,2020-12-26,1,1,0,0,0,0,mobile,iOS,India,Maharashtra,(direct),(none),0.0,2,2,view_item
3611901.0550563036,961000000,2021-01-25,1,1,0,0,0,0,desktop,Web,Germany,North Rhine-Westphalia,(direct),(none),0.0,2,2,view_item
63213256.3184186505,9341958475,2021-01-13,1,0,0,0,0,0,mobile,iOS,United States,Florida,<Other>,organic,0.0,1,1,session_only
5240053.0256089240,186704559,2020-12-22,1,1,1,1,1,1,desktop,Web,United Kingdom,England,<Other>,<Other>,0.0,61,6,purchase
6246875.4994390930,320715616,2020-12-06,1,1,1,1,0,0,mobile,iOS,Greece,Decentralized Administration of Macedonia and Thrace,google,organic,0.0,49,4,begin_checkout
58876612.4247804780,366159090,2021-01-17,1,0,0,0,0,0,mobile,Web,United States,Ohio,google,cpc,0.0,1,1,session_only
85823526.8395972401,2477465235,2020-11-21,1,0,0,0,0,0,tablet,iOS,Brazil,State of Ceara,(direct),(none),0.0,1,1,session_only
1930654.3711396771,3987642901,2020-12-29,1,0,0,0,0,0,mobile,iOS,United States,California,<Other>,referral,0.0,1,1,session_only
4141515.9985248683,765502533,2020-12-28,1,1,1,1,1,1,desktop,Web,Netherlands,Gelderland,(direct),(none),0.0,25,6,purchase
4347297.5969479028,2737785112,2020-11-04,1,0,0,0,0,0,mobile,Android,United States,New Jersey,<Other>,<Other>,0.0,1,1,session_only
85882033.9349404008,3137981287,2020-12-27,1,0,0,0,0,0,mobile,iOS,Taiwan,Taipei City,google,organic,0.0,1,1,session_only
6581667.4597032401,6573325277,2021-01-24,1,0,0,0,0,0,desktop,Web,United States,Texas,google,organic,0.0,1,1,session_only
26895990.0786166105,5229525778,2020-11-02,1,0,0,0,0,0,desktop,Web,Canada,British Columbia,(direct),(none),0.0,1,1,session_only
1837393726.0739177387,1124169688,2021-01-30,1,0,0,0,0,0,desktop,Windows,Canada,Quebec,shop.googlemerchandisestore.com,referral,0.0,1,1,session_only
4182033.6968566187,9587706310,2021-01-06,1,0,0,0,0,0,desktop,Web,United States,Texas,(direct),(none),0.0,1,1,session_only
1826002.9812988913,6801520781,2021-01-24,1,0,0,0,0,0,desktop,Web,Canada,Ontario,<Other>,<Other>,0.0,1,1,session_only
8260062.4302579773,9233296883,2020-12-21,1,0,0,0,0,0,mobile,Web,United States,Pennsylvania,google,organic,0.0,1,1,session_only
6009765.1791341989,7985543720,2021-01-05,1,0,0,0,0,0,mobile,Web,Bangladesh,(not set),shop.googlemerchandisestore.com,referral,0.0,1,1,session_only
36851376.1274470943,8324935202,2020-12-29,1,0,0,0,0,0,mobile,Android,United States,Massachusetts,(direct),(none),0.0,1,1,session_only
33039316.1699771240,1513079489,2020-11-07,1,0,0,0,0,0,mobile,Android,United States,California,<Other>,<Other>,0.0,1,1,session_only
2347908.0570676932,1456164160,2021-01-15,1,0,0,0,0,0,mobile,Web,United States,Colorado,(direct),(none),0.0,1,1,session_only
32516287.4995839168,4010603158,2020-12-22,1,0,0,0,0,0,mobile,Web,South Africa,Gauteng,shop.googlemerchandisestore.com,referral,0.0,1,1,session_only
58851768.6608820610,1758851071,2020-11-16,1,0,0,0,0,0,mobile,Web,Spain,Andalusia,(direct),(none),0.0,1,1,session_only
3214571.8489086871,6298797780,2021-01-08,1,0,0,0,0,0,mobile,iOS,Germany,Baden-Wurttemberg,shop.googlemerchandisestore.com,referral,0.0,1,1,session_only
3366463.0661337738,2911538536,2020-12-08,1,1,0,0,0,0,desktop,Macintosh,South Korea,Gyeongsangbuk-do,google,organic,0.0,2,2,view_item
5310680578.3423537674,8524682287,2021-01-03,1,0,0,0,0,0,mobile,Web,Canada,British Columbia,google,organic,0.0,1,1,session_only
1490836.9769608444,6732564256,2020-12-16,1,1,0,1,1,1,desktop,Web,France,Auvergne-Rhone-Alpes,(direct),(none),0.0,15,6,purchase
64487712.6581936596,2753405920,2020-12-21,1,0,0,0,0,0,desktop,Web,Mexico,Mexico City,<Other>,referral,0.0,1,1,session_only
19459728.1503367923,8177413805,2020-12-16,1,0,0,0,0,0,desktop,Web,United States,Tennessee,google,organic,0.0,1,1,session_only
22637964.9869348669,4745057574,2021-01-13,1,0,0,0,0,0,mobile,Android,United States,Maryland,<Other>,<Other>,0.0,1,1,session_only
42598250.9133752247,845255525,2021-01-08,1,0,0,0,0,0,mobile,Android,Mexico,(not set),google,organic,0.0,1,1,session_only
50637961.5984609727,8777470240,2020-11-18,1,1,0,0,0,0,desktop,Windows,United States,New York,(direct),(none),0.0,3,2,view_item
2551300.8505181236,3521855044,2021-01-04,1,1,1,0,0,0,desktop,Web,United States,Texas,google,organic,0.0,5,3,add_to_cart
34484437.3185522527,5017636723,2021-01-07,1,1,0,0,0,0,desktop,Web,United States,Michigan,(data deleted),(data deleted),0.0,3,2,view_item
58489494.4006133983,9504210148,2021-01-16,1,0,0,0,0,0,mobile,Web,United States,New York,<Other>,<Other>,0.0,1,1,session_only
56391164.5729194043,2710498380,2021-01-07,1,0,0,0,0,0,mobile,iOS,United States,Virginia,(direct),(none),0.0,1,1,session_only
89932723.2464563397,9053569732,2021-01-17,1,1,0,0,0,0,desktop,Macintosh,India,Bihar,<Other>,<Other>,0.0,3,2,view_item
2047572.8248836086,4716157328,2021-01-29,1,0,0,0,0,0,mobile,Android,Mexico,Baja California,<Other>,<Other>,0.0,1,1,session_only
25894477.8060319314,4481652526,2020-11-14,1,0,0,0,0,0,desktop,Web,Canada,Ontario,google,organic,0.0,1,1,session_only
26584735.4065057742,9159974335,2021-01-08,1,0,0,0,0,0,desktop,Web,United States,Texas,<Other>,<Other>,0.0,1,1,session_only
6650267.1688942006,3928727891,2020-11-29,1,0,0,0,0,0,mobile,iOS,United States,Pennsylvania,google,organic,0.0,1,1,session_only
6891965.8636507576,7166176862,2020-12-28,1,0,0,0,0,0,desktop,Macintosh,Brazil,State of Sao Paulo,google,organic,0.0,1,1,session_only
7526905.2286612037,8990632053,2020-12-22,1,0,0,0,0,0,mobile,iOS,Canada,Alberta,google,organic,0.0,1,1,session_only
3964138.7855397091,1447184910,2021-01-23,1,0,0,0,0,0,desktop,Macintosh,Guatemala,Guatemala Department,shop.googlemerchandisestore.com,referral,0.0,1,1,session_only
8391665.5753119397,5030535445,2020-11-04,1,1,0,0,0,0,desktop,Web,United States,Illinois,(direct),(none),0.0,7,2,view_item
58999688.9629617824,760537504,2021-01-04,1,0,0,0,0,0,desktop,Windows,France,Provence-Alpes-Cote d'Azur,google,organic,0.0,1,1,session_only
5915678.2184369080,495347361,2021-01-16,1,0,0,0,0,0,mobile,iOS,Taiwan,Taipei City,google,organic,0.0,1,1,session_only
15443851.9076251001,2001390915,2020-12-08,1,1,0,0,0,0,mobile,iOS,United States,Indiana,google,organic,0.0,3,2,view_item
4460855.2840453526,8436670744,2020-11-01,1,0,0,0,0,0,mobile,Web,Canada,Ontario,(direct),(none),0.0,1,1,session_only
84275494.2228487521,5338936174,2020-11-06,1,1,0,1,1,1,mobile,iOS,United States,Minnesota,google,organic,128.48,58,6,purchase
5262836.6232473413,6001644433,2021-01-10,1,0,0,0,0,0,mobile,Web,Canada,Ontario,(direct),(none),0.0,1,1,session_only
5649103.1235825158,2042885105,2020-11-02,1,1,0,1,1,1,mobile,Web,China,Zhejiang,(direct),(none),93.4,8,6,purchase
3216707.9144257019,6393415449,2021-01-07,1,0,0,0,0,0,desktop,Web,United States,California,shop.googlemerchandisestore.com,referral,0.0,1,1,session_only
42745573.5618775080,5939294674,2020-12-08,1,0,0,0,0,0,desktop,Web,India,Maharashtra,google,organic,0.0,1,1,session_only
26808320.8638035005,8107668165,2020-12-22,1,0,0,0,0,0,desktop,Web,India,Gujarat,google,organic,0.0,1,1,session_only
85780409.6091819380,4602201563,2020-12-05,1,0,0,0,0,0,mobile,Web,Canada,Quebec,(direct),(none),0.0,1,1,session_only
5243534.5096980574,2391081988,2021-01-13,0,1,0,0,0,0,desktop,Windows,India,Karnataka,<Other>,referral,0.0,1,2,view_item
29395936.4595749052,8400738167,2020-12-02,1,0,0,0,0,0,desktop,Web,United States,Pennsylvania,google,cpc,0.0,1,1,session_only
6359627.3798772018,5544164943,2021-01-14,1,1,1,1,1,1,mobile,iOS,Canada,Nova Scotia,(data deleted),(data deleted),165.6,22,6,purchase
3055730.7915438788,1029096323,2020-12-25,1,1,1,1,1,1,desktop,Web,United States,Georgia,(direct),(none),0.0,55,6,purchase
22643936.0753393929,1913374900,2020-12-27,1,0,0,0,0,0,mobile,Web,United States,Washington,<Other>,<Other>,0.0,1,1,session_only
3789501637.3538226141,832988717,2021-01-26,1,0,0,0,0,0,desktop,Web,India,Rajasthan,google,organic,0.0,1,1,session_only
71973219.7495236595,9688286669,2021-01-07,1,0,0,0,0,0,mobile,Android,Canada,Quebec,<Other>,<Other>,0.0,1,1,session_only
88839607.3955437015,2266586057,2020-12-21,1,1,1,1,1,1,desktop,Windows,Canada,British Columbia,google,organic,34.08,41,6,purchase
87636524.2334763070,5305101555,2020-12-06,1,0,0,0,0,0,desktop,Web,United States,Texas,google,organic,0.0,1,1,session_only
2265212.4433501976,9770367864,2021-01-28,1,1,1,0,0,0,desktop,Web,Colombia,Bogota,(data deleted),(data deleted),0.0,6,3,add_to_cart
7616012.2569698169,5614993162,2021-01-14,1,0,0,0,0,0,desktop,Web,Switzerland,Zurich,(direct),(none),0.0,1,1,session_only
1267590.8724676746,8849716287,2020-11-08,1,0,0,0,0,0,desktop,Web,United States,New Jersey,<Other>,<Other>,0.0,1,1,session_only
6113051.7308868009,6451817790,2020-12-22,1,0,0,0,0,0,mobile,Web,United States,Pennsylvania,google,organic,0.0,1,1,session_only
40865346.7588861188,2123328397,2020-11-07,1,0,0,0,0,0,desktop,Web,United States,Ohio,(data deleted),(data deleted),0.0,1,1,session_only
27068389.1918268066,3589227510,2021-01-16,1,0,0,0,0,0,desktop,Windows,Sweden,Skane County,(data deleted),(data deleted),0.0,1,1,session_only
8061106.8881414764,6651062554,2020-12-30,1,1,0,0,0,0,mobile,iOS,United States,California,<Other>,<Other>,0.0,5,2,view_item
2624255.1619508419,1300565642,2020-12-02,1,0,0,0,0,0,mobile,Web,Canada,Ontario,google,organic,0.0,1,1,session_only
41803452.7850037461,5773311246,2021-01-05,1,1,1,1,1,1,desktop,Web,United States,Georgia,google,organic,23.4,33,6,purchase
70392535.2376024006,6764002607,2020-12-16,1,0,0,0,0,0,mobile,Web,Canada,British Columbia,(direct),(none),0.0,1,1,session_only
72945233.4092246585,7770298154,2021-01-07,1,0,0,0,0,0,desktop,Web,India,Delhi,google,organic,0.0,1,1,session_only
7034056.8688451262,2388172101,2021-01-15,1,0,0,0,0,0,mobile,Android,Canada,Ontario,<Other>,organic,0.0,1,1,session_only
93904801.6107629224,7239980907,2020-11-21,1,0,0,0,0,0,desktop,Macintosh,Argentina,Buenos Aires Province,google,organic,0.0,1,1,session_only
8272808.9341093858,2104586089,2020-11-02,1,0,0,0,0,0,mobile,iOS,United Kingdom,(not set),google,organic,0.0,1,1,session_only
3018656.0314840274,4040379712,2021-01-06,1,0,0,0,0,0,mobile,Web,Italy,Sicily,google,organic,0.0,1,1,session_only
54352476.0421540218,1241993271,2021-01-26,1,1,0,0,0,0,mobile,iOS,Poland,Lower Silesian Voivodeship,(direct),(none),0.0,2,2,view_item
62438394.7290512004,8060864603,2021-01-01,1,0,0,0,0,0,desktop,Web,France,Centre-Val de Loire,google,cpc,0.0,1,1,session_only
47090184.8666549391,2822022326,2021-01-07,1,0,0,0,0,0,mobile,Web,United States,Indiana,<Other>,<Other>,0.0,1,1,session_only
7129504.7046585734,2432367617,2021-01-06,1,0,0,0,0,0,desktop,Web,United States,Washington,google,organic,0.0,1,1,session_only
28393868.8156112729,516645164,2021-01-21,1,0,0,0,0,0,desktop,Web,United States,California,google,organic,0.0,1,1,session_only
18860373.2827878736,7168315128,2021-01-11,1,0,0,0,0,0,desktop,Web,Canada,Quebec,<Other>,<Other>,0.0,1,1,session_only
1975881.4815499942,3188760286,2020-12-25,1,1,1,0,0,0,mobile,iOS,United States,New Jersey,(direct),(none),0.0,10,3,add_to_cart
46852629.8411771992,6123416594,2021-01-23,1,0,0,0,0,0,mobile,Web,United States,New Hampshire,google,organic,0.0,1,1,session_only
43084392.6309586985,4391991060,2020-12-21,1,1,1,1,1,1,mobile,Web,United States,Arizona,google,organic,40.1,23,6,purchase
17854691.4009383294,9452863017,2020-11-03,1,0,0,0,0,0,desktop,Web,Israel,Center District,(data deleted),(data deleted),0.0,1,1,session_only
5882727.4871483068,1830707777,2020-12-05,1,0,0,0,0,0,desktop,Macintosh,Spain,Catalonia,google,organic,0.0,1,1,session_only
90800981.3315089724,8759393516,2021-01-02,1,1,0,0,0,0,mobile,iOS,Italy,Tuscany,<Other>,organic,0.0,2,2,view_item
44720116.0894206440,5630717381,2020-12-30,1,0,0,0,0,0,desktop,Web,United States,Virginia,(direct),(none),0.0,1,1,session_only
21430865.5342253904,6493247206,2021-01-11,1,0,0,0,0,0,desktop,Web,United States,Virginia,shop.googlemerchandisestore.com,referral,0.0,1,1,session_only
7079437536.3819886100,7048521758,2021-01-29,1,0,0,0,0,0,desktop,Macintosh,Italy,Lombardy,<Other>,referral,0.0,1,1,session_only
22751480.1052006915,7139710488,2021-01-06,1,0,0,0,0,0,mobile,Web,United States,California,(direct),(none),0.0,1,1,session_only
6050929.7941992893,6976827904,2021-01-26,1,0,0,0,0,0,mobile,Web,Taiwan,Taipei City,google,organic,0.0,1,1,session_only
13988359.4351423182,2339039920,2021-01-04,1,0,0,0,0,0,desktop,Web,United States,District of Columbia,(direct),(none),0.0,1,1,session_only
8056708.2654667506,5736782184,2020-12-10,1,1,0,0,0,0,desktop,Windows,United States,Missouri,<Other>,referral,0.0,3,2,view_item
8841617.1921986996,4000476529,2020-12-06,1,1,0,0,0,0,desktop,Web,India,Gujarat,(direct),(none),0.0,2,2,view_item
39411721.4618252171,5653902819,2021-01-22,1,0,0,0,0,0,desktop,Windows,Sweden,Vastra Gotaland County,<Other>,organic,0.0,1,1,session_only
91266801.2614474752,9493439714,2020-12-28,1,1,1,0,0,0,mobile,Web,United States,Minnesota,(direct),(none),0.0,7,3,add_to_cart
33636503.5000871312,6538410608,2021-01-23,1,1,1,1,1,1,desktop,Web,United States,Massachusetts,google,organic,17.5,41,6,purchase
5176901.5596126919,3934611450,2020-12-29,1,0,0,0,0,0,mobile,Web,Poland,Lesser Poland Voivodeship,<Other>,<Other>,0.0,1,1,session_only
5792370189.2296384416,3190734227,2020-11-13,1,0,0,0,0,0,mobile,Android,Tunisia,Tunis,(data deleted),(data deleted),0.0,1,1,session_only
3534587.8599440286,2605081576,2021-01-11,1,0,0,0,0,0,mobile,Android,United States,Florida,shop.googlemerchandisestore.com,referral,0.0,1,1,session_only
91709731.1644791477,2102411147,2020-12-08,1,0,0,0,0,0,mobile,Web,United States,Oregon,google,organic,0.0,1,1,session_only
13488378.1588819963,2373616894,2021-01-08,1,0,0,0,0,0,desktop,Windows,Canada,Alberta,(direct),(none),0.0,1,1,session_only
6321807.7655503425,8815615179,2020-12-20,1,0,0,0,0,0,mobile,Web,Ireland,County Cork,<Other>,referral,0.0,1,1,session_only
9202750.8107633943,4613958460,2020-11-06,1,0,0,0,0,0,desktop,Web,India,Rajasthan,shop.googlemerchandisestore.com,referral,0.0,1,1,session_only
3220020.4635694399,6607604813,2020-12-10,1,0,0,0,0,0,mobile,Android,Russia,(not set),<Other>,<Other>,0.0,1,1,session_only
48701360.7194118020,671193850,2021-01-02,1,0,0,0,0,0,desktop,Web,Ireland,(not set),<Other>,<Other>,0.0,1,1,session_only
2535575.5136994359,1876683793,2021-01-08,1,0,0,0,0,0,desktop,Web,Sweden,Vastra Gotaland County,<Other>,<Other>,0.0,1,1,session_only
87126621.8508579725,9371164480,2021-01-18,1,0,0,0,0,0,desktop,Web,United States,Illinois,<Other>,<Other>,0.0,1,1,session_only
6824463.7591353057,6632753849,2020-12-27,1,0,0,0,0,0,mobile,iOS,United States,Virginia,google,organic,0.0,1,1,session_only
5204413.0237218514,1590886580,2021-01-25,1,0,0,0,0,0,mobile,Web,Brazil,(not set),(data deleted),(data deleted),0.0,1,1,session_only
3761772.9301838755,6168784075,2020-12-26,1,0,0,0,0,0,desktop,Web,Switzerland,(not set),google,organic,0.0,1,1,session_only
36180163.8133238789,6348565495,2021-01-13,1,0,0,0,0,0,mobile,iOS,Poland,Masovian Voivodeship,google,organic,0.0,1,1,session_only
57455466.0402516090,8758495663,2020-11-18,1,0,0,0,0,0,mobile,Web,Poland,Kuyavian-Pomeranian Voivodeship,<Other>,referral,0.0,1,1,session_only
74649489.2293878149,214417173,2021-01-01,1,0,0,0,0,0,desktop,Macintosh,Singapore,(not set),google,organic,0.0,1,1,session_only
89081962.5580181371,5239738758,2021-01-29,1,1,0,1,1,1,tablet,Web,Mexico,(not set),google,organic,0.0,14,6,purchase
1987776229.4036850721,8303348528,2021-01-01,1,0,0,0,0,0,desktop,Web,Brazil,State of Ceara,(direct),(none),0.0,1,1,session_only
17203389.1184836152,1410996368,2021-01-31,1,1,0,0,0,0,desktop,<Other>,Canada,Quebec,<Other>,referral,0.0,3,2,view_item
57322928.3382283252,5022358418,2020-11-06,1,0,0,0,0,0,mobile,Web,Spain,Catalonia,(direct),(none),0.0,1,1,session_only
22302392.2045085732,681412681,2020-11-29,1,1,0,0,0,0,desktop,Web,United States,Illinois,<Other>,referral,0.0,2,2,view_item
71959381.2528523654,681279818,2021-01-29,1,0,0,0,0,0,mobile,Web,United States,California,<Other>,<Other>,0.0,1,1,session_only
5539131237.5492789030,5377768292,2020-11-15,1,1,0,0,0,0,desktop,Web,India,West Bengal,<Other>,<Other>,0.0,2,2,view_item
23999243.8132578148,6345320005,2020-12-27,1,0,0,0,0,0,mobile,iOS,Mexico,Mexico City,google,organic,0.0,1,1,session_only
36983055.3359257891,9903401881,2021-01-02,1,1,1,0,0,0,desktop,Web,United States,(not set),google,organic,0.0,9,3,add_to_cart
58708173.6982212376,796240708,2021-01-21,1,0,0,0,0,0,desktop,Web,Italy,Lombardy,(data deleted),(data deleted),0.0,1,1,session_only
8524853.1490003761,7752912935,2021-01-21,1,0,0,0,0,0,desktop,<Other>,United States,California,(direct),(none),0.0,1,1,session_only
53219536.1306282888,8855799728,2021-01-04,1,0,0,0,0,0,desktop,Macintosh,Canada,Ontario,google,organic,0.0,1,1,session_only
1488111.6664938134,2518413672,2021-01-26,1,1,0,0,0,0,mobile,Web,Mexico,(not set),google,cpc,0.0,3,2,view_item
17884517.9506978419,9695748928,2021-01-23,1,0,0,0,0,0,mobile,iOS,Canada,Ontario,<Other>,organic,0.0,1,1,session_only
15788316.0184641739,4721311641,2020-12-31,1,0,0,0,0,0,mobile,Web,United States,Georgia,google,organic,0.0,1,1,session_only
2606229.1118953196,1140410984,2020-11-09,1,0,0,0,0,0,mobile,Web,Australia,New South Wales,<Other>,<Other>,0.0,1,1,session_only
48935528.9777009156,7254781765,2021-01-07,1,0,0,0,0,0,desktop,Web,Egypt,Cairo Governorate,google,organic,0.0,1,1,session_only
71887902.6884854131,9298656664,2020-12-24,1,1,1,1,1,1,mobile,Web,Canada,Quebec,(data deleted),(data deleted),39.2,17,6,purchase
30566621.1593289063,9561354652,2020-11-01,1,0,0,0,0,0,desktop,Web,France,Ile-de-France,(direct),(none),0.0,1,1,session_only
55944812.0858482103,5735236250,2021-01-28,1,0,0,0,0,0,mobile,Web,Colombia,Bogota,google,cpc,0.0,1,1,session_only
79841346.6759363829,6850007179,2021-01-14,1,0,0,0,0,0,desktop,Web,Chile,Santiago Metropolitan Region,<Other>,organic,0.0,1,1,session_only
89366108.4534303084,5179713084,2020-11-09,1,1,0,0,0,0,desktop,Web,Hong Kong,(not set),<Other>,<Other>,0.0,2,2,view_item
19388075.6152731843,4021180275,2020-11-03,1,1,0,1,1,1,desktop,Windows,United States,Wisconsin,google,organic,0.0,38,6,purchase
7178751.5456285101,5369120205,2020-11-04,1,0,0,0,0,0,desktop,Macintosh,United States,Mississippi,shop.googlemerchandisestore.com,referral,0.0,1,1,session_only
5297432.3920650112,9800431527,2020-11-01,1,0,0,0,0,0,mobile,iOS,United States,California,(direct),(none),0.0,1,1,session_only
69980946.6565413097,8150499163,2021-01-29,1,0,0,0,0,0,mobile,Web,Hong Kong,(not set),google,organic,0.0,1,1,session_only
1775693.2061637855,9050217016,2021-01-05,1,0,0,0,0,0,desktop,Macintosh,United States,Massachusetts,google,cpc,0.0,1,1,session_only
75495973.3442699274,9736472349,2021-01-18,1,1,0,0,0,0,mobile,iOS,United States,California,<Other>,referral,0.0,2,2,view_item
9963542.3978980993,5009549738,2020-12-10,1,1,0,1,1,1,desktop,Web,Slovenia,(not set),(direct),(none),0.0,12,6,purchase
1214790.3075269338,3195440225,2020-12-10,1,1,1,0,0,0,desktop,<Other>,Taiwan,Taipei City,shop.googlemerchandisestore.com,referral,0.0,8,3,add_to_cart
58500160.5108682185,2032273334,2021-01-06,1,0,0,0,0,0,desktop,Windows,Japan,Tokyo,google,organic,0.0,1,1,session_only
21639560.9692600648,1141525679,2021-01-05,1,0,0,0,0,0,mobile,Web,United States,Tennessee,google,organic,0.0,1,1,session_only
24127553.6111225021,6108142864,2021-01-18,1,0,0,0,0,0,mobile,Web,United States,Alabama,shop.googlemerchandisestore.com,referral,0.0,1,1,session_only
79875370.9129397233,2090245714,2021-01-18,1,0,0,0,0,0,desktop,Web,United States,Ohio,google,organic,0.0,1,1,session_only
16792960.6856169915,4829748520,2020-12-10,1,1,1,1,1,1,mobile,Android,United States,Iowa,google,organic,11.2,24,6,purchase
4407506.9556515772,2829017751,2021-01-18,1,0,0,0,0,0,desktop,Windows,United Kingdom,England,google,organic,0.0,1,1,session_only
30986155.2819672189,4386985649,2020-12-16,1,1,1,1,1,1,desktop,Web,United States,Virginia,(direct),(none),71.84,20,6,purchase
5886303.7469155651,245474812,2020-11-22,1,0,0,0,0,0,mobile,iOS,Mexico,Chihuahua,<Other>,<Other>,0.0,1,1,session_only
3752101.3115057163,8478167426,2020-12-25,1,0,0,0,0,0,desktop,Web,Spain,Catalonia,<Other>,referral,0.0,1,1,session_only
48698000.0428014868,2689482795,2020-12-29,1,1,0,0,0,0,desktop,Web,United States,Texas,(data deleted),(data deleted),0.0,4,2,view_item
55404202.1808814068,3863321548,2021-01-18,1,0,0,0,0,0,desktop,Windows,United States,Texas,google,organic,0.0,1,1,session_only
1653421.0423710937,6547008993,2021-01-09,1,0,0,0,0,0,mobile,Web,United States,California,shop.googlemerchandisestore.com,referral,0.0,1,1,session_only
5784269.0074197185,4635556711,2021-01-15,1,0,0,0,0,0,mobile,Web,United States,New York,<Other>,<Other>,0.0,1,1,session_only
68880771.1198685198,6862635430,2021-01-15,1,0,0,0,0,0,desktop,Web,Portugal,Lisbon,(data deleted),(data deleted),0.0,1,1,session_only
70721024.8428954453,6426347579,2020-12-10,1,0,0,0,0,0,desktop,Macintosh,United States,Michigan,<Other>,<Other>,0.0,1,1,session_only
24851443.3743003581,7295962713,2021-01-17,1,0,0,0,0,0,desktop,Macintosh,United States,Massachusetts,shop.googlemerchandisestore.com,referral,0.0,1,1,session_only
9061011.1852415944,5458218083,2021-01-21,1,0,0,0,0,0,desktop,Windows,United States,South Dakota,(direct),(none),0.0,1,1,session_only
46707754.4294585953,4448058944,2020-12-10,1,0,0,0,0,0,mobile,Web,India,Haryana,(direct),(none),0.0,1,1,session_only
2883570.7333715320,9781269461,2020-11-04,1,0,0,0,0,0,mobile,iOS,Czechia,Prague,google,organic,0.0,1,1,session_only
46985943.2511334303,7060141669,2020-12-28,1,0,0,0,0,0,desktop,Windows,United States,California,google,organic,0.0,1,1,session_only
55666112.2535837096,7453581494,2020-11-01,1,0,0,0,0,0,mobile,Web,Iraq,(not set),(direct),(none),0.0,1,1,session_only
70102906.0143542588,1717678418,2020-11-29,1,0,0,0,0,0,desktop,Windows,India,Maharashtra,(direct),(none),0.0,1,1,session_only
4670169.8773720008,811076913,2020-12-20,1,0,0,0,0,0,mobile,Web,United States,New Jersey,google,organic,0.0,1,1,session_only
8086948.1354933724,4941403447,2020-12-08,1,1,1,1,1,1,mobile,Web,Italy,Lombardy,<Other>,referral,0.0,53,6,purchase
5261870.3737997180,6551200844,2020-11-18,1,0,0,0,0,0,desktop,Web,United States,California,(direct),(none),0.0,1,1,session_only
3298579.2098894898,2560245584,2020-12-29,1,0,0,0,0,0,mobile,Web,United States,California,(data deleted),(data deleted),0.0,1,1,session_only
50714093.2677973479,8531656552,2021-01-18,1,0,0,0,0,0,desktop,Web,Norway,(not set),google,cpc,0.0,1,1,session_only
8692122.4279808307,6507840418,2020-12-21,1,0,0,0,0,0,desktop,Web,Sri Lanka,Western Province,<Other>,<Other>,0.0,1,1,session_only
55780091.6335946320,7432233339,2020-12-13,1,0,0,0,0,0,mobile,Web,Netherlands,Limburg,google,organic,0.0,1,1,session_only
1266587.7865555423,8784231184,2020-12-08,1,0,0,0,0,0,desktop,Web,China,(not set),<Other>,<Other>,0.0,1,1,session_only
27745252.9292415974,3683377992,2020-12-24,1,1,0,0,0,0,desktop,Web,Switzerland,Zurich,google,organic,0.0,3,2,view_item
6397464.2331037343,7092764385,2020-12-26,1,0,0,0,0,0,desktop,Windows,United Arab Emirates,Dubai,google,organic,0.0,1,1,session_only
29458899.5170902493,7729413252,2020-11-13,1,0,0,0,0,0,mobile,iOS,India,Madhya Pradesh,google,organic,0.0,1,1,session_only
40616652.4739592667,3594314174,2020-11-21,1,0,0,0,0,0,mobile,iOS,United States,Wisconsin,google,organic,0.0,1,1,session_only
6566215.4121981446,2494441842,2020-11-12,1,0,0,0,0,0,desktop,Web,United States,Nebraska,google,organic,0.0,1,1,session_only
94682341.7441212008,5124680963,2020-11-12,1,0,0,0,0,0,mobile,Web,India,Karnataka,(data deleted),(data deleted),0.0,1,1,session_only
14967430.5313011300,7587775919,2020-11-06,1,0,0,0,0,0,mobile,Android,South Korea,Seoul,<Other>,referral,0.0,1,1,session_only
57778318.7962282170,1636625442,2020-12-21,1,0,0,0,0,0,mobile,Android,United States,Ohio,shop.googlemerchandisestore.com,referral,0.0,1,1,session_only
32315141.7266068238,6675823828,2020-11-06,1,1,0,1,1,1,desktop,Windows,Netherlands,South Holland,google,organic,0.0,6,6,purchase
83100138.3799262840,5732328102,2021-01-31,1,0,0,0,0,0,mobile,Web,Japan,Osaka,shop.googlemerchandisestore.com,referral,0.0,1,1,session_only
33047153.9046908033,3936348060,2020-11-22,1,0,0,0,0,0,mobile,Android,Canada,Quebec,google,organic,0.0,1,1,session_only
6981352.2309637945,7755323168,2021-01-13,1,1,0,0,0,0,desktop,Macintosh,India,Uttar Pradesh,google,organic,0.0,24,2,view_item
52201210.1647250368,1204595944,2020-11-03,1,0,0,0,0,0,mobile,Android,Peru,(not set),<Other>,referral,0.0,1,1,session_only
11181591.0469733786,7253124761,2021-01-05,1,0,0,0,0,0,mobile,Android,India,Gujarat,(direct),(none),0.0,1,1,session_only
6237811616.8894173701,6170853598,2021-01-15,1,0,0,0,0,0,desktop,Web,Canada,Ontario,<Other>,referral,0.0,1,1,session_only
44277092.4520157606,9434785703,2020-12-02,1,0,0,0,0,0,desktop,Web,United States,California,<Other>,<Other>,0.0,1,1,session_only
4336280798.8248772972,5333352074,2020-11-15,1,0,0,0,0,0,mobile,Android,United States,West Virginia,(direct),(none),0.0,1,1,session_only
2561472.2226600808,8700470353,2020-12-02,1,0,0,0,0,0,mobile,iOS,Netherlands,South Holland,(data deleted),(data deleted),0.0,1,1,session_only
4825656.0074161150,5791193784,2020-12-21,1,0,0,0,0,0,desktop,Web,United States,Florida,(direct),(none),0.0,1,1,session_only
30541308.2760609375,9565136006,2021-01-06,1,0,0,0,0,0,mobile,Web,India,Maharashtra,google,organic,0.0,1,1,session_only
25464113.3315291123,347173925,2020-12-08,1,0,0,0,0,0,mobile,Android,United States,Florida,(direct),(none),0.0,1,1,session_only
2879559328.6114740318,7227535895,2020-12-08,1,1,1,1,1,1,desktop,Web,Australia,Victoria,<Other>,<Other>,16.24,8,6,purchase
8980733.8952154570,1475971793,2020-11-15,1,0,0,0,0,0,mobile,iOS,Turkey,Konya,<Other>,organic,0.0,1,1,session_only
1931568219.5527710359,5852191355,2020-12-31,1,0,0,0,0,0,mobile,Web,Canada,Alberta,<Other>,<Other>,0.0,1,1,session_only
49887811.4908720787,1980407732,2020-11-12,1,0,0,0,0,0,mobile,Web,Spain,Catalonia,google,organic,0.0,1,1,session_only
9028176.3711232293,4519555569,2021-01-26,1,0,0,0,0,0,desktop,Windows,India,Chandigarh,(direct),(none),0.0,1,1,session_only
5552043.4957176134,8239842823,2020-12-24,1,0,0,0,0,0,desktop,Windows,United States,Florida,google,organic,0.0,1,1,session_only
47754543.7721988758,6742520050,2021-01-07,1,0,0,0,0,0,mobile,Web,Italy,Veneto,google,cpc,0.0,1,1,session_only
1466265.6302815794,3237531228,2021-01-10,1,0,0,0,0,0,mobile,Web,United States,New York,<Other>,referral,0.0,1,1,session_only
20821693.2713119333,2678170978,2020-11-18,1,1,0,0,0,0,desktop,Web,United States,California,(direct),(none),0.0,2,2,view_item
61176522.5893511623,5212570325,2021-01-28,1,1,1,0,0,0,desktop,<Other>,United States,Texas,(direct),(none),0.0,3,3,add_to_cart
6246699.6737460552,5059769910,2020-11-02,1,1,0,0,0,0,desktop,Macintosh,United States,Tennessee,<Other>,<Other>,0.0,3,2,view_item
7082829.5647924228,6180919816,2021-01-24,1,0,0,0,0,0,desktop,Web,Italy,Veneto,(direct),(none),0.0,1,1,session_only
62302963.4129242842,8217703082,2020-11-02,1,1,0,1,0,0,desktop,Web,United States,Arizona,<Other>,<Other>,0.0,61,4,begin_checkout
3854274.5941422870,178164443,2021-01-21,1,0,0,0,0,0,desktop,Web,United States,New Jersey,shop.googlemerchandisestore.com,referral,0.0,1,1,session_only
19492128.7016911946,339128818,2021-01-05,1,1,1,1,1,1,mobile,Web,United States,California,google,cpc,26.4,41,6,purchase
67079299.8220001629,2479702469,2020-12-25,1,0,0,0,0,0,mobile,Android,United Kingdom,England,google,organic,0.0,1,1,session_only
10438447.7702113029,3039784879,2020-12-02,1,0,0,0,0,0,mobile,Android,Finland,Uusimaa,<Other>,organic,0.0,1,1,session_only
53406211.8724008214,2249614914,2020-12-16,1,1,1,1,1,1,desktop,Web,United States,Minnesota,(data deleted),(data deleted),0.0,14,6,purchase
90564308.6633446978,3307104183,2021-01-13,1,0,0,0,0,0,mobile,Web,Italy,Veneto,(direct),(none),0.0,1,1,session_only
22626490.1144906377,4692169681,2020-12-16,1,1,1,1,1,1,desktop,Windows,Sweden,Stockholm County,<Other>,referral,84.8,13,6,purchase
99802579.6374303731,9980669964,2020-12-31,1,0,0,0,0,0,desktop,Web,United States,Virginia,google,organic,0.0,1,1,session_only
57594568.4505211770,9825464982,2020-12-13,1,0,0,0,0,0,mobile,iOS,United States,California,<Other>,referral,0.0,1,1,session_only
4478783.6798163303,2354232694,2021-01-31,1,0,0,0,0,0,desktop,Web,United States,Massachusetts,<Other>,<Other>,0.0,1,1,session_only
57935108.0245574648,8286523416,2020-11-29,1,0,0,0,0,0,desktop,Windows,Qatar,Doha,google,organic,0.0,1,1,session_only
30003483.5017110704,8886079509,2021-01-18,1,1,0,0,0,0,desktop,Windows,Spain,Catalonia,google,organic,0.0,2,2,view_item
62588934.6119429241,6665122748,2020-11-03,1,0,0,0,0,0,mobile,iOS,United States,Illinois,(direct),(none),0.0,1,1,session_only
79361739.7045856930,2191716210,2021-01-28,1,0,0,0,0,0,desktop,Web,Australia,South Australia,(direct),(none),0.0,1,1,session_only
39565921.9911103102,740477637,2020-12-13,1,0,0,0,0,0,mobile,Web,United States,Maryland,<Other>,<Other>,0.0,1,1,session_only
72170617.5348201895,6811433891,2021-01-23,1,0,0,0,0,0,desktop,<Other>,Singapore,(not set),(direct),(none),0.0,1,1,session_only
34780253.9798689553,3185777450,2020-11-13,1,1,0,0,0,0,tablet,Web,China,Jiangsu,<Other>,<Other>,0.0,2,2,view_item
80310775.9093860949,4568743360,2021-01-24,1,1,0,0,0,0,desktop,Web,United States,Texas,google,organic,0.0,4,2,view_item
4205366.2704658968,8542485948,2021-01-23,0,1,0,1,1,1,desktop,Windows,Indonesia,West Java,(data deleted),(data deleted),32.8,13,6,purchase
1126130.7325586936,6300906229,2020-11-13,1,0,0,0,0,0,desktop,Macintosh,Russia,(not set),<Other>,<Other>,0.0,1,1,session_only
78631807.7396893364,9329522525,2020-11-21,1,0,0,0,0,0,desktop,Macintosh,Sweden,Stockholm County,<Other>,referral,0.0,1,1,session_only
1243149.6720480781,8316266130,2020-11-12,1,0,0,0,0,0,desktop,Web,Germany,Baden-Wurttemberg,google,organic,0.0,1,1,session_only
21068397.0105182111,9177810198,2021-01-04,1,0,0,0,0,0,desktop,<Other>,Peru,(not set),google,organic,0.0,1,1,session_only
32319121.1758384655,2282628225,2020-11-16,1,0,0,0,0,0,tablet,Android,Saudi Arabia,Riyadh Province,<Other>,<Other>,0.0,1,1,session_only
2863259.0283743246,6027658266,2020-12-24,1,0,0,0,0,0,mobile,Web,South Korea,Seoul,google,organic,0.0,1,1,session_only
2195082.9958621017,5090328964,2021-01-13,1,0,0,0,0,0,desktop,Windows,Spain,Catalonia,google,organic,0.0,1,1,session_only
48568013.6801171570,5686285615,2021-01-23,1,0,0,1,1,1,mobile,Web,United States,Virginia,(direct),(none),0.0,5,6,purchase
20497226.2811476558,7423133109,2021-01-23,1,0,0,0,0,0,desktop,Web,Canada,Ontario,google,cpc,0.0,1,1,session_only
47271140.9873838643,463795953,2021-01-11,1,0,0,0,0,0,desktop,Web,Sweden,Stockholm County,(direct),(none),0.0,1,1,session_only
8320615.0367100334,9795339157,2020-12-08,1,0,0,0,0,0,desktop,Macintosh,United States,Kansas,(direct),(none),0.0,1,1,session_only
66016088.5772685359,5956657430,2021-01-02,1,0,0,0,0,0,desktop,Macintosh,Canada,(not set),<Other>,referral,0.0,1,1,session_only
58086812.0244531446,1383696054,2020-11-06,1,0,0,0,0,0,mobile,iOS,Indonesia,East Java,google,organic,0.0,1,1,session_only
4132435.3832724004,4712173541,2021-01-04,1,0,0,0,0,0,desktop,Windows,United States,Kansas,google,organic,0.0,1,1,session_only
49641358.0457760186,3546379887,2020-12-21,1,1,0,0,0,0,desktop,Web,United States,California,google,organic,0.0,3,2,view_item
54810326.8374934330,5153627013,2020-11-21,1,1,0,0,0,0,mobile,Android,Indonesia,Jakarta,google,cpc,0.0,4,2,view_item
4420210.7838872186,7869781603,2020-12-20,1,0,0,0,0,0,mobile,Web,United States,Virginia,google,organic,0.0,1,1,session_only
25482599.2546661074,5225492476,2020-12-24,1,0,0,0,0,0,mobile,iOS,United States,Virginia,(direct),(none),0.0,1,1,session_only
5113443.5387152232,8916613663,2020-11-08,1,1,0,1,1,1,desktop,Web,United States,California,shop.googlemerchandisestore.com,referral,717.6,22,6,purchase
1122744.3432620870,3235006674,2020-12-26,1,0,0,0,0,0,desktop,Web,Belgium,Wallonia,<Other>,<Other>,0.0,1,1,session_only
6996347.6028154786,34347256,2020-12-02,1,0,0,0,0,0,desktop,Web,China,Fujian,google,organic,0.0,1,1,session_only
74272956.2285290992,3689848954,2021-01-25,1,1,0,0,0,0,desktop,Macintosh,Hong Kong,(not set),<Other>,<Other>,0.0,2,2,view_item
5497273.8738846974,1597140924,2021-01-16,1,0,0,0,0,0,desktop,Web,Colombia,(not set),(direct),(none),0.0,1,1,session_only
8510951.8878547851,7020991835,2021-01-08,1,0,0,0,0,0,mobile,Web,United States,North Carolina,google,organic,0.0,1,1,session_only
53619640.9738304361,656938376,2020-12-13,1,0,0,0,0,0,mobile,iOS,United Kingdom,England,google,organic,0.0,1,1,session_only
41543084.0742308094,4031212628,2020-11-22,1,1,0,0,0,0,desktop,Web,Indonesia,Banten,(direct),(none),0.0,3,2,view_item
5761479.8621511616,751421414,2021-01-26,1,0,0,0,0,0,mobile,iOS,Japan,Tokyo,<Other>,<Other>,0.0,1,1,session_only
58856438.7940227822,8914409252,2020-11-02,1,1,0,0,0,0,mobile,Android,United States,Florida,google,organic,0.0,3,2,view_item
4615038.2149388262,2805639909,2020-12-24,1,0,0,0,0,0,desktop,Web,United States,Connecticut,(direct),(none),0.0,1,1,session_only
73779937.3037228351,1269933709,2020-11-15,1,0,0,0,0,0,tablet,iOS,United States,Texas,google,organic,0.0,1,1,session_only
91633620.4100272841,1331211152,2021-01-21,1,1,0,0,0,0,desktop,Macintosh,United States,Virginia,<Other>,<Other>,0.0,2,2,view_item
8529945.0929125445,5314411985,2020-11-01,1,0,0,0,0,0,mobile,Web,Italy,Marche,google,cpc,0.0,1,1,session_only
4867600.1250955521,4176578951,2020-12-02,1,0,0,0,0,0,mobile,Android,United States,New Jersey,(direct),(none),0.0,1,1,session_only
6932537.4966102336,7172601608,2021-01-29,1,1,0,0,0,0,desktop,Macintosh,United States,Tennessee,shop.googlemerchandisestore.com,referral,0.0,3,2,view_item
76465163.7595342560,7948619822,2021-01-07,1,0,0,0,0,0,desktop,<Other>,Canada,British Columbia,google,organic,0.0,1,1,session_only
12077180.4036239466,9680179715,2020-12-29,1,0,0,0,0,0,desktop,Windows,India,Delhi,<Other>,<Other>,0.0,1,1,session_only
43204139.2810719032,8795259092,2021-01-11,1,1,1,1,1,1,desktop,Windows,India,Manipur,google,cpc,99.2,34,6,purchase
7277632.0776332783,5271074623,2021-01-01,1,0,0,0,0,0,mobile,Android,Taiwan,Taipei City,(data deleted),(data deleted),0.0,1,1,session_only
5399374.9203361593,3257277707,2021-01-08,1,0,0,0,0,0,mobile,iOS,United States,Louisiana,google,organic,0.0,1,1,session_only
8136897.0752305893,6486075905,2020-11-29,1,0,0,0,0,0,desktop,Windows,United Arab Emirates,Dubai,shop.googlemerchandisestore.com,referral,0.0,1,1,session_only
62110575.0256908983,7538026266,2021-01-06,1,0,0,0,0,0,tablet,Web,United States,Virginia,<Other>,<Other>,0.0,1,1,session_only
45775121.8783429708,849731111,2021-01-14,1,0,0,0,0,0,mobile,Web,Canada,Ontario,google,organic,0.0,1,1,session_only
91193682.6817523109,1713010723,2021-01-02,1,0,0,0,0,0,desktop,Web,India,Maharashtra,<Other>,referral,0.0,1,1,session_only
56085900.2230502408,7476870592,2020-12-08,1,0,0,0,0,0,desktop,Web,Japan,Tokyo,google,organic,0.0,1,1,session_only
25831561.6830353320,1955349646,2020-12-06,1,1,1,1,1,1,mobile,Android,United States,Illinois,(direct),(none),0.0,16,6,purchase
91653047.7686660688,9613332930,2021-01-06,1,0,0,0,0,0,mobile,Android,Canada,Ontario,google,organic,0.0,1,1,session_only
7424243.7359907089,8642953419,2020-11-12,1,1,0,0,0,0,desktop,Web,United States,Virginia,google,cpc,0.0,2,2,view_item
6891503.8439387414,3757861886,2020-11-22,1,1,0,0,0,0,mobile,iOS,Austria,Vienna,(direct),(none),0.0,3,2,view_item
81862721.9072299466,9664231697,2021-01-23,1,0,0,0,0,0,mobile,iOS,United States,Minnesota,google,cpc,0.0,1,1,session_only
57516363.5758729134,5922810499,2020-11-14,1,1,0,1,1,1,mobile,Web,France,Ile-de-France,(direct),(none),34.08,19,6,purchase
46574324.9683380755,747643257,2021-01-04,1,1,0,1,1,1,desktop,Web,India,Delhi,<Other>,referral,44.8,23,6,purchase
6488582.8788491425,5715943283,2020-12-27,1,1,0,0,0,0,mobile,Web,China,Guizhou,google,organic,0.0,7,2,view_item
6940683.7204068181,3882188772,2020-12-02,1,0,0,0,0,0,desktop,Windows,United States,New York,(direct),(none),0.0,1,1,session_only
782713646.5473104169,8666312592,2020-12-16,1,0,0,0,0,0,desktop,Web,Canada,British Columbia,(direct),(none),0.0,1,1,session_only
60629868.1975083731,5160492504,2020-11-13,1,0,0,0,0,0,desktop,Web,India,Tamil Nadu,(direct),(none),0.0,1,1,session_only
8658865.2771864075,1058852225,2021-01-30,1,0,0,0,0,0,desktop,Macintosh,United States,New York,(data deleted),(data deleted),0.0,1,1,session_only
4492665.4569013002,2855176178,2020-11-14,1,0,0,0,0,0,desktop,Web,India,Andhra Pradesh,google,organic,0.0,1,1,session_only
18514370.6991248857,2521013308,2021-01-18,1,0,0,0,0,0,mobile,iOS,United States,Ohio,(direct),(none),0.0,1,1,session_only
7214546.8267433056,6418647117,2020-11-18,1,0,0,0,0,0,desktop,Windows,Switzerland,(not set),google,organic,0.0,1,1,session_only
3774798.5339854049,6731509342,2021-01-03,1,1,0,0,0,0,mobile,Web,Malaysia,Federal Territory of Kuala Lumpur,google,organic,0.0,2,2,view_item
5515952.9600824727,9755882411,2020-12-08,1,0,0,0,0,0,mobile,Web,Philippines,Metro Manila,google,organic,0.0,1,1,session_only
95684227.1849974508,8620799315,2021-01-22,1,1,0,0,0,0,desktop,Web,United States,Florida,(direct),(none),0.0,2,2,view_item
4167571.2091260546,375815121,2021-01-29,1,0,0,0,0,0,mobile,Web,India,Rajasthan,<Other>,organic,0.0,1,1,session_only
5041932.8822975003,5623991422,2021-01-06,1,0,0,0,0,0,desktop,Windows,United States,Virginia,(direct),(none),0.0,1,1,session_only
76178412.4254815117,4019215887,2020-12-24,1,1,0,0,0,0,tablet,iOS,United States,Ohio,google,organic,0.0,2,2,view_item
34328798.3194067122,8772305787,2020-12-02,1,0,0,0,0,0,mobile,Web,Tunisia,Tunis,google,organic,0.0,1,1,session_only
5131865.1461379673,6930123101,2021-01-17,1,0,0,0,0,0,desktop,Web,Taiwan,Kaohsiung City,(direct),(none),0.0,1,1,session_only
59449438.0660335174,2312639193,2021-01-23,1,0,0,0,0,0,mobile,Web,Pakistan,Sindh,(direct),(none),0.0,1,1,session_only
8332712.9938970784,8696515612,2020-12-30,1,0,0,0,0,0,desktop,Web,United States,Connecticut,google,cpc,0.0,1,1,session_only
7644155580.3915602822,4867007684,2020-11-03,1,1,0,0,0,0,mobile,Web,Canada,Quebec,(direct),(none),0.0,2,2,view_item
3992926.4194009635,3450603708,2020-11-27,1,0,0,0,0,0,desktop,Windows,United States,New York,<Other>,referral,0.0,1,1,session_only
8519819002.6463067215,5608130937,2021-01-06,1,0,0,0,0,0,desktop,Macintosh,Romania,Bucharest,(direct),(none),0.0,1,1,session_only
4093557.7608077562,2098906983,2021-01-25,1,1,0,0,0,0,desktop,Macintosh,India,Delhi,<Other>,<Other>,0.0,8,2,view_item
7161321.5244397321,3709443582,2020-11-03,1,0,0,0,0,0,desktop,Macintosh,United Kingdom,England,<Other>,referral,0.0,1,1,session_only
8302736.2818582408,9569417656,2021-01-24,1,0,0,0,0,0,mobile,Web,France,Normandy,google,cpc,0.0,1,1,session_only
91222572.4746313056,2963295593,2020-11-22,1,0,0,0,0,0,mobile,iOS,Ukraine,Kyiv city,(direct),(none),0.0,1,1,session_only
80436158.9781257034,8215407129,2020-12-10,1,0,0,0,0,0,desktop,Web,United States,Virginia,google,organic,0.0,1,1,session_only
71343540.8907266141,9622574679,2020-12-02,1,1,1,1,0,0,mobile,Android,Germany,Berlin,google,organic,0.0,51,4,begin_checkout
1894733.4475939447,9494068224,2021-01-07,1,0,0,0,0,0,mobile,Web,United States,Texas,<Other>,<Other>,0.0,1,1,session_only
7610318.5393914183,309844104,2020-12-06,1,1,0,0,0,0,desktop,Windows,United States,New York,(direct),(none),0.0,2,2,view_item
70604925.6293960479,3611467460,2020-11-03,1,0,0,0,0,0,mobile,Web,Switzerland,Zurich,google,organic,0.0,1,1,session_only
4659656.9581147203,8457530302,2021-01-21,1,0,0,0,0,0,mobile,Web,United Kingdom,England,google,organic,0.0,1,1,session_only
90821950.9440820152,2963543831,2020-11-02,1,0,0,0,0,0,mobile,Web,United States,Illinois,google,organic,0.0,1,1,session_only
24686599.9429360919,6877485475,2020-11-03,1,0,0,0,0,0,mobile,Android,Finland,Uusimaa,<Other>,<Other>,0.0,1,1,session_only
6757405.6320413367,7124923194,2020-12-26,1,0,0,0,0,0,mobile,Web,Myanmar (Burma),Yangon Region,(direct),(none),0.0,1,1,session_only
2986602.0842373425,617787097,2021-01-10,1,0,0,0,0,0,desktop,Web,United States,Pennsylvania,(data deleted),(data deleted),0.0,1,1,session_only
6507726.8917893919,9995254576,2020-12-21,1,1,1,1,1,1,mobile,Web,United States,New York,google,organic,0.0,13,6,purchase
56243872.7829070633,479059336,2021-01-21,1,0,0,0,0,0,desktop,Web,South Korea,Seoul,google,organic,0.0,1,1,session_only
8048266.9382333021,9126852636,2020-11-12,1,0,0,0,0,0,desktop,Web,United States,Texas,<Other>,<Other>,0.0,1,1,session_only
7360003.2725074367,5098243429,2020-12-27,1,0,0,0,0,0,desktop,Web,China,(not set),<Other>,<Other>,0.0,1,1,session_only
23184064.5570293088,6215832089,2021-01-02,1,0,0,0,0,0,desktop,Macintosh,France,Ile-de-France,google,organic,0.0,1,1,session_only
35952378.3525334403,1294465007,2021-01-14,1,0,0,0,0,0,desktop,Web,United States,California,google,organic,0.0,1,1,session_only
4292624.2140702724,8671180296,2020-12-25,1,0,0,0,0,0,mobile,iOS,United States,Virginia,(direct),(none),0.0,1,1,session_only
55765618.8508813591,6229832428,2021-01-29,1,1,0,0,0,0,desktop,Web,Singapore,(not set),google,organic,0.0,2,2,view_item
81842590.3577131570,2857056367,2020-11-22,1,1,0,1,1,1,mobile,iOS,Turkey,Istanbul,google,organic,35.2,6,6,purchase
32776943.4175054199,9009877299,2021-01-22,1,1,1,0,0,0,mobile,Web,United States,Tennessee,<Other>,referral,0.0,3,3,add_to_cart
8615072.6619063078,6094869293,2020-11-12,1,0,0,0,0,0,mobile,Web,India,Delhi,shop.googlemerchandisestore.com,referral,0.0,1,1,session_only
8848199.5572684398,5995599993,2020-11-18,1,0,0,0,0,0,desktop,Windows,Canada,Ontario,google,organic,0.0,1,1,session_only
69901093.6643549506,9539433610,2020-11-22,1,1,0,0,0,0,desktop,Web,Switzerland,Zurich,(direct),(none),0.0,2,2,view_item
85022617.6226377578,869289729,2021-01-31,1,1,0,0,0,0,desktop,Macintosh,United States,Washington,(data deleted),(data deleted),0.0,2,2,view_item
16037799.9054876992,1137074660,2020-12-13,1,0,0,0,0,0,desktop,Macintosh,United States,Texas,(data deleted),(data deleted),0.0,1,1,session_only
8091790.0539397972,8638158052,2020-12-06,1,0,0,0,0,0,desktop,Web,Ireland,County Dublin,google,organic,0.0,1,1,session_only
84331524.6573082374,6717523334,2021-01-08,1,0,0,0,0,0,desktop,Windows,United States,California,<Other>,referral,0.0,1,1,session_only
92023645.3802567238,6103100136,2021-01-10,1,0,0,0,0,0,mobile,Web,United States,California,(direct),(none),0.0,1,1,session_only
1612895.6126358780,2863361422,2020-12-02,1,0,0,0,0,0,desktop,Macintosh,United States,Pennsylvania,google,cpc,0.0,1,1,session_only
7005788.8261064231,8241617913,2021-01-16,1,0,0,0,0,0,tablet,Web,Belgium,Flanders,google,organic,0.0,1,1,session_only
6461722.3655859290,6835371706,2020-11-18,1,0,0,0,0,0,mobile,iOS,Portugal,Lisbon,<Other>,<Other>,0.0,1,1,session_only
4270447.9586447826,3918541516,2020-12-10,1,0,0,0,0,0,mobile,Web,Vietnam,Hanoi,(direct),(none),0.0,1,1,session_only
23481354.1700350174,2878931796,2020-11-01,1,0,0,0,0,0,mobile,iOS,United States,New York,(direct),(none),0.0,1,1,session_only
1816410.8221280025,9680363993,2020-12-22,1,1,0,0,0,0,mobile,Web,Canada,Quebec,(direct),(none),0.0,5,2,view_item
82815835.1972070631,6443098536,2021-01-23,1,1,0,0,0,0,mobile,Android,Canada,Ontario,<Other>,<Other>,0.0,2,2,view_item
2750001.1537971535,5156326133,2020-12-06,1,0,0,0,0,0,mobile,Web,United States,California,<Other>,organic,0.0,1,1,session_only
50426635.1952005936,2479243802,2020-12-08,1,0,0,0,0,0,mobile,Web,France,Ile-de-France,google,organic,0.0,1,1,session_only
34618547.3297655232,2963517003,2020-12-05,1,1,1,1,1,1,desktop,Web,Germany,Baden-Wurttemberg,(direct),(none),0.0,14,6,purchase
3474750.7079620587,6273469112,2020-12-16,1,1,0,0,0,0,mobile,iOS,Mexico,State of Mexico,google,organic,0.0,2,2,view_item
4199589.6327136491,6162679757,2020-12-06,1,1,0,0,0,0,desktop,Web,United States,California,(data deleted),(data deleted),0.0,4,2,view_item
2383718.5659322335,819420726,2020-12-08,1,0,0,0,0,0,desktop,Web,Japan,(not set),(direct),(none),0.0,1,1,session_only
56010660.0104477807,7019911819,2020-11-29,1,1,1,1,1,1,desktop,Windows,Germany,Hessen,(direct),(none),0.0,6,6,purchase
37121326.7508657153,912447215,2020-12-08,1,0,0,0,0,0,desktop,Web,United States,New York,<Other>,referral,0.0,1,1,session_only
1416045.6802365953,162211684,2020-12-05,1,0,0,0,0,0,desktop,Web,United States,Texas,google,organic,0.0,1,1,session_only
70980964.6097396067,7545694572,2020-11-16,1,0,0,0,0,0,desktop,Web,United States,California,(direct),(none),0.0,1,1,session_only
29493896.9410233348,9023895683,2020-12-28,1,0,0,0,0,0,desktop,Web,India,Bihar,google,organic,0.0,1,1,session_only
6155549.0401851812,763954150,2020-12-08,1,0,0,0,0,0,mobile,iOS,Canada,Quebec,google,organic,0.0,1,1,session_only
43706693.5232903343,7280186701,2020-11-21,1,0,0,0,0,0,desktop,Web,Netherlands,Flevoland,(direct),(none),0.0,1,1,session_only
5214383.1066130994,8029827868,2021-01-29,1,1,0,0,0,0,desktop,Web,United States,Illinois,<Other>,<Other>,0.0,2,2,view_item
22015868.3513651710,8233174027,2020-11-15,1,0,0,0,0,0,mobile,Web,Mexico,Jalisco,(direct),(none),0.0,1,1,session_only
2074581.6557608452,6992974465,2020-12-27,1,0,0,0,0,0,desktop,Web,Hungary,Budapest,(direct),(none),0.0,1,1,session_only
8992841738.8945185036,7117092543,2020-12-25,1,1,0,0,0,0,desktop,Windows,Russia,(not set),(direct),(none),0.0,2,2,view_item
6302942.6999790402,1929363476,2021-01-21,1,1,0,0,0,0,desktop,Web,United States,Florida,<Other>,<Other>,0.0,2,2,view_item
2479425.7455743127,8148462337,2021-01-21,1,1,0,0,0,0,desktop,Web,United States,Illinois,(data deleted),(data deleted),0.0,3,2,view_item
5600119.7816601271,6042405183,2020-11-18,1,0,0,0,0,0,desktop,Web,Austria,Vienna,<Other>,<Other>,0.0,1,1,session_only
27103753.7350246520,6102715301,2020-12-30,1,0,0,0,0,0,mobile,Android,United States,Florida,<Other>,referral,0.0,1,1,session_only
2477246.0534518173,5340747360,2021-01-30,1,0,0,0,0,0,desktop,Windows,Poland,Lower Silesian Voivodeship,google,organic,0.0,1,1,session_only
6713776.0060244362,2952885940,2021-01-06,1,0,0,0,0,0,mobile,Web,Turkey,Istanbul,(direct),(none),0.0,1,1,session_only
88029293.3223159337,3577377180,2021-01-29,1,0,0,0,0,0,mobile,Web,China,Guangdong Province,<Other>,referral,0.0,1,1,session_only
85542996.6000405267,4516602484,2020-11-15,1,0,0,0,0,0,mobile,Web,United States,Massachusetts,(direct),(none),0.0,1,1,session_only
5423525.9115440014,1298607614,2020-11-03,1,0,0,0,0,0,mobile,iOS,United States,Florida,google,organic,0.0,1,1,session_only
8474671.8760482417,1220884713,2021-01-18,1,0,0,0,0,0,mobile,iOS,Romania,(not set),<Other>,<Other>,0.0,1,1,session_only
5323353.2186165169,5230402899,2020-12-13,1,1,1,0,0,0,mobile,Web,United States,Kansas,<Other>,<Other>,0.0,20,3,add_to_cart
14859063.6234130981,2754258132,2020-12-26,1,0,0,0,0,0,mobile,Web,India,Rajasthan,<Other>,organic,0.0,1,1,session_only
16627742.8442126324,5749212371,2020-11-06,0,1,0,1,0,0,mobile,Web,United States,Pennsylvania,google,organic,0.0,45,4,begin_checkout
7895534706.6519210446,8746146938,2020-12-22,1,0,0,0,0,0,desktop,Macintosh,Belarus,Minsk Region,(direct),(none),0.0,1,1,session_only
56370356.5811850413,7960988329,2020-12-25,1,0,0,0,0,0,mobile,Web,United Kingdom,England,(data deleted),(data deleted),0.0,1,1,session_only
64420164.9101651144,9297286830,2020-12-21,1,0,0,0,0,0,mobile,Android,United States,Texas,(direct),(none),0.0,1,1,session_only
77267400.2711303748,2276235510,2020-12-02,1,0,0,0,0,0,mobile,Web,United States,Iowa,<Other>,organic,0.0,1,1,session_only
7707089683.3606147530,8192382445,2021-01-29,1,0,0,0,0,0,mobile,iOS,United States,Virginia,(direct),(none),0.0,1,1,session_only
60120304.3608723493,5456994782,2020-12-16,1,1,1,0,0,0,desktop,Web,India,Odisha,<Other>,referral,0.0,3,3,add_to_cart
3831040.2767839401,7936338771,2021-01-02,1,0,0,0,0,0,mobile,Android,Canada,Ontario,<Other>,<Other>,0.0,1,1,session_only
68242685.4631388338,5959794612,2021-01-07,1,0,0,0,0,0,desktop,Web,United States,Virginia,google,organic,0.0,1,1,session_only
7883946.1267485468,5028973279,2020-12-21,1,1,0,0,0,0,mobile,Web,Netherlands,North Holland,google,organic,0.0,4,2,view_item
3230718.0053616042,4204985422,2020-11-08,1,0,0,0,0,0,desktop,Windows,United States,Louisiana,(direct),(none),0.0,1,1,session_only
29060616.4029163657,8647204789,2020-11-21,1,1,0,1,1,1,mobile,iOS,United States,Massachusetts,google,cpc,0.0,7,6,purchase
30156394.4876941551,7396945235,2020-11-29,1,1,1,1,0,0,mobile,Web,United Kingdom,England,<Other>,<Other>,0.0,5,4,begin_checkout
15905426.0652261040,215667417,2020-11-15,1,0,0,0,0,0,desktop,Web,India,Karnataka,(direct),(none),0.0,1,1,session_only
77180397.3902300579,4170120221,2020-12-31,1,0,0,0,0,0,mobile,Android,India,Uttar Pradesh,google,organic,0.0,1,1,session_only
54283784.3488170547,8093868599,2020-12-29,1,0,0,0,0,0,mobile,Web,India,Bihar,shop.googlemerchandisestore.com,referral,0.0,1,1,session_only
20032397.6344823411,2902481987,2020-12-13,1,0,0,0,0,0,mobile,iOS,United States,California,(direct),(none),0.0,1,1,session_only
64256982.3974893859,9779856222,2020-12-10,1,0,0,0,0,0,mobile,Web,Brazil,State of Santa Catarina,(direct),(none),0.0,1,1,session_only
8727482.7835526163,6263402197,2021-01-23,1,0,0,0,0,0,desktop,Windows,Romania,Cluj County,(direct),(none),0.0,1,1,session_only
5465010.1249216402,5212797859,2020-12-29,1,0,0,0,0,0,desktop,Web,Poland,(not set),(direct),(none),0.0,1,1,session_only
7302535.7789729457,9567388323,2021-01-18,1,0,0,0,0,0,desktop,Web,Australia,New South Wales,(direct),(none),0.0,1,1,session_only
5655134.7619136890,2397195655,2020-11-03,1,0,0,0,0,0,mobile,Web,Japan,Tokyo,(direct),(none),0.0,1,1,session_only
1481896.2869839980,3560228606,2021-01-29,1,0,0,0,0,0,desktop,Web,Denmark,Capital Region of Denmark,google,organic,0.0,1,1,session_only
38411340.0829918057,6583582707,2021-01-18,1,0,0,0,0,0,desktop,Macintosh,United States,New Jersey,google,organic,0.0,1,1,session_only
5711591.4799331450,3915236470,2020-11-29,1,1,1,1,1,1,mobile,iOS,Sri Lanka,(not set),(data deleted),(data deleted),40.4,20,6,purchase
25640281.0705571838,1466592169,2021-01-28,1,0,0,0,0,0,desktop,Windows,China,Fujian,<Other>,referral,0.0,1,1,session_only
2270188140.6523323488,1372217811,2020-12-24,1,0,0,0,0,0,mobile,iOS,United States,Florida,<Other>,<Other>,0.0,1,1,session_only
81233465.6946314223,7731735945,2020-12-08,1,0,0,0,0,0,desktop,Windows,India,Telangana,<Other>,referral,0.0,1,1,session_only
89935074.9361717843,3448164855,2020-11-29,1,1,0,0,0,0,desktop,Macintosh,United States,Maryland,<Other>,<Other>,0.0,7,2,view_item
1524148.6665316369,3281785705,2021-01-03,1,0,0,0,0,0,desktop,Web,Switzerland,(not set),(direct),(none),0.0,1,1,session_only
27236075.6576269074,3944083684,2020-12-08,1,0,0,0,0,0,desktop,Web,Japan,Tokyo,<Other>,<Other>,0.0,1,1,session_only
65476204.5537281115,2238474062,2020-12-29,1,0,0,0,0,0,mobile,Web,Turkey,(not set),(direct),(none),0.0,1,1,session_only
3411788.9960645333,9718859763,2020-12-31,1,0,0,0,0,0,desktop,Macintosh,United States,Indiana,google,cpc,0.0,1,1,session_only
27930167.3476656250,967106577,2020-11-16,1,1,0,1,1,1,desktop,Web,United States,California,(direct),(none),52.8,15,6,purchase
1310407.7184297519,9905330251,2020-12-24,1,0,0,0,0,0,desktop,Web,Australia,New South Wales,<Other>,<Other>,0.0,1,1,session_only
2443586.8879845966,3525073069,2020-12-06,1,0,0,0,0,0,desktop,Web,Turkey,Ankara,shop.googlemerchandisestore.com,referral,0.0,1,1,session_only
65051051.7205694077,2434345998,2020-11-06,1,0,0,0,0,0,desktop,Web,France,Ile-de-France,<Other>,<Other>,0.0,1,1,session_only
81810127.9142460509,8775929591,2020-11-18,1,0,0,0,0,0,desktop,Web,India,Jharkhand,google,organic,0.0,1,1,session_only
2505505.5329129812,290892053,2021-01-13,1,0,0,0,0,0,desktop,Web,Spain,Valencian Community,google,organic,0.0,1,1,session_only
45321642.9138743910,415009598,2020-12-26,1,0,0,0,0,0,mobile,Web,United States,Minnesota,google,organic,0.0,1,1,session_only
5635202721.7563071251,6793331392,2020-12-27,1,0,0,0,0,0,desktop,Web,France,Occitanie,google,organic,0.0,1,1,session_only
2171445.4898710841,5185842932,2020-11-22,1,0,0,0,0,0,desktop,Macintosh,United States,Pennsylvania,google,organic,0.0,1,1,session_only
4022976.1968673770,9828250057,2020-11-29,1,1,0,0,0,0,desktop,Macintosh,Czechia,Prague,(direct),(none),0.0,2,2,view_item
37646519.8104351810,6872208709,2021-01-18,1,0,0,0,0,0,mobile,iOS,United States,Colorado,google,cpc,0.0,1,1,session_only
3202183.7344445340,8540241168,2021-01-13,1,0,0,0,0,0,mobile,iOS,United States,Virginia,<Other>,<Other>,0.0,1,1,session_only
6968759.7658987261,6609883606,2020-11-09,1,0,0,0,0,0,desktop,Web,Netherlands,Limburg,(direct),(none),0.0,1,1,session_only
34309182.2841240018,2788360538,2020-12-28,1,0,0,0,0,0,mobile,iOS,United States,Virginia,(data deleted),(data deleted),0.0,1,1,session_only
78159603.2532404654,4944379449,2020-11-21,1,0,0,0,0,0,mobile,iOS,Canada,Ontario,google,organic,0.0,1,1,session_only
1077521.7554855854,1183512028,2020-12-22,1,1,0,0,0,0,desktop,Web,United States,California,shop.googlemerchandisestore.com,referral,0.0,5,2,view_item
8479260.3140850502,7353042771,2020-11-03,1,0,0,0,0,0,desktop,Web,Spain,Madrid,<Other>,<Other>,0.0,1,1,session_only
241957054.3282149772,6726376715,2021-01-06,1,0,0,0,0,0,tablet,iOS,Canada,Ontario,<Other>,referral,0.0,1,1,session_only
4916319887.2987164457,5476435077,2020-12-22,1,0,0,0,0,0,desktop,Web,Vietnam,Ho Chi Minh City,google,organic,0.0,1,1,session_only
23353374.3159330866,7493425466,2021-01-09,1,0,0,0,0,0,mobile,Web,United States,New Jersey,google,organic,0.0,1,1,session_only
75786876.7355130753,6488340379,2020-11-18,1,1,0,0,0,0,desktop,Web,Canada,Quebec,(direct),(none),0.0,2,2,view_item
6436495.4831121763,770163294,2021-01-09,1,1,1,1,1,1,mobile,Web,United Kingdom,England,(data deleted),(data deleted),7.7,21,6,purchase
3093874.5478362803,4001228895,2021-01-09,1,0,0,0,0,0,mobile,Android,United States,Washington,(direct),(none),0.0,1,1,session_only
25520657.7477753112,5722781987,2020-11-02,1,1,0,0,0,0,mobile,Web,United States,Florida,shop.googlemerchandisestore.com,referral,0.0,3,2,view_item
30701572.2871168922,9333200731,2021-01-08,1,1,0,0,0,0,mobile,Web,United States,Nevada,(direct),(none),0.0,3,2,view_item
60477211.2818378559,398158997,2020-12-05,1,0,0,0,0,0,desktop,Web,Canada,Quebec,<Other>,referral,0.0,1,1,session_only
1261928.7714674027,2015681805,2021-01-08,1,0,0,0,0,0,desktop,Windows,United States,Texas,(direct),(none),0.0,1,1,session_only
2112814.7606598111,5645566910,2020-12-02,1,0,0,0,0,0,desktop,Web,India,Madhya Pradesh,google,organic,0.0,1,1,session_only
27190063.9837675109,28745045,2021-01-13,1,0,0,0,0,0,desktop,Windows,United States,Louisiana,<Other>,referral,0.0,1,1,session_only
7698957.8906052970,7590347851,2020-12-02,1,0,0,0,0,0,mobile,Web,Canada,Ontario,google,organic,0.0,1,1,session_only
23611006.9558171763,7488501549,2021-01-29,1,0,0,0,0,0,mobile,Web,United States,Massachusetts,google,organic,0.0,1,1,session_only
3375606.0827606435,6069431841,2021-01-10,1,0,0,0,0,0,mobile,Web,Australia,New South Wales,<Other>,<Other>,0.0,1,1,session_only
8795532.5058986736,7927612403,2020-12-26,1,0,0,0,0,0,desktop,Macintosh,Canada,Quebec,<Other>,<Other>,0.0,1,1,session_only
13299507.4435927142,1279726518,2021-01-08,1,0,0,0,0,0,mobile,iOS,United States,California,<Other>,<Other>,0.0,1,1,session_only
6879973.5257759523,4089286969,2020-12-31,1,0,0,0,0,0,mobile,iOS,South Korea,Seoul,<Other>,<Other>,0.0,1,1,session_only
42424240.9254103625,4542473392,2021-01-31,1,0,0,0,0,0,desktop,Windows,France,Brittany,(direct),(none),0.0,1,1,session_only
4930409.2652840805,8767067203,2020-11-15,1,0,0,0,0,0,desktop,Web,Netherlands,Gelderland,google,organic,0.0,1,1,session_only
1607136.2294459254,3451312765,2020-12-26,1,0,0,0,0,0,mobile,iOS,United States,Michigan,<Other>,referral,0.0,1,1,session_only
66422806.4831178814,1678724927,2020-12-26,1,0,0,0,0,0,desktop,Web,United Kingdom,England,google,organic,0.0,1,1,session_only
15219557.2753713612,4559831107,2021-01-04,1,0,0,0,0,0,desktop,Windows,Taiwan,Taipei City,(direct),(none),0.0,1,1,session_only
1469254.2555940787,1802291464,2020-12-13,1,0,0,0,0,0,desktop,Windows,Turkey,Ankara,<Other>,<Other>,0.0,1,1,session_only
108509853.2006016820,934479814,2021-01-16,1,0,0,0,0,0,mobile,iOS,United States,Virginia,shop.googlemerchandisestore.com,referral,0.0,1,1,session_only
57488087.0786303417,1087233103,2020-12-27,1,1,1,1,1,1,desktop,Web,Netherlands,North Holland,<Other>,referral,128.08,54,6,purchase
52943641.1267332994,3521379314,2020-11-29,1,1,0,0,0,0,mobile,Web,Turkey,(not set),(data deleted),(data deleted),0.0,9,2,view_item
5600875.8364337006,6070097432,2020-11-02,1,0,0,0,0,0,mobile,Android,Spain,Community of Madrid,shop.googlemerchandisestore.com,referral,0.0,1,1,session_only
6650510.7338913711,3311493286,2021-01-26,1,0,0,0,0,0,desktop,Windows,Sweden,(not set),shop.googlemerchandisestore.com,referral,0.0,1,1,session_only
5784361.8211974500,9001339816,2021-01-18,1,0,0,0,0,0,mobile,Web,United States,California,google,organic,0.0,1,1,session_only
73676873.1828913652,2333362483,2021-01-29,1,0,0,0,0,0,mobile,Web,Spain,Madrid,<Other>,referral,0.0,1,1,session_only
72664447.1459335001,6529933677,2021-01-18,1,0,0,0,0,0,mobile,Web,France,Nouvelle-Aquitaine,(direct),(none),0.0,1,1,session_only
6728424.5233697069,6713667596,2020-12-24,1,1,0,0,0,0,mobile,Web,India,Uttar Pradesh,(direct),(none),0.0,2,2,view_item
3732832.7237010912,3056694781,2020-11-13,1,0,0,0,0,0,desktop,Web,United States,Tennessee,<Other>,organic,0.0,1,1,session_only
2956449.1484352954,4685776360,2021-01-29,1,1,0,1,1,1,desktop,Windows,Taiwan,Taipei City,shop.googlemerchandisestore.com,referral,0.0,20,6,purchase
3673643.2537860839,2790645329,2020-11-08,1,0,0,0,0,0,mobile,Web,Brazil,State of Sao Paulo,google,cpc,0.0,1,1,session_only
49434402.8306205049,9564234601,2021-01-02,1,0,0,0,0,0,desktop,Web,Chile,Santiago Metropolitan Region,<Other>,referral,0.0,1,1,session_only
45939244.7249895248,7023689262,2020-12-10,1,0,0,0,0,0,desktop,Web,France,Ile-de-France,(data deleted),(data deleted),0.0,1,1,session_only
37348326.0119646122,6971151833,2020-11-15,1,0,0,0,0,0,mobile,Android,Ireland,County Dublin,google,organic,0.0,1,1,session_only
2326075.8456931232,5888922323,2021-01-29,1,0,0,0,0,0,mobile,Android,United States,Texas,(direct),(none),0.0,1,1,session_only
43426998.2642949178,1394591284,2021-01-11,1,0,0,0,0,0,desktop,Web,United States,Tennessee,<Other>,<Other>,0.0,1,1,session_only
77715782.6700264816,8515940235,2020-11-29,1,1,0,0,0,0,mobile,Android,United States,California,<Other>,<Other>,0.0,2,2,view_item
80818976.3243168408,3172683871,2021-01-21,1,0,0,0,0,0,desktop,Web,United States,California,(data deleted),(data deleted),0.0,1,1,session_only
7685460.8565863813,4679321496,2021-01-17,1,0,0,0,0,0,mobile,Web,Greece,Attica,<Other>,<Other>,0.0,1,1,session_only
7457329.4042110710,5567342356,2021-01-25,1,0,0,0,0,0,mobile,Web,United States,Nevada,shop.googlemerchandisestore.com,referral,0.0,1,1,session_only
3899083.9674674666,4582086017,2020-11-27,1,0,0,0,0,0,desktop,Web,United States,Montana,google,organic,0.0,1,1,session_only
89715737.7000730857,6960412369,2021-01-30,1,1,0,0,0,0,desktop,Web,India,Karnataka,(direct),(none),0.0,2,2,view_item
17209917.8498366479,3066733190,2020-11-16,1,1,0,1,1,1,desktop,Web,Israel,Tel Aviv District,google,organic,77.6,16,6,purchase
59413127.9672623101,1114629439,2020-11-03,1,0,0,0,0,0,desktop,Web,Indonesia,(not set),google,organic,0.0,1,1,session_only
18137551.0258420812,9546225899,2020-11-21,1,0,0,0,0,0,desktop,Web,United States,Virginia,(direct),(none),0.0,1,1,session_only
4363514.2007527928,3724604903,2020-12-31,1,1,0,0,0,0,desktop,Web,Algeria,(not set),<Other>,<Other>,0.0,3,2,view_item
5079551.8351911610,1755879189,2020-11-18,1,1,0,0,0,0,desktop,Macintosh,Italy,Tuscany,google,organic,0.0,3,2,view_item
64326945.7603830236,7172141233,2020-11-12,1,0,0,0,0,0,desktop,Web,United States,Georgia,<Other>,<Other>,0.0,1,1,session_only
14650084.5635892253,2163381564,2020-11-02,1,0,0,0,0,0,desktop,Macintosh,Canada,Quebec,<Other>,referral,0.0,1,1,session_only
4708662.4152953682,5892400929,2020-12-06,1,0,0,0,0,0,mobile,Android,India,Telangana,google,organic,0.0,1,1,session_only
7584615.7110656866,6241849626,2020-12-20,1,0,0,0,0,0,mobile,Web,France,Ile-de-France,google,organic,0.0,1,1,session_only
42583182.3977693374,9294272678,2021-01-09,1,0,0,0,0,0,mobile,Android,United Kingdom,England,(data deleted),(data deleted),0.0,1,1,session_only
7500421.7829359496,6766992019,2020-11-06,1,0,0,0,0,0,mobile,iOS,United States,Oklahoma,<Other>,<Other>,0.0,1,1,session_only
73367655.6376156395,3390095705,2020-12-30,1,0,0,0,0,0,mobile,Web,United States,Michigan,shop.googlemerchandisestore.com,referral,0.0,1,1,session_only
42473754.2622782636,7460561299,2020-11-06,1,1,0,1,1,1,desktop,Macintosh,United States,California,(direct),(none),93.2,28,6,purchase
8040799.5648801107,3800450576,2020-11-18,1,1,0,0,0,0,desktop,Windows,Germany,Bavaria,(direct),(none),0.0,8,2,view_item
36857548.0245461788,3250700224,2020-11-13,1,1,0,0,0,0,desktop,Web,China,Shanghai,<Other>,<Other>,0.0,2,2,view_item
1724436.9349274808,4989455732,2020-11-29,1,0,0,0,0,0,mobile,Web,India,Maharashtra,google,organic,0.0,1,1,session_only
46319929.6939274429,9323381170,2020-11-16,1,0,0,0,0,0,mobile,Web,India,Delhi,(direct),(none),0.0,1,1,session_only
8089211.2582782946,1293181801,2020-12-21,1,0,0,0,0,0,mobile,iOS,United States,Virginia,<Other>,<Other>,0.0,1,1,session_only
6282998.3933758831,869178821,2020-12-28,1,1,1,0,0,0,desktop,Web,United States,Illinois,google,organic,0.0,8,3,add_to_cart
5293036.3558885826,5405386831,2020-12-24,1,0,0,0,0,0,mobile,Android,Germany,Bavaria,<Other>,<Other>,0.0,1,1,session_only
2491215031.4523969574,3331312177,2020-12-10,1,0,0,0,0,0,desktop,Web,Spain,Valencian Community,google,organic,0.0,1,1,session_only
8137293.8472886294,1009647462,2020-12-27,1,1,1,0,0,0,desktop,Web,Germany,North Rhine-Westphalia,<Other>,<Other>,0.0,12,3,add_to_cart
1144158.1186653305,4656773104,2021-01-13,1,0,0,0,0,0,mobile,iOS,United States,Texas,google,organic,0.0,1,1,session_only
73019078.4376720680,4484093728,2021-01-28,1,0,0,0,0,0,mobile,iOS,United States,California,(direct),(none),0.0,1,1,session_only
18548165.8121411927,4511363493,2020-11-21,1,0,0,0,0,0,mobile,Web,United States,Alaska,<Other>,<Other>,0.0,1,1,session_only
7498357.0320837329,6994282622,2021-01-31,1,0,0,0,0,0,mobile,Web,France,Ile-de-France,google,organic,0.0,1,1,session_only
27459970.5844025039,1229039708,2020-11-18,1,0,0,0,0,0,desktop,Web,United States,Ohio,google,organic,0.0,1,1,session_only
44771210.2314933209,1864880579,2020-11-03,1,1,0,1,1,1,desktop,Web,United States,Indiana,(direct),(none),68.88,57,6,purchase
20799684.0728674623,2170919645,2020-12-27,1,0,0,0,0,0,desktop,Windows,United States,Texas,(direct),(none),0.0,1,1,session_only
1354638.4755583870,433372911,2020-11-27,1,0,0,0,0,0,desktop,Web,Canada,British Columbia,google,organic,0.0,1,1,session_only
71808397.5832326974,204796489,2020-11-03,1,0,0,0,0,0,mobile,Web,United States,Ohio,(direct),(none),0.0,1,1,session_only
88827381.9303945281,206715364,2021-01-04,1,1,1,1,1,1,desktop,Web,Malaysia,Johor,(data deleted),(data deleted),143.2,30,6,purchase
80369942.2315877717,4472647598,2020-12-22,1,0,0,0,0,0,mobile,iOS,United States,California,(direct),(none),0.0,1,1,session_only
7230409.7961556138,7000078408,2020-11-03,1,0,0,0,0,0,desktop,Web,United States,Virginia,google,organic,0.0,1,1,session_only
1102947.5096330985,8366616702,2021-01-05,1,0,0,0,0,0,mobile,Web,United States,Texas,<Other>,<Other>,0.0,1,1,session_only
1523013982.9249950288,2585597858,2020-11-18,1,0,0,0,0,0,desktop,Web,Australia,New South Wales,<Other>,<Other>,0.0,1,1,session_only
37656611.0732057096,7924292907,2020-12-08,1,1,0,0,0,0,mobile,Web,Canada,Alberta,google,organic,0.0,2,2,view_item
7716494.8161041101,1330635143,2021-01-26,1,0,0,0,0,0,mobile,Android,United States,Colorado,google,cpc,0.0,1,1,session_only
82589148.7717803350,2281851501,2021-01-11,1,0,0,0,0,0,mobile,iOS,United States,California,google,organic,0.0,1,1,session_only
51069406.8561317613,5725451447,2021-01-14,1,1,1,1,1,1,mobile,Web,Turkey,Konya,shop.googlemerchandisestore.com,referral,51.95,42,6,purchase
2171613.3382675944,4334437102,2020-12-27,1,0,0,0,0,0,desktop,Web,United States,Florida,google,organic,0.0,1,1,session_only
43391189.9658044120,2304451522,2020-12-10,1,0,0,0,0,0,desktop,Web,India,Karnataka,(direct),(none),0.0,1,1,session_only
8103354.2098596111,2698336657,2021-01-21,1,0,0,0,0,0,mobile,iOS,United States,Alabama,(data deleted),(data deleted),0.0,1,1,session_only
7688722.6706829800,4813448216,2020-12-21,1,1,1,1,1,1,mobile,iOS,United States,California,shop.googlemerchandisestore.com,referral,36.32,18,6,purchase
8682153.9433976498,6764292278,2020-12-21,1,0,0,0,0,0,desktop,Windows,United States,New Jersey,google,organic,0.0,1,1,session_only
5006017.9527228232,4697337944,2020-11-07,1,1,0,1,1,1,mobile,Web,Taiwan,Taichung City,google,organic,0.0,23,6,purchase
29837218.2992400747,9359806738,2020-12-24,1,0,0,0,0,0,desktop,Web,United States,Virginia,<Other>,<Other>,0.0,1,1,session_only
69509149.0510376657,9991071454,2021-01-01,1,0,0,0,0,0,desktop,Windows,United Kingdom,England,google,cpc,0.0,1,1,session_only
55137877.3921638920,5389722131,2021-01-08,1,0,0,0,0,0,mobile,Android,South Korea,Seoul,<Other>,referral,0.0,1,1,session_only
63339542.8099602140,9214000882,2021-01-16,1,1,0,0,0,0,mobile,Web,Canada,Alberta,google,organic,0.0,4,2,view_item
66893006.1942990677,5934081499,2020-12-10,1,1,1,1,1,1,desktop,Web,United States,Washington,google,organic,32.48,28,6,purchase
5796932.7932791989,1429239319,2021-01-08,1,0,0,0,0,0,desktop,Web,Canada,Quebec,<Other>,referral,0.0,1,1,session_only
75898230.0546838046,907375349,2020-11-06,1,1,0,0,0,0,desktop,Windows,India,Uttar Pradesh,google,cpc,0.0,4,2,view_item
72749721.9463229390,7919029975,2021-01-05,1,0,0,0,0,0,desktop,Macintosh,India,Maharashtra,<Other>,<Other>,0.0,1,1,session_only
8744938.1541694847,4870233798,2020-12-08,1,0,0,0,0,0,mobile,Android,United States,New York,(direct),(none),0.0,1,1,session_only
89498908.7847351971,5706037957,2020-12-06,1,0,0,0,0,0,desktop,Windows,United States,New York,google,organic,0.0,1,1,session_only
2497636.8306487096,1742779469,2020-11-09,1,0,0,0,0,0,mobile,Web,United States,Utah,google,organic,0.0,1,1,session_only
17031652.9299855424,3154486684,2020-11-09,1,0,0,0,0,0,desktop,Macintosh,United States,Maine,(data deleted),(data deleted),0.0,1,1,session_only
7234901.3512952247,3881819100,2020-12-13,1,0,0,0,0,0,mobile,Web,Canada,Quebec,(direct),(none),0.0,1,1,session_only
50728866.0363560261,481862229,2021-01-11,1,0,0,0,0,0,mobile,Web,United States,California,(direct),(none),0.0,1,1,session_only
1641316.1278106183,3921676057,2020-12-10,1,1,0,0,0,0,desktop,Macintosh,Canada,Quebec,google,cpc,0.0,3,2,view_item
35465660.8422955474,751497210,2021-01-07,1,0,0,0,0,0,desktop,Windows,United States,Virginia,<Other>,<Other>,0.0,1,1,session_only
74077612.0626600471,6107171626,2021-01-16,1,1,0,0,0,0,tablet,Web,Peru,(not set),(direct),(none),0.0,4,2,view_item
86434201.3367945657,7209703769,2020-12-08,1,0,0,0,0,0,desktop,Windows,India,Tamil Nadu,<Other>,referral,0.0,1,1,session_only
90958470.4119748209,4986047539,2020-12-26,1,0,0,0,0,0,desktop,Web,United States,Ohio,google,organic,0.0,1,1,session_only
62478568.0026672387,8614839213,2021-01-11,1,0,0,0,0,0,desktop,Web,Spain,Madrid,google,organic,0.0,1,1,session_only
8462638.5648187615,6204696236,2020-12-21,1,1,0,0,0,0,mobile,Web,France,Ile-de-France,(direct),(none),0.0,3,2,view_item
33593534.8807531681,936129112,2020-11-09,1,0,0,0,0,0,desktop,Windows,(not set),(not set),(direct),(none),0.0,1,1,session_only
5626607.8519609081,7950918443,2020-12-08,1,0,0,0,0,0,desktop,Web,United States,Ohio,<Other>,<Other>,0.0,1,1,session_only
2847504.7361419352,7822113441,2020-11-21,1,0,0,0,0,0,desktop,Web,Canada,Quebec,google,cpc,0.0,1,1,session_only
18345225.7276144134,9263671249,2020-12-22,1,1,0,0,0,0,mobile,Web,United States,Michigan,google,organic,0.0,8,2,view_item
77295550.6467215389,7617765500,2020-11-03,1,0,0,0,0,0,desktop,Web,India,Uttar Pradesh,google,cpc,0.0,1,1,session_only
42807215.0722008548,7913682591,2021-01-02,1,1,0,1,1,1,mobile,Web,Canada,Manitoba,<Other>,<Other>,0.0,9,6,purchase
7192051.1383579161,9191523849,2021-01-23,1,0,0,0,0,0,mobile,Android,Japan,Tokyo,google,organic,0.0,1,1,session_only
86534123.2442676586,4820691213,2021-01-25,1,1,0,0,0,0,desktop,Web,Australia,Queensland,<Other>,referral,0.0,2,2,view_item
66330075.9120673701,7694491671,2020-12-05,1,0,0,0,0,0,desktop,Windows,Canada,Ontario,<Other>,<Other>,0.0,1,1,session_only
5367641.1319934767,2782638912,2021-01-18,1,0,0,0,0,0,mobile,iOS,United States,Florida,google,organic,0.0,1,1,session_only
53813884.7284474992,2208048432,2020-12-16,1,0,0,0,0,0,desktop,Web,United States,Indiana,google,organic,0.0,1,1,session_only
48683190.9245020622,5244572883,2020-12-02,1,0,0,0,0,0,desktop,Windows,United States,Nevada,(data deleted),(data deleted),0.0,1,1,session_only
80348372.1963569723,9244577976,2020-12-02,1,0,0,0,0,0,desktop,Web,India,Odisha,(direct),(none),0.0,1,1,session_only
14955505.9128991518,9227458834,2021-01-13,1,0,0,0,0,0,desktop,Web,United States,Ohio,google,organic,0.0,1,1,session_only
65333637.7255546045,5521257403,2020-12-10,1,0,0,0,0,0,desktop,Windows,United Arab Emirates,Dubai,google,organic,0.0,1,1,session_only
37986405.9677263596,810457503,2020-11-14,1,0,0,0,0,0,desktop,Web,Netherlands,North Brabant,google,cpc,0.0,1,1,session_only
66183336.4402732169,5350070120,2020-12-05,1,0,0,0,0,0,mobile,Android,India,Maharashtra,<Other>,<Other>,0.0,1,1,session_only
6208895319.4429759328,6745099328,2021-01-18,1,0,0,0,0,0,desktop,Macintosh,Netherlands,Utrecht,<Other>,<Other>,0.0,1,1,session_only
84956617.8017306687,3443742872,2020-11-29,1,0,0,0,0,0,desktop,Windows,India,Haryana,<Other>,organic,0.0,1,1,session_only
97850737.9492979356,2275084337,2021-01-21,1,0,0,0,0,0,mobile,Web,India,Tamil Nadu,<Other>,referral,0.0,1,1,session_only
62187330.4983821643,5917394932,2021-01-25,1,0,0,0,0,0,mobile,Web,India,Kerala,<Other>,<Other>,0.0,1,1,session_only
54393004.9100242685,533943381,2020-12-10,1,0,0,0,0,0,desktop,Macintosh,United States,Missouri,(direct),(none),0.0,1,1,session_only
7185915.0641916024,8211002834,2020-11-27,1,0,0,0,0,0,mobile,Web,India,Karnataka,<Other>,<Other>,0.0,1,1,session_only
16020688.0924042841,3471433202,2020-12-08,1,0,0,0,0,0,mobile,Web,Colombia,(not set),(direct),(none),0.0,1,1,session_only
1032138.1796039159,7352869284,2021-01-01,1,0,0,0,0,0,mobile,Web,Canada,Alberta,(direct),(none),0.0,1,1,session_only
24847631.1310416759,2823361062,2021-01-21,1,0,0,0,0,0,desktop,<Other>,United States,Indiana,(direct),(none),0.0,1,1,session_only
3240887.3988194067,5877108199,2021-01-13,1,0,0,0,0,0,mobile,iOS,United States,California,(direct),(none),0.0,1,1,session_only
37443952.6635012950,189036795,2021-01-06,1,0,0,0,0,0,mobile,iOS,France,Ile-de-France,shop.googlemerchandisestore.com,referral,0.0,1,1,session_only
60304773.1030019476,2303909382,2020-12-27,1,1,0,0,0,0,mobile,Web,United States,New York,google,organic,0.0,9,2,view_item
73139266.6353877115,1038867720,2020-12-16,1,0,0,0,0,0,desktop,Web,United States,Arizona,google,organic,0.0,1,1,session_only
15867106.6186047938,4940328709,2021-01-16,1,0,0,0,0,0,mobile,Web,United States,Illinois,(direct),(none),0.0,1,1,session_only
7517441.3299603080,388503710,2021-01-22,1,0,0,0,0,0,desktop,Web,Vietnam,Ho Chi Minh City,(data deleted),(data deleted),0.0,1,1,session_only
69531375.3245954092,5787606199,2020-11-14,1,1,0,1,1,1,desktop,Web,Egypt,(not set),(direct),(none),96.8,21,6,purchase
62393505.5782894874,6393007585,2020-12-28,1,0,0,0,0,0,desktop,Web,Belgium,Flanders,(direct),(none),0.0,1,1,session_only
1117328.3906623250,4252381238,2021-01-29,1,0,0,0,0,0,desktop,Web,Canada,Alberta,<Other>,referral,0.0,1,1,session_only
5233566.8526858358,269236523,2020-11-12,1,0,0,0,0,0,mobile,iOS,Japan,Osaka,google,organic,0.0,1,1,session_only
29121187.7146555346,209846671,2020-11-18,1,0,0,0,0,0,desktop,Web,France,Ile-de-France,google,cpc,0.0,1,1,session_only
5578340.5471560334,9788488843,2020-12-28,1,0,0,0,0,0,mobile,Web,United States,New York,(direct),(none),0.0,1,1,session_only
72927988.2680532746,5981482244,2021-01-05,1,0,0,0,0,0,mobile,Web,Australia,Western Australia,(direct),(none),0.0,1,1,session_only
24983224.8540235180,5065135441,2021-01-18,1,0,0,0,0,0,mobile,Web,Germany,(not set),google,organic,0.0,1,1,session_only
4381174.6724952965,7986220806,2021-01-18,1,0,0,0,0,0,desktop,Web,Canada,Ontario,google,organic,0.0,1,1,session_only
27800486.6176559003,7032519185,2020-12-06,1,0,0,0,0,0,desktop,Web,Finland,Uusimaa,google,organic,0.0,1,1,session_only
7696530.2051496121,2867535800,2021-01-14,1,0,0,0,0,0,desktop,Web,United States,Hawaii,(direct),(none),0.0,1,1,session_only
5846433.0526036418,980395504,2020-12-02,1,1,1,1,0,0,desktop,Web,United States,California,google,organic,0.0,52,4,begin_checkout
56372358.3025359852,7539143560,2021-01-22,1,1,0,0,0,0,desktop,Windows,United States,North Carolina,(direct),(none),0.0,2,2,view_item
6802410.5838624297,7186528885,2020-11-03,1,0,0,0,0,0,desktop,Windows,Nigeria,Lagos,<Other>,<Other>,0.0,1,1,session_only
83517969.3506975882,2818713923,2021-01-25,1,0,0,0,0,0,mobile,Web,United States,Missouri,<Other>,<Other>,0.0,1,1,session_only
4418943.7694737553,1447446646,2020-12-10,1,1,1,0,0,0,desktop,Windows,Canada,New Brunswick,google,organic,0.0,3,3,add_to_cart
2275304.2678147873,9552271772,2020-11-06,1,0,0,0,0,0,mobile,iOS,United States,Tennessee,(direct),(none),0.0,1,1,session_only
80658303.6174762410,1454524730,2020-11-02,1,0,0,0,0,0,desktop,Web,United States,Hawaii,<Other>,referral,0.0,1,1,session_only
4854613.1301887821,318166438,2021-01-26,1,0,0,0,0,0,mobile,Web,United States,New York,google,organic,0.0,1,1,session_only
6966909.8033634942,7839911867,2021-01-30,1,0,0,0,0,0,mobile,Android,United States,Washington,<Other>,<Other>,0.0,1,1,session_only
17948892.5585562726,6217990272,2020-11-12,1,0,0,0,0,0,desktop,Web,United States,Massachusetts,google,organic,0.0,1,1,session_only
2156414.0841723758,1952923224,2021-01-31,1,0,0,0,0,0,desktop,Web,Turkey,(not set),google,organic,0.0,1,1,session_only
6295459.5314511143,6359332680,2020-12-22,1,1,1,1,1,1,mobile,Android,Indonesia,(not set),<Other>,referral,67.6,37,6,purchase
4479256.6316064249,9911504407,2020-11-07,1,1,0,1,1,1,desktop,Windows,United States,(not set),(direct),(none),92.8,17,6,purchase
27837683.7442937238,9388723498,2021-01-18,1,1,1,1,1,1,mobile,Web,United States,California,(direct),(none),0.0,10,6,purchase
1094940.8126386951,1440073045,2020-11-08,1,0,0,0,0,0,tablet,Web,Sweden,Stockholm County,(direct),(none),0.0,1,1,session_only
92096184.7839491095,7109349521,2021-01-25,1,0,0,0,0,0,desktop,Web,United States,Massachusetts,google,organic,0.0,1,1,session_only
85593304.3386213690,9405794749,2020-12-02,1,1,1,1,1,1,desktop,<Other>,Ukraine,Kyiv city,(data deleted),(data deleted),0.0,21,6,purchase
19252779.9102936046,1336668313,2021-01-04,1,0,0,0,0,0,desktop,Web,United States,West Virginia,google,cpc,0.0,1,1,session_only
4731425.4540219545,6226911840,2021-01-11,1,0,0,0,0,0,mobile,Android,India,West Bengal,(data deleted),(data deleted),0.0,1,1,session_only
37239665.1068658628,4486760593,2020-12-29,1,1,0,0,0,0,tablet,iOS,United States,Pennsylvania,google,organic,0.0,2,2,view_item
26957243.2839926023,3117503231,2021-01-10,1,1,0,0,0,0,desktop,Web,United States,New York,<Other>,<Other>,0.0,3,2,view_item
25242983.1229919948,3893768914,2021-01-06,1,0,0,0,0,0,desktop,Windows,Canada,Manitoba,<Other>,<Other>,0.0,1,1,session_only
70094249.4144436548,767059215,2020-12-13,1,0,0,0,0,0,desktop,Web,United States,Massachusetts,google,organic,0.0,1,1,session_only
3066184.2409937874,8203222339,2021-01-21,1,0,0,0,0,0,mobile,Web,Russia,(not set),google,organic,0.0,1,1,session_only
62136836.3961312097,620060629,2021-01-18,1,0,0,0,0,0,mobile,Web,Spain,Catalonia,google,cpc,0.0,1,1,session_only
32015362.3540784813,8016494948,2021-01-17,1,0,0,0,0,0,mobile,iOS,Germany,Bavaria,(direct),(none),0.0,1,1,session_only
43564048.6471376135,3927791553,2020-11-18,1,0,0,0,0,0,mobile,iOS,China,Fujian,shop.googlemerchandisestore.com,referral,0.0,1,1,session_only
6390091.6403502883,754171764,2021-01-16,1,0,0,0,0,0,desktop,Windows,China,Zhejiang,shop.googlemerchandisestore.com,referral,0.0,1,1,session_only
8506188.4594207090,1343092300,2021-01-14,1,0,0,0,0,0,mobile,Web,China,Jiangsu,google,organic,0.0,1,1,session_only
81298748.3839064716,7332208952,2020-12-29,1,0,0,0,0,0,mobile,Web,United States,(not set),(direct),(none),0.0,1,1,session_only
30679889.6840184388,2514803470,2020-12-08,1,0,0,0,0,0,desktop,Web,Ukraine,(not set),<Other>,referral,0.0,1,1,session_only
6807515.8007233037,9226597643,2021-01-05,1,1,1,1,0,0,mobile,Android,United States,Virginia,shop.googlemerchandisestore.com,referral,0.0,22,4,begin_checkout
7354267.9958333376,6011326799,2020-12-05,1,1,0,1,1,1,mobile,Web,United States,Washington,<Other>,<Other>,0.0,9,6,purchase
9158325.4927360836,3700846338,2021-01-07,1,1,1,1,1,1,mobile,Web,United States,Illinois,(direct),(none),89.6,42,6,purchase
50431285.9138879896,9861516840,2021-01-05,1,0,0,0,0,0,desktop,Web,United States,New Jersey,(direct),(none),0.0,1,1,session_only
10322393.8213731168,8783851870,2020-12-28,1,1,0,0,0,0,mobile,Android,United States,Florida,google,organic,0.0,3,2,view_item
75537221.6185281747,8685785185,2020-12-22,1,0,0,0,0,0,desktop,Web,India,Rajasthan,(direct),(none),0.0,1,1,session_only
2697596264.4557959199,261979603,2021-01-13,1,0,0,0,0,0,mobile,iOS,India,Maharashtra,google,organic,0.0,1,1,session_only
2814972.3069350168,1099829592,2021-01-16,1,0,0,0,0,0,mobile,Android,Poland,Lower Silesian Voivodeship,google,organic,0.0,1,1,session_only
71927799.8705627972,916447741,2020-11-13,1,0,0,0,0,0,desktop,Web,United States,Kansas,(data deleted),(data deleted),0.0,1,1,session_only
4518877.5417466119,7634568846,2020-12-28,1,0,0,0,0,0,desktop,Windows,United Kingdom,England,<Other>,<Other>,0.0,1,1,session_only
8719861.4980008408,5025856491,2021-01-21,1,1,0,0,0,0,desktop,Web,Canada,Quebec,(direct),(none),0.0,4,2,view_item
90415374.8805730278,5805806487,2021-01-08,1,0,0,0,0,0,desktop,Web,United States,New Jersey,<Other>,referral,0.0,1,1,session_only
37954174.6853949522,9166652671,2021-01-07,1,0,0,0,0,0,desktop,Web,United States,Minnesota,(data deleted),(data deleted),0.0,1,1,session_only
1652241.1897283221,9767944594,2020-11-13,1,0,0,0,0,0,desktop,Web,India,Uttar Pradesh,google,organic,0.0,1,1,session_only
3871244.0908877989,7608613153,2021-01-26,1,0,0,0,0,0,desktop,Windows,United States,Pennsylvania,google,organic,0.0,1,1,session_only
2749509.4722339818,6066064437,2020-11-13,1,0,0,0,0,0,desktop,Web,Brazil,State of Santa Catarina,google,organic,0.0,1,1,session_only
71689082.1438504199,1348729870,2020-11-03,1,1,0,0,0,0,desktop,Web,Russia,(not set),google,cpc,0.0,6,2,view_item
6907264.8525515502,6415909839,2020-11-12,1,0,0,0,0,0,mobile,Web,Kuwait,Hawalli Governorate,shop.googlemerchandisestore.com,referral,0.0,1,1,session_only
8585408.6980957923,6088116109,2020-11-13,1,0,0,0,0,0,desktop,Web,Kazakhstan,Almaty Province,(data deleted),(data deleted),0.0,1,1,session_only
38805268.5714508003,2728355516,2020-11-08,1,0,0,0,0,0,mobile,Web,United States,Massachusetts,(data deleted),(data deleted),0.0,1,1,session_only
3512837.6619273670,768121555,2021-01-06,1,0,0,0,0,0,desktop,Windows,Taiwan,Taoyuan City,<Other>,<Other>,0.0,1,1,session_only
28232183.6699390422,2824455909,2020-12-29,1,0,0,0,0,0,desktop,Windows,United States,Maryland,google,organic,0.0,1,1,session_only
7016715.7390289843,479188960,2020-11-18,1,0,0,0,0,0,mobile,iOS,Spain,Madrid,(direct),(none),0.0,1,1,session_only
39513945.6915979679,162861982,2021-01-22,1,0,0,0,0,0,desktop,Web,Poland,Masovian Voivodeship,google,organic,0.0,1,1,session_only
1263510.2346903431,7561887478,2021-01-13,1,1,1,1,1,1,desktop,Web,United States,Texas,(data deleted),(data deleted),19.56,21,6,purchase
3602318.3663159979,7671941497,2020-11-18,1,0,0,0,0,0,desktop,Web,Switzerland,Vaud,google,organic,0.0,1,1,session_only
81926723.4277040544,7381379642,2020-12-31,1,0,0,0,0,0,mobile,Web,United States,Kentucky,<Other>,<Other>,0.0,1,1,session_only
3509909.5805941262,469551119,2020-11-12,1,0,0,0,0,0,desktop,Web,Ukraine,Kyiv city,<Other>,referral,0.0,1,1,session_only
50366098.5914171865,5270968345,2020-11-06,1,1,0,0,0,0,desktop,Macintosh,Turkey,Ankara,(direct),(none),0.0,4,2,view_item
1155560655.4471536663,9968296289,2020-12-10,1,0,0,0,0,0,desktop,Windows,Canada,Alberta,<Other>,<Other>,0.0,1,1,session_only
86883807.2396219236,2189207252,2020-12-22,1,0,0,0,0,0,mobile,Android,India,Uttar Pradesh,google,organic,0.0,1,1,session_only
29192569.7596928325,2937321368,2021-01-05,1,0,0,0,0,0,desktop,Macintosh,Canada,Ontario,(direct),(none),0.0,1,1,session_only
2795613.8585462131,9035179817,2021-01-06,1,0,0,0,0,0,mobile,Web,Canada,Ontario,<Other>,referral,0.0,1,1,session_only
33744303.8713260748,2909366379,2020-12-21,1,0,0,0,0,0,mobile,Web,United States,Maine,<Other>,referral,0.0,1,1,session_only
51355111.7279796716,2024271870,2021-01-15,1,0,0,0,0,0,desktop,Web,Spain,Madrid,<Other>,referral,0.0,1,1,session_only
45916400.3929931659,7595475872,2020-12-24,1,1,0,0,0,0,desktop,Web,United States,California,shop.googlemerchandisestore.com,referral,0.0,2,2,view_item
1544748.2905250855,7763586416,2021-01-04,1,0,0,0,0,0,desktop,Web,India,Andhra Pradesh,google,organic,0.0,1,1,session_only
8746324.1659097118,6484563197,2021-01-06,1,1,1,0,0,0,desktop,Web,United States,Virginia,<Other>,organic,0.0,3,3,add_to_cart
6280777.8286501798,1394625754,2020-12-08,1,0,0,0,0,0,desktop,Web,India,Kerala,(direct),(none),0.0,1,1,session_only
53242973.7131779397,8135849097,2021-01-21,1,0,0,0,0,0,desktop,Macintosh,India,Karnataka,<Other>,<Other>,0.0,1,1,session_only
84219249.7498469498,2534340129,2020-11-22,1,0,0,0,0,0,desktop,Windows,United States,Virginia,google,organic,0.0,1,1,session_only
14809768.8810723809,6331090790,2020-12-16,1,0,0,0,0,0,desktop,<Other>,Germany,Bavaria,<Other>,organic,0.0,1,1,session_only
6634820.6347694607,424027534,2021-01-30,1,1,0,0,0,0,desktop,Web,United Kingdom,England,google,organic,0.0,2,2,view_item
53035277.7966579244,4524995607,2021-01-01,1,0,0,0,0,0,mobile,Android,Germany,Baden-Wurttemberg,google,cpc,0.0,1,1,session_only
47848518.2208811373,9062682094,2020-12-05,1,1,1,0,0,0,desktop,Web,United States,Connecticut,shop.googlemerchandisestore.com,referral,0.0,8,3,add_to_cart
4851079.7751429161,3108719593,2021-01-16,1,1,0,0,0,0,desktop,Web,Morocco,(not set),<Other>,referral,0.0,2,2,view_item
2476173.9104747305,6619857356,2020-11-13,1,1,0,1,1,1,desktop,Web,United States,Washington,(data deleted),(data deleted),0.0,7,6,purchase
5555041.1173182464,4947984132,2021-01-23,1,0,0,0,0,0,desktop,Web,United States,Ohio,google,organic,0.0,1,1,session_only
7486654.2401478792,4514013242,2021-01-26,1,0,0,0,0,0,mobile,Web,Malaysia,Federal Territory of Kuala Lumpur,(direct),(none),0.0,1,1,session_only
7093718.8803930222,3972789354,2020-11-27,1,0,0,0,0,0,desktop,Web,India,Delhi,google,cpc,0.0,1,1,session_only
2807330.2630534198,6391125363,2020-12-10,1,0,0,0,0,0,desktop,Web,United States,Florida,google,organic,0.0,1,1,session_only
5166510.6960986039,2049006287,2021-01-04,1,0,0,0,0,0,desktop,Web,(not set),(not set),<Other>,<Other>,0.0,1,1,session_only
1542477038.1754699435,2352673124,2021-01-02,1,1,0,0,0,0,desktop,Web,United States,New York,(direct),(none),0.0,2,2,view_item
8330256.7659477512,7145595739,2020-11-29,1,1,0,0,0,0,mobile,Web,Russia,(not set),google,organic,0.0,5,2,view_item
29538782.9408059000,8897741531,2021-01-01,1,1,0,0,0,0,mobile,Web,Jordan,Amman Governorate,(direct),(none),0.0,3,2,view_item
85083505.2510935746,6429786823,2020-12-22,1,0,0,0,0,0,desktop,Web,United States,Florida,(data deleted),(data deleted),0.0,1,1,session_only
35194437.6364994791,2887674030,2021-01-25,1,0,0,0,0,0,mobile,Android,Lebanon,Beirut Governorate,<Other>,<Other>,0.0,1,1,session_only
1731493.6343068875,1096627054,2020-12-06,1,0,0,0,0,0,desktop,Web,United States,Indiana,(direct),(none),0.0,1,1,session_only
5248557.5751090386,7056627206,2021-01-09,1,1,0,0,0,0,mobile,Web,Czechia,Prague,google,organic,0.0,3,2,view_item
1873830.4038087926,5884586093,2021-01-31,1,0,0,0,0,0,desktop,<Other>,United States,California,<Other>,<Other>,0.0,1,1,session_only
67405816.5827830892,1443779611,2020-11-02,1,0,0,0,0,0,mobile,Android,United States,Virginia,google,cpc,0.0,1,1,session_only
7446823.2039218110,7993595733,2020-12-28,1,0,0,0,0,0,desktop,Web,United States,Ohio,(direct),(none),0.0,1,1,session_only
9341533.7032458148,8347791007,2021-01-14,1,0,0,0,0,0,desktop,Web,United States,Massachusetts,<Other>,<Other>,0.0,1,1,session_only
58237986.5353750778,7873198255,2020-12-28,1,1,0,0,0,0,desktop,Web,United States,California,(data deleted),(data deleted),0.0,3,2,view_item
44928954.0621589777,9597880200,2020-12-30,1,0,0,0,0,0,desktop,Web,United States,Florida,<Other>,referral,0.0,1,1,session_only
2065922.7386686069,4492854836,2020-11-06,1,0,0,0,0,0,desktop,Web,Belgium,Flanders,<Other>,referral,0.0,1,1,session_only
2597007.0364736502,8563465823,2020-11-03,1,0,0,0,0,0,desktop,Web,Brazil,State of Sao Paulo,google,organic,0.0,1,1,session_only
28110733.3146605915,7740906947,2020-12-06,1,0,0,0,0,0,desktop,Web,United States,New York,<Other>,referral,0.0,1,1,session_only
68436867.8016253224,7634240866,2021-01-22,1,1,0,0,0,0,desktop,Windows,Australia,New South Wales,(direct),(none),0.0,2,2,view_item
70092918.4119027946,4748897891,2021-01-18,1,0,0,0,0,0,mobile,iOS,Taiwan,Taipei City,(direct),(none),0.0,1,1,session_only
1111007.3250339243,5487249141,2020-12-13,1,0,0,0,0,0,desktop,Web,India,Karnataka,google,organic,0.0,1,1,session_only
6959133.0796529462,8726317662,2020-11-02,1,1,0,1,1,1,mobile,Android,United States,California,google,cpc,27.6,21,6,purchase
6048291.4873802123,6168598479,2021-01-26,1,0,0,0,0,0,mobile,Web,China,Guangdong Province,(direct),(none),0.0,1,1,session_only
69662510.3193519179,6872602433,2020-11-06,1,0,0,1,1,1,desktop,Web,United States,Alabama,google,organic,0.0,7,6,purchase
5525436.4933458801,1157539981,2020-12-26,1,0,0,0,0,0,desktop,<Other>,Malaysia,Selangor,<Other>,<Other>,0.0,1,1,session_only
3249637.8059470415,6215485332,2021-01-03,1,0,0,0,0,0,desktop,Windows,Pakistan,Punjab,<Other>,<Other>,0.0,1,1,session_only
82818855.1645994432,607450859,2021-01-21,1,0,0,0,0,0,mobile,Android,United States,Florida,(data deleted),(data deleted),0.0,1,1,session_only
14588662.3485076896,2623653380,2021-01-25,1,0,0,0,0,0,desktop,Web,Germany,(not set),(data deleted),(data deleted),0.0,1,1,session_only
1142475.5938396583,4994281052,2020-11-14,1,0,0,0,0,0,desktop,Web,India,Punjab,google,organic,0.0,1,1,session_only
69118484.2237880099,9672428462,2021-01-05,1,0,0,0,0,0,mobile,Web,United States,Texas,google,organic,0.0,1,1,session_only
53386672.0195873047,5331280938,2021-01-22,1,1,0,1,1,1,desktop,Web,United Kingdom,England,shop.googlemerchandisestore.com,referral,80.8,18,6,purchase
1950108.6469907871,8050678738,2021-01-06,1,0,0,0,0,0,desktop,Web,United States,Virginia,(direct),(none),0.0,1,1,session_only
24033873.3616141027,9146909671,2020-12-26,1,0,0,0,0,0,desktop,Web,United States,California,google,organic,0.0,1,1,session_only
26105678.1036002654,148428196,2021-01-07,1,1,1,1,1,1,desktop,Windows,United States,Washington,google,organic,0.0,35,6,purchase
5652544.2845069474,7301883485,2021-01-10,1,0,0,0,0,0,mobile,Android,Canada,Ontario,google,organic,0.0,1,1,session_only
17103131.7443095141,9728115982,2020-11-15,1,1,0,0,0,0,desktop,Web,United States,Texas,google,organic,0.0,2,2,view_item
8478158.6357406313,6765644317,2020-11-06,1,1,0,0,0,0,mobile,Web,Spain,Canary Islands,shop.googlemerchandisestore.com,referral,0.0,21,2,view_item
44229750.5938603603,8316837484,2020-12-24,1,0,0,0,0,0,mobile,Android,United States,California,(direct),(none),0.0,1,1,session_only
16729318.5142634218,6510700488,2020-11-12,1,1,0,0,0,0,desktop,Web,Spain,Catalonia,(direct),(none),0.0,2,2,view_item
2579354.7588759048,5446494423,2020-11-18,1,1,1,1,1,0,desktop,Web,India,Rajasthan,<Other>,referral,0.0,39,5,add_payment
17829165.8694191080,3817762994,2020-12-10,1,1,1,1,1,1,desktop,Web,Turkey,Istanbul,(data deleted),(data deleted),175.2,41,6,purchase
5255984.0397298553,5817867596,2020-12-02,1,1,0,0,0,0,desktop,Web,Hong Kong,(not set),google,organic,0.0,2,2,view_item
5206952.5970646962,6015876211,2020-12-10,1,0,0,0,0,0,desktop,Windows,United States,California,(data deleted),(data deleted),0.0,1,1,session_only
51440630.6607455104,7040490279,2021-01-14,1,0,0,0,0,0,desktop,Windows,Canada,Ontario,google,cpc,0.0,1,1,session_only
55439943.2445939025,1811463642,2020-11-12,1,0,0,0,0,0,mobile,Android,United States,Connecticut,<Other>,referral,0.0,1,1,session_only
83791550.6180708009,8374808790,2020-11-02,1,0,0,0,0,0,mobile,iOS,South Korea,Ulsan,<Other>,referral,0.0,1,1,session_only
12361091.7119419888,879094801,2020-11-03,1,0,0,0,0,0,mobile,Web,United States,Michigan,google,organic,0.0,1,1,session_only
32183443.5711624707,4308882092,2021-01-05,1,0,0,0,0,0,mobile,Android,India,Uttar Pradesh,google,organic,0.0,1,1,session_only
25373487.1045213374,1793777636,2021-01-01,1,0,0,0,0,0,mobile,Web,United States,Wisconsin,<Other>,organic,0.0,1,1,session_only
1416421.5108958042,7531310107,2020-12-02,1,0,0,0,0,0,mobile,iOS,Spain,Valencian Community,(data deleted),(data deleted),0.0,1,1,session_only
52964999.2681192322,6209208761,2020-12-31,1,0,0,0,0,0,mobile,Web,Singapore,(not set),(direct),(none),0.0,1,1,session_only
8278411.7423220409,9266827526,2020-12-10,1,1,1,1,1,1,desktop,Windows,United States,California,(data deleted),(data deleted),65.6,16,6,purchase
66900739.9586352358,7664049581,2020-11-15,1,0,0,0,0,0,desktop,Macintosh,United States,Oregon,<Other>,organic,0.0,1,1,session_only
2232278.4300512401,4603046865,2020-12-21,1,0,0,0,0,0,tablet,Android,United States,Idaho,<Other>,referral,0.0,1,1,session_only
7470094.6456807407,4799557415,2021-01-25,1,0,0,0,0,0,mobile,Android,United States,California,google,organic,0.0,1,1,session_only
5338154.3387003475,8771821034,2020-11-18,1,0,0,0,0,0,desktop,Web,United States,California,(direct),(none),0.0,1,1,session_only
40802624.2299101109,8163511484,2021-01-09,1,0,0,0,0,0,mobile,Web,Brazil,State of Sao Paulo,google,organic,0.0,1,1,session_only
6920880.9818674747,3909227994,2021-01-17,1,0,0,0,0,0,mobile,Web,United States,(not set),google,organic,0.0,1,1,session_only
1301670.1568484477,5870304664,2020-12-08,1,0,0,0,0,0,mobile,iOS,Australia,Victoria,google,cpc,0.0,1,1,session_only
6972141.0231096183,4086784439,2021-01-26,1,0,0,0,0,0,desktop,Web,Bangladesh,(not set),<Other>,<Other>,0.0,1,1,session_only
4943631.1634474265,2665819911,2021-01-01,1,0,0,0,0,0,desktop,Web,Hong Kong,(not set),google,organic,0.0,1,1,session_only
5894264.8458205078,5263172296,2021-01-17,1,0,0,0,0,0,mobile,Android,Canada,Quebec,google,organic,0.0,1,1,session_only
13591713.2144217634,1703336863,2020-12-02,1,1,1,1,0,0,desktop,Windows,China,Beijing,google,organic,0.0,47,4,begin_checkout
23822680.9624813723,9375625450,2020-11-18,1,1,0,0,0,0,mobile,Web,United States,Virginia,(direct),(none),0.0,4,2,view_item
15850683.2496502483,5446758200,2020-11-29,1,0,0,0,0,0,mobile,iOS,United States,California,google,cpc,0.0,1,1,session_only
2637438.5895621403,379127917,2021-01-05,1,1,1,1,1,1,mobile,iOS,Italy,Lombardy,google,organic,18.4,25,6,purchase
72863128.8704544940,1116220772,2021-01-07,1,0,0,0,0,0,mobile,Web,India,Rajasthan,<Other>,referral,0.0,1,1,session_only
59830828.9266522892,564154513,2021-01-05,1,0,0,0,0,0,desktop,Web,United States,Wisconsin,google,cpc,0.0,1,1,session_only
22599953.5165982333,9812676346,2021-01-07,1,0,0,0,0,0,desktop,Web,Indonesia,West Java,(direct),(none),0.0,1,1,session_only
5013081.1294454751,5289176618,2021-01-02,1,0,0,0,0,0,mobile,iOS,Canada,Ontario,(direct),(none),0.0,1,1,session_only
1609814708.6798391034,8720473337,2021-01-17,1,0,0,0,0,0,mobile,iOS,United States,North Carolina,<Other>,<Other>,0.0,1,1,session_only
5716813.2032932927,4338508749,2020-12-24,1,1,0,0,0,0,desktop,Web,United States,Maryland,google,cpc,0.0,3,2,view_item
5649659.9228790285,9670463721,2020-11-07,1,1,0,1,0,0,desktop,Web,Mexico,Jalisco,shop.googlemerchandisestore.com,referral,0.0,62,4,begin_checkout
70761291.5444430666,2375226385,2020-11-02,1,1,0,0,0,0,desktop,Windows,Netherlands,North Brabant,(direct),(none),0.0,2,2,view_item
79034768.0155596142,5670959988,2021-01-15,1,0,0,0,0,0,desktop,Windows,India,Delhi,google,organic,0.0,1,1,session_only
4933842.6531660526,4279607739,2021-01-06,1,0,0,0,0,0,desktop,Web,United States,New York,(data deleted),(data deleted),0.0,1,1,session_only
4529327.1786171238,6264893302,2020-12-10,1,1,0,1,1,1,mobile,Web,United States,Texas,google,organic,23.2,19,6,purchase
36392640.7367005466,655609472,2020-11-04,1,0,0,0,0,0,desktop,Windows,United States,Nebraska,(direct),(none),0.0,1,1,session_only
39326005.6476410011,8958048218,2020-12-28,1,0,0,0,0,0,desktop,Windows,United States,Colorado,<Other>,referral,0.0,1,1,session_only
49930970.6325575397,2654638156,2020-11-22,1,1,0,0,0,0,mobile,Web,United States,Tennessee,<Other>,<Other>,0.0,2,2,view_item
29246254.3562434594,6950710528,2021-01-06,1,0,0,0,0,0,mobile,iOS,Singapore,(not set),<Other>,referral,0.0,1,1,session_only
4708860.7796161842,2433601619,2020-12-08,1,0,0,0,0,0,desktop,Web,Canada,British Columbia,<Other>,referral,0.0,1,1,session_only
84733987.1998752292,175586824,2020-12-08,1,1,1,1,1,1,desktop,Web,Bangladesh,Dhaka Division,(direct),(none),64.24,29,6,purchase
74517200.3485518539,9119524461,2020-12-26,1,0,0,0,0,0,mobile,Android,India,Gujarat,<Other>,referral,0.0,1,1,session_only
7397315.0872932245,4098496014,2021-01-21,1,0,0,0,0,0,mobile,iOS,United States,New Mexico,(direct),(none),0.0,1,1,session_only
4246844.6165149929,5138287934,2021-01-08,1,1,0,0,0,0,mobile,iOS,United States,Tennessee,(direct),(none),0.0,9,2,view_item
4425615.1722152626,5988885514,2020-12-16,1,0,0,0,0,0,desktop,Macintosh,United States,Alabama,(direct),(none),0.0,1,1,session_only
67395901.4514958750,8533678218,2020-12-30,1,0,0,0,0,0,mobile,iOS,United Kingdom,England,shop.googlemerchandisestore.com,referral,0.0,1,1,session_only
8972533.9067865540,648680789,2020-12-24,1,0,0,0,0,0,desktop,Macintosh,United States,Wisconsin,(direct),(none),0.0,1,1,session_only
3353526.8991529393,8260623768,2020-11-16,1,1,0,0,0,0,desktop,Macintosh,Canada,British Columbia,(data deleted),(data deleted),0.0,3,2,view_item
28467629.6242666087,8741246205,2020-12-28,1,1,0,0,0,0,desktop,Web,United States,District of Columbia,<Other>,referral,0.0,2,2,view_item
62856592.1929115678,8742543374,2021-01-25,1,0,0,0,0,0,desktop,Windows,United States,Connecticut,(data deleted),(data deleted),0.0,1,1,session_only
70609740.2168345243,7600943702,2021-01-24,1,0,0,0,0,0,mobile,Android,United States,District of Columbia,<Other>,<Other>,0.0,1,1,session_only
5225434.5047908347,1387017050,2021-01-16,1,0,0,0,0,0,mobile,Web,United States,Maryland,google,organic,0.0,1,1,session_only
8651698.9317079892,1001783070,2021-01-30,1,0,0,0,0,0,mobile,iOS,Canada,British Columbia,<Other>,referral,0.0,1,1,session_only
1342121.8359132093,2687148816,2021-01-21,1,1,0,0,0,0,desktop,Web,Germany,North Rhine-Westphalia,(direct),(none),0.0,2,2,view_item
43881000.5555271061,1309633509,2020-12-08,1,0,0,0,0,0,desktop,Web,India,Bihar,(direct),(none),0.0,1,1,session_only
19240471.3550336141,9111970846,2020-12-29,1,0,0,0,0,0,mobile,iOS,United States,California,(data deleted),(data deleted),0.0,1,1,session_only
53090603.0952260426,3342516569,2020-12-10,1,0,0,0,0,0,mobile,Android,India,Madhya Pradesh,(direct),(none),0.0,1,1,session_only
2186427.0564397720,1294309875,2020-11-16,1,0,0,0,0,0,desktop,Web,Philippines,Central Luzon,<Other>,<Other>,0.0,1,1,session_only
9138043.0461550911,2193750328,2020-11-29,1,0,0,0,0,0,mobile,Web,United Kingdom,England,(direct),(none),0.0,1,1,session_only
19526337.4035301249,7203307334,2020-11-01,1,0,0,0,0,0,mobile,Web,Brazil,State of Parana,google,organic,0.0,1,1,session_only
2294493.4899829807,6783685055,2020-11-08,1,0,0,0,0,0,desktop,<Other>,United States,Vermont,google,organic,0.0,1,1,session_only
1436198.5426659897,7955095586,2020-12-10,1,1,1,0,0,0,desktop,Web,Canada,Ontario,shop.googlemerchandisestore.com,referral,0.0,18,3,add_to_cart
2383000.9383349011,4096805169,2020-12-21,1,0,0,0,0,0,desktop,Macintosh,France,Ile-de-France,(direct),(none),0.0,1,1,session_only
23300375.4807933769,2459975600,2020-12-16,1,0,0,0,0,0,desktop,Web,United States,California,google,organic,0.0,1,1,session_only
8439776.4986910283,3774186414,2021-01-08,1,1,0,0,0,0,desktop,Macintosh,France,Auvergne-Rhone-Alpes,<Other>,<Other>,0.0,2,2,view_item
62976593.1821980898,4636075653,2020-11-03,1,0,0,0,0,0,mobile,iOS,Thailand,Bangkok,google,organic,0.0,1,1,session_only
13674278.2219540616,8614238506,2020-12-30,1,0,0,0,0,0,desktop,Web,United States,California,<Other>,<Other>,0.0,1,1,session_only
1694858.5709655989,7240131847,2020-11-18,1,0,0,0,0,0,mobile,Web,United States,Missouri,google,organic,0.0,1,1,session_only
7046799.8143587812,8564582853,2020-12-24,1,0,0,0,0,0,mobile,Android,United States,Tennessee,google,organic,0.0,1,1,session_only
1948224.0928047908,282393816,2020-11-02,1,0,0,0,0,0,desktop,Macintosh,United States,California,(direct),(none),0.0,1,1,session_only
8404248.0921115739,1386358703,2020-12-25,1,0,0,0,0,0,desktop,Web,India,Maharashtra,(direct),(none),0.0,1,1,session_only
74344619.3274968629,6650101814,2021-01-18,1,0,0,0,0,0,mobile,iOS,United States,Idaho,shop.googlemerchandisestore.com,referral,0.0,1,1,session_only
50743020.7270081933,1444145308,2020-11-09,1,0,0,0,0,0,mobile,Android,United States,Texas,(direct),(none),0.0,1,1,session_only
88248106.6644632340,1931578805,2021-01-04,1,0,0,0,0,0,desktop,Windows,Canada,Alberta,<Other>,<Other>,0.0,1,1,session_only
5055352.2818270129,297451033,2021-01-15,1,1,1,0,0,0,desktop,Windows,India,Karnataka,<Other>,referral,0.0,5,3,add_to_cart
8996049.0886136131,9893970639,2020-11-12,1,0,0,0,0,0,mobile,Web,China,Zhejiang,google,organic,0.0,1,1,session_only
68128491.3433567326,5847379162,2021-01-08,1,0,0,0,0,0,desktop,Windows,Portugal,Lisbon,<Other>,<Other>,0.0,1,1,session_only
2469289.8571899898,3272008083,2021-01-17,1,0,0,0,0,0,desktop,Web,India,Bihar,google,organic,0.0,1,1,session_only
2480994583.9166922057,5678295587,2020-11-22,1,0,0,0,0,0,mobile,Web,United States,New Jersey,<Other>,referral,0.0,1,1,session_only
93642826.5255999468,2714335888,2021-01-09,1,0,0,0,0,0,desktop,Web,France,Auvergne-Rhone-Alpes,google,organic,0.0,1,1,session_only
78194356.5543591069,4555965168,2021-01-28,1,0,0,0,0,0,desktop,Windows,Italy,Veneto,<Other>,organic,0.0,1,1,session_only
8636312098.5742946963,8720996470,2020-11-13,1,1,0,0,0,0,desktop,<Other>,Bangladesh,(not set),(direct),(none),0.0,3,2,view_item
25210889.0054166126,140816426,2020-12-06,1,0,0,0,0,0,desktop,Web,Vietnam,(not set),<Other>,<Other>,0.0,1,1,session_only
8338601.6590807440,5539575308,2021-01-17,1,0,0,0,0,0,desktop,Web,United States,Michigan,(data deleted),(data deleted),0.0,1,1,session_only
71464861.9110252412,284468256,2021-01-13,1,0,0,0,0,0,mobile,Web,United States,California,<Other>,<Other>,0.0,1,1,session_only
36141722.7046647746,3123314322,2020-12-10,1,0,0,0,0,0,mobile,Web,India,Jharkhand,(direct),(none),0.0,1,1,session_only
65965628.2517080830,894765185,2020-12-22,1,1,0,0,0,0,desktop,Web,United States,New York,<Other>,<Other>,0.0,2,2,view_item
9030566.6515169802,7538567677,2021-01-11,1,1,0,0,0,0,mobile,Web,United States,New York,<Other>,<Other>,0.0,2,2,view_item
5906752.8159974686,4924145682,2021-01-14,1,0,0,0,0,0,mobile,Android,United Kingdom,England,(direct),(none),0.0,1,1,session_only
71464739.7467086203,3205498001,2021-01-25,1,0,0,0,0,0,desktop,Web,India,Maharashtra,(data deleted),(data deleted),0.0,1,1,session_only
34576982.9284161523,2555992903,2020-12-02,1,0,0,0,0,0,mobile,Web,United States,Ohio,(direct),(none),0.0,1,1,session_only
8748446.1294480127,6234236897,2020-11-06,1,0,0,0,0,0,desktop,Web,Canada,Ontario,<Other>,organic,0.0,1,1,session_only
4022815.0936856213,4745669589,2020-11-03,1,0,0,0,0,0,mobile,Web,United States,Illinois,google,organic,0.0,1,1,session_only
53406211.8724008214,496032338,2021-01-07,1,0,0,1,1,1,desktop,Windows,United States,Minnesota,google,organic,0.0,6,6,purchase
4575148.3287767997,7644368,2020-11-02,1,0,0,0,0,0,desktop,Web,Romania,Bucharest,google,organic,0.0,1,1,session_only
46799560.4452791956,9744229066,2021-01-18,1,0,0,0,0,0,desktop,Macintosh,United States,Massachusetts,google,organic,0.0,1,1,session_only
74135941.8974266750,1470386179,2020-11-04,1,1,0,0,0,0,desktop,Web,Australia,New South Wales,(direct),(none),0.0,2,2,view_item
5571997707.3952534791,7854413916,2021-01-30,1,0,0,0,0,0,desktop,Web,United Kingdom,England,google,organic,0.0,1,1,session_only
81038083.1613032317,4820469634,2020-11-21,1,0,0,0,0,0,desktop,Windows,United States,Texas,(direct),(none),0.0,1,1,session_only
8850858264.8314016866,4339879553,2020-11-18,1,1,1,1,0,0,desktop,Web,United States,Ohio,<Other>,<Other>,0.0,10,4,begin_checkout
5859361.8142083339,4048565656,2020-12-26,1,0,0,0,0,0,desktop,Web,United States,Oklahoma,google,organic,0.0,1,1,session_only
90115857.5936618504,5595672239,2021-01-09,1,1,0,0,0,0,mobile,Android,United States,California,google,organic,0.0,6,2,view_item
5278589.0330428155,4753039552,2020-12-10,1,1,0,1,1,1,mobile,Web,India,Maharashtra,<Other>,referral,0.0,27,6,purchase
46391489.2740731594,6090364945,2021-01-13,1,1,1,1,1,1,mobile,Web,United States,Georgia,google,organic,0.0,44,6,purchase
1516754.4438384801,1929897652,2020-12-08,1,0,0,0,0,0,desktop,Web,United States,New York,google,organic,0.0,1,1,session_only
86448119.4871560926,6947347822,2020-12-21,1,0,0,0,0,0,desktop,Windows,Morocco,Casablanca-Settat,<Other>,organic,0.0,1,1,session_only
25051995.6437331939,2843879525,2021-01-31,1,0,0,0,0,0,mobile,iOS,United States,Ohio,google,organic,0.0,1,1,session_only
3084337.0080265743,6040103823,2021-01-02,1,0,0,0,0,0,tablet,Web,India,Rajasthan,(direct),(none),0.0,1,1,session_only
6789597.0042660478,398224612,2020-11-15,1,0,0,0,0,0,mobile,iOS,United States,California,google,organic,0.0,1,1,session_only
39026147.9935924992,138125242,2021-01-26,1,0,0,0,0,0,desktop,Windows,India,West Bengal,(direct),(none),0.0,1,1,session_only
52671085.1084986712,4922098737,2020-12-16,1,0,0,0,0,0,desktop,Windows,United States,Virginia,(direct),(none),0.0,1,1,session_only
8491392.7769190562,9976955933,2020-11-07,1,0,0,0,0,0,mobile,Web,United States,Virginia,<Other>,<Other>,0.0,1,1,session_only
2953636.1462462708,9735054654,2021-01-09,1,0,0,0,0,0,desktop,Web,Canada,Alberta,<Other>,<Other>,0.0,1,1,session_only
36872461.8445238926,9084580959,2020-12-02,1,0,0,0,0,0,mobile,Web,United States,Washington,shop.googlemerchandisestore.com,referral,0.0,1,1,session_only
1300101737.4111221435,4321748182,2021-01-18,1,1,0,0,0,0,desktop,Web,United States,Texas,<Other>,referral,0.0,4,2,view_item
39530950.1368321145,9755343152,2020-11-21,1,0,0,0,0,0,mobile,Web,India,Delhi,google,organic,0.0,1,1,session_only
3046628.0817133608,7819178102,2020-11-02,1,0,0,0,0,0,desktop,Windows,France,Grand Est,(data deleted),(data deleted),0.0,1,1,session_only
2605468.7128696165,9283400087,2021-01-06,1,1,1,1,1,1,desktop,Web,Australia,South Australia,(direct),(none),0.0,25,6,purchase
2768092.1968921833,4628273755,2020-11-04,0,1,0,0,0,0,mobile,iOS,United States,Rhode Island,google,organic,0.0,6,2,view_item
65347891.4882134066,4924317329,2020-11-06,1,0,0,0,0,0,desktop,Macintosh,United States,Minnesota,<Other>,<Other>,0.0,1,1,session_only
1342173.6511298548,2527506087,2021-01-07,1,1,0,0,0,0,desktop,Web,France,Pays de la Loire,google,organic,0.0,21,2,view_item
66300869.1490242150,5889331109,2021-01-26,1,1,0,0,0,0,desktop,Web,United States,New York,<Other>,<Other>,0.0,2,2,view_item
42675324.3658621899,3507648953,2021-01-25,1,0,0,0,0,0,mobile,iOS,United States,New York,google,organic,0.0,1,1,session_only
39727833.3663264930,2376873213,2020-12-30,1,0,0,0,0,0,desktop,Web,Hong Kong,(not set),<Other>,<Other>,0.0,1,1,session_only
3546361.6555469866,7332735830,2020-12-30,1,0,0,0,0,0,mobile,iOS,United States,California,<Other>,<Other>,0.0,1,1,session_only
77758749.6924408769,1967156021,2020-12-13,1,0,0,0,0,0,desktop,Web,Poland,(not set),google,organic,0.0,1,1,session_only
6653197.0968529427,8196660615,2021-01-23,1,0,0,0,0,0,mobile,Web,United States,California,<Other>,<Other>,0.0,1,1,session_only
3677672.9934017191,3292892947,2021-01-15,1,1,0,0,0,0,mobile,Web,Poland,Lublin Voivodeship,(direct),(none),0.0,2,2,view_item
45947307.1510228600,8989152679,2020-11-03,1,0,0,0,0,0,desktop,Web,Denmark,Region of Southern Denmark,(direct),(none),0.0,1,1,session_only
2878192.5369297912,2918761308,2021-01-29,1,0,0,0,0,0,desktop,Web,United States,Illinois,google,organic,0.0,1,1,session_only
1979284.9893177170,1698827015,2020-11-02,1,0,0,0,0,0,desktop,Web,Indonesia,Jakarta,<Other>,referral,0.0,1,1,session_only
26117912.1325321245,5367502802,2020-11-03,1,0,0,0,0,0,desktop,Web,Portugal,Lisbon,<Other>,organic,0.0,1,1,session_only
64680314.0270298420,7417124585,2021-01-09,1,0,0,0,0,0,mobile,Android,Spain,Madrid,google,organic,0.0,1,1,session_only
2968068.9503410251,2691436033,2020-12-26,1,1,0,0,0,0,desktop,Windows,China,Henan,google,organic,0.0,2,2,view_item
12888915.5769634976,9768047613,2021-01-08,1,0,0,0,0,0,desktop,Web,Singapore,(not set),google,organic,0.0,1,1,session_only
22223267.9572233224,328881877,2021-01-31,1,1,0,0,0,0,desktop,Web,United States,Texas,(direct),(none),0.0,102,2,view_item
4852817.2800057295,5342180272,2020-11-18,1,0,0,0,0,0,mobile,iOS,South Korea,Gyeonggi-do,(direct),(none),0.0,1,1,session_only
70995667.8207615727,336721446,2021-01-02,1,0,0,0,0,0,mobile,Android,India,Gujarat,(direct),(none),0.0,1,1,session_only
39224800.0639393806,7600569676,2020-12-29,1,0,0,0,0,0,mobile,Web,Bulgaria,(not set),<Other>,<Other>,0.0,1,1,session_only
7910449.8210859835,8552189469,2021-01-14,1,0,0,0,0,0,desktop,Web,North Macedonia,(not set),<Other>,<Other>,0.0,1,1,session_only
7543956.7156665459,2813021032,2020-11-16,1,0,0,0,0,0,desktop,Web,India,Haryana,google,organic,0.0,1,1,session_only
54609381.3300188378,8287635483,2020-12-27,1,0,0,0,0,0,desktop,Web,United States,California,(direct),(none),0.0,1,1,session_only
5533590.3043698247,44435766,2021-01-01,1,0,0,0,0,0,mobile,Android,Canada,Ontario,(direct),(none),0.0,1,1,session_only
7083291.9694425844,3825465694,2020-12-08,1,0,0,0,0,0,desktop,Web,United States,California,(direct),(none),0.0,1,1,session_only
1707099248.8902226101,6400111982,2021-01-06,1,1,0,0,0,0,mobile,iOS,India,Uttar Pradesh,<Other>,<Other>,0.0,3,2,view_item
57580958.9033687511,9177323275,2021-01-17,1,0,0,0,0,0,tablet,iOS,United States,New Hampshire,(direct),(none),0.0,1,1,session_only
18161607.9002799024,8932603319,2020-12-13,1,1,1,1,1,1,mobile,iOS,United States,Utah,google,organic,36.8,20,6,purchase
69257351.3351851688,891778638,2020-12-27,1,0,0,0,0,0,desktop,Web,United States,Georgia,(direct),(none),0.0,1,1,session_only
2736335.3977647290,9667969496,2021-01-31,1,0,0,0,0,0,mobile,Web,Taiwan,Taipei City,google,cpc,0.0,1,1,session_only
37567373.0394049260,9116901381,2020-12-21,1,0,0,0,0,0,mobile,Android,Italy,Lombardy,(direct),(none),0.0,1,1,session_only
75542435.7044450851,9105544990,2020-11-03,1,0,0,0,0,0,mobile,Android,United States,Virginia,google,organic,0.0,1,1,session_only
7386096.0234329425,394503198,2020-12-22,1,0,0,0,0,0,mobile,iOS,Canada,Quebec,(direct),(none),0.0,1,1,session_only
4785413.2283186937,3518365921,2021-01-14,1,0,0,0,0,0,mobile,iOS,United States,Idaho,(direct),(none),0.0,1,1,session_only
21266327.1567713563,6894751398,2020-11-13,1,0,0,0,0,0,desktop,Windows,United States,New York,google,organic,0.0,1,1,session_only
54765532.7435394326,1624895402,2020-11-21,1,0,0,0,0,0,mobile,Web,United States,New York,google,organic,0.0,1,1,session_only
7479929.8152099441,1032481541,2020-12-02,1,0,0,0,0,0,desktop,<Other>,United States,Oklahoma,google,organic,0.0,1,1,session_only
3168913.4538837012,5457693872,2021-01-18,1,0,0,0,0,0,mobile,iOS,United States,Florida,google,organic,0.0,1,1,session_only
29261417.8079920826,5146345255,2020-11-14,1,0,0,0,0,0,tablet,iOS,United States,Massachusetts,<Other>,organic,0.0,1,1,session_only
3695148650.5850862213,8028171034,2021-01-29,1,0,0,0,0,0,mobile,Web,India,Delhi,<Other>,<Other>,0.0,1,1,session_only
72710092.5263740533,23885918,2020-11-08,1,0,0,0,0,0,desktop,Web,United States,Virginia,google,organic,0.0,1,1,session_only
4363778.7578633487,448066881,2021-01-11,1,0,0,0,0,0,mobile,Web,United States,Texas,<Other>,organic,0.0,1,1,session_only
1854618.1888801147,5698689697,2020-12-08,1,0,0,0,0,0,mobile,Android,United States,California,google,organic,0.0,1,1,session_only
84668912.4950850442,2696698227,2020-12-21,1,0,0,0,0,0,desktop,Web,United States,New York,<Other>,referral,0.0,1,1,session_only
91376862.4856404354,736722480,2020-11-15,1,1,0,1,1,1,mobile,Web,United States,Georgia,google,organic,0.0,10,6,purchase
85526509.7682295013,7568674869,2021-01-01,1,0,0,0,0,0,mobile,Android,India,West Bengal,<Other>,<Other>,0.0,1,1,session_only
70252509.1542448394,1846266746,2020-12-02,1,1,0,0,0,0,desktop,Web,United States,Virginia,(direct),(none),0.0,3,2,view_item
29734618.8882269157,2698679705,2020-11-13,1,1,0,0,0,0,desktop,Macintosh,India,West Bengal,(direct),(none),0.0,2,2,view_item
7587120.6945616148,8515824137,2020-12-27,1,0,0,0,0,0,desktop,Windows,United States,Michigan,google,organic,0.0,1,1,session_only
3618662.8540370385,8306775099,2020-11-18,1,0,0,0,0,0,desktop,Windows,United States,Delaware,google,organic,0.0,1,1,session_only
33188017.7637830946,7216647159,2021-01-05,1,1,0,0,0,0,desktop,Windows,United States,Colorado,(direct),(none),0.0,7,2,view_item
7669567.8490583918,6066156760,2020-12-06,1,0,0,0,0,0,desktop,Macintosh,India,Maharashtra,<Other>,<Other>,0.0,1,1,session_only
7018576.0179840849,7160071414,2021-01-08,1,0,0,0,0,0,desktop,<Other>,United States,Kansas,<Other>,referral,0.0,1,1,session_only
7599567.0132883631,6188847363,2021-01-10,1,0,0,0,0,0,desktop,Web,Taiwan,Taipei City,<Other>,referral,0.0,1,1,session_only
45621069.0951827237,2639578312,2020-12-02,1,0,0,0,0,0,desktop,Web,South Korea,Seoul,google,organic,0.0,1,1,session_only
62738775.4729752170,9929156751,2020-11-02,1,1,0,1,1,1,mobile,iOS,India,Odisha,google,organic,58.4,16,6,purchase
1582484.5904914808,9765809817,2021-01-21,1,0,0,0,0,0,desktop,Web,United States,Rhode Island,<Other>,<Other>,0.0,1,1,session_only
14419555.2541409451,428320501,2020-11-13,1,0,0,0,0,0,mobile,Web,United States,(not set),<Other>,<Other>,0.0,1,1,session_only
72076571.8341512848,2814955706,2020-12-06,1,0,0,0,0,0,mobile,Web,India,Telangana,(direct),(none),0.0,1,1,session_only
23450855.9109405854,2245351433,2020-11-09,1,1,0,0,0,0,desktop,Windows,United States,California,<Other>,<Other>,0.0,2,2,view_item
27103783.9505276754,1792251633,2020-11-15,1,0,0,0,0,0,desktop,Web,Spain,Madrid,<Other>,<Other>,0.0,1,1,session_only
7644052.7232523165,5197112166,2020-11-03,1,1,0,1,1,1,mobile,Web,Hong Kong,(not set),(direct),(none),43.6,21,6,purchase
48843377.2470468201,2284766908,2020-12-16,1,0,0,0,0,0,desktop,Windows,France,Occitanie,<Other>,<Other>,0.0,1,1,session_only
80648679.7208945714,3894621627,2021-01-18,1,0,0,0,0,0,desktop,Web,United States,Virginia,google,organic,0.0,1,1,session_only
8530148.2100604155,4657168566,2020-11-13,1,0,0,0,0,0,mobile,Web,United States,Virginia,<Other>,<Other>,0.0,1,1,session_only
2603505.4799189138,2687762710,2021-01-14,1,0,0,0,0,0,desktop,Web,Canada,Ontario,<Other>,organic,0.0,1,1,session_only
3782558.7181419799,6155005342,2020-12-10,1,0,0,0,0,0,mobile,iOS,United States,Florida,<Other>,organic,0.0,1,1,session_only
59871074.7966102798,2675720198,2021-01-07,1,0,0,0,0,0,mobile,Web,United States,Pennsylvania,(direct),(none),0.0,1,1,session_only
2429378757.7794057011,8229033597,2021-01-28,1,0,0,0,0,0,mobile,Web,China,Zhejiang,<Other>,<Other>,0.0,1,1,session_only
4868677.7149173834,6927703002,2020-12-25,1,0,0,0,0,0,desktop,Web,India,Tamil Nadu,google,organic,0.0,1,1,session_only
47439541.2275532222,6164016505,2021-01-08,1,0,0,0,0,0,mobile,iOS,United States,Texas,google,organic,0.0,1,1,session_only
68904009.7671612246,4275181146,2021-01-30,1,1,1,1,1,1,desktop,Macintosh,Spain,Madrid,(data deleted),(data deleted),0.0,13,6,purchase
4670841.6660469429,3851155669,2021-01-16,1,1,0,1,1,0,mobile,iOS,India,Bihar,google,organic,0.0,39,5,add_payment
33174513.5025224593,1131214718,2021-01-07,1,0,0,0,0,0,desktop,Web,United States,Oregon,shop.googlemerchandisestore.com,referral,0.0,1,1,session_only
31308322.2805944458,8823376024,2021-01-21,1,0,0,0,0,0,mobile,iOS,Pakistan,Sindh,(direct),(none),0.0,1,1,session_only
7165136.0148878003,1324291738,2021-01-24,1,0,0,0,0,0,tablet,iOS,United States,California,google,organic,0.0,1,1,session_only
90620367.1858201868,1625557639,2021-01-07,1,1,0,0,0,0,desktop,Web,India,Rajasthan,(direct),(none),0.0,3,2,view_item
80807200.4695202011,8128636184,2020-12-06,1,0,0,0,0,0,mobile,Web,Sweden,Stockholm County,(direct),(none),0.0,1,1,session_only
4573573.3884863942,717348794,2021-01-03,1,0,0,0,0,0,desktop,Web,United States,Illinois,google,organic,0.0,1,1,session_only
81849709.0854251198,1163315348,2021-01-22,1,0,0,0,0,0,desktop,Web,Iceland,Capital Region,shop.googlemerchandisestore.com,referral,0.0,1,1,session_only
3941428.8739451684,7882854920,2020-11-01,1,0,0,0,0,0,desktop,Web,Slovenia,Ljubljana,google,organic,0.0,1,1,session_only
71631542.8896647028,7891570745,2020-11-15,1,0,0,0,0,0,tablet,Web,Spain,Madrid,google,organic,0.0,1,1,session_only
9117029.1480021961,4419313725,2020-11-07,1,0,0,0,0,0,desktop,Macintosh,Brazil,(not set),google,organic,0.0,1,1,session_only
57088043.6551614842,1389561997,2021-01-15,1,0,0,0,0,0,mobile,Android,United States,California,google,organic,0.0,1,1,session_only
17409839.0139997655,481277901,2021-01-07,1,0,0,0,0,0,desktop,Windows,Poland,Masovian Voivodeship,shop.googlemerchandisestore.com,referral,0.0,1,1,session_only
71184935.3747335002,6645456186,2021-01-06,1,0,0,0,0,0,desktop,Windows,United States,New Jersey,(direct),(none),0.0,1,1,session_only
6236750.4316848463,4847044787,2020-11-12,1,1,0,0,0,0,desktop,Web,Kazakhstan,Almaty Province,shop.googlemerchandisestore.com,referral,0.0,2,2,view_item
3680421.4213771360,2234726425,2020-11-21,1,1,0,0,0,0,desktop,Web,India,Rajasthan,(direct),(none),0.0,11,2,view_item
8183328.2038616516,6801753933,2021-01-03,1,1,0,0,0,0,mobile,iOS,United States,Virginia,google,cpc,0.0,8,2,view_item
81446570.6264670284,2955814019,2020-12-10,1,0,0,0,0,0,desktop,Web,Mexico,Nuevo Leon,<Other>,<Other>,0.0,1,1,session_only
2637993.6028878211,5843893409,2021-01-18,1,1,0,0,0,0,desktop,Windows,United States,Illinois,<Other>,<Other>,0.0,2,2,view_item
81774270.3037261611,2900922750,2020-12-10,1,1,0,0,0,0,desktop,Windows,United States,Kansas,google,organic,0.0,2,2,view_item
10801515.9189082554,4699326147,2020-12-05,1,0,0,0,0,0,mobile,Android,Colombia,Bogota,google,organic,0.0,1,1,session_only
4218644.5561746075,9172515429,2021-01-24,1,0,0,0,0,0,desktop,Web,India,Uttar Pradesh,google,organic,0.0,1,1,session_only
4630067.9329112228,6478422297,2021-01-17,1,0,0,0,0,0,mobile,iOS,United States,California,<Other>,<Other>,0.0,1,1,session_only
3029093.8433861310,8000279466,2020-11-03,1,0,0,0,0,0,desktop,Web,United States,Virginia,<Other>,referral,0.0,1,1,session_only
4690928.1025717138,5790086534,2021-01-07,1,0,0,0,0,0,desktop,Macintosh,India,Maharashtra,google,organic,0.0,1,1,session_only
69042864.9859663716,8762896987,2021-01-13,1,0,0,0,0,0,desktop,Web,United States,California,(direct),(none),0.0,1,1,session_only
4914686.5245931855,4155609346,2021-01-26,1,0,0,0,0,0,mobile,Web,United States,Nevada,<Other>,<Other>,0.0,1,1,session_only
7566496.5032454004,1212099521,2021-01-09,1,0,0,0,0,0,desktop,Web,United States,Texas,google,cpc,0.0,1,1,session_only
23933424.6199187417,3678600696,2020-11-01,1,0,0,0,0,0,tablet,Web,Taiwan,Taichung City,google,organic,0.0,1,1,session_only
5251642.2974739560,9681496051,2021-01-30,1,0,0,0,0,0,mobile,iOS,United States,Texas,<Other>,referral,0.0,1,1,session_only
4787298.2830443810,3362436715,2021-01-30,1,0,0,0,0,0,mobile,iOS,Canada,Alberta,(direct),(none),0.0,1,1,session_only
7774428.3017818390,9263705322,2020-12-22,1,0,0,0,0,0,mobile,iOS,United States,Texas,(data deleted),(data deleted),0.0,1,1,session_only
4086400184.8409468001,8383912230,2021-01-06,1,1,0,0,0,0,mobile,Web,China,Zhejiang,<Other>,referral,0.0,2,2,view_item
7124541.4501107456,1111483013,2021-01-25,1,1,0,0,0,0,desktop,Web,Georgia,Tbilisi,(direct),(none),0.0,2,2,view_item
1767608.5293832909,210739838,2020-11-22,1,1,0,1,1,1,desktop,Web,Costa Rica,San Jose Province,<Other>,referral,0.0,11,6,purchase
47332972.6927222652,2210457884,2020-11-13,1,0,0,0,0,0,desktop,Windows,United States,Texas,google,organic,0.0,1,1,session_only
68808829.1753373062,5721014834,2021-01-06,1,1,0,0,0,0,desktop,Windows,Germany,Lower Saxony,google,organic,0.0,3,2,view_item
1126276.0660604858,5904659934,2021-01-28,1,1,1,0,0,0,desktop,Web,United States,North Carolina,google,organic,0.0,3,3,add_to_cart
29736476.4953772756,3949893025,2020-12-21,1,0,0,0,0,0,mobile,Web,United States,New York,(direct),(none),0.0,1,1,session_only
66128752.7724646487,4663979899,2020-12-27,1,0,0,0,0,0,desktop,Web,Netherlands,Utrecht,google,organic,0.0,1,1,session_only
52262046.0060756984,9904748564,2020-11-29,1,0,0,0,0,0,desktop,Web,Japan,Hyogo,shop.googlemerchandisestore.com,referral,0.0,1,1,session_only
76458610.8169740598,6455589125,2021-01-08,1,0,0,0,0,0,desktop,Web,Brazil,(not set),google,organic,0.0,1,1,session_only
2127367.4441935233,4396264969,2021-01-21,1,1,1,1,1,1,desktop,Web,Sweden,Stockholm County,<Other>,referral,0.0,24,6,purchase
35045878.0995393433,9557088593,2020-12-27,1,0,0,0,0,0,desktop,Windows,Canada,New Brunswick,(direct),(none),0.0,1,1,session_only
66783383.1359765577,588629239,2020-12-10,1,0,0,0,0,0,desktop,Web,United States,Massachusetts,<Other>,referral,0.0,1,1,session_only
1668376.5800761076,7276586804,2020-12-28,1,0,0,0,0,0,mobile,Web,South Korea,Incheon,(direct),(none),0.0,1,1,session_only
82236031.0860081238,7664164332,2020-12-08,1,0,0,0,0,0,desktop,Web,Czechia,Prague,google,organic,0.0,1,1,session_only
6887812.1929831807,3537247237,2021-01-01,1,0,0,0,0,0,desktop,Web,United States,Illinois,google,organic,0.0,1,1,session_only
79458631.9450672794,9412740320,2020-12-08,1,0,0,0,0,0,desktop,Web,United States,Ohio,google,organic,0.0,1,1,session_only
1207339.7073846150,5678330154,2020-11-06,1,0,0,0,0,0,mobile,Web,Mexico,(not set),(direct),(none),0.0,1,1,session_only
5233192.7828994438,1335747706,2021-01-18,1,0,0,0,0,0,desktop,Windows,United States,Maryland,(data deleted),(data deleted),0.0,1,1,session_only
91076231.8556349465,8856916455,2020-12-30,1,1,0,0,0,0,mobile,Android,United States,Vermont,<Other>,referral,0.0,5,2,view_item
69020547.5050238132,6640094816,2020-12-05,1,1,0,0,0,0,desktop,Web,Poland,Kuyavian-Pomeranian Voivodeship,google,organic,0.0,10,2,view_item
35449187.9943816184,2160730699,2020-11-12,1,1,0,0,0,0,mobile,Web,United States,Ohio,<Other>,<Other>,0.0,2,2,view_item
48845346.5121345911,6961764771,2021-01-01,1,0,0,0,0,0,desktop,Web,United States,Texas,shop.googlemerchandisestore.com,referral,0.0,1,1,session_only
5739010.5377313096,1135863860,2020-11-29,1,0,0,0,0,0,desktop,Web,United States,Texas,google,organic,0.0,1,1,session_only
5784145.6852544507,4283510459,2021-01-28,1,0,0,0,0,0,desktop,Web,United Kingdom,England,<Other>,<Other>,0.0,1,1,session_only
71039713.8908232612,4659726805,2020-12-08,1,0,0,0,0,0,mobile,iOS,India,Andhra Pradesh,<Other>,referral,0.0,1,1,session_only
32539906.0884111287,6848401766,2020-11-02,1,0,0,0,0,0,desktop,Web,Canada,Quebec,shop.googlemerchandisestore.com,referral,0.0,1,1,session_only
74963388.2635733657,4225725319,2020-12-10,1,0,0,0,0,0,desktop,Web,United States,Missouri,<Other>,referral,0.0,1,1,session_only
2986157499.7722700197,2958957770,2020-11-18,1,1,0,1,0,0,desktop,Web,United States,New Jersey,(direct),(none),0.0,3,4,begin_checkout
22435234.7877371545,8305947751,2020-11-04,1,0,0,0,0,0,desktop,Web,United States,Florida,google,organic,0.0,1,1,session_only
74013545.3390454723,6979976325,2020-12-08,1,0,0,0,0,0,desktop,Windows,United States,Virginia,google,organic,0.0,1,1,session_only
8067088.3019692364,6986871082,2020-12-13,1,0,0,0,0,0,desktop,Web,United States,Washington,<Other>,<Other>,0.0,1,1,session_only
80942961.0423755721,7400570254,2020-11-13,1,0,0,0,0,0,desktop,Web,Portugal,Porto District,<Other>,<Other>,0.0,1,1,session_only
2989206.6619901179,3363702286,2021-01-13,1,0,0,0,0,0,desktop,Web,United States,New Jersey,<Other>,organic,0.0,1,1,session_only
9007367.0853148648,9561772425,2020-11-14,1,0,0,0,0,0,mobile,iOS,China,Guangdong Province,(direct),(none),0.0,1,1,session_only
92192907.0875081964,6548907937,2021-01-23,1,1,0,0,0,0,desktop,Windows,Canada,Quebec,<Other>,<Other>,0.0,2,2,view_item
31447918.6953190389,1398919125,2020-12-29,1,0,0,0,0,0,desktop,Web,Germany,Berlin,<Other>,<Other>,0.0,1,1,session_only
88839607.3955437015,7800552749,2020-12-21,1,1,1,0,0,0,desktop,Windows,Canada,British Columbia,<Other>,<Other>,0.0,11,3,add_to_cart
8292599.4511651415,1457675552,2020-11-02,1,0,0,0,0,0,mobile,Web,Romania,(not set),(direct),(none),0.0,1,1,session_only
1856267.4409278035,942021783,2021-01-31,1,0,0,0,0,0,mobile,Web,United States,Montana,shop.googlemerchandisestore.com,referral,0.0,1,1,session_only
48970332.0594165846,2956572809,2020-12-16,1,0,0,0,0,0,mobile,Web,(not set),(not set),google,organic,0.0,1,1,session_only
89040609.5167686665,6826222974,2020-12-02,1,0,0,0,0,0,desktop,Web,United States,California,<Other>,referral,0.0,1,1,session_only
3724345.4257083180,2197422295,2021-01-18,1,0,0,0,0,0,desktop,Web,Germany,North Rhine-Westphalia,<Other>,organic,0.0,1,1,session_only
78299278.6924472961,255841711,2020-11-21,1,0,0,0,0,0,mobile,Web,(not set),(not set),google,organic,0.0,1,1,session_only
12029807.0680802409,5076012884,2021-01-14,1,0,0,0,0,0,desktop,Web,United States,Massachusetts,<Other>,referral,0.0,1,1,session_only
3491055.9457511166,9552808454,2021-01-08,1,1,1,1,1,1,desktop,Web,United States,Colorado,google,organic,0.0,24,6,purchase
42078061.9998114927,3034841659,2020-11-21,1,0,0,0,0,0,mobile,iOS,Canada,Saskatchewan,google,cpc,0.0,1,1,session_only
5889653.3095758935,7271754719,2020-11-29,1,0,0,0,0,0,mobile,Web,Cambodia,Phnom Penh,google,organic,0.0,1,1,session_only
5806718.1391312518,2440694993,2021-01-05,1,0,0,0,0,0,mobile,iOS,United States,Massachusetts,(direct),(none),0.0,1,1,session_only
2525713.0322520707,1392369343,2021-01-02,1,0,0,0,0,0,desktop,Web,Netherlands,South Holland,google,organic,0.0,1,1,session_only
28844008.3391788824,6330879350,2021-01-10,1,0,0,0,0,0,mobile,Web,United States,California,google,organic,0.0,1,1,session_only
5491182.0969411438,7019916276,2021-01-01,1,0,0,0,0,0,desktop,Windows,Canada,Quebec,(direct),(none),0.0,1,1,session_only
2762905.3776229901,7257478870,2020-11-03,1,0,0,0,0,0,desktop,Macintosh,Canada,British Columbia,google,organic,0.0,1,1,session_only
72114424.5827774039,1105460351,2020-11-16,1,1,1,1,1,1,mobile,iOS,India,Maharashtra,google,organic,171.12,41,6,purchase
3781794.5097432166,4151981572,2021-01-07,1,1,0,0,0,0,mobile,Android,Canada,Alberta,<Other>,<Other>,0.0,4,2,view_item
54342991.4703161618,4475401486,2020-11-04,1,0,0,0,0,0,tablet,Web,United States,Nebraska,google,organic,0.0,1,1,session_only
1384666.0202554676,6185222649,2020-11-18,1,0,0,0,0,0,desktop,Web,United States,Massachusetts,(data deleted),(data deleted),0.0,1,1,session_only
10557897.0457969244,6562669462,2020-12-13,1,1,1,1,0,0,mobile,Web,India,Gujarat,(direct),(none),0.0,8,4,begin_checkout
7813896.0058648416,8981885329,2021-01-26,1,0,0,0,0,0,desktop,<Other>,Denmark,Central Denmark Region,google,cpc,0.0,1,1,session_only
10148311.6983504793,4364550939,2021-01-14,1,0,0,0,0,0,mobile,Android,Indonesia,Special Region of Yogyakarta,(direct),(none),0.0,1,1,session_only
18999141.8287009669,1607660911,2021-01-13,1,1,0,1,1,1,desktop,Macintosh,Singapore,(not set),<Other>,referral,0.0,13,6,purchase
2580895.4060580504,982465003,2020-12-24,1,0,0,0,0,0,mobile,Web,United Kingdom,England,(direct),(none),0.0,1,1,session_only
4537895.5543332501,3102239135,2021-01-22,1,1,0,0,0,0,desktop,Macintosh,United States,Washington,<Other>,<Other>,0.0,3,2,view_item
6888796.3377004612,5051497691,2020-11-08,1,0,0,0,0,0,desktop,Web,Ireland,County Dublin,google,organic,0.0,1,1,session_only
84248970.0277182278,6932502272,2021-01-18,1,0,0,0,0,0,desktop,Web,India,Telangana,(direct),(none),0.0,1,1,session_only
48239272.3554550360,4885729836,2021-01-23,1,0,0,0,0,0,desktop,Web,United Kingdom,England,<Other>,<Other>,0.0,1,1,session_only
6144518.6172925306,7463496353,2020-12-21,1,0,0,0,0,0,desktop,Web,Spain,Catalonia,(direct),(none),0.0,1,1,session_only
4159218.0698493157,4403701651,2020-11-18,1,0,0,0,0,0,desktop,Web,United States,Illinois,<Other>,<Other>,0.0,1,1,session_only
90108351.4731589376,8432977972,2021-01-29,1,0,0,0,0,0,desktop,Windows,United States,Florida,google,cpc,0.0,1,1,session_only
2587555.0612028369,7078641957,2021-01-21,1,1,0,0,0,0,desktop,Web,United States,Maryland,<Other>,<Other>,0.0,2,2,view_item
72486141.6988422707,9423869939,2021-01-11,1,0,0,0,0,0,mobile,Web,United States,Ohio,google,cpc,0.0,1,1,session_only
59145360.1336663072,9463710936,2020-12-25,1,0,0,0,0,0,mobile,Web,Lithuania,Vilnius County,<Other>,<Other>,0.0,1,1,session_only
7801635.0453924348,1855198759,2020-12-13,1,0,0,0,0,0,desktop,Web,United States,Kansas,<Other>,referral,0.0,1,1,session_only
9354609.2666553493,1156473775,2020-12-10,1,0,0,0,0,0,desktop,<Other>,New Zealand,Auckland,(direct),(none),0.0,1,1,session_only
34840103.2955059708,7068535180,2021-01-10,1,0,0,0,0,0,desktop,Web,Bolivia,(not set),(direct),(none),0.0,1,1,session_only
42325918.7432878620,3227157761,2020-12-02,1,0,0,0,0,0,mobile,Android,United States,Florida,shop.googlemerchandisestore.com,referral,0.0,1,1,session_only
42422389.9526997489,9846827043,2021-01-18,1,0,0,0,0,0,desktop,Web,Japan,Tokyo,(direct),(none),0.0,1,1,session_only
46449806.4739825664,6505923951,2020-11-01,1,1,0,0,0,0,mobile,iOS,Italy,Lombardy,google,organic,0.0,5,2,view_item
24975211.6711162982,2885109257,2020-12-08,1,0,0,0,0,0,desktop,Web,Croatia,City of Zagreb,(direct),(none),0.0,1,1,session_only
27534440.4070908048,3444495732,2021-01-13,1,0,0,0,0,0,desktop,Web,United States,California,google,organic,0.0,1,1,session_only
60380275.2147201126,5399985607,2021-01-31,1,0,0,1,1,1,desktop,Web,Italy,Lazio,<Other>,<Other>,0.0,5,6,purchase
17956280.0151088750,4177228241,2021-01-03,1,1,0,0,0,0,mobile,iOS,France,Ile-de-France,google,organic,0.0,3,2,view_item
8721700.2804862669,6181390097,2020-12-21,1,1,0,0,0,0,mobile,iOS,United States,New Mexico,(direct),(none),0.0,3,2,view_item
7319578.3761058144,3694348972,2020-11-29,1,0,0,0,0,0,mobile,Web,India,Bihar,<Other>,<Other>,0.0,1,1,session_only
51605325.8215613948,454553293,2020-11-16,1,1,0,1,1,1,mobile,Web,United States,Georgia,<Other>,<Other>,70.72,12,6,purchase
71088692.6553821773,6397527448,2021-01-05,1,1,0,0,0,0,mobile,iOS,United States,Wisconsin,<Other>,<Other>,0.0,2,2,view_item
51984152.0897959858,2643755950,2021-01-03,1,0,0,0,0,0,desktop,Macintosh,United States,Kansas,google,organic,0.0,1,1,session_only
50042641.2770097647,6018062563,2021-01-30,1,0,0,0,0,0,mobile,Web,United States,Alaska,google,organic,0.0,1,1,session_only
7708059.9041101884,5079834621,2021-01-08,1,0,0,0,0,0,mobile,Web,Serbia,(not set),google,organic,0.0,1,1,session_only
4976694.1071028485,1272071230,2021-01-15,1,0,0,0,0,0,mobile,Web,United States,Massachusetts,google,organic,0.0,1,1,session_only
32976463.3120997374,4173699829,2020-12-06,1,1,0,0,0,0,desktop,Web,Netherlands,(not set),google,organic,0.0,2,2,view_item
4621944.8702894760,8357395654,2021-01-18,1,0,0,0,0,0,desktop,Web,South Korea,Seoul,(direct),(none),0.0,1,1,session_only
935949060.8606973160,8755010383,2020-12-10,1,0,0,0,0,0,desktop,Windows,United States,California,<Other>,referral,0.0,1,1,session_only
6825632.3399303780,7822980782,2021-01-15,1,0,0,0,0,0,desktop,Windows,France,Ile-de-France,google,organic,0.0,1,1,session_only
65912053.1988200406,9193147179,2020-12-05,1,0,0,0,0,0,mobile,Web,Czechia,(not set),google,organic,0.0,1,1,session_only
2786317.5531870225,8350605628,2021-01-22,1,0,0,0,0,0,mobile,Android,United States,Virginia,google,organic,0.0,1,1,session_only
4076141.6605870157,7108171402,2021-01-17,1,0,0,0,0,0,mobile,iOS,United States,Illinois,<Other>,referral,0.0,1,1,session_only
38735433.5774488720,7875626526,2020-11-12,1,1,0,1,1,1,desktop,Windows,Canada,Ontario,(direct),(none),48.72,8,6,purchase
6122102.0976074147,7127386832,2020-12-02,1,0,0,0,0,0,tablet,Web,North Macedonia,(not set),shop.googlemerchandisestore.com,referral,0.0,1,1,session_only
75996346.5275262992,4650736048,2021-01-18,1,0,0,0,0,0,mobile,Web,United States,Georgia,google,organic,0.0,1,1,session_only
62533288.2105788795,3198750922,2020-12-22,1,0,0,0,0,0,mobile,Web,Mexico,Mexico City,<Other>,referral,0.0,1,1,session_only
3007946.7136143525,4922986696,2020-12-28,1,0,0,0,0,0,desktop,Web,United States,Virginia,<Other>,referral,0.0,1,1,session_only
6596516.5623513414,4164307826,2021-01-21,1,1,1,1,1,1,desktop,Web,United States,Ohio,shop.googlemerchandisestore.com,referral,154.3,64,6,purchase
6789471.2978657371,153461892,2020-11-21,1,0,0,0,0,0,mobile,iOS,United States,California,<Other>,<Other>,0.0,1,1,session_only
51717348.7679356533,9942984193,2021-01-05,1,0,0,0,0,0,mobile,Android,Italy,Liguria,google,organic,0.0,1,1,session_only
52481764.4675748737,4850256022,2021-01-09,1,0,0,0,0,0,mobile,iOS,China,Zhejiang,google,organic,0.0,1,1,session_only
7367010.4989925110,2409683240,2020-11-27,1,0,0,0,0,0,desktop,Web,Palestine,(not set),(direct),(none),0.0,1,1,session_only
63148322.1084985585,9729675929,2021-01-21,1,0,0,0,0,0,desktop,Web,United States,Kansas,google,organic,0.0,1,1,session_only
1617928626.6971978357,572568507,2021-01-28,1,0,0,0,0,0,mobile,Web,United States,Ohio,<Other>,<Other>,0.0,1,1,session_only
8439780.7668572825,3748173541,2020-12-10,1,0,0,0,0,0,desktop,Web,United Kingdom,England,(direct),(none),0.0,1,1,session_only
8573647.2949941883,9303728952,2020-12-29,1,0,0,0,0,0,desktop,Macintosh,United States,Hawaii,(direct),(none),0.0,1,1,session_only
90971497.2601427355,2437333051,2020-12-28,1,0,0,0,0,0,desktop,Web,United States,Wisconsin,google,organic,0.0,1,1,session_only
7190102.1712099868,1556169659,2021-01-03,1,1,0,0,0,0,desktop,Macintosh,United States,Texas,<Other>,<Other>,0.0,2,2,view_item
19847297.2305368553,1462006900,2020-12-30,1,0,0,0,0,0,tablet,Web,United States,California,google,organic,0.0,1,1,session_only
86147531.1822275626,6663457545,2021-01-24,1,0,0,0,0,0,tablet,Web,United States,New Jersey,(direct),(none),0.0,1,1,session_only
4862915.5906137508,5980194661,2021-01-04,1,1,0,0,0,0,desktop,Windows,United States,Utah,<Other>,organic,0.0,3,2,view_item
5309555.0667929012,308919473,2020-11-27,1,1,0,0,0,0,mobile,Web,United Kingdom,England,google,organic,0.0,2,2,view_item
15414613.0582920026,199254714,2020-12-24,1,0,0,0,0,0,mobile,iOS,United States,Massachusetts,google,organic,0.0,1,1,session_only
68909703.6547000641,2971981167,2020-11-12,1,1,0,0,0,0,desktop,Macintosh,United States,Texas,google,organic,0.0,5,2,view_item
53665321.2950452775,5609690506,2020-11-01,1,0,0,0,0,0,desktop,Web,Spain,Madrid,google,organic,0.0,1,1,session_only
47392694.7102797688,4418635836,2021-01-14,1,1,1,1,1,1,desktop,Windows,India,Uttar Pradesh,shop.googlemerchandisestore.com,referral,0.0,33,6,purchase
8618970.7458004226,6261592901,2021-01-16,1,0,0,0,0,0,mobile,Web,Canada,Alberta,(direct),(none),0.0,1,1,session_only
26854250.8170862789,6052463213,2020-12-29,1,0,0,0,0,0,desktop,Web,India,Gujarat,shop.googlemerchandisestore.com,referral,0.0,1,1,session_only
2990075.0842706996,6290832059,2020-11-02,1,0,0,0,0,0,mobile,Web,United States,Virginia,google,organic,0.0,1,1,session_only
21468519.8129813672,2603367446,2020-12-16,1,0,0,0,0,0,desktop,Windows,India,Bihar,(direct),(none),0.0,1,1,session_only
89313430.6259119131,5551634670,2021-01-09,1,1,0,0,0,0,mobile,iOS,United States,Massachusetts,google,organic,0.0,3,2,view_item
27093249.4410522380,9681129153,2020-12-25,1,0,0,0,0,0,mobile,Web,Poland,Masovian Voivodeship,google,organic,0.0,1,1,session_only
6968635.8190283809,2367756338,2020-12-08,1,0,0,0,0,0,desktop,Web,Taiwan,Taipei City,google,organic,0.0,1,1,session_only
1691259.1436527104,7601737029,2021-01-28,1,0,0,0,0,0,desktop,Windows,United States,Texas,google,organic,0.0,1,1,session_only
8585924.3706087208,8573517521,2020-11-04,1,0,0,0,0,0,mobile,Web,India,Tamil Nadu,<Other>,<Other>,0.0,1,1,session_only
6653193.1799400562,3399175623,2020-12-31,1,1,0,0,0,0,mobile,Web,Italy,Piedmont,<Other>,organic,0.0,2,2,view_item
11689868.7062610274,3936846574,2021-01-13,1,0,0,0,0,0,desktop,Windows,United States,Pennsylvania,(direct),(none),0.0,1,1,session_only
7975912.7436107454,8020456731,2020-12-02,1,1,0,0,0,0,mobile,Web,United States,Nevada,(direct),(none),0.0,5,2,view_item
1655984.8121561507,2659654947,2020-12-06,1,0,0,0,0,0,desktop,Web,Norway,(not set),(direct),(none),0.0,1,1,session_only
85379171.2474999604,1698446269,2020-11-09,1,0,0,0,0,0,desktop,Web,Israel,Tel Aviv District,<Other>,<Other>,0.0,1,1,session_only
2045054.4328801754,5859661061,2020-12-27,1,0,0,0,0,0,mobile,Android,India,Bihar,(data deleted),(data deleted),0.0,1,1,session_only
1486170.1537725948,3701507904,2020-12-30,1,0,0,0,0,0,desktop,<Other>,India,Maharashtra,(direct),(none),0.0,1,1,session_only
3462101.1320245746,4365984430,2021-01-06,1,0,0,0,0,0,mobile,Web,Mexico,Puebla,<Other>,referral,0.0,1,1,session_only
4291228.3834329227,5984450565,2020-11-22,1,0,0,0,0,0,desktop,Web,Brazil,State of Sao Paulo,google,organic,0.0,1,1,session_only
33526879.3272382055,7517856936,2020-11-02,1,1,0,0,0,0,desktop,Web,United States,Alabama,(data deleted),(data deleted),0.0,6,2,view_item
89581887.6186904441,7178684214,2021-01-06,1,0,0,0,0,0,desktop,Windows,United States,Ohio,<Other>,organic,0.0,1,1,session_only
6047119.1256640618,2887265986,2021-01-18,1,0,0,0,0,0,mobile,iOS,United States,California,<Other>,referral,0.0,1,1,session_only
81985809.0434185066,9788137854,2020-11-16,1,1,0,0,0,0,desktop,Web,United States,California,google,organic,0.0,4,2,view_item
42650539.0726186315,10897826,2020-12-08,1,0,0,0,0,0,mobile,iOS,Spain,Andalusia,google,organic,0.0,1,1,session_only
88270620.4899894119,1612246229,2020-12-16,1,0,0,0,0,0,desktop,Windows,China,(not set),(data deleted),(data deleted),0.0,1,1,session_only
4059963.3320563731,1186180597,2020-11-18,1,0,0,0,0,0,mobile,Web,United States,Oklahoma,(direct),(none),0.0,1,1,session_only
5084840.9481319044,6834813554,2021-01-21,1,1,0,0,0,0,desktop,Windows,United States,Illinois,(direct),(none),0.0,3,2,view_item
1503775.4509797411,7005912990,2020-12-28,1,0,0,0,0,0,mobile,Android,United States,Missouri,google,organic,0.0,1,1,session_only
8343775.6398213196,9791086629,2021-01-02,0,1,0,0,0,0,desktop,Windows,United States,Florida,google,organic,0.0,2,2,view_item
2798155.8136359339,7236399771,2020-11-04,1,1,0,1,1,1,desktop,Macintosh,Austria,Vienna,(direct),(none),9.6,12,6,purchase
3254777.8857122555,3511565437,2020-11-15,1,0,0,0,0,0,desktop,Windows,Malaysia,(not set),google,organic,0.0,1,1,session_only
77251783.2657731645,6738749468,2021-01-21,1,0,0,0,0,0,mobile,Web,United Kingdom,England,<Other>,<Other>,0.0,1,1,session_only
67748708.7656271112,539286972,2020-12-06,1,1,1,1,1,1,mobile,Web,Canada,Manitoba,google,organic,11.9,15,6,purchase
86516147.5359571815,1434897333,2021-01-13,1,0,0,0,0,0,mobile,Web,United States,Massachusetts,<Other>,<Other>,0.0,1,1,session_only
6266299.1262642458,5303818779,2021-01-08,1,1,1,1,1,1,desktop,Web,United States,Maryland,google,cpc,0.0,8,6,purchase
4418522.9881893022,6159067958,2021-01-25,1,0,0,0,0,0,desktop,Web,Israel,Tel Aviv District,google,organic,0.0,1,1,session_only
37792788.2468021488,7150426309,2020-12-22,1,0,0,0,0,0,desktop,Web,Singapore,(not set),google,organic,0.0,1,1,session_only
2195011.4563452861,3495499772,2020-12-06,1,0,0,0,0,0,mobile,Web,United States,Oklahoma,google,organic,0.0,1,1,session_only
9956489.6166423800,2396759346,2021-01-14,1,1,0,0,0,0,desktop,Windows,United States,New York,<Other>,referral,0.0,21,2,view_item
1828429.0533652071,500611998,2021-01-17,1,0,0,0,0,0,desktop,Web,United States,Michigan,<Other>,referral,0.0,1,1,session_only
4499650583.6129426843,3529206840,2020-11-16,1,0,0,0,0,0,desktop,Web,United States,New York,(direct),(none),0.0,1,1,session_only
28489217.0006457532,7674632998,2020-11-04,1,0,0,0,0,0,desktop,Web,Turkey,Istanbul,(direct),(none),0.0,1,1,session_only
2336869.3026436975,6821773862,2021-01-11,1,0,0,0,0,0,mobile,Web,France,Ile-de-France,<Other>,referral,0.0,1,1,session_only
1293297769.4697776444,8718260900,2021-01-22,1,0,0,0,0,0,desktop,Web,Canada,Alberta,google,organic,0.0,1,1,session_only
25009532.7526762469,2251113372,2020-11-03,1,0,0,0,0,0,mobile,iOS,Turkey,Bursa,(direct),(none),0.0,1,1,session_only
29035347.8015724334,7640155443,2020-11-14,1,1,0,1,1,1,desktop,Macintosh,Canada,Alberta,(data deleted),(data deleted),0.0,10,6,purchase
8287331.4534244594,5769859465,2021-01-07,1,0,0,0,0,0,desktop,Windows,France,Ile-de-France,<Other>,organic,0.0,1,1,session_only
54938396.1745764931,564100604,2021-01-21,1,1,0,0,0,0,mobile,Web,India,Uttar Pradesh,<Other>,<Other>,0.0,2,2,view_item
73233050.6341285568,8709404782,2020-11-07,1,0,0,0,0,0,mobile,Web,Canada,Prince Edward Island,<Other>,<Other>,0.0,1,1,session_only
21501260.0136776798,1776890558,2021-01-15,1,0,0,0,0,0,desktop,Web,United States,Maryland,(direct),(none),0.0,1,1,session_only
8213685.5437679427,6598350482,2020-11-27,1,0,0,0,0,0,mobile,iOS,United States,California,shop.googlemerchandisestore.com,referral,0.0,1,1,session_only
2489454.4667499088,6371341555,2020-11-06,1,0,0,0,0,0,desktop,Windows,United States,California,(direct),(none),0.0,1,1,session_only
8255422.0577825924,2408356638,2020-12-13,1,0,0,0,0,0,desktop,Web,United States,New York,(direct),(none),0.0,1,1,session_only
21819875.4489523471,8773650983,2020-12-28,1,0,0,0,0,0,mobile,Web,United States,California,<Other>,<Other>,0.0,1,1,session_only
34489984.9578563098,3925585250,2021-01-05,1,0,0,0,0,0,desktop,<Other>,United States,Massachusetts,<Other>,<Other>,0.0,1,1,session_only
4655360.6689511623,7994331608,2021-01-31,1,0,0,0,0,0,mobile,iOS,United States,Utah,(direct),(none),0.0,1,1,session_only
62443252.2836399517,2641163837,2020-12-08,1,0,0,0,0,0,desktop,Web,United States,California,google,organic,0.0,1,1,session_only
61519651.7832272475,5959012635,2021-01-24,1,1,0,0,0,0,desktop,Web,Brazil,State of Sao Paulo,<Other>,<Other>,0.0,2,2,view_item
48740748.5189645370,2479817081,2020-12-16,1,0,0,0,0,0,desktop,Web,United States,Virginia,<Other>,referral,0.0,1,1,session_only
2637438.5895621403,4275275167,2020-12-27,1,1,0,0,0,0,mobile,iOS,Italy,Lombardy,<Other>,<Other>,0.0,6,2,view_item
3403330.1008591458,19897500,2020-11-22,1,1,0,0,0,0,mobile,Web,Dominican Republic,(not set),<Other>,referral,0.0,2,2,view_item
90612475.3760090998,3376448467,2020-12-16,1,0,0,0,0,0,mobile,Web,(not set),(not set),google,organic,0.0,1,1,session_only
1577832.1963569528,8930594695,2020-11-22,1,0,0,0,0,0,desktop,Web,Argentina,Buenos Aires,google,organic,0.0,1,1,session_only
6080470.4742971976,4457122081,2021-01-22,1,1,0,1,1,1,desktop,Windows,Croatia,(not set),google,organic,17.6,9,6,purchase
86295625.9465119156,4162409133,2020-11-18,1,1,0,0,0,0,desktop,Web,India,Haryana,google,organic,0.0,2,2,view_item
5953601.1849376778,6431187413,2021-01-05,1,0,0,0,0,0,desktop,Windows,United States,California,google,organic,0.0,1,1,session_only
68810872.5074560693,7752744950,2020-12-08,1,1,1,1,1,1,desktop,Web,Vietnam,(not set),(data deleted),(data deleted),0.0,13,6,purchase
2261733.8231066866,8304550275,2021-01-24,1,0,0,0,0,0,mobile,Web,Netherlands,North Brabant,google,organic,0.0,1,1,session_only
1831073934.2097224794,982124314,2021-01-25,1,0,0,0,0,0,desktop,Web,United States,Arizona,(data deleted),(data deleted),0.0,1,1,session_only
2880639.2003738039,747665299,2020-11-12,1,0,0,0,0,0,mobile,iOS,Germany,Bavaria,(direct),(none),0.0,1,1,session_only
7844495.8668092677,360866018,2020-11-04,1,0,0,0,0,0,desktop,Web,Morocco,Rabat-Sale-Kenitra,<Other>,<Other>,0.0,1,1,session_only
47921856.8178296688,9090926604,2020-11-03,1,0,0,0,0,0,desktop,Web,Australia,Victoria,<Other>,referral,0.0,1,1,session_only
56817153.3925357120,1330461354,2020-12-26,1,0,0,0,0,0,desktop,Windows,India,Tamil Nadu,google,organic,0.0,1,1,session_only
8367098267.6266306459,2593492263,2021-01-06,1,0,0,0,0,0,desktop,Windows,India,Karnataka,<Other>,(data deleted),0.0,1,1,session_only
43509816.7409704551,8896110703,2020-12-20,1,0,0,0,0,0,mobile,Android,Philippines,Calabarzon,<Other>,referral,0.0,1,1,session_only
8882767246.6579549085,6902738686,2020-12-08,1,0,0,0,0,0,mobile,Web,United Kingdom,England,shop.googlemerchandisestore.com,referral,0.0,1,1,session_only
48002892.9866070628,5750434221,2020-11-04,1,0,0,0,0,0,desktop,Web,United States,New Jersey,<Other>,<Other>,0.0,1,1,session_only
57159330.6071848564,68597110,2020-12-16,1,0,0,0,0,0,mobile,Web,Belgium,Flanders,google,organic,0.0,1,1,session_only
28645532.8394567724,6661089697,2020-12-24,1,0,0,0,0,0,desktop,Web,United States,Maryland,google,organic,0.0,1,1,session_only
5565649.1722530593,36200080,2020-11-07,1,0,0,0,0,0,tablet,iOS,United States,California,google,organic,0.0,1,1,session_only
8114492.2490336382,694143797,2020-11-22,1,1,0,0,0,0,mobile,iOS,Switzerland,(not set),<Other>,<Other>,0.0,2,2,view_item
239808120.7379758839,9132276322,2021-01-14,1,0,0,0,0,0,desktop,Web,United States,Michigan,google,organic,0.0,1,1,session_only
6883013.8823005432,5464595563,2020-11-06,1,0,0,0,0,0,desktop,Web,Spain,Madrid,<Other>,organic,0.0,1,1,session_only
51067060.0642218457,3269658866,2021-01-15,1,0,0,0,0,0,desktop,Windows,United Kingdom,England,google,organic,0.0,1,1,session_only
16264329.1054325103,7706108726,2021-01-11,1,0,0,0,0,0,mobile,Web,Canada,Ontario,<Other>,<Other>,0.0,1,1,session_only
8734511.4343984094,2605269304,2020-12-05,1,0,0,0,0,0,desktop,Web,United Kingdom,Scotland,(direct),(none),0.0,1,1,session_only
23169719.1261060411,3463618242,2021-01-29,1,1,0,0,0,0,desktop,Web,United States,Georgia,google,cpc,0.0,3,2,view_item
76472677.3578744520,9440201650,2020-12-20,1,0,0,0,0,0,mobile,Android,United States,North Carolina,<Other>,<Other>,0.0,1,1,session_only
68861323.2722164887,8779224676,2020-12-02,1,0,0,0,0,0,mobile,iOS,India,Tamil Nadu,(direct),(none),0.0,1,1,session_only
5836102.8829309358,8515465320,2021-01-26,1,0,0,0,0,0,desktop,Web,South Korea,Seoul,google,organic,0.0,1,1,session_only
36589004.6677930483,454350711,2020-11-29,1,1,0,0,0,0,desktop,Web,United States,Massachusetts,(direct),(none),0.0,3,2,view_item
4129102.7473436455,4450373968,2021-01-10,1,0,0,0,0,0,desktop,Web,India,Bihar,(direct),(none),0.0,1,1,session_only
8649975.1808672645,3856575004,2021-01-08,1,0,0,0,0,0,mobile,Android,United States,New York,google,organic,0.0,1,1,session_only
50813060.4246109951,3612596377,2021-01-10,1,0,0,0,0,0,mobile,Android,Canada,British Columbia,<Other>,referral,0.0,1,1,session_only
7428379.2781592880,8015832515,2020-12-02,1,0,0,0,0,0,mobile,Web,United States,New York,<Other>,<Other>,0.0,1,1,session_only
3880124.9937832300,2524208129,2020-11-27,1,1,0,0,0,0,desktop,<Other>,United States,Florida,(direct),(none),0.0,2,2,view_item
2316219.6832263829,2314731291,2021-01-22,1,1,1,0,0,0,desktop,Web,United States,Texas,<Other>,referral,0.0,15,3,add_to_cart
6815781.2158196214,9260897889,2020-12-06,1,0,0,0,0,0,mobile,Web,India,Bihar,google,organic,0.0,1,1,session_only
62744331.9736250095,4718496474,2020-12-02,1,0,0,0,0,0,mobile,Android,Canada,Ontario,<Other>,referral,0.0,1,1,session_only
42023007.6196141637,2812628933,2020-12-08,1,0,0,0,0,0,mobile,iOS,Israel,Tel Aviv District,<Other>,<Other>,0.0,1,1,session_only
44003969.6797840713,7406342462,2020-12-20,1,1,0,0,0,0,mobile,iOS,India,Gujarat,<Other>,<Other>,0.0,2,2,view_item
1565944.2403531565,2084214438,2021-01-13,1,1,0,1,1,1,desktop,Web,Canada,Ontario,<Other>,referral,0.0,15,6,purchase
57322202.0359477459,9586343033,2020-12-10,1,0,0,0,0,0,mobile,Web,United States,Michigan,google,organic,0.0,1,1,session_only
89908741.4464752113,3395842660,2020-12-08,1,0,0,0,0,0,mobile,iOS,India,West Bengal,<Other>,<Other>,0.0,1,1,session_only
35059109.9890486482,7660649436,2021-01-30,1,0,0,0,0,0,mobile,Web,India,West Bengal,google,organic,0.0,1,1,session_only
7728218.6184983899,2879420549,2020-12-06,1,1,0,0,0,0,mobile,Web,United States,Washington,(direct),(none),0.0,2,2,view_item
36873352.4519777923,5985971770,2020-12-05,1,1,0,0,0,0,mobile,Web,United States,Connecticut,(data deleted),(data deleted),0.0,4,2,view_item
1806270.7453025738,7872195446,2021-01-05,1,0,0,0,0,0,desktop,Windows,United States,Oregon,<Other>,<Other>,0.0,1,1,session_only
4602945.9366420751,3889609528,2021-01-11,1,1,1,1,1,1,mobile,Android,Peru,(not set),shop.googlemerchandisestore.com,referral,19.2,46,6,purchase
7785502.2717559592,4612495187,2020-11-16,1,0,0,0,0,0,desktop,Web,United States,California,<Other>,<Other>,0.0,1,1,session_only
10281550.4260920097,9252072135,2021-01-26,1,1,0,0,0,0,desktop,Windows,United States,Virginia,shop.googlemerchandisestore.com,referral,0.0,2,2,view_item
37822820.3823405559,2728424437,2021-01-14,1,1,0,0,0,0,mobile,Web,United States,Illinois,<Other>,referral,0.0,2,2,view_item
3950669.8774439521,5459493853,2020-12-28,1,0,0,0,0,0,desktop,Windows,United States,Missouri,(direct),(none),0.0,1,1,session_only
2971323.6903411996,535209663,2021-01-11,1,0,0,0,0,0,mobile,Web,Malaysia,Federal Territory of Kuala Lumpur,google,organic,0.0,1,1,session_only
7946428.7893506827,8349217656,2021-01-11,1,0,0,0,0,0,desktop,Web,United States,California,google,organic,0.0,1,1,session_only
70371534.7583266273,5447092320,2020-12-24,1,0,0,0,0,0,desktop,Windows,United States,Massachusetts,(direct),(none),0.0,1,1,session_only
31895436.7147058343,8238102820,2020-11-16,1,0,0,0,0,0,mobile,Web,United States,Oregon,google,organic,0.0,1,1,session_only
2738535.9716366496,3298253170,2020-11-16,1,0,0,0,0,0,mobile,Web,Switzerland,Zurich,(data deleted),(data deleted),0.0,1,1,session_only
94305229.0141937821,4886376559,2021-01-06,1,0,0,0,0,0,mobile,iOS,United States,District of Columbia,(direct),(none),0.0,1,1,session_only
24540385.3025005701,3433007431,2021-01-02,1,0,0,0,0,0,desktop,Web,United States,Wisconsin,google,organic,0.0,1,1,session_only
5843971.9410895896,295890301,2021-01-08,1,0,0,0,0,0,desktop,Web,United States,Utah,google,organic,0.0,1,1,session_only
3548636.5119129914,9745473142,2021-01-04,1,0,0,0,0,0,mobile,Web,United States,South Carolina,google,organic,0.0,1,1,session_only
23687291.7296321962,111357873,2020-12-29,1,0,0,0,0,0,desktop,Web,Myanmar (Burma),Yangon Region,google,organic,0.0,1,1,session_only
6039839717.8345993274,1223054517,2020-12-10,1,1,0,0,0,0,mobile,Android,United States,Pennsylvania,(direct),(none),0.0,3,2,view_item
11899765.7596259350,9511542559,2020-11-14,1,1,0,0,0,0,mobile,iOS,United States,Washington,google,organic,0.0,2,2,view_item
90859704.4998889964,4173244028,2020-12-24,1,0,0,0,0,0,desktop,Web,United States,New Jersey,google,organic,0.0,1,1,session_only
3839837.6037761262,2625578572,2021-01-29,1,0,0,0,0,0,tablet,Android,Bolivia,(not set),(direct),(none),0.0,1,1,session_only
2015805.7637349974,948506630,2020-12-22,1,1,0,0,0,0,mobile,Web,Sweden,Skane County,google,organic,0.0,7,2,view_item
66138871.4645857860,9515567258,2020-11-22,1,0,0,0,0,0,mobile,Web,United States,Wisconsin,google,organic,0.0,1,1,session_only
20873982.9398729701,522305753,2020-11-15,1,0,0,0,0,0,desktop,<Other>,United States,Virginia,<Other>,referral,0.0,1,1,session_only
5422083.5342902833,2347329724,2020-12-30,1,0,0,0,0,0,mobile,Android,Sweden,Vastra Gotaland County,shop.googlemerchandisestore.com,referral,0.0,1,1,session_only
6879376.4850758530,3551290249,2020-11-02,1,1,0,0,0,0,desktop,Web,Canada,Quebec,<Other>,referral,0.0,2,2,view_item
9039085.5237902570,632189535,2021-01-18,1,0,0,0,0,0,desktop,Web,United States,Texas,<Other>,referral,0.0,1,1,session_only
15472290.5130559827,1409817962,2020-12-08,1,0,0,0,0,0,mobile,Web,United States,Illinois,(data deleted),(data deleted),0.0,1,1,session_only
2139234.0017253129,9570459246,2020-11-06,1,0,0,0,0,0,mobile,iOS,United States,California,(direct),(none),0.0,1,1,session_only
6508378.3076839473,5953800670,2021-01-03,1,0,0,0,0,0,mobile,Web,United States,California,google,organic,0.0,1,1,session_only
5906169.6066417199,2328442189,2020-11-02,1,0,0,0,0,0,desktop,Windows,United Kingdom,England,<Other>,referral,0.0,1,1,session_only
3153994.5850412299,1525160679,2020-12-29,1,0,0,0,0,0,desktop,Web,Mexico,Mexico City,google,cpc,0.0,1,1,session_only
60551498.7732832366,219495384,2021-01-22,1,0,0,0,0,0,desktop,<Other>,United States,Massachusetts,google,organic,0.0,1,1,session_only
8619115.8296190431,1957094270,2021-01-07,1,0,0,0,0,0,desktop,Web,Thailand,Bangkok,(data deleted),(data deleted),0.0,1,1,session_only
58415521.6746427410,2921991752,2021-01-28,1,0,0,0,0,0,desktop,Windows,United States,Texas,<Other>,referral,0.0,1,1,session_only
43398796.3574282512,8633757996,2020-11-03,1,0,0,0,0,0,desktop,Web,United States,California,(direct),(none),0.0,1,1,session_only
6729825.7012322437,7234041121,2021-01-08,1,0,0,0,0,0,desktop,Windows,United States,Florida,google,organic,0.0,1,1,session_only
8840524.4225978689,666494441,2020-11-09,1,1,0,0,0,0,mobile,Android,Australia,Victoria,(direct),(none),0.0,14,2,view_item
22492536.9441367275,5156108059,2021-01-11,1,0,0,0,0,0,mobile,Android,United States,Illinois,google,organic,0.0,1,1,session_only
3716865.2148365568,6381988684,2021-01-06,1,0,0,0,0,0,mobile,iOS,South Korea,Seoul,<Other>,<Other>,0.0,1,1,session_only
43973070.8678360255,1065116600,2020-11-04,1,0,0,0,0,0,desktop,Web,United States,New York,google,organic,0.0,1,1,session_only
4840202.7597474042,2321431342,2021-01-04,1,0,0,0,0,0,mobile,Web,United States,New Jersey,google,organic,0.0,1,1,session_only
5131254.8565054367,4204839593,2021-01-04,1,0,0,0,0,0,desktop,Macintosh,(not set),(not set),google,organic,0.0,1,1,session_only
28134106.1591086954,9906152621,2021-01-02,1,1,1,0,0,0,desktop,Web,Canada,Nova Scotia,(direct),(none),0.0,6,3,add_to_cart
7024086.8812651081,5125141574,2020-12-24,1,0,0,0,0,0,mobile,iOS,United States,(not set),<Other>,referral,0.0,1,1,session_only
3891058.9917128525,5346709048,2021-01-24,1,0,0,0,0,0,desktop,Web,(not set),(not set),(direct),(none),0.0,1,1,session_only
25623080.8475553450,9521663390,2021-01-06,1,0,0,0,0,0,desktop,Windows,Denmark,Capital Region of Denmark,google,organic,0.0,1,1,session_only
89867361.4115754628,8824891817,2020-12-21,1,0,0,0,0,0,mobile,iOS,Iraq,(not set),google,organic,0.0,1,1,session_only
29928404.0087466478,5622553288,2021-01-21,1,0,0,0,0,0,mobile,iOS,United States,Washington,shop.googlemerchandisestore.com,referral,0.0,1,1,session_only
90490406.8035384460,6450402896,2020-11-03,1,0,0,0,0,0,mobile,Web,United States,Massachusetts,<Other>,referral,0.0,1,1,session_only
56145353.8235798063,4148484980,2021-01-08,1,1,0,0,0,0,mobile,Web,Turkey,(not set),(direct),(none),0.0,3,2,view_item
8398666.2074854837,9464575976,2020-12-05,1,1,0,0,0,0,desktop,Windows,Mexico,Jalisco,google,organic,0.0,6,2,view_item
7636824.8853486022,77328811,2020-12-28,1,0,0,0,0,0,desktop,Web,France,Ile-de-France,(direct),(none),0.0,1,1,session_only
5250930.0216057060,2771148330,2020-11-09,1,0,0,0,0,0,desktop,Web,India,Gujarat,shop.googlemerchandisestore.com,referral,0.0,1,1,session_only
74614123.7085446205,9886186051,2020-11-12,1,0,0,0,0,0,desktop,Windows,United States,(not set),google,organic,0.0,1,1,session_only
479342980.6047298345,4602916434,2020-11-01,1,0,0,0,0,0,mobile,Web,India,Bihar,<Other>,<Other>,0.0,1,1,session_only
3092710.5965033299,971087778,2020-11-29,1,0,0,0,0,0,desktop,Windows,Argentina,(not set),<Other>,referral,0.0,1,1,session_only
86244363.4674804558,2554091026,2020-11-04,1,0,0,0,0,0,mobile,iOS,Taiwan,Taiwan Province,shop.googlemerchandisestore.com,referral,0.0,1,1,session_only
6205759824.9351146787,5882550552,2021-01-29,1,0,0,0,0,0,mobile,Web,United States,Florida,(direct),(none),0.0,1,1,session_only
52967156.4707002689,5052893573,2020-11-03,1,0,0,0,0,0,desktop,Windows,United Arab Emirates,Dubai,google,organic,0.0,1,1,session_only
4601515.8922809557,9161962479,2020-11-16,1,0,0,0,0,0,mobile,Android,United States,California,(direct),(none),0.0,1,1,session_only
6740805.5616722377,1593108840,2021-01-17,1,0,0,0,0,0,desktop,Web,United States,California,google,organic,0.0,1,1,session_only
1123332.4231842234,8285610491,2021-01-22,1,0,0,0,0,0,mobile,Android,United States,California,<Other>,<Other>,0.0,1,1,session_only
3501354.5780926714,7604265372,2020-12-29,1,0,0,0,0,0,desktop,Web,Netherlands,North Holland,google,organic,0.0,1,1,session_only
5287073.4853418253,8130890985,2021-01-14,1,1,0,0,0,0,desktop,Windows,China,Zhejiang,google,organic,0.0,2,2,view_item
4074973.2970725821,2988741047,2021-01-08,1,0,0,0,0,0,mobile,iOS,Germany,Hessen,<Other>,<Other>,0.0,1,1,session_only
27150922.0424044402,5915929467,2021-01-08,1,0,0,0,0,0,desktop,Web,United States,California,(direct),(none),0.0,1,1,session_only
10472341.8075825726,5536202639,2020-12-30,1,1,1,0,0,0,mobile,iOS,United States,Oklahoma,<Other>,<Other>,0.0,5,3,add_to_cart
23951926.8283648276,6764176743,2020-12-30,1,0,0,0,0,0,mobile,Android,United States,Virginia,shop.googlemerchandisestore.com,referral,0.0,1,1,session_only
7097611.7162601693,3218822827,2020-12-27,1,0,0,0,0,0,desktop,Web,United States,Virginia,(direct),(none),0.0,1,1,session_only
35020119.9398495822,4942139560,2020-12-06,1,0,0,0,0,0,mobile,Web,Turkey,Istanbul,(data deleted),(data deleted),0.0,1,1,session_only
4997435.4406708140,395744049,2020-12-20,1,0,0,0,0,0,desktop,Windows,Thailand,(not set),<Other>,<Other>,0.0,1,1,session_only
5380368.1340243925,7126869905,2021-01-17,1,0,0,0,0,0,desktop,Web,United States,Pennsylvania,(direct),(none),0.0,1,1,session_only
75226916.3196630292,120391582,2020-12-13,1,1,1,1,1,1,mobile,Android,Sweden,Stockholm County,(data deleted),(data deleted),76.8,42,6,purchase
1300571240.2555650156,7575243158,2020-11-18,1,0,0,0,0,0,desktop,Windows,India,Rajasthan,google,organic,0.0,1,1,session_only
32575411.9008145658,5892127625,2020-12-26,1,0,0,0,0,0,desktop,Web,Germany,Baden-Wurttemberg,google,organic,0.0,1,1,session_only
7498225.8176353173,5142662187,2020-12-08,1,0,0,0,0,0,mobile,Web,India,Madhya Pradesh,(direct),(none),0.0,1,1,session_only
5374820.3430071201,3726381504,2020-11-18,1,0,0,0,0,0,desktop,Macintosh,Italy,Lombardy,(direct),(none),0.0,1,1,session_only
8409802.3139389758,9803765826,2021-01-04,1,0,0,0,0,0,desktop,Windows,Switzerland,St. Gallen,<Other>,referral,0.0,1,1,session_only
44259184.9433145294,3936957853,2020-12-22,1,0,0,0,0,0,desktop,Web,United States,California,(direct),(none),0.0,1,1,session_only
5580144.1854793106,6351516691,2020-11-04,1,0,0,0,0,0,desktop,Web,Italy,Lombardy,(direct),(none),0.0,1,1,session_only
4148769.9301595334,2478613031,2021-01-23,1,0,0,0,0,0,tablet,Android,Mexico,Chihuahua,<Other>,referral,0.0,1,1,session_only
73963008.5887106408,694334398,2021-01-11,1,0,0,0,0,0,mobile,iOS,United States,California,(direct),(none),0.0,1,1,session_only
90921275.4472518914,1414061764,2020-12-30,1,1,0,0,0,0,desktop,Web,Egypt,(not set),<Other>,<Other>,0.0,16,2,view_item
37819539.6939178075,7951828147,2020-12-21,1,0,0,0,0,0,mobile,Android,Germany,(not set),shop.googlemerchandisestore.com,referral,0.0,1,1,session_only
40127679.8745146641,4831667838,2021-01-07,1,0,0,0,0,0,desktop,Web,United States,New Jersey,<Other>,<Other>,0.0,1,1,session_only
6300257.5226046744,1507059730,2020-11-21,1,1,0,0,0,0,desktop,Web,India,Delhi,(direct),(none),0.0,6,2,view_item
7550867.1818368529,4669558283,2020-11-02,1,0,0,0,0,0,mobile,Android,Germany,Lower Saxony,shop.googlemerchandisestore.com,referral,0.0,1,1,session_only
42506549.8416055269,1410561333,2021-01-11,1,0,0,0,0,0,mobile,iOS,Sri Lanka,Western Province,google,organic,0.0,1,1,session_only
19028000.1446502259,5022221300,2021-01-05,1,0,0,0,0,0,mobile,iOS,United States,Colorado,google,organic,0.0,1,1,session_only
84668132.8296836897,3705631677,2020-11-02,1,0,0,0,0,0,mobile,Android,France,Auvergne-Rhone-Alpes,shop.googlemerchandisestore.com,referral,0.0,1,1,session_only
88982864.1838450770,8620557526,2021-01-18,1,1,0,0,0,0,mobile,iOS,Canada,Quebec,(direct),(none),0.0,2,2,view_item
5322267.7807067186,5806893759,2020-12-16,1,0,0,0,0,0,mobile,Android,South Africa,Gauteng,google,organic,0.0,1,1,session_only
4028292.8863415553,2354732368,2021-01-17,1,0,0,0,0,0,mobile,Android,United States,Colorado,(direct),(none),0.0,1,1,session_only
6020762.2706864441,7315787065,2021-01-29,1,1,0,0,0,0,desktop,Web,Canada,Ontario,(direct),(none),0.0,2,2,view_item
1153093.0119048067,5924546543,2021-01-05,1,1,0,0,0,0,desktop,Web,United States,Georgia,shop.googlemerchandisestore.com,referral,0.0,5,2,view_item
8844906.0391096817,6209069165,2021-01-22,1,0,0,0,0,0,desktop,Web,United States,New York,(direct),(none),0.0,1,1,session_only
1464316846.5253414700,4780788836,2021-01-15,1,1,0,0,0,0,desktop,Windows,China,Guangdong Province,<Other>,<Other>,0.0,3,2,view_item
1440737.0883647632,1961793645,2020-11-06,1,1,0,1,1,1,mobile,Web,Canada,British Columbia,google,organic,450.71999999999997,77,6,purchase
29034637.9665519879,7836339959,2021-01-02,1,0,0,0,0,0,desktop,Web,United Kingdom,England,(direct),(none),0.0,1,1,session_only
74844925.8347351848,8946937755,2021-01-11,1,1,0,0,0,0,mobile,Web,China,Fujian,(direct),(none),0.0,2,2,view_item
1995196.0391464259,3969851105,2020-12-13,1,0,0,0,0,0,mobile,Web,India,Karnataka,(direct),(none),0.0,1,1,session_only
6825504.6454864557,1358359581,2021-01-09,1,0,0,0,0,0,tablet,iOS,United States,Arkansas,google,organic,0.0,1,1,session_only
3535534.0020212608,4799710194,2021-01-10,1,0,0,0,0,0,desktop,Macintosh,Canada,Saskatchewan,google,organic,0.0,1,1,session_only
44634454.0970320040,6388069526,2021-01-30,1,0,0,0,0,0,desktop,Windows,Portugal,Lisbon,<Other>,organic,0.0,1,1,session_only
2377632.8546759224,1954408578,2020-11-12,1,0,0,0,0,0,mobile,Web,Mexico,(not set),google,organic,0.0,1,1,session_only
56463452.8069253590,5745399195,2021-01-04,1,0,0,0,0,0,desktop,<Other>,United States,North Carolina,(direct),(none),0.0,1,1,session_only
24470335.0193061613,7164324874,2021-01-18,1,0,0,0,0,0,mobile,Android,United States,Illinois,google,organic,0.0,1,1,session_only
92051088.8052231011,2861316581,2020-12-10,1,1,0,0,0,0,desktop,Web,Australia,Western Australia,google,organic,0.0,2,2,view_item
4284184.3688859061,6455914956,2021-01-28,1,0,0,0,0,0,mobile,Android,United States,Massachusetts,google,organic,0.0,1,1,session_only
87738289.3232529270,4907644162,2021-01-07,1,0,0,0,0,0,desktop,Web,Ukraine,Kharkiv Oblast,google,organic,0.0,1,1,session_only
6127205.0719842294,4640306822,2021-01-31,1,1,0,0,0,0,desktop,Windows,United States,Idaho,(direct),(none),0.0,2,2,view_item
46406138.4078343476,2354012696,2021-01-30,1,0,0,0,0,0,mobile,Android,United States,California,google,cpc,0.0,1,1,session_only
1973283.0317618567,9452922790,2021-01-25,1,0,0,0,0,0,mobile,Web,Canada,Quebec,google,organic,0.0,1,1,session_only
4760157.2058110488,4521142232,2021-01-14,1,0,0,0,0,0,desktop,Windows,Denmark,Region of Southern Denmark,google,organic,0.0,1,1,session_only
90787481.6558887535,4988428726,2021-01-13,1,1,1,1,1,1,mobile,Web,United States,New York,(direct),(none),13.44,20,6,purchase
2156411.1295689880,5237214725,2020-12-20,1,0,0,0,0,0,desktop,Web,United States,California,(direct),(none),0.0,1,1,session_only
65971444.6107991327,4335821664,2021-01-13,1,0,0,0,0,0,desktop,Web,United States,California,(direct),(none),0.0,1,1,session_only
8563398.5564054191,197681104,2020-12-22,1,0,0,0,0,0,mobile,Web,United States,(not set),google,organic,0.0,1,1,session_only
62793341.6752324086,2260030250,2020-12-08,1,0,0,0,0,0,desktop,Web,United States,Kentucky,google,organic,0.0,1,1,session_only
65705139.2611365275,3684199235,2020-12-31,1,1,0,0,0,0,desktop,Web,United States,California,google,organic,0.0,2,2,view_item
7135345.1254872565,2397497155,2021-01-02,1,0,0,0,0,0,desktop,Windows,Sweden,Vastra Gotaland County,google,organic,0.0,1,1,session_only
83407493.3311405572,2571818859,2021-01-08,1,0,0,0,0,0,mobile,iOS,United States,Massachusetts,google,organic,0.0,1,1,session_only
9014966.9640681312,8458348372,2020-12-06,1,0,0,0,0,0,desktop,Macintosh,India,Rajasthan,google,organic,0.0,1,1,session_only
7065385.8229171161,696199297,2020-11-29,1,0,0,0,0,0,desktop,Web,Canada,Ontario,<Other>,referral,0.0,1,1,session_only
59995715.3236223993,9512784869,2021-01-24,1,1,1,1,1,1,desktop,Web,Germany,Lower Saxony,<Other>,<Other>,21.92,15,6,purchase
7296150.9425428999,4843948430,2021-01-22,1,0,0,0,0,0,mobile,Web,United Kingdom,England,google,organic,0.0,1,1,session_only
16975715.0885763976,8093302119,2020-12-16,1,0,0,0,0,0,mobile,iOS,Spain,Madrid,<Other>,<Other>,0.0,1,1,session_only
1007822.0143885764,8606106077,2020-12-31,1,0,0,0,0,0,mobile,iOS,Canada,Quebec,(direct),(none),0.0,1,1,session_only
8035049.8514587626,5204551350,2020-11-03,1,1,0,0,0,0,desktop,Web,United States,Iowa,(data deleted),(data deleted),0.0,18,2,view_item
6151599.7547010396,8540762288,2020-11-15,1,0,0,0,0,0,desktop,Web,United States,California,<Other>,referral,0.0,1,1,session_only
80837866.9655301503,8126802169,2020-12-20,1,0,0,0,0,0,desktop,Web,United States,Pennsylvania,google,organic,0.0,1,1,session_only
382295091.2486950869,8383101117,2021-01-15,1,1,0,0,0,0,desktop,Windows,France,Ile-de-France,<Other>,organic,0.0,2,2,view_item
29779303.6302254059,1270078947,2020-12-22,1,0,0,0,0,0,mobile,iOS,United States,Missouri,google,organic,0.0,1,1,session_only
64167829.8866589909,1584097539,2021-01-13,1,0,0,0,0,0,desktop,Web,South Korea,Gyeongsangnam-do,(direct),(none),0.0,1,1,session_only
68425124.8894132006,3246840167,2020-12-08,1,0,0,0,0,0,desktop,Macintosh,United States,Oregon,(direct),(none),0.0,1,1,session_only
1834984.6058771090,6453391100,2020-12-24,1,0,0,0,0,0,desktop,Web,Taiwan,Taipei City,<Other>,<Other>,0.0,1,1,session_only
44852720.4264529354,7272123343,2021-01-06,1,0,0,0,0,0,desktop,Web,United States,Massachusetts,(direct),(none),0.0,1,1,session_only
8707421.2968855434,4137643190,2020-11-03,1,0,0,0,0,0,desktop,Web,China,Shanghai,google,organic,0.0,1,1,session_only
4258196.2810135512,4805527038,2020-11-21,1,0,0,0,0,0,desktop,Macintosh,Taiwan,Taipei City,(direct),(none),0.0,1,1,session_only
4877421.8381043391,1534634348,2020-12-08,1,0,0,0,0,0,mobile,Web,India,Maharashtra,<Other>,organic,0.0,1,1,session_only
7213252.0897538036,4610986366,2021-01-28,1,0,0,0,0,0,desktop,Windows,United States,Arizona,(direct),(none),0.0,1,1,session_only
28983710.7950380269,1480822619,2020-11-12,1,0,0,0,0,0,desktop,Web,United States,California,(direct),(none),0.0,1,1,session_only
68025163.4501844205,3239705306,2020-11-18,1,1,0,0,0,0,desktop,Web,United States,Pennsylvania,google,organic,0.0,7,2,view_item
34228859.9056439264,3007917036,2020-12-10,1,1,1,1,1,1,mobile,iOS,India,Delhi,(data deleted),(data deleted),0.0,17,6,purchase
39625794.5936170910,4333039444,2020-12-31,1,0,0,0,0,0,desktop,Web,United States,California,(direct),(none),0.0,1,1,session_only
46160109.1380448744,4411925444,2021-01-11,1,0,0,0,0,0,desktop,Web,United States,Virginia,shop.googlemerchandisestore.com,referral,0.0,1,1,session_only
4740553.5863904832,4597929841,2021-01-06,1,0,0,0,0,0,desktop,Windows,United States,New Jersey,<Other>,<Other>,0.0,1,1,session_only
45742692.7993193171,212801438,2020-12-31,1,0,0,0,0,0,desktop,Web,United States,Texas,(direct),(none),0.0,1,1,session_only
13181175.1678179954,2872323680,2021-01-02,1,0,0,0,0,0,mobile,Android,South Korea,Gyeongsangbuk-do,<Other>,<Other>,0.0,1,1,session_only
6599335.1610965432,4481595278,2021-01-06,1,1,0,0,0,0,mobile,Web,United States,California,shop.googlemerchandisestore.com,referral,0.0,5,2,view_item
22359493.8173138206,6442402393,2021-01-05,1,0,0,0,0,0,desktop,Web,United States,Missouri,(direct),(none),0.0,1,1,session_only
80140111.8738997915,303098782,2021-01-18,1,0,0,0,0,0,desktop,Macintosh,Chile,Santiago Metropolitan Region,google,organic,0.0,1,1,session_only
4142724.3724718488,9934055677,2020-11-02,1,1,0,0,0,0,tablet,iOS,United States,Maryland,<Other>,organic,0.0,2,2,view_item
45763984.1896906157,8715907658,2021-01-18,1,0,0,0,0,0,desktop,Web,United States,Wisconsin,google,organic,0.0,1,1,session_only
7583384.7140117298,4882824525,2020-12-05,1,0,0,0,0,0,desktop,Web,Bulgaria,Sofia City Province,google,cpc,0.0,1,1,session_only
35230362.0621387470,7529713179,2020-11-18,1,0,0,0,0,0,desktop,Macintosh,United States,New York,(data deleted),(data deleted),0.0,1,1,session_only
2355617.5619017373,3421910276,2021-01-24,1,0,0,0,0,0,desktop,Windows,United States,California,google,organic,0.0,1,1,session_only
86916227.6741579802,1620429866,2021-01-08,1,1,0,0,0,0,desktop,Web,United States,California,google,organic,0.0,2,2,view_item
61932218.7787665015,4931717476,2020-11-07,1,0,0,0,0,0,desktop,Web,United States,Maryland,<Other>,referral,0.0,1,1,session_only
56578114.7197101030,7880651067,2021-01-06,1,0,0,0,0,0,mobile,Web,Philippines,Metro Manila,(direct),(none),0.0,1,1,session_only
3150311.1902997126,4901125021,2020-11-27,1,0,0,0,0,0,desktop,Web,France,Ile-de-France,google,organic,0.0,1,1,session_only
69869090.8653206279,482329543,2021-01-14,1,0,0,0,0,0,mobile,Web,United States,New York,google,organic,0.0,1,1,session_only
22269209.3146805248,2920231186,2020-12-06,1,1,1,1,1,1,mobile,Web,India,Delhi,<Other>,<Other>,27.2,15,6,purchase
73216483.0418400091,662514398,2020-11-03,1,0,0,0,0,0,desktop,Web,Germany,Berlin,(direct),(none),0.0,1,1,session_only
32993581.4398074838,1874874417,2020-12-21,1,0,0,0,0,0,mobile,Android,United States,Maine,(direct),(none),0.0,1,1,session_only
4165411.7933461928,466574255,2021-01-18,1,0,0,0,0,0,desktop,Web,Italy,Tuscany,google,cpc,0.0,1,1,session_only
53075563.1713884304,9905469267,2021-01-28,1,0,0,0,0,0,desktop,Web,United States,Pennsylvania,google,cpc,0.0,1,1,session_only
7569765.1116906393,7453614746,2020-12-13,1,1,1,1,1,1,mobile,Web,Uruguay,(not set),<Other>,referral,0.0,39,6,purchase
26171153.2712091151,8529829768,2020-11-21,1,0,0,0,0,0,mobile,Web,United States,Virginia,(direct),(none),0.0,1,1,session_only
256042328.5991497465,7349340902,2021-01-06,1,0,0,0,0,0,desktop,<Other>,United States,Maryland,google,organic,0.0,1,1,session_only
35860233.6799061005,5811923128,2020-12-21,1,0,0,0,0,0,desktop,Web,Poland,Podkarpackie Voivodeship,google,organic,0.0,1,1,session_only
55928419.8902090454,274167525,2020-11-21,1,1,0,0,0,0,desktop,Windows,Netherlands,North Holland,(data deleted),(data deleted),0.0,2,2,view_item
39309782.8522449452,4592937521,2020-11-04,1,0,0,0,0,0,desktop,Web,France,Hauts-de-France,<Other>,<Other>,0.0,1,1,session_only
75424048.3681539940,1336913338,2021-01-17,1,0,0,0,0,0,mobile,Web,Taiwan,Taipei City,google,organic,0.0,1,1,session_only
8535843.3178453559,4919253478,2020-12-28,1,0,0,0,0,0,mobile,Web,United States,Ohio,shop.googlemerchandisestore.com,referral,0.0,1,1,session_only
1146540.1921992520,3599645542,2021-01-28,1,1,1,1,1,1,desktop,Web,United States,Florida,(direct),(none),0.0,27,6,purchase
89675820.0921862907,1217806489,2020-12-27,1,1,0,0,0,0,mobile,Android,India,Telangana,(data deleted),(data deleted),0.0,2,2,view_item
1330821.6704391099,141083841,2021-01-15,1,1,0,0,0,0,desktop,Web,Peru,(not set),(direct),(none),0.0,2,2,view_item
38709935.7011101955,835578672,2021-01-21,1,1,0,0,0,0,mobile,Web,United States,Florida,(direct),(none),0.0,2,2,view_item
31997071.8879272719,1206203823,2021-01-03,1,0,0,0,0,0,desktop,Web,United States,Massachusetts,(data deleted),(data deleted),0.0,1,1,session_only
64533760.0180242365,2423859249,2021-01-14,1,1,0,0,0,0,mobile,iOS,United States,California,shop.googlemerchandisestore.com,referral,0.0,2,2,view_item
8078729.1842915465,1787565434,2021-01-31,1,0,0,0,0,0,desktop,Web,India,West Bengal,google,organic,0.0,1,1,session_only
54176060.2955808768,4438484096,2020-11-22,1,1,0,0,0,0,desktop,Windows,United States,Alaska,shop.googlemerchandisestore.com,referral,0.0,2,2,view_item
39168551.9161939914,159125647,2020-12-27,1,0,0,0,0,0,mobile,Web,United States,California,shop.googlemerchandisestore.com,referral,0.0,1,1,session_only
48617490.5092651892,744033412,2020-12-16,1,0,0,0,0,0,mobile,Web,Malaysia,Selangor,<Other>,<Other>,0.0,1,1,session_only
25657754.5389902004,6717514556,2020-11-16,1,1,0,1,1,1,desktop,Macintosh,United States,California,(direct),(none),122.4,15,6,purchase
21962131.6800727983,3614841238,2020-12-16,1,0,0,0,0,0,desktop,Web,Saudi Arabia,Makkah Province,<Other>,referral,0.0,1,1,session_only
79944589.6932026672,1311771841,2021-01-06,1,1,1,1,1,1,desktop,Web,Finland,Uusimaa,<Other>,organic,37.1,35,6,purchase
52284834.4524848839,9615399784,2020-12-13,1,0,0,0,0,0,desktop,Web,Jordan,Amman Governorate,<Other>,referral,0.0,1,1,session_only
9191640.0485780679,5028579847,2021-01-24,1,0,0,0,0,0,mobile,iOS,Taiwan,New Taipei City,google,organic,0.0,1,1,session_only
6124369.2118584602,7769290714,2021-01-22,1,1,1,1,1,1,mobile,Web,Poland,Kuyavian-Pomeranian Voivodeship,shop.googlemerchandisestore.com,referral,81.92,23,6,purchase
5597884.2808673976,35181757,2021-01-08,1,0,0,0,0,0,mobile,Web,Switzerland,Vaud,google,organic,0.0,1,1,session_only
766583098.5979816085,8915642676,2020-12-08,1,1,1,1,1,1,desktop,Macintosh,United States,(not set),(direct),(none),172.24,72,6,purchase
6698829.2913246021,660774654,2020-12-29,1,1,1,1,1,1,desktop,<Other>,United States,Virginia,(direct),(none),0.0,63,6,purchase
3496907.4276671737,8123196202,2020-12-21,1,0,0,0,0,0,mobile,iOS,United Arab Emirates,(not set),<Other>,<Other>,0.0,1,1,session_only
15659198.1674577157,8324994961,2020-11-13,1,1,0,0,0,0,tablet,Web,France,Ile-de-France,(direct),(none),0.0,2,2,view_item
3861647.4621659431,3179655413,2021-01-08,1,0,0,0,0,0,desktop,Web,Thailand,Bangkok,(direct),(none),0.0,1,1,session_only
64965753.0532303306,8566288272,2021-01-25,1,0,0,0,0,0,mobile,iOS,United States,New Jersey,<Other>,referral,0.0,1,1,session_only
56200703.4660894090,8233297720,2021-01-07,1,0,0,0,0,0,desktop,Web,United States,Texas,google,cpc,0.0,1,1,session_only
5312155.7410092259,9021444289,2020-11-18,1,1,1,1,1,1,desktop,Macintosh,United States,New York,(direct),(none),46.4,9,6,purchase
34400308.5117366442,4270293951,2021-01-07,1,0,0,0,0,0,mobile,iOS,Canada,Ontario,(direct),(none),0.0,1,1,session_only
2295278.4688935985,7161530881,2021-01-03,1,0,0,0,0,0,mobile,iOS,United States,Utah,google,organic,0.0,1,1,session_only
44220779.5067468026,4485993682,2020-11-21,1,0,0,0,0,0,desktop,Web,United States,Ohio,(data deleted),(data deleted),0.0,1,1,session_only
89555664.9656780916,47828433,2021-01-15,1,0,0,0,0,0,mobile,Android,United States,Illinois,google,organic,0.0,1,1,session_only
1568701.7618656061,252241528,2021-01-06,1,0,0,0,0,0,desktop,Web,United States,Massachusetts,(direct),(none),0.0,1,1,session_only
81954058.2304969225,3721713802,2021-01-26,1,0,0,0,0,0,desktop,Macintosh,Philippines,(not set),<Other>,referral,0.0,1,1,session_only
2356811.7863708318,9938146219,2021-01-26,1,0,0,0,0,0,mobile,Web,Indonesia,East Java,google,organic,0.0,1,1,session_only
4500393.5990312250,2659032041,2020-11-16,1,1,0,0,0,0,mobile,Web,United Kingdom,England,<Other>,<Other>,0.0,13,2,view_item
30963334.3072451124,46405970,2021-01-05,1,0,0,0,0,0,mobile,iOS,Switzerland,(not set),google,organic,0.0,1,1,session_only
2988737.0928608303,3272884314,2020-12-02,1,0,0,0,0,0,mobile,Web,Switzerland,Zurich,<Other>,referral,0.0,1,1,session_only
80449124.8126403744,2326012980,2020-12-24,1,0,0,0,0,0,desktop,Web,India,Rajasthan,(direct),(none),0.0,1,1,session_only
2936199.4465535938,1042267620,2021-01-29,1,0,0,0,0,0,desktop,Web,United States,(not set),shop.googlemerchandisestore.com,referral,0.0,1,1,session_only
83084614.1373609423,4466627849,2021-01-16,1,0,0,0,0,0,desktop,Web,India,West Bengal,google,organic,0.0,1,1,session_only
8731894.3205338331,3752780778,2021-01-09,1,1,0,0,0,0,desktop,Windows,United States,California,google,organic,0.0,2,2,view_item
76234594.8303910865,690211032,2020-12-29,1,0,0,0,0,0,desktop,Web,United States,California,shop.googlemerchandisestore.com,referral,0.0,1,1,session_only
7370750.4612817039,1637248925,2020-12-22,1,0,0,0,0,0,desktop,<Other>,United Kingdom,Wales,<Other>,<Other>,0.0,1,1,session_only
7816980.8873265965,1490899245,2021-01-16,1,0,0,0,0,0,desktop,Windows,United States,Massachusetts,<Other>,<Other>,0.0,1,1,session_only
44802163.6330954239,556792771,2021-01-07,1,0,0,0,0,0,mobile,iOS,Pakistan,Sindh,<Other>,<Other>,0.0,1,1,session_only
7048089.7363277394,7014135553,2020-11-21,1,0,0,0,0,0,mobile,Android,Denmark,Capital Region of Denmark,google,organic,0.0,1,1,session_only
79097308.9748392921,1542466216,2020-11-16,1,0,0,0,0,0,mobile,Android,United States,Illinois,google,cpc,0.0,1,1,session_only
59032536.9161067301,1366375258,2020-11-04,1,0,0,0,0,0,desktop,Web,United Kingdom,England,google,organic,0.0,1,1,session_only
90150260.5840198875,9331800549,2021-01-30,1,1,0,0,0,0,desktop,Web,United States,Iowa,google,organic,0.0,3,2,view_item
645602798.7623886090,9476882422,2021-01-23,1,1,0,0,0,0,mobile,Web,India,West Bengal,(data deleted),(data deleted),0.0,2,2,view_item
6811964.3824985727,9961447478,2021-01-01,1,0,0,0,0,0,desktop,Web,United States,Maryland,google,organic,0.0,1,1,session_only
6789959.6205310203,1658039919,2021-01-26,1,0,0,0,0,0,desktop,Web,Spain,Catalonia,(direct),(none),0.0,1,1,session_only
1337681.6302198516,1018200299,2020-12-28,1,0,0,0,0,0,desktop,Web,Nigeria,Lagos,<Other>,<Other>,0.0,1,1,session_only
14340487.1646769302,7431489888,2020-11-16,1,0,0,0,0,0,desktop,Web,United States,California,(direct),(none),0.0,1,1,session_only
75713973.6312383110,7015491146,2021-01-30,1,0,0,0,0,0,desktop,Web,United States,Virginia,google,organic,0.0,1,1,session_only
57121617.5988895729,7731115472,2021-01-18,1,0,0,0,0,0,desktop,Web,Taiwan,Taipei City,google,organic,0.0,1,1,session_only
51928657.0478452061,7406053220,2021-01-23,1,0,0,0,0,0,desktop,Web,United States,California,<Other>,<Other>,0.0,1,1,session_only
1245203.1205410719,3733380339,2020-12-16,1,1,1,1,1,1,desktop,Web,India,West Bengal,<Other>,referral,0.0,31,6,purchase
9003453375.8121226436,7946917603,2021-01-11,1,0,0,0,0,0,desktop,Web,(not set),(not set),google,organic,0.0,1,1,session_only
40437569.3698528458,2646454239,2020-11-09,1,0,0,0,0,0,mobile,Web,Taiwan,Taoyuan City,shop.googlemerchandisestore.com,referral,0.0,1,1,session_only
8101100.6279803776,9571783916,2021-01-14,1,0,0,0,0,0,desktop,Windows,Spain,Valencian Community,google,organic,0.0,1,1,session_only
20277552.1459762172,1248610217,2020-12-20,1,0,0,0,0,0,desktop,Web,United States,California,(data deleted),(data deleted),0.0,1,1,session_only
17306092.1688805462,2512256398,2021-01-02,1,0,0,0,0,0,mobile,Web,United States,New Jersey,<Other>,referral,0.0,1,1,session_only
81544854.4318371583,6958838799,2021-01-01,1,1,0,0,0,0,mobile,Web,India,Gujarat,google,organic,0.0,2,2,view_item
84048949.1458356775,4410780086,2020-11-29,1,0,0,0,0,0,desktop,Web,Greece,Attica,(data deleted),(data deleted),0.0,1,1,session_only
7483931.2137321294,2081772943,2021-01-29,1,0,0,0,0,0,desktop,Web,United States,Oklahoma,<Other>,<Other>,0.0,1,1,session_only
27799420.3516059570,7456488804,2021-01-25,1,1,0,0,0,0,desktop,Web,India,West Bengal,<Other>,<Other>,0.0,2,2,view_item
79558828.8419626061,2168882339,2020-12-27,1,1,0,0,0,0,desktop,Macintosh,Canada,British Columbia,google,organic,0.0,2,2,view_item
43038329.0110993604,9660223491,2021-01-03,1,0,0,0,0,0,desktop,Macintosh,India,Telangana,google,organic,0.0,1,1,session_only
4894849.9112523409,7692421696,2021-01-06,1,0,0,0,0,0,mobile,Web,Japan,Kanagawa,shop.googlemerchandisestore.com,referral,0.0,1,1,session_only
81677752.5699535951,1287300819,2021-01-11,1,0,0,0,0,0,desktop,Web,Poland,Lodz Voivodeship,google,organic,0.0,1,1,session_only
26564700.1505242323,3057250077,2020-11-06,1,0,0,0,0,0,mobile,iOS,United States,California,(direct),(none),0.0,1,1,session_only
80689739.2038974125,3729089428,2020-12-08,1,0,0,0,0,0,mobile,Android,United States,North Dakota,<Other>,<Other>,0.0,1,1,session_only
54314585.6501509253,3812580251,2021-01-21,1,0,0,0,0,0,mobile,iOS,United Kingdom,England,google,cpc,0.0,1,1,session_only
18648880.9425728422,6602285042,2021-01-29,1,0,0,0,0,0,mobile,Web,Poland,Podkarpackie Voivodeship,google,organic,0.0,1,1,session_only
78599988.6226941201,8049776930,2020-11-09,1,0,0,0,0,0,mobile,Web,United States,New York,<Other>,<Other>,0.0,1,1,session_only
8197755.1218008245,9840325779,2020-11-21,1,0,0,0,0,0,desktop,Web,United States,Pennsylvania,google,organic,0.0,1,1,session_only
61497117.4141487647,1929756032,2020-12-25,1,0,0,0,0,0,desktop,Web,Spain,Catalonia,google,organic,0.0,1,1,session_only
87259790.4638455729,5201391392,2020-12-10,1,0,0,0,0,0,mobile,Web,United States,Hawaii,<Other>,<Other>,0.0,1,1,session_only
5161098.0325326264,5640845480,2020-12-13,1,1,1,1,1,1,desktop,Macintosh,Canada,Alberta,shop.googlemerchandisestore.com,referral,42.56,19,6,purchase
14954261.9135360749,7061160769,2020-11-07,1,0,0,0,0,0,mobile,iOS,Canada,Nova Scotia,google,organic,0.0,1,1,session_only
52763205.9646767640,7792070250,2021-01-28,1,1,0,0,0,0,desktop,Windows,Canada,Quebec,google,organic,0.0,3,2,view_item
12910142.0755638588,712343816,2020-12-24,1,1,0,1,1,1,desktop,Windows,(not set),(not set),<Other>,<Other>,59.2,14,6,purchase
3388799.5981424465,7756502941,2020-12-10,1,0,0,0,0,0,desktop,Macintosh,United States,Texas,google,organic,0.0,1,1,session_only
6887354.4319411661,4991190225,2020-11-27,1,0,0,0,0,0,desktop,Windows,Canada,Ontario,(direct),(none),0.0,1,1,session_only
90357907.1968218385,9689327178,2020-12-02,1,0,0,0,0,0,mobile,Web,United States,(not set),google,organic,0.0,1,1,session_only
8470764.7870904838,3449410268,2021-01-31,1,1,0,0,0,0,desktop,Web,United States,California,google,organic,0.0,3,2,view_item
15503734.5056993884,7896620633,2020-12-20,1,1,1,0,0,0,desktop,Web,India,Madhya Pradesh,(direct),(none),0.0,6,3,add_to_cart
1280885.4587684428,6529700733,2021-01-07,1,0,0,0,0,0,mobile,Android,China,Beijing,shop.googlemerchandisestore.com,referral,0.0,1,1,session_only
14657670.8747373290,2137835872,2020-12-24,1,0,0,0,0,0,desktop,Web,United States,California,google,organic,0.0,1,1,session_only
7270138.7936362583,2245162232,2021-01-26,1,0,0,0,0,0,desktop,Web,Canada,Saskatchewan,google,organic,0.0,1,1,session_only
35322826.2380843848,4089487653,2021-01-05,1,0,0,0,0,0,desktop,Web,Indonesia,(not set),google,organic,0.0,1,1,session_only
68366296.6904495168,1525645955,2021-01-30,1,0,0,0,0,0,tablet,Web,United States,New York,google,organic,0.0,1,1,session_only
19381125.7704323977,2935511150,2021-01-11,1,0,0,0,0,0,desktop,Windows,United States,Colorado,(data deleted),(data deleted),0.0,1,1,session_only
73425202.4537986939,7875252262,2020-12-08,1,1,0,0,0,0,mobile,Android,United States,Pennsylvania,google,organic,0.0,6,2,view_item
86524080.4727889548,8682608799,2020-12-13,1,0,0,0,0,0,desktop,Web,United States,(not set),(direct),(none),0.0,1,1,session_only
10702974.0923572591,7806135330,2021-01-30,1,1,1,1,1,1,desktop,Web,Canada,Quebec,google,organic,0.0,12,6,purchase
25969565.8313690155,8892823346,2020-11-16,1,0,0,0,0,0,desktop,Macintosh,United States,Massachusetts,(direct),(none),0.0,1,1,session_only
5475124.3750490117,933676316,2020-11-08,1,1,0,1,0,0,desktop,Web,United States,Connecticut,google,organic,0.0,6,4,begin_checkout
44755450.3702695920,1662928524,2021-01-06,1,0,0,0,0,0,desktop,Macintosh,United States,California,(direct),(none),0.0,1,1,session_only
1033552.6644233006,6219729041,2020-11-04,1,0,0,0,0,0,desktop,Web,United States,New Jersey,(direct),(none),0.0,1,1,session_only
1832746.6709228981,2567321176,2021-01-07,1,0,0,0,0,0,mobile,Android,Ukraine,Dnipropetrovsk Oblast,google,organic,0.0,1,1,session_only
7513356.9347641327,8667584253,2020-11-18,1,0,0,0,0,0,desktop,<Other>,Canada,Quebec,google,organic,0.0,1,1,session_only
46523841.8360504582,9551407742,2021-01-25,1,0,0,0,0,0,desktop,Web,United States,Pennsylvania,google,organic,0.0,1,1,session_only
4747460.0075896243,5389393320,2021-01-05,1,0,0,0,0,0,mobile,Web,United States,Virginia,<Other>,<Other>,0.0,1,1,session_only
4680291.1976419257,179644635,2021-01-13,1,1,0,0,0,0,desktop,Web,Canada,British Columbia,(direct),(none),0.0,7,2,view_item
7935901.8410963858,2722906370,2020-12-24,1,0,0,0,0,0,desktop,Web,Canada,Ontario,google,cpc,0.0,1,1,session_only
32285176.3582856083,2468165143,2021-01-04,1,0,0,0,0,0,desktop,Web,United States,Texas,<Other>,referral,0.0,1,1,session_only
22119944.5065046940,1364273741,2021-01-09,1,0,0,0,0,0,mobile,Web,India,Punjab,(direct),(none),0.0,1,1,session_only
40895929.1321222401,67598264,2021-01-06,1,0,0,0,0,0,desktop,Web,Poland,(not set),<Other>,<Other>,0.0,1,1,session_only
79577239.6870220830,3035389284,2020-11-04,1,0,0,0,0,0,desktop,Web,Canada,Quebec,google,organic,0.0,1,1,session_only
27594875.9153477682,104156622,2021-01-16,1,0,0,0,0,0,desktop,Web,United States,California,<Other>,<Other>,0.0,1,1,session_only
23001898.7179390222,9856686767,2020-12-08,1,0,0,0,0,0,desktop,Web,Portugal,(not set),(direct),(none),0.0,1,1,session_only
28369044.5148084707,5566419794,2021-01-07,1,0,0,0,0,0,desktop,Web,United States,California,shop.googlemerchandisestore.com,referral,0.0,1,1,session_only
5055304.0572082047,7455991848,2020-11-21,1,0,0,0,0,0,desktop,Macintosh,Spain,(not set),(direct),(none),0.0,1,1,session_only
73762577.7816457600,5711743625,2020-12-28,1,1,1,1,1,1,desktop,Web,China,Zhejiang,<Other>,<Other>,43.8,27,6,purchase
3852810.4481834676,9891172382,2020-12-31,1,0,0,0,0,0,mobile,Web,United States,Missouri,<Other>,referral,0.0,1,1,session_only
4362150.8708618344,1868585168,2021-01-15,1,1,1,1,1,1,mobile,Web,United States,Illinois,google,organic,0.0,41,6,purchase
31986338.9944413973,6807478082,2020-12-26,1,0,0,0,0,0,mobile,Android,China,Zhejiang,<Other>,<Other>,0.0,1,1,session_only
5565016.9227598069,8451400175,2020-11-09,1,1,0,1,1,1,desktop,Web,India,Delhi,google,organic,28.8,8,6,purchase
63104783.9206195538,3923116444,2021-01-29,1,0,0,0,0,0,desktop,Web,United States,Washington,google,organic,0.0,1,1,session_only
73497675.9720954301,880689186,2021-01-11,1,1,1,1,1,1,mobile,Web,United Kingdom,England,google,organic,157.6,28,6,purchase
2592866.5510808505,8107965329,2021-01-13,1,0,0,0,0,0,mobile,Web,United States,California,<Other>,<Other>,0.0,1,1,session_only
47138159.6689844246,5429070518,2020-12-29,1,1,0,0,0,0,desktop,<Other>,Netherlands,Overijssel,<Other>,<Other>,0.0,2,2,view_item
93208681.4784997969,7694665473,2021-01-13,1,1,1,1,1,1,desktop,Web,United States,New York,google,organic,89.85,76,6,purchase
37981042.3720864887,6178275146,2020-12-24,1,0,0,0,0,0,desktop,Web,Romania,(not set),<Other>,<Other>,0.0,1,1,session_only
8269107.5312843213,5328099107,2021-01-30,1,1,1,1,1,1,desktop,Windows,Singapore,(not set),(direct),(none),0.0,12,6,purchase
6560533.4829167249,8554045009,2020-12-06,1,0,0,0,0,0,mobile,Web,United States,Illinois,google,organic,0.0,1,1,session_only
11426844.4706342307,1206542137,2020-11-03,1,0,0,0,0,0,mobile,Android,India,Telangana,google,organic,0.0,1,1,session_only
91629463.5197183088,8083479081,2021-01-18,1,0,0,0,0,0,mobile,iOS,United States,California,(direct),(none),0.0,1,1,session_only
63476045.4756742511,7154515433,2020-12-16,1,0,0,0,0,0,mobile,Android,United States,Arizona,google,organic,0.0,1,1,session_only
5270351.4533243066,77036991,2021-01-05,1,0,0,0,0,0,desktop,Web,United States,New York,google,organic,0.0,1,1,session_only
40534768.8506314441,4971115715,2021-01-25,1,0,0,0,0,0,mobile,Web,South Korea,Seoul,<Other>,referral,0.0,1,1,session_only
9191432.8192167252,5742639200,2021-01-16,1,0,0,0,0,0,mobile,Android,Canada,Ontario,google,organic,0.0,1,1,session_only
44232256.0931296262,8887663463,2021-01-22,1,0,0,0,0,0,desktop,Web,France,Ile-de-France,(direct),(none),0.0,1,1,session_only
4827261.4806346435,1064432912,2020-12-31,1,0,0,0,0,0,mobile,iOS,Taiwan,Taiwan Province,<Other>,referral,0.0,1,1,session_only
8726138.2217446958,9480433316,2021-01-14,1,0,0,0,0,0,desktop,Macintosh,United States,Pennsylvania,google,organic,0.0,1,1,session_only
4065821045.0210440162,8661085401,2020-11-09,1,1,0,0,0,0,desktop,Macintosh,United States,Oklahoma,google,organic,0.0,2,2,view_item
27150223.0167628853,8482438927,2020-12-21,1,1,1,1,1,1,mobile,iOS,Indonesia,Jakarta,<Other>,referral,31.200000000000003,49,6,purchase
5821875.3748682363,7032458218,2020-11-06,1,1,0,0,0,0,mobile,Web,France,Ile-de-France,google,organic,0.0,3,2,view_item
1844050.8848814364,1225753968,2020-11-06,1,1,0,0,0,0,desktop,Windows,India,Rajasthan,google,organic,0.0,4,2,view_item
73956800.9390899775,8467315281,2021-01-07,1,0,0,0,0,0,mobile,iOS,United States,California,(direct),(none),0.0,1,1,session_only
87447041.8468832360,6020481474,2020-12-02,1,1,0,0,0,0,mobile,Web,Spain,Valencian Community,google,organic,0.0,3,2,view_item
58541979.2175218521,394105359,2021-01-31,1,0,0,0,0,0,mobile,Android,United States,Wisconsin,<Other>,<Other>,0.0,1,1,session_only
9199045.1488249886,3972647612,2021-01-13,1,0,0,0,0,0,desktop,Windows,Australia,Victoria,(direct),(none),0.0,1,1,session_only
2328452.2684351888,2451240268,2020-12-21,1,0,0,0,0,0,desktop,Web,Taiwan,Taoyuan City,<Other>,<Other>,0.0,1,1,session_only
1305929.4040637111,2626633295,2021-01-21,1,0,0,0,0,0,desktop,Web,United States,Maryland,(direct),(none),0.0,1,1,session_only
7806221.9817112037,1543926915,2020-11-21,1,0,0,0,0,0,desktop,Windows,Canada,Ontario,<Other>,referral,0.0,1,1,session_only
18913877.0689668138,5882626363,2020-11-01,1,0,0,0,0,0,desktop,Web,United Kingdom,England,<Other>,<Other>,0.0,1,1,session_only
3312279.3836257137,7362381761,2020-12-31,1,0,0,0,0,0,mobile,Web,United States,Texas,google,organic,0.0,1,1,session_only
39388940.1087317361,8875713466,2021-01-25,1,0,0,0,0,0,mobile,Android,United States,Oregon,<Other>,<Other>,0.0,1,1,session_only
4342437.7650201816,713036226,2020-12-02,1,0,0,0,0,0,desktop,Web,Canada,Quebec,google,organic,0.0,1,1,session_only
8181422.3080899269,7920652948,2021-01-06,1,0,0,0,0,0,desktop,<Other>,Canada,Quebec,<Other>,<Other>,0.0,1,1,session_only
66473150.8260624707,4554653077,2020-12-24,1,0,0,0,0,0,mobile,Web,United States,Texas,(data deleted),(data deleted),0.0,1,1,session_only
3958686.6087309428,3926587737,2020-11-07,1,1,0,1,1,1,mobile,Web,Hong Kong,(not set),(direct),(none),112.24,10,6,purchase
76356424.0978454972,321971500,2020-11-18,1,1,0,1,1,1,desktop,Web,United States,Texas,(data deleted),(data deleted),170.88,29,6,purchase
5877332.1764143590,800632711,2020-12-08,1,0,0,0,0,0,desktop,<Other>,Taiwan,Taipei City,(data deleted),(data deleted),0.0,1,1,session_only
45060236.8561927667,5441972893,2020-12-30,1,0,0,0,0,0,mobile,Web,Canada,Ontario,<Other>,referral,0.0,1,1,session_only
53982377.9231749924,158136381,2020-11-13,1,1,0,1,1,1,mobile,Web,Peru,(not set),google,organic,0.0,16,6,purchase
74513228.8922985609,4454409183,2021-01-18,1,0,0,0,0,0,desktop,Web,Ireland,County Dublin,google,organic,0.0,1,1,session_only
1917277.5935718543,7418972503,2021-01-24,1,0,0,0,0,0,desktop,Web,United States,Ohio,shop.googlemerchandisestore.com,referral,0.0,1,1,session_only
78184104.9260201767,7626298468,2021-01-06,1,0,0,0,0,0,mobile,iOS,India,Haryana,(direct),(none),0.0,1,1,session_only
7201406.4345434406,106764447,2021-01-18,1,0,0,0,0,0,desktop,Web,India,Maharashtra,google,organic,0.0,1,1,session_only
91315599.4575189701,7896409005,2021-01-08,1,1,1,0,0,0,mobile,iOS,India,Uttar Pradesh,(data deleted),(data deleted),0.0,3,3,add_to_cart
66110580.3915490917,6088282759,2020-12-08,1,0,0,0,0,0,tablet,Web,United States,Michigan,google,cpc,0.0,1,1,session_only
34673514.2929629817,5144323084,2020-12-10,1,0,0,0,0,0,mobile,iOS,United States,New York,(direct),(none),0.0,1,1,session_only
67617968.3797415341,7950638049,2020-12-31,1,0,0,0,0,0,desktop,Web,United States,Texas,(data deleted),(data deleted),0.0,1,1,session_only
51063814.5612872053,8372923395,2021-01-31,1,1,0,0,0,0,desktop,Windows,United Kingdom,Scotland,google,organic,0.0,2,2,view_item
2233163.7526757311,9766828208,2020-11-03,1,0,0,0,0,0,desktop,Web,Croatia,(not set),<Other>,referral,0.0,1,1,session_only
1530422.4047731959,1362348924,2021-01-08,1,0,0,0,0,0,desktop,Windows,United States,California,<Other>,<Other>,0.0,1,1,session_only
66022878.9030639565,5006102061,2020-11-01,1,1,0,0,0,0,mobile,Web,India,Telangana,(direct),(none),0.0,2,2,view_item
5849319.7551548547,8912418320,2020-11-03,1,0,0,0,0,0,mobile,Web,United States,New Jersey,<Other>,referral,0.0,1,1,session_only
20775914.3147649810,280299801,2021-01-11,1,0,0,0,0,0,mobile,Android,China,Zhejiang,google,organic,0.0,1,1,session_only
70858226.7977640085,2948295619,2021-01-24,1,0,0,0,0,0,mobile,Web,United States,Ohio,google,organic,0.0,1,1,session_only
4758788.9701448384,7683485510,2021-01-04,1,0,0,0,0,0,mobile,Web,Netherlands,South Holland,<Other>,<Other>,0.0,1,1,session_only
3088496.7260661913,3610970519,2020-12-06,1,1,1,1,1,1,desktop,Windows,United States,Virginia,google,organic,0.0,45,6,purchase
8854263.1539498003,6493970913,2021-01-17,1,0,0,0,0,0,desktop,Web,Hong Kong,(not set),<Other>,<Other>,0.0,1,1,session_only
8192297.4538480871,3102228597,2020-12-29,1,0,0,0,0,0,desktop,Windows,Bangladesh,(not set),google,organic,0.0,1,1,session_only
2938622.9617312668,8321458670,2020-11-04,1,1,0,0,0,0,mobile,Web,South Africa,(not set),<Other>,<Other>,0.0,11,2,view_item
8511848.0344447876,8058693541,2020-12-25,1,0,0,0,0,0,mobile,Web,Turkey,Istanbul,(direct),(none),0.0,1,1,session_only
57273901.5222700032,7450517551,2020-12-16,1,0,0,0,0,0,mobile,Web,Canada,British Columbia,<Other>,referral,0.0,1,1,session_only
1030852.5686336889,8055972732,2020-11-16,1,0,0,0,0,0,desktop,<Other>,Thailand,(not set),shop.googlemerchandisestore.com,referral,0.0,1,1,session_only
59728514.6794390622,4791257599,2021-01-13,1,1,1,1,1,1,mobile,iOS,United States,Virginia,google,organic,42.36,24,6,purchase
37498165.4631280432,3499073517,2020-12-16,1,0,0,0,0,0,desktop,Windows,United Arab Emirates,Dubai,(data deleted),(data deleted),0.0,1,1,session_only
4709275.8875557274,7818705150,2020-12-16,1,1,1,1,1,1,mobile,iOS,Australia,Victoria,shop.googlemerchandisestore.com,referral,26.88,15,6,purchase
5930057.3180485432,5475053350,2021-01-14,1,0,0,0,0,0,desktop,Web,India,Maharashtra,<Other>,<Other>,0.0,1,1,session_only
7496459.8512340688,1599931094,2020-11-06,1,0,0,0,0,0,desktop,Web,Germany,Hamburg,(direct),(none),0.0,1,1,session_only
4928525.8378184452,9062463333,2020-11-21,1,1,0,1,1,1,mobile,Android,India,Bihar,google,cpc,91.2,37,6,purchase
19313939.7923550252,4183237399,2020-11-09,1,0,0,0,0,0,desktop,Web,Portugal,Porto District,(direct),(none),0.0,1,1,session_only
34197861.1125607965,6505502975,2020-11-03,1,0,0,0,0,0,desktop,Web,Sweden,(not set),shop.googlemerchandisestore.com,referral,0.0,1,1,session_only
4102153.8368217842,9391225259,2021-01-15,1,0,0,0,0,0,mobile,Android,United States,Virginia,google,organic,0.0,1,1,session_only
64918857.0716361888,4602425044,2021-01-13,1,0,0,0,0,0,desktop,Web,United States,Illinois,(direct),(none),0.0,1,1,session_only
19891830.2037428926,9070514878,2021-01-13,1,0,0,0,0,0,tablet,Android,South Korea,Seoul,<Other>,referral,0.0,1,1,session_only
7544883.2733410379,8096533628,2020-11-18,1,1,1,0,0,0,desktop,Web,New Zealand,(not set),google,organic,0.0,6,3,add_to_cart
81618592.8833756920,1169546692,2021-01-09,1,0,0,0,0,0,mobile,Web,Paraguay,(not set),google,cpc,0.0,1,1,session_only
19820617.4327983057,6115009189,2020-12-27,1,0,0,0,0,0,mobile,Web,Singapore,(not set),google,cpc,0.0,1,1,session_only
15201714.9748417954,4683009119,2021-01-23,1,1,0,0,0,0,desktop,Web,Japan,Kanagawa,(direct),(none),0.0,2,2,view_item
1633693.3441251505,4056462302,2021-01-14,1,0,0,0,0,0,desktop,Web,Peru,(not set),<Other>,<Other>,0.0,1,1,session_only
6242988.4207816849,8273346875,2020-12-31,1,0,0,0,0,0,desktop,Web,Singapore,(not set),google,organic,0.0,1,1,session_only
70925656.8492025520,8649098443,2020-11-12,1,0,0,0,0,0,desktop,Macintosh,Israel,Tel Aviv District,google,organic,0.0,1,1,session_only
37052472.4037051283,2257986230,2020-12-13,1,1,0,0,0,0,mobile,Android,South Korea,Seoul,google,organic,0.0,2,2,view_item
2834708.5365670206,9223901219,2020-12-05,1,0,0,0,0,0,mobile,Web,United States,District of Columbia,google,organic,0.0,1,1,session_only
2942295.7251843833,256707524,2021-01-04,1,0,0,0,0,0,mobile,Web,United States,Virginia,google,organic,0.0,1,1,session_only
66696559.3097289796,427318501,2020-12-20,1,1,0,0,0,0,desktop,Web,United States,Colorado,(direct),(none),0.0,2,2,view_item
33534815.7447892996,8236911693,2020-11-06,1,0,0,0,0,0,mobile,Web,Canada,Ontario,google,organic,0.0,1,1,session_only
57994145.6291436673,7523771850,2020-12-02,1,0,0,0,0,0,mobile,Web,United States,Nebraska,google,organic,0.0,1,1,session_only
38757110.7814660271,6019325345,2020-11-09,1,0,0,0,0,0,mobile,Web,Turkey,Adana,google,cpc,0.0,1,1,session_only
8766241.4431195023,9736535748,2020-11-29,1,0,0,0,0,0,desktop,Web,United States,Florida,<Other>,<Other>,0.0,1,1,session_only
42895794.7860125107,6223868097,2020-11-29,1,0,0,0,0,0,desktop,Windows,United States,Minnesota,google,organic,0.0,1,1,session_only
8251450.5546682121,8676293191,2021-01-31,1,0,0,0,0,0,desktop,Macintosh,China,Zhejiang,google,organic,0.0,1,1,session_only
60864684.1384372039,6653923604,2020-12-22,1,1,0,0,0,0,mobile,iOS,United States,California,(direct),(none),0.0,4,2,view_item
71997381.6199053146,5602018099,2021-01-13,1,0,0,0,0,0,mobile,Web,Canada,Quebec,google,organic,0.0,1,1,session_only
74170818.6370943050,3477190151,2020-12-22,1,0,0,0,0,0,desktop,Web,United States,Florida,google,organic,0.0,1,1,session_only
5418781.9112940540,2747185220,2020-12-08,1,1,1,1,0,0,mobile,Web,India,Uttar Pradesh,<Other>,<Other>,0.0,6,4,begin_checkout
8490184.5473807389,9192835086,2020-12-02,1,0,0,0,0,0,mobile,iOS,United States,Massachusetts,<Other>,<Other>,0.0,1,1,session_only
7870833.4699729595,3182367065,2021-01-05,1,0,0,0,0,0,mobile,Web,Germany,Hamburg,(data deleted),(data deleted),0.0,1,1,session_only
6278853.4619342830,2102135488,2020-12-30,1,0,0,0,0,0,mobile,Web,India,Telangana,(direct),(none),0.0,1,1,session_only
4011171.9654352548,2511845074,2021-01-05,1,0,0,0,0,0,desktop,Web,United States,Oregon,(direct),(none),0.0,1,1,session_only
4892878.9907160605,5337493972,2020-12-30,1,0,0,0,0,0,desktop,Web,United States,New York,(direct),(none),0.0,1,1,session_only
34616611.3130570275,3426204654,2020-11-22,1,0,0,0,0,0,mobile,Web,United States,Illinois,<Other>,referral,0.0,1,1,session_only
12313499.2326208531,7706557763,2021-01-09,1,0,0,0,0,0,desktop,Web,United States,California,(direct),(none),0.0,1,1,session_only
1171931.3003166765,5154152746,2020-12-27,1,0,0,0,0,0,desktop,Macintosh,United States,Colorado,(data deleted),(data deleted),0.0,1,1,session_only
6811853.0090921589,9589283931,2020-12-21,1,0,0,0,0,0,desktop,Web,United States,California,<Other>,<Other>,0.0,1,1,session_only
8942620.3768210351,1800995421,2020-12-08,1,1,1,1,1,1,desktop,Windows,United Kingdom,England,(direct),(none),84.24,27,6,purchase
57752699.8373496520,9119113028,2020-12-06,1,1,1,1,1,1,desktop,Web,United States,Michigan,<Other>,referral,39.36,15,6,purchase
8167740.7695568338,2499531040,2020-11-29,1,0,0,0,0,0,desktop,Macintosh,Colombia,Valle del Cauca,(direct),(none),0.0,1,1,session_only
7534113991.3465936368,7275325888,2020-11-21,1,1,0,1,0,0,desktop,Web,United States,Louisiana,google,organic,0.0,4,4,begin_checkout
8415190.0437025981,5702473711,2020-11-21,1,0,0,0,0,0,mobile,iOS,United States,Iowa,google,organic,0.0,1,1,session_only
9114615.1907320345,4155830884,2021-01-22,1,0,0,0,0,0,mobile,Android,Germany,Baden-Wurttemberg,google,organic,0.0,1,1,session_only
8382705.7933613271,6499876145,2020-12-20,1,0,0,0,0,0,desktop,Web,United States,California,google,organic,0.0,1,1,session_only
55957778.1809400142,1091668169,2020-11-07,1,0,0,0,0,0,desktop,Macintosh,Japan,Tokyo,(direct),(none),0.0,1,1,session_only
49813983.2585110016,9594727713,2021-01-23,1,1,0,1,1,0,desktop,<Other>,United States,California,(direct),(none),0.0,17,5,add_payment
14153069.8904880302,395246087,2020-11-13,1,0,0,0,0,0,desktop,Macintosh,United States,New York,<Other>,<Other>,0.0,1,1,session_only
55008145.2705836476,3597808882,2020-11-01,1,0,0,0,0,0,desktop,Web,United States,Georgia,(direct),(none),0.0,1,1,session_only
1383436.6450716204,1296397137,2020-11-16,1,1,0,1,0,0,desktop,Web,Peru,(not set),shop.googlemerchandisestore.com,referral,0.0,58,4,begin_checkout
8604444.3577779051,7224621691,2020-12-16,1,0,0,0,0,0,desktop,Web,Canada,Manitoba,google,organic,0.0,1,1,session_only
90373011.7275872616,2994368874,2020-12-24,1,0,0,0,0,0,desktop,Web,Netherlands,Overijssel,google,organic,0.0,1,1,session_only
11704860.5685851852,1115198532,2020-11-16,1,1,0,1,1,1,mobile,iOS,United States,California,google,organic,13.6,6,6,purchase
3176433.9848862716,8864872947,2021-01-30,1,0,0,0,0,0,desktop,Web,United States,Virginia,google,organic,0.0,1,1,session_only
4070587.0951011871,6466353691,2020-11-18,1,0,0,0,0,0,desktop,Macintosh,Algeria,(not set),google,organic,0.0,1,1,session_only
6217664.0772472753,8046857727,2020-12-10,1,0,0,0,0,0,mobile,Web,United States,Texas,<Other>,<Other>,0.0,1,1,session_only
72629402.1801865316,9353578988,2020-12-28,1,1,0,0,0,0,desktop,Web,United States,California,google,organic,0.0,3,2,view_item
22465539.1972867421,3029437985,2020-11-29,1,0,0,0,0,0,mobile,Web,United States,Missouri,(direct),(none),0.0,1,1,session_only
45999305.5768783608,558033671,2020-12-02,1,0,0,0,0,0,mobile,iOS,Canada,Ontario,google,organic,0.0,1,1,session_only
43832109.7312656080,4264690953,2021-01-03,1,0,0,0,0,0,desktop,<Other>,Argentina,Buenos Aires Province,shop.googlemerchandisestore.com,referral,0.0,1,1,session_only
21016380.7480398222,9973953424,2021-01-24,1,0,0,0,0,0,desktop,Web,United States,Nebraska,(direct),(none),0.0,1,1,session_only
2591368.7446185872,2412591845,2021-01-05,1,0,0,0,0,0,desktop,Web,Japan,Kanagawa,shop.googlemerchandisestore.com,referral,0.0,1,1,session_only
3112063.1868191406,8818547931,2021-01-26,1,0,0,0,0,0,mobile,iOS,United States,California,google,cpc,0.0,1,1,session_only
31417474.8321346201,5354228186,2021-01-25,1,1,1,1,1,1,mobile,Web,United States,Arizona,(direct),(none),4.64,15,6,purchase
9092120748.3306463324,2023185546,2021-01-09,1,0,0,0,0,0,desktop,Web,Singapore,(not set),google,cpc,0.0,1,1,session_only
2501819.0498628249,478878903,2020-12-10,1,0,0,0,0,0,mobile,iOS,United Arab Emirates,Dubai,google,organic,0.0,1,1,session_only
7187484.3949737041,3937216232,2020-12-22,1,1,1,1,1,0,desktop,Windows,(not set),(not set),<Other>,<Other>,0.0,26,5,add_payment
28258095.4011690273,6912108882,2020-12-30,1,0,0,0,0,0,desktop,Macintosh,United States,New York,shop.googlemerchandisestore.com,referral,0.0,1,1,session_only
46074243.8298864362,238356831,2021-01-08,1,0,0,0,0,0,desktop,Web,South Korea,Gyeonggi-do,<Other>,referral,0.0,1,1,session_only
99411876.2111889609,4061989038,2021-01-05,1,1,0,0,0,0,desktop,Web,United States,Florida,<Other>,organic,0.0,15,2,view_item
25295244.7119116293,3837218210,2021-01-15,1,1,0,0,0,0,mobile,Web,United States,New York,(direct),(none),0.0,2,2,view_item
11744051.1545744277,4688012688,2020-12-22,1,0,0,0,0,0,mobile,Web,United States,New York,google,organic,0.0,1,1,session_only
57941354.3510988450,6562731773,2021-01-15,1,0,0,0,0,0,desktop,Web,Portugal,Lisbon,(direct),(none),0.0,1,1,session_only
1912970.3114085343,9290205878,2021-01-06,1,0,0,0,0,0,desktop,Web,United States,Oregon,shop.googlemerchandisestore.com,referral,0.0,1,1,session_only
3098568.7060518371,4837021818,2021-01-17,1,1,0,0,0,0,desktop,Windows,France,Ile-de-France,google,organic,0.0,3,2,view_item
24885110.2100210669,142556510,2020-11-08,1,0,0,0,0,0,desktop,Windows,United States,Tennessee,google,organic,0.0,1,1,session_only
91269658.6723103535,6931732117,2020-12-08,1,0,0,0,0,0,desktop,Web,India,Madhya Pradesh,google,organic,0.0,1,1,session_only
7352878.3781125308,7191199160,2021-01-28,1,1,0,0,0,0,desktop,Web,United States,South Carolina,<Other>,<Other>,0.0,2,2,view_item
25248157.6907510772,3273331826,2021-01-08,1,0,0,0,0,0,mobile,iOS,United States,California,google,organic,0.0,1,1,session_only
1622235.9923526878,2070203280,2021-01-04,1,0,0,0,0,0,desktop,Macintosh,Brazil,State of Santa Catarina,google,organic,0.0,1,1,session_only
69853463.6662169998,6338851071,2020-12-13,1,0,0,0,0,0,mobile,Web,Italy,Veneto,<Other>,organic,0.0,1,1,session_only
44349490.1977129520,5139770426,2020-11-03,1,0,0,0,0,0,mobile,iOS,United States,Tennessee,(direct),(none),0.0,1,1,session_only
69444837.2783530408,3892735007,2020-11-02,1,1,0,0,0,0,desktop,Web,United States,Michigan,(direct),(none),0.0,4,2,view_item
25292127.8507063310,3877673150,2020-11-07,1,0,0,0,0,0,mobile,Web,Poland,Masovian Voivodeship,google,organic,0.0,1,1,session_only
8192029.7302641759,4105120947,2020-11-14,1,0,0,0,0,0,desktop,Web,United States,Illinois,google,organic,0.0,1,1,session_only
9165170.8636653512,3363659164,2020-12-08,1,1,0,1,1,1,desktop,Web,United States,New Jersey,(direct),(none),0.0,10,6,purchase
14968636.2305499576,255664925,2021-01-16,1,0,0,0,0,0,desktop,Web,Sweden,(not set),<Other>,<Other>,0.0,1,1,session_only
26398982.4392885104,4687272843,2020-12-26,1,0,0,0,0,0,desktop,Macintosh,United States,Virginia,<Other>,<Other>,0.0,1,1,session_only
9212131.9957599429,2570512693,2020-11-27,1,0,0,0,0,0,desktop,Web,France,Hauts-de-France,<Other>,<Other>,0.0,1,1,session_only
5861228.5453738573,5746828927,2020-11-06,1,1,0,0,1,0,mobile,Android,United States,Texas,(direct),(none),0.0,3,5,add_payment
7832919.4472202815,2081996022,2020-12-10,1,0,0,0,0,0,mobile,Web,Iraq,(not set),google,organic,0.0,1,1,session_only
64897169.4318202885,3284803205,2020-12-20,0,1,0,0,0,0,desktop,Windows,Vietnam,Ho Chi Minh City,(direct),(none),0.0,2,2,view_item
4655775.4039345493,2733753334,2020-12-31,1,1,1,1,1,1,desktop,Macintosh,Singapore,(not set),<Other>,referral,0.0,14,6,purchase
87623833.7028292100,6591784858,2021-01-05,1,0,0,0,0,0,mobile,Web,Singapore,(not set),(direct),(none),0.0,1,1,session_only
4053136.4225748792,7994801779,2020-12-16,1,0,0,0,0,0,desktop,Web,United States,Wisconsin,<Other>,<Other>,0.0,1,1,session_only
4882780.7873705497,9629841852,2020-11-12,1,0,0,0,0,0,mobile,Web,United Kingdom,England,(direct),(none),0.0,1,1,session_only
47400220.2218347104,7177549773,2020-12-06,1,0,0,0,0,0,desktop,Macintosh,Canada,Ontario,google,cpc,0.0,1,1,session_only
91606617.3443215126,7232934402,2020-11-21,1,0,0,0,0,0,mobile,iOS,Canada,Ontario,(direct),(none),0.0,1,1,session_only
4299817.9474232817,5238680810,2021-01-24,1,0,0,0,0,0,mobile,iOS,United States,Nebraska,google,organic,0.0,1,1,session_only
1690870.0445424751,4643837008,2020-11-15,1,0,0,0,0,0,mobile,Web,United States,Ohio,(direct),(none),0.0,1,1,session_only
6039778.1422403346,8907007179,2020-11-01,1,0,0,0,0,0,mobile,Android,Peru,(not set),google,organic,0.0,1,1,session_only
31162294.1456031501,8474170243,2021-01-23,1,0,0,0,0,0,desktop,Web,United States,Illinois,<Other>,<Other>,0.0,1,1,session_only
32904731.3104611180,498560129,2020-12-31,1,0,0,0,0,0,desktop,Web,United States,Arkansas,<Other>,referral,0.0,1,1,session_only
57614065.0877619507,967603507,2021-01-23,1,0,0,0,0,0,mobile,Web,Azerbaijan,(not set),google,organic,0.0,1,1,session_only
4355623.1957543864,3319934860,2020-11-13,1,0,0,0,0,0,desktop,Windows,Poland,Lublin Voivodeship,<Other>,referral,0.0,1,1,session_only
76780238.1065030783,6805144591,2021-01-11,1,0,0,0,0,0,desktop,Web,United States,Virginia,<Other>,<Other>,0.0,1,1,session_only
89137127.0462431804,5145486480,2021-01-18,1,1,1,0,0,0,mobile,Web,Switzerland,Geneva,google,cpc,0.0,5,3,add_to_cart
9116498.9681024692,5846926340,2020-12-26,1,0,0,0,0,0,desktop,Web,Australia,New South Wales,<Other>,<Other>,0.0,1,1,session_only
2660071.6760619641,5957929822,2020-12-13,1,0,0,0,0,0,desktop,Web,United States,Texas,google,organic,0.0,1,1,session_only
20179942.0639625556,2485252980,2020-11-18,1,0,0,0,0,0,mobile,Web,United States,Illinois,google,organic,0.0,1,1,session_only
63768826.2120854110,6924714066,2021-01-16,1,0,0,0,0,0,mobile,Android,United States,Massachusetts,(direct),(none),0.0,1,1,session_only
7859149.7466935504,6883018608,2020-12-10,1,1,1,1,1,1,desktop,Web,United States,Florida,google,organic,41.84,33,6,purchase
6401720.0821386250,1364117487,2020-12-08,1,0,0,0,0,0,mobile,iOS,Canada,Quebec,(data deleted),(data deleted),0.0,1,1,session_only
5733105.3802389909,9523315432,2020-11-16,1,0,0,0,0,0,mobile,Web,Albania,(not set),<Other>,<Other>,0.0,1,1,session_only
90275610.2683840666,2819154364,2021-01-15,1,0,0,0,0,0,mobile,iOS,Sweden,Skane County,shop.googlemerchandisestore.com,referral,0.0,1,1,session_only
1158215.5321767347,5762499580,2020-12-02,1,0,0,0,0,0,desktop,Web,United States,Michigan,<Other>,referral,0.0,1,1,session_only
37789696.0591813527,6529278202,2020-11-04,1,0,0,0,0,0,desktop,Web,United States,Texas,(direct),(none),0.0,1,1,session_only
318193632.2641780589,5889687370,2020-11-02,1,0,0,0,0,0,mobile,iOS,France,Auvergne-Rhone-Alpes,(direct),(none),0.0,1,1,session_only
88260882.4631526417,3061856372,2020-11-18,1,1,1,1,1,1,mobile,Web,United States,California,shop.googlemerchandisestore.com,referral,12.8,11,6,purchase
2850481.7389665934,6073780085,2020-12-31,1,0,0,0,0,0,desktop,Web,Australia,Australian Capital Territory,<Other>,<Other>,0.0,1,1,session_only
10187682.7284209329,3978030014,2021-01-18,1,0,0,0,0,0,desktop,Web,India,Madhya Pradesh,<Other>,<Other>,0.0,1,1,session_only
6704709.1226271194,2993251338,2021-01-18,1,0,0,0,0,0,mobile,Web,United States,Texas,google,organic,0.0,1,1,session_only
1864568.0389966790,8260667341,2020-12-28,1,0,0,0,0,0,desktop,Web,United States,Florida,google,organic,0.0,1,1,session_only
66274966.2198082374,7724422781,2021-01-22,1,1,0,0,0,0,tablet,Web,China,Fujian,google,organic,0.0,2,2,view_item
78699581.6145840103,6923934802,2020-12-31,1,0,0,0,0,0,desktop,Web,United States,Iowa,(direct),(none),0.0,1,1,session_only
87037606.3003629319,7314236620,2020-12-30,1,1,1,1,1,1,mobile,Web,United States,California,google,organic,6.3,55,6,purchase
6662742.0152370708,9397297714,2020-11-16,1,1,0,0,0,0,desktop,Windows,Canada,Quebec,<Other>,<Other>,0.0,2,2,view_item
5060718.9596565990,700515436,2020-12-08,1,0,0,0,0,0,mobile,Android,Mexico,Mexico City,(data deleted),(data deleted),0.0,1,1,session_only
60107525.4194937560,4082439359,2021-01-25,1,1,0,0,0,0,desktop,Macintosh,United States,Maryland,(direct),(none),0.0,4,2,view_item
6207713.3181923585,7902593589,2021-01-21,1,1,1,0,0,0,desktop,Macintosh,United Kingdom,England,(direct),(none),0.0,4,3,add_to_cart
89850393.5112578714,9218514161,2021-01-29,1,0,0,0,0,0,desktop,Web,Mexico,Jalisco,(data deleted),(data deleted),0.0,1,1,session_only
8752342519.6072567745,1856409191,2021-01-04,1,1,0,0,0,0,desktop,Macintosh,United States,Virginia,(direct),(none),0.0,2,2,view_item
45968041.2714152907,380153686,2021-01-22,1,0,0,0,0,0,desktop,Macintosh,Indonesia,Riau Islands,<Other>,<Other>,0.0,1,1,session_only
81824760.1222124625,2047252790,2020-11-09,1,1,0,1,1,1,mobile,Android,Russia,Moscow,google,organic,176.8,23,6,purchase
8706023.6338261590,4380858964,2020-12-22,1,0,0,0,0,0,desktop,Web,United States,Oregon,<Other>,referral,0.0,1,1,session_only
29279603.3291521681,6179232437,2021-01-21,1,1,0,0,0,0,tablet,Web,Sweden,Skane County,<Other>,referral,0.0,3,2,view_item
69084423.9454846094,2158782742,2021-01-25,1,1,0,0,0,0,mobile,Web,United Kingdom,England,(direct),(none),0.0,2,2,view_item
3135840.2985441244,3904181405,2021-01-28,1,1,0,0,0,0,tablet,Web,Mexico,Nuevo Leon,(direct),(none),0.0,2,2,view_item
29024022.5002813014,8937068896,2021-01-28,1,0,0,0,0,0,desktop,Macintosh,India,Delhi,<Other>,referral,0.0,1,1,session_only
78500187.8651151576,5848553821,2020-12-25,1,0,0,0,0,0,desktop,Web,Germany,Baden-Wurttemberg,shop.googlemerchandisestore.com,referral,0.0,1,1,session_only
68429186.9505401702,1827346527,2021-01-08,1,0,0,0,0,0,mobile,iOS,United States,Texas,(direct),(none),0.0,1,1,session_only
4480836.5550674137,5388018915,2020-12-02,1,0,0,0,0,0,desktop,<Other>,Italy,Veneto,<Other>,<Other>,0.0,1,1,session_only
42142170.7614578659,9797755357,2020-12-21,1,0,0,0,0,0,mobile,Web,Puerto Rico,(not set),<Other>,<Other>,0.0,1,1,session_only
49130800.8701646598,6139415330,2021-01-21,1,0,0,0,0,0,mobile,Android,United States,Arizona,(direct),(none),0.0,1,1,session_only
85300829.7007575520,7016673455,2020-11-16,1,0,0,0,0,0,mobile,Web,United States,Rhode Island,(direct),(none),0.0,1,1,session_only
87035146.0717707336,73885472,2020-12-26,1,1,1,1,1,1,mobile,Web,India,Maharashtra,(direct),(none),38.96,40,6,purchase
33888501.4602532377,7521491676,2020-12-10,1,0,0,0,0,0,desktop,Web,United States,New York,<Other>,<Other>,0.0,1,1,session_only
85362803.4853923032,6143639986,2020-11-21,1,0,0,0,0,0,desktop,Web,India,West Bengal,<Other>,referral,0.0,1,1,session_only
29973724.4702575659,6212754702,2020-11-09,1,1,0,0,0,0,mobile,Web,United States,New York,google,organic,0.0,3,2,view_item
2552499.2967992898,5387092968,2021-01-26,1,1,1,1,1,1,mobile,Android,India,Maharashtra,(data deleted),(data deleted),57.6,15,6,purchase
2987245.4988870111,3947023548,2020-12-27,1,0,0,0,0,0,mobile,Web,United States,Arizona,google,organic,0.0,1,1,session_only
3125658.8144637761,8364914019,2021-01-08,1,1,1,0,0,0,desktop,Macintosh,Argentina,(not set),(data deleted),(data deleted),0.0,6,3,add_to_cart
66394781.4139129421,7831051868,2020-11-03,1,0,0,0,0,0,desktop,Macintosh,Denmark,Region of Southern Denmark,<Other>,organic,0.0,1,1,session_only
5185016.7290616743,6995189656,2020-11-22,1,0,0,0,0,0,mobile,Web,India,Bihar,(direct),(none),0.0,1,1,session_only
5573347986.2620254802,8949750042,2020-12-26,1,1,1,1,1,1,mobile,Web,United States,Texas,google,organic,35.2,18,6,purchase
45833688.8339597610,1926715327,2020-11-02,1,0,0,0,0,0,desktop,Macintosh,United States,North Carolina,<Other>,referral,0.0,1,1,session_only
5475603.0389778212,4938374713,2020-11-18,1,1,1,1,1,1,mobile,Android,Ireland,County Dublin,<Other>,<Other>,0.0,13,6,purchase
6454064.9039291663,3959964795,2021-01-07,1,0,0,0,0,0,mobile,Android,Spain,Balearic Islands,shop.googlemerchandisestore.com,referral,0.0,1,1,session_only
8401560931.6492155811,704571623,2021-01-21,1,1,0,0,0,0,mobile,Web,India,Uttar Pradesh,google,organic,0.0,3,2,view_item
22870372.3586085262,1836785666,2020-12-21,1,1,0,0,0,0,desktop,Web,Ireland,(not set),<Other>,referral,0.0,6,2,view_item
31993806.3964623184,9712716137,2020-12-25,1,0,0,0,0,0,mobile,Web,Albania,(not set),google,organic,0.0,1,1,session_only
14700204.3337824400,14194413,2020-12-29,1,0,0,0,0,0,mobile,Android,China,Guangdong Province,(direct),(none),0.0,1,1,session_only
1182112.0279836050,4490431754,2021-01-17,1,0,0,0,0,0,mobile,Android,Netherlands,Utrecht,(direct),(none),0.0,1,1,session_only
81163196.7644145476,4234668791,2020-11-29,1,0,0,0,0,0,desktop,Web,Spain,Andalusia,(direct),(none),0.0,1,1,session_only
5784050.6719626851,3917588637,2021-01-17,1,0,0,0,0,0,desktop,Web,United States,New York,(direct),(none),0.0,1,1,session_only
5448884.8815001829,9562418872,2021-01-26,1,0,0,0,0,0,desktop,Web,Slovakia,(not set),google,organic,0.0,1,1,session_only
43342985.4491769312,1823929361,2020-12-02,1,1,0,0,0,0,desktop,<Other>,Germany,Bavaria,google,organic,0.0,3,2,view_item
35863584.9130654344,1018526532,2021-01-24,1,0,0,0,0,0,desktop,Windows,North Macedonia,(not set),google,organic,0.0,1,1,session_only
663251017.6203756755,7919655759,2020-12-24,1,0,0,0,0,0,desktop,Web,United States,Florida,google,organic,0.0,1,1,session_only
8814952.6174853430,1396049065,2020-12-16,1,1,1,1,1,1,desktop,Web,United States,New York,(data deleted),(data deleted),64.8,19,6,purchase
3217419.8643353011,3378087647,2021-01-29,1,0,0,0,0,0,mobile,Web,United States,New York,google,organic,0.0,1,1,session_only
81603843.4270938485,4259045174,2020-12-13,1,1,1,0,0,0,mobile,Web,South Korea,Seoul,google,organic,0.0,3,3,add_to_cart
60294779.2712104623,9937146084,2020-11-03,1,0,0,0,0,0,desktop,Web,Mexico,Mexico City,<Other>,<Other>,0.0,1,1,session_only
41366653.1622059002,7521043598,2021-01-15,1,0,0,0,0,0,desktop,Web,United States,Indiana,google,cpc,0.0,1,1,session_only
2700994.3156835997,5956593347,2020-12-30,1,0,0,0,0,0,desktop,Macintosh,France,Provence-Alpes-Cote d'Azur,google,organic,0.0,1,1,session_only
70947919.9290448682,3452085487,2020-12-10,1,0,0,1,1,1,desktop,Web,United States,California,google,organic,0.0,6,6,purchase
49908353.1131580236,8071223235,2020-11-04,1,0,0,0,0,0,desktop,Windows,Malaysia,Selangor,(data deleted),(data deleted),0.0,1,1,session_only
2055215.4967663939,2196732870,2021-01-04,1,1,0,0,0,0,desktop,Web,Colombia,Bogota,google,organic,0.0,7,2,view_item
5309887.9274480864,6617544287,2020-11-04,1,0,0,0,0,0,desktop,Windows,Taiwan,Taoyuan City,(data deleted),(data deleted),0.0,1,1,session_only
2156834.4695745566,6769654402,2021-01-07,1,0,0,0,0,0,tablet,Web,Spain,Catalonia,google,organic,0.0,1,1,session_only
7393256.5807172185,3053852776,2020-11-14,1,0,0,0,0,0,mobile,Android,China,Zhejiang,google,organic,0.0,1,1,session_only
1252763.0549335619,5203667034,2020-12-10,1,0,0,0,0,0,mobile,Web,Germany,(not set),(direct),(none),0.0,1,1,session_only
38923622.6438906414,2181325813,2020-12-08,1,1,0,0,0,0,desktop,Web,Canada,Ontario,(direct),(none),0.0,2,2,view_item
24158594.7096850581,4756543010,2020-12-24,1,0,0,0,0,0,desktop,Macintosh,India,Rajasthan,<Other>,<Other>,0.0,1,1,session_only
49312384.1286802999,8828664287,2020-12-31,1,0,0,0,0,0,desktop,Macintosh,United States,Illinois,(direct),(none),0.0,1,1,session_only
5320068.3830223799,4256444792,2020-12-28,1,1,0,0,0,0,desktop,Web,United States,Ohio,google,cpc,0.0,2,2,view_item
7384900.3413579248,7020670816,2020-11-21,1,0,0,0,0,0,desktop,Web,Germany,Bavaria,(direct),(none),0.0,1,1,session_only
37241227.2911436217,5646613882,2021-01-08,1,0,0,0,0,0,mobile,Web,United States,New York,<Other>,<Other>,0.0,1,1,session_only
28687181.7686209727,6732732623,2021-01-03,1,1,0,0,0,0,mobile,Web,United States,Massachusetts,(direct),(none),0.0,2,2,view_item
4243996.2812757060,155595789,2020-11-21,1,0,0,0,0,0,desktop,Web,Turkey,Istanbul,(direct),(none),0.0,1,1,session_only
88354686.6948619093,4250373341,2020-11-12,1,0,0,0,0,0,desktop,Web,India,(not set),<Other>,<Other>,0.0,1,1,session_only
2568393.1500737135,7654846983,2020-12-21,1,0,0,0,0,0,desktop,Web,United States,Connecticut,google,organic,0.0,1,1,session_only
6027887.5211064946,8608109965,2020-12-30,1,1,0,1,1,1,mobile,iOS,Taiwan,Taipei City,(direct),(none),25.6,7,6,purchase
12693346.2458857528,6933772242,2020-11-27,1,0,0,0,0,0,mobile,iOS,Japan,Osaka,shop.googlemerchandisestore.com,referral,0.0,1,1,session_only
2466294.0029688606,4427291222,2020-11-04,1,0,0,0,0,0,desktop,Web,United States,New Jersey,(direct),(none),0.0,1,1,session_only
38889132.1617893241,2931732925,2020-12-20,1,0,0,0,0,0,desktop,Windows,United States,Indiana,google,cpc,0.0,1,1,session_only
39919010.5415702485,7936037416,2020-11-06,1,0,0,0,0,0,desktop,Windows,United States,South Carolina,google,cpc,0.0,1,1,session_only
6386106.4468942240,568193923,2020-11-02,1,0,0,0,0,0,mobile,Android,Philippines,Metro Manila,google,organic,0.0,1,1,session_only
57623412.0462087787,8149518042,2021-01-07,1,0,0,0,0,0,desktop,<Other>,United States,Kentucky,<Other>,<Other>,0.0,1,1,session_only
5444054.0299206594,2479701022,2020-12-30,1,1,1,1,1,1,desktop,Web,United States,California,(direct),(none),6.16,10,6,purchase
79188001.7480608300,7579293106,2020-12-22,1,0,0,0,0,0,desktop,Web,Turkey,Istanbul,google,organic,0.0,1,1,session_only
37080311.4428845764,3051339346,2020-11-06,1,1,0,0,0,0,desktop,Web,India,Uttar Pradesh,<Other>,<Other>,0.0,2,2,view_item
2819497.0596567487,3721703567,2021-01-08,1,0,0,0,0,0,mobile,Web,France,Ile-de-France,google,organic,0.0,1,1,session_only
86905866.0091250593,1558162837,2021-01-14,1,0,0,0,0,0,mobile,Web,Canada,Ontario,google,organic,0.0,1,1,session_only
65594256.3624671758,7209468292,2021-01-15,1,0,0,0,0,0,mobile,Android,United States,Georgia,google,organic,0.0,1,1,session_only
6261665.4217522525,2333693130,2020-12-16,1,0,0,0,0,0,mobile,Web,Philippines,Metro Manila,(direct),(none),0.0,1,1,session_only
65500118.2360806470,2841307682,2021-01-15,1,0,0,0,0,0,desktop,Web,United States,Massachusetts,google,organic,0.0,1,1,session_only
7315372.8028151281,9555942744,2020-12-24,1,1,0,0,0,0,mobile,iOS,Egypt,Giza Governorate,shop.googlemerchandisestore.com,referral,0.0,7,2,view_item
50677309.5352131251,5632877095,2020-11-12,1,1,0,0,0,0,desktop,Windows,United States,California,<Other>,referral,0.0,4,2,view_item
12920211.5908427266,8132944100,2020-12-10,1,0,0,0,0,0,desktop,Web,United States,Oregon,google,organic,0.0,1,1,session_only
24676518.9926718132,5062183544,2020-11-12,1,0,0,0,0,0,desktop,Web,United Kingdom,England,(direct),(none),0.0,1,1,session_only
52852605.0571834021,7690360957,2021-01-07,1,0,0,0,0,0,mobile,Web,Australia,New South Wales,(data deleted),(data deleted),0.0,1,1,session_only
2288202.3689279791,6930192934,2021-01-11,1,0,0,0,0,0,desktop,Windows,United States,California,(direct),(none),0.0,1,1,session_only
78472044.9729620748,9529176118,2020-12-10,1,1,0,0,0,0,mobile,Web,United States,California,(direct),(none),0.0,3,2,view_item
4611583.6375935827,8858497622,2021-01-10,1,0,0,0,0,0,mobile,iOS,China,(not set),<Other>,<Other>,0.0,1,1,session_only
18187355.5169920427,6978797687,2020-12-22,1,0,0,0,0,0,mobile,iOS,Slovenia,Ljubljana,<Other>,<Other>,0.0,1,1,session_only
2374544.9798182557,4247498594,2021-01-14,1,1,0,0,0,0,desktop,Windows,United States,California,<Other>,<Other>,0.0,3,2,view_item
1321707.1415166124,9054962501,2021-01-22,1,0,0,0,0,0,desktop,Web,Canada,British Columbia,<Other>,organic,0.0,1,1,session_only
1952227.3991042940,630554279,2020-11-12,1,0,0,0,0,0,mobile,iOS,Canada,Ontario,<Other>,<Other>,0.0,1,1,session_only
68655383.1841351807,5710657516,2021-01-25,1,0,0,0,0,0,desktop,Web,Ukraine,Kyiv city,shop.googlemerchandisestore.com,referral,0.0,1,1,session_only
53570261.8131792405,4342182835,2021-01-07,1,1,1,0,0,0,mobile,Web,Germany,Baden-Wurttemberg,(direct),(none),0.0,27,3,add_to_cart
44856690.7350281741,4731731734,2020-12-16,1,0,0,0,0,0,desktop,Web,United States,New Jersey,google,organic,0.0,1,1,session_only
30413361.4725878432,1730385223,2020-12-05,1,1,0,0,0,0,desktop,Windows,United States,Arizona,google,organic,0.0,3,2,view_item
46713699.8088713367,7297833037,2020-12-30,1,1,1,1,1,1,desktop,Web,United States,Arizona,shop.googlemerchandisestore.com,referral,35.52,23,6,purchase
67142648.1778662220,109385283,2021-01-23,1,1,0,0,0,0,desktop,Web,India,Maharashtra,google,organic,0.0,2,2,view_item
1217696.0351846099,210665328,2020-12-13,1,0,0,0,0,0,desktop,Macintosh,Canada,Ontario,google,cpc,0.0,1,1,session_only
7774254.3824344273,7784705814,2021-01-22,1,0,0,0,0,0,tablet,Web,United States,North Carolina,google,organic,0.0,1,1,session_only
90924875.2163303935,77793535,2020-12-16,1,1,0,0,0,0,desktop,<Other>,Italy,(not set),(direct),(none),0.0,4,2,view_item
4228731.7062396768,1158677502,2021-01-13,1,0,0,0,0,0,desktop,Macintosh,Turkey,Istanbul,google,cpc,0.0,1,1,session_only
3347546.4355672269,8624041881,2021-01-14,1,0,0,0,0,0,desktop,Windows,Canada,Manitoba,google,cpc,0.0,1,1,session_only
31857461.5962730966,859158650,2021-01-08,1,0,0,0,0,0,desktop,Web,Philippines,Central Luzon,(direct),(none),0.0,1,1,session_only
20366876.0384855924,4094174000,2021-01-26,1,1,0,0,0,0,desktop,Web,India,West Bengal,shop.googlemerchandisestore.com,referral,0.0,2,2,view_item
7345314.1072090850,489631940,2020-12-06,1,0,0,0,0,0,desktop,Web,India,Punjab,google,organic,0.0,1,1,session_only
64457816.2035977382,1234180882,2020-11-29,1,0,0,0,0,0,desktop,Windows,Morocco,(not set),(direct),(none),0.0,1,1,session_only
71033629.2750492298,790963673,2021-01-02,1,0,0,0,0,0,mobile,iOS,Singapore,(not set),shop.googlemerchandisestore.com,referral,0.0,1,1,session_only
2563148.0852215497,7936867588,2021-01-23,1,1,1,1,1,1,desktop,Macintosh,India,Telangana,<Other>,<Other>,224.2,23,6,purchase
36684579.5701599261,9620695199,2021-01-03,1,0,0,0,0,0,desktop,Web,United States,District of Columbia,google,organic,0.0,1,1,session_only
2583773.3173645279,7558326758,2020-11-09,1,0,0,0,0,0,desktop,Web,Netherlands,Flevoland,(direct),(none),0.0,1,1,session_only
37044715.6083692187,75666455,2020-11-14,1,0,0,0,0,0,desktop,Web,United Kingdom,England,(data deleted),(data deleted),0.0,1,1,session_only
1904312.5578123224,4529987472,2021-01-07,1,0,0,0,0,0,desktop,Web,United Kingdom,England,(direct),(none),0.0,1,1,session_only
3485983.4507420976,5540777856,2020-11-04,1,0,0,0,0,0,desktop,Web,United Kingdom,England,<Other>,referral,0.0,1,1,session_only
83233884.7823373975,7141878817,2020-12-06,1,0,0,0,0,0,mobile,iOS,France,Provence-Alpes-Cote d'Azur,shop.googlemerchandisestore.com,referral,0.0,1,1,session_only
51657261.1914444155,5624841584,2021-01-08,1,0,0,0,0,0,mobile,iOS,United States,North Carolina,google,organic,0.0,1,1,session_only
49057777.6987511381,7093172059,2021-01-26,1,0,0,0,0,0,desktop,Windows,United States,Pennsylvania,(direct),(none),0.0,1,1,session_only
2588693.4592272163,2568860866,2021-01-25,1,1,1,1,1,1,mobile,Web,India,Telangana,(direct),(none),0.0,14,6,purchase
36938211.1439321107,9435428813,2020-11-13,1,0,0,0,0,0,mobile,iOS,Singapore,(not set),(direct),(none),0.0,1,1,session_only
28726201.4935988672,2804357471,2020-11-16,1,0,0,0,0,0,mobile,iOS,Italy,Emilia-Romagna,(data deleted),(data deleted),0.0,1,1,session_only
10026404.5917092790,6897324811,2021-01-09,1,0,0,0,0,0,mobile,Web,India,Karnataka,shop.googlemerchandisestore.com,referral,0.0,1,1,session_only
7573628.5871291569,6474809375,2020-11-18,1,0,0,0,0,0,mobile,Web,United States,Illinois,google,organic,0.0,1,1,session_only
5064351.8543988871,3646947980,2021-01-06,1,0,0,0,0,0,desktop,Macintosh,United States,Arizona,(direct),(none),0.0,1,1,session_only
53570261.8131792405,9871707524,2021-01-08,1,0,0,0,0,0,mobile,Web,Germany,Baden-Wurttemberg,(direct),(none),0.0,1,1,session_only
50325479.6011947274,310080717,2020-12-08,1,0,0,0,0,0,desktop,Web,United States,California,<Other>,referral,0.0,1,1,session_only
2521382.3186727689,848762637,2021-01-28,1,0,0,0,0,0,mobile,Android,United States,Texas,(data deleted),(data deleted),0.0,1,1,session_only
2348540.1996198538,9954109307,2020-12-24,1,0,0,0,0,0,desktop,Macintosh,Italy,Veneto,<Other>,<Other>,0.0,1,1,session_only
58217119.8895013484,1493847120,2021-01-14,1,0,0,0,0,0,desktop,Macintosh,Peru,(not set),google,organic,0.0,1,1,session_only
47319143.4320843936,4264856018,2020-12-16,1,0,0,0,0,0,desktop,Web,Taiwan,New Taipei City,google,cpc,0.0,1,1,session_only
14162026.0766511690,5921217460,2020-12-06,1,0,0,0,0,0,mobile,Android,United Kingdom,England,(direct),(none),0.0,1,1,session_only
59036207.2439127719,8093993885,2021-01-21,1,0,0,0,0,0,desktop,Web,Peru,(not set),google,organic,0.0,1,1,session_only
8316881.1639820242,8514082013,2020-12-31,1,1,1,1,1,1,desktop,Web,Spain,Andalusia,shop.googlemerchandisestore.com,referral,0.0,59,6,purchase
2297120.2184113721,4070603436,2020-12-02,1,0,0,0,0,0,mobile,Android,United States,Indiana,<Other>,<Other>,0.0,1,1,session_only
65688825.2262553491,6345903542,2020-12-22,1,0,0,0,0,0,desktop,<Other>,India,Karnataka,(direct),(none),0.0,1,1,session_only
13203768.6218825578,5342347128,2020-12-20,1,0,0,0,0,0,desktop,Windows,United States,Kansas,<Other>,<Other>,0.0,1,1,session_only
58914025.8580615898,35061731,2020-12-26,1,0,0,0,0,0,desktop,Web,Italy,Sicily,<Other>,<Other>,0.0,1,1,session_only
46705760.9402775951,3341498894,2021-01-14,1,0,0,0,0,0,desktop,Web,United States,California,google,organic,0.0,1,1,session_only
44863423.1857905620,7138533020,2021-01-25,1,0,0,0,0,0,desktop,Web,Canada,Quebec,<Other>,<Other>,0.0,1,1,session_only
87042525.9997693931,8617677994,2021-01-09,1,0,0,0,0,0,mobile,iOS,United States,California,<Other>,<Other>,0.0,1,1,session_only
24701299.8929689309,2482640993,2020-12-26,1,0,0,0,0,0,mobile,Android,France,Ile-de-France,google,cpc,0.0,1,1,session_only
46979908.3014021855,2113572479,2021-01-30,1,1,0,0,0,0,mobile,Web,South Korea,(not set),google,organic,0.0,2,2,view_item
3171674.8991419138,9091975998,2020-12-25,1,0,0,0,0,0,desktop,Web,United States,Massachusetts,(direct),(none),0.0,1,1,session_only
87953058.1144171303,5531880416,2021-01-09,1,0,0,0,0,0,desktop,Web,United States,Illinois,<Other>,<Other>,0.0,1,1,session_only
57752699.8373496520,635756386,2020-12-10,1,0,0,0,0,0,desktop,Web,United States,Michigan,shop.googlemerchandisestore.com,referral,0.0,1,1,session_only
73992050.1296023975,2907114038,2020-12-30,1,0,0,0,0,0,tablet,Web,United States,Utah,google,organic,0.0,1,1,session_only
7730529.4000037704,2242209942,2021-01-07,1,0,0,0,0,0,desktop,Web,United States,Alabama,google,organic,0.0,1,1,session_only
3166839.0877666804,5783649380,2020-11-16,1,0,0,0,0,0,desktop,Web,Netherlands,South Holland,<Other>,referral,0.0,1,1,session_only
57883074.8513476773,1291165290,2020-11-06,1,1,0,0,0,0,mobile,Web,Russia,Moscow,google,cpc,0.0,2,2,view_item
47354389.4108002574,8448255577,2021-01-07,1,0,0,0,0,0,mobile,Android,United States,California,<Other>,referral,0.0,1,1,session_only
6243117.8859516854,671635524,2021-01-18,1,0,0,0,0,0,desktop,Web,United States,South Carolina,<Other>,referral,0.0,1,1,session_only
6351997.3139757600,8261725331,2021-01-23,1,0,0,0,0,0,desktop,Web,Australia,Victoria,google,organic,0.0,1,1,session_only
2836255.4276239287,4547451351,2020-12-21,1,1,0,0,0,0,desktop,Macintosh,United States,Georgia,<Other>,<Other>,0.0,3,2,view_item
46547107.2009512238,8549477331,2021-01-29,1,0,0,0,0,0,desktop,Web,United States,Florida,google,organic,0.0,1,1,session_only
5045916.3024480567,4550344245,2021-01-26,1,1,0,0,0,0,desktop,Windows,Chile,(not set),(direct),(none),0.0,3,2,view_item
20191233.7697323775,5548023500,2021-01-08,1,0,0,0,0,0,desktop,Macintosh,United States,Texas,<Other>,organic,0.0,1,1,session_only
64483330.1028770367,740541851,2020-12-10,1,0,0,0,0,0,desktop,Macintosh,United States,Georgia,<Other>,<Other>,0.0,1,1,session_only
7745302.0653249489,9247162863,2021-01-21,1,0,0,0,0,0,desktop,Web,United States,Washington,<Other>,<Other>,0.0,1,1,session_only
3985002052.5257579355,2099779784,2020-11-16,1,0,0,0,0,0,desktop,<Other>,United States,California,google,organic,0.0,1,1,session_only
38318851.4459796521,677375294,2021-01-28,1,0,0,0,0,0,desktop,<Other>,United Arab Emirates,Dubai,google,organic,0.0,1,1,session_only
53782595.8677191987,4145633130,2021-01-25,1,1,1,1,1,1,mobile,iOS,United States,Pennsylvania,<Other>,<Other>,61.44,61,6,purchase
63083529.7247801035,6210136234,2020-11-04,1,0,0,0,0,0,desktop,Web,Russia,Moscow Oblast,shop.googlemerchandisestore.com,referral,0.0,1,1,session_only
51794532.1981634909,9392018675,2021-01-06,1,0,0,0,0,0,mobile,iOS,Russia,Moscow,google,cpc,0.0,1,1,session_only
58328358.2387590089,9887754983,2021-01-14,1,0,0,0,0,0,mobile,iOS,United States,Virginia,<Other>,<Other>,0.0,1,1,session_only
91123539.2676614607,2263532160,2021-01-10,1,0,0,0,0,0,desktop,Web,India,Maharashtra,<Other>,referral,0.0,1,1,session_only
45531651.4282971661,7396927642,2020-11-13,1,0,0,0,0,0,mobile,Android,Singapore,(not set),<Other>,<Other>,0.0,1,1,session_only
81436572.6886383629,599686088,2021-01-09,1,0,0,0,0,0,desktop,Web,United States,Georgia,<Other>,<Other>,0.0,1,1,session_only
46320346.4812935200,9107716048,2021-01-26,1,0,0,0,0,0,mobile,Web,Canada,Quebec,google,organic,0.0,1,1,session_only
1459124.3307795496,8945256180,2021-01-07,1,0,0,0,0,0,desktop,Web,China,Guangdong Province,google,organic,0.0,1,1,session_only
18650516.1254194769,7538674234,2021-01-29,1,0,0,0,0,0,desktop,Macintosh,Germany,Rhineland-Palatinate,<Other>,<Other>,0.0,1,1,session_only
62275435.1879316135,8846493449,2021-01-08,1,0,0,0,0,0,mobile,iOS,Netherlands,North Holland,(data deleted),(data deleted),0.0,1,1,session_only
14298538.6371323235,2266693356,2020-12-22,1,0,0,0,0,0,mobile,Web,Ukraine,Lviv Oblast,google,organic,0.0,1,1,session_only
13720367.4523702877,9054506322,2020-12-16,1,0,0,0,0,0,desktop,Macintosh,United States,California,google,organic,0.0,1,1,session_only
89389217.3996373924,9341642888,2021-01-14,1,0,0,0,0,0,desktop,Web,South Korea,Gyeonggi-do,<Other>,referral,0.0,1,1,session_only
49742773.1787666090,6021978493,2021-01-11,1,0,0,0,0,0,desktop,Windows,United States,Michigan,google,organic,0.0,1,1,session_only
36941103.2642729761,1802526172,2020-12-21,1,0,0,0,0,0,mobile,iOS,United States,Washington,(direct),(none),0.0,1,1,session_only
6540681.8549452396,3587097895,2020-12-22,1,0,0,0,0,0,tablet,Web,United States,Indiana,(direct),(none),0.0,1,1,session_only
34044207.6843308841,5127417112,2020-11-08,1,1,0,1,1,1,mobile,Web,United States,Missouri,shop.googlemerchandisestore.com,referral,104.4,10,6,purchase
82395590.5541135877,4848282834,2020-12-06,1,0,0,0,0,0,desktop,Web,United States,Maryland,google,organic,0.0,1,1,session_only
2768092.1968921833,6579148288,2020-11-03,0,1,0,0,0,0,mobile,iOS,United States,Rhode Island,(data deleted),(data deleted),0.0,6,2,view_item
13428941.8386819584,7587584274,2020-12-10,1,0,0,0,0,0,mobile,iOS,Germany,Lower Saxony,<Other>,<Other>,0.0,1,1,session_only
21373822.7226132681,9534777049,2021-01-28,1,0,0,0,0,0,mobile,Web,India,Uttar Pradesh,(direct),(none),0.0,1,1,session_only
64164016.9055211118,1536512186,2020-12-26,1,0,0,0,0,0,mobile,Web,United States,Washington,shop.googlemerchandisestore.com,referral,0.0,1,1,session_only
5298703.0397867175,9878957791,2020-12-13,1,0,0,0,0,0,desktop,Web,Hungary,Budapest,google,organic,0.0,1,1,session_only
5351043.3578040662,8051478638,2021-01-14,1,0,0,0,0,0,desktop,Web,United States,Virginia,<Other>,referral,0.0,1,1,session_only
26793875.6223731544,6365261226,2021-01-23,1,0,0,0,0,0,mobile,Android,United States,Massachusetts,(direct),(none),0.0,1,1,session_only
86157624.3536420380,5279063158,2020-12-06,1,1,0,0,0,0,desktop,Windows,United States,Illinois,(data deleted),(data deleted),0.0,2,2,view_item
5866972.3665388629,531614530,2021-01-10,1,0,0,0,0,0,desktop,Web,Canada,Quebec,google,organic,0.0,1,1,session_only
83590840.3271051727,5630603156,2021-01-04,1,0,0,0,0,0,mobile,iOS,United States,Florida,shop.googlemerchandisestore.com,referral,0.0,1,1,session_only
8402813814.7140329728,9390489983,2020-11-18,1,1,0,0,0,0,desktop,Web,United States,Tennessee,google,cpc,0.0,3,2,view_item
4641307.2387026821,2440338466,2020-11-03,1,0,0,0,0,0,mobile,iOS,United Kingdom,England,(direct),(none),0.0,1,1,session_only
4167788.9119313077,1131959421,2020-11-16,1,0,0,0,0,0,desktop,Web,Mexico,Baja California,google,organic,0.0,1,1,session_only
85093126.5834572152,3854470447,2021-01-29,1,1,1,1,1,1,desktop,Macintosh,United States,California,shop.googlemerchandisestore.com,referral,0.0,8,6,purchase
71660723.2767358213,283719369,2020-11-15,1,0,0,0,0,0,mobile,iOS,United States,Massachusetts,google,organic,0.0,1,1,session_only
3853909.9467329454,7378424581,2021-01-30,1,0,0,0,0,0,desktop,<Other>,United States,Iowa,shop.googlemerchandisestore.com,referral,0.0,1,1,session_only
20202472.7954361607,8986428655,2020-11-01,1,0,0,0,0,0,desktop,Windows,Singapore,(not set),google,cpc,0.0,1,1,session_only
75712628.9501960804,94745959,2020-11-07,1,1,0,0,0,0,desktop,Windows,United States,New York,shop.googlemerchandisestore.com,referral,0.0,4,2,view_item
6172851.4322974801,3988051069,2021-01-05,1,0,0,0,0,0,desktop,Web,Russia,Moscow Oblast,(direct),(none),0.0,1,1,session_only
1383078.2517311934,6551274776,2020-12-25,1,0,0,0,0,0,mobile,iOS,United States,California,google,organic,0.0,1,1,session_only
4343374.6710459829,975873428,2020-12-05,1,0,0,0,0,0,mobile,Web,United Kingdom,England,<Other>,<Other>,0.0,1,1,session_only
76401212.0514616161,9148149828,2020-12-16,1,0,0,0,0,0,mobile,iOS,Morocco,Casablanca-Settat,<Other>,<Other>,0.0,1,1,session_only
4250373.6440202925,9699066245,2020-11-03,1,0,0,0,0,0,desktop,Web,United States,Michigan,<Other>,organic,0.0,1,1,session_only
2858159.8089550068,9871071706,2020-12-30,1,0,0,0,0,0,mobile,Web,Spain,Madrid,google,organic,0.0,1,1,session_only
1309510.1669805505,6699802214,2021-01-13,1,1,0,0,0,0,desktop,Web,United Kingdom,England,google,organic,0.0,5,2,view_item
1181141.8389731329,9418095172,2021-01-07,1,1,0,0,0,0,desktop,Web,Canada,Quebec,google,organic,0.0,2,2,view_item
637884255.3997903180,4158032539,2020-12-06,1,0,0,0,0,0,desktop,Windows,France,Hauts-de-France,google,organic,0.0,1,1,session_only
31503987.1592241799,4081200519,2021-01-14,1,1,0,0,0,0,mobile,Web,India,Rajasthan,(direct),(none),0.0,2,2,view_item
20991983.9049750447,680144920,2020-12-10,1,0,0,0,0,0,mobile,Web,Australia,Queensland,shop.googlemerchandisestore.com,referral,0.0,1,1,session_only
5833841381.5639349197,6061678452,2020-12-31,1,0,0,0,0,0,desktop,Windows,United States,Massachusetts,(direct),(none),0.0,1,1,session_only
28652068.3556651313,1955616048,2020-11-16,1,0,0,0,0,0,desktop,Web,United States,Florida,(direct),(none),0.0,1,1,session_only
2476385.8087041362,2108801695,2021-01-10,1,0,0,0,0,0,mobile,Web,United States,(not set),google,organic,0.0,1,1,session_only
496567993.0570597413,7740267611,2021-01-18,1,0,0,0,0,0,desktop,<Other>,United States,California,google,organic,0.0,1,1,session_only
47502788.9952580369,1800101401,2020-11-04,1,1,0,0,0,0,tablet,Web,Colombia,Bogota,google,organic,0.0,2,2,view_item
75225379.5860739466,853255164,2020-12-06,1,1,1,0,0,0,desktop,Web,Germany,Hessen,shop.googlemerchandisestore.com,referral,0.0,5,3,add_to_cart
71099590.7977643870,4638948265,2021-01-25,1,0,0,0,0,0,desktop,Web,Russia,Krasnodar Krai,google,organic,0.0,1,1,session_only
4775992.9959902250,2642225132,2021-01-21,1,0,0,0,0,0,desktop,Web,United States,Pennsylvania,<Other>,referral,0.0,1,1,session_only
55683447.5109733039,5133664544,2020-11-12,1,1,0,0,0,0,mobile,iOS,United States,California,(direct),(none),0.0,2,2,view_item
34459423.8152551072,471175175,2021-01-16,1,1,0,0,0,0,desktop,Web,China,(not set),<Other>,<Other>,0.0,5,2,view_item
5013846941.4868180120,6481515182,2021-01-10,1,0,0,0,0,0,desktop,Web,Thailand,Bangkok,google,organic,0.0,1,1,session_only
28375804.9292022776,232696734,2021-01-29,1,0,0,0,0,0,mobile,Web,United States,Georgia,google,cpc,0.0,1,1,session_only
1382270.2714196600,7434686956,2020-12-24,1,0,0,0,0,0,desktop,Web,Italy,Lombardy,google,organic,0.0,1,1,session_only
68759791.7361801866,3845218666,2020-11-07,1,0,0,0,0,0,desktop,Web,Denmark,Capital Region of Denmark,<Other>,<Other>,0.0,1,1,session_only
1348093.3565385186,4902118649,2021-01-30,1,0,0,0,0,0,desktop,Macintosh,Morocco,Rabat-Sale-Kenitra,google,cpc,0.0,1,1,session_only
90194601.3476266877,2948513254,2020-12-16,1,1,0,0,0,0,desktop,Windows,Canada,Ontario,google,organic,0.0,2,2,view_item
1084009801.2613122072,2519695711,2020-11-02,1,0,0,0,0,0,mobile,iOS,Canada,Alberta,<Other>,referral,0.0,1,1,session_only
36466468.6486884206,8357669774,2020-12-21,1,0,0,0,0,0,desktop,Macintosh,United States,Texas,<Other>,<Other>,0.0,1,1,session_only
37810967.3683848427,4258242243,2020-12-26,1,0,0,0,0,0,desktop,<Other>,India,Chandigarh,google,organic,0.0,1,1,session_only
377360457.8254199418,3629435990,2020-11-13,1,1,0,1,1,1,desktop,Web,United States,Illinois,<Other>,<Other>,0.0,6,6,purchase
40810614.6993876384,8540904790,2020-12-21,1,0,0,0,0,0,desktop,Web,Canada,Quebec,(direct),(none),0.0,1,1,session_only
74943210.0910121323,1035771319,2021-01-03,1,0,0,0,0,0,desktop,Web,Poland,Lesser Poland Voivodeship,google,organic,0.0,1,1,session_only
1528907855.2575472275,5239760363,2020-12-08,1,0,0,0,0,0,tablet,Web,United States,Texas,google,cpc,0.0,1,1,session_only
6161179.0774999306,1439080193,2021-01-30,1,0,0,0,0,0,desktop,Web,United States,California,google,organic,0.0,1,1,session_only
22085911.4384695505,8032373859,2021-01-30,1,1,0,0,0,0,desktop,Web,Italy,Veneto,<Other>,<Other>,0.0,2,2,view_item
6807411180.0752324694,3685008854,2020-12-06,1,0,0,0,0,0,desktop,Web,United States,Massachusetts,<Other>,<Other>,0.0,1,1,session_only
7358431037.9033333721,9518796728,2021-01-09,1,0,0,0,0,0,desktop,Web,France,Nouvelle-Aquitaine,<Other>,organic,0.0,1,1,session_only
729059401.4455791968,790975653,2021-01-28,1,0,0,0,0,0,mobile,iOS,United States,Georgia,google,organic,0.0,1,1,session_only
4472184.5695384519,106672790,2020-11-29,1,0,0,0,0,0,desktop,Web,Canada,Ontario,(direct),(none),0.0,1,1,session_only
34966131.4934100413,6044082077,2020-12-10,1,0,0,0,0,0,mobile,iOS,United States,Texas,google,organic,0.0,1,1,session_only
23929214.6881704894,4008074979,2020-12-27,1,0,0,0,0,0,desktop,Web,Pakistan,Punjab,(direct),(none),0.0,1,1,session_only
55165062.2282230963,6988907915,2020-12-16,1,1,0,0,0,0,desktop,Web,United States,Florida,google,organic,0.0,2,2,view_item
1160488.2375923167,2309154775,2021-01-01,1,1,1,1,1,1,desktop,Windows,Portugal,(not set),(direct),(none),304.6,127,6,purchase
80507544.8449015816,4370243128,2021-01-06,1,0,0,0,0,0,desktop,Web,United States,California,shop.googlemerchandisestore.com,referral,0.0,1,1,session_only
2709406.1066402347,334902634,2020-11-29,1,0,0,0,0,0,desktop,Web,Germany,North Rhine-Westphalia,google,cpc,0.0,1,1,session_only
4065634.9515757576,4368156910,2021-01-28,1,0,0,0,0,0,desktop,Macintosh,Ireland,(not set),google,organic,0.0,1,1,session_only
6869246.3817097820,4660189805,2021-01-05,1,1,0,0,0,0,desktop,Macintosh,United States,Alabama,(direct),(none),0.0,2,2,view_item
80916926.2053973945,6202558427,2021-01-08,1,0,0,0,0,0,mobile,Web,United States,California,shop.googlemerchandisestore.com,referral,0.0,1,1,session_only
8699514.3511527727,1690169030,2020-11-12,1,0,0,0,0,0,desktop,Web,India,Tamil Nadu,<Other>,referral,0.0,1,1,session_only
6857238138.6822238745,2796606826,2021-01-18,1,0,0,0,0,0,desktop,Web,United States,New York,shop.googlemerchandisestore.com,referral,0.0,1,1,session_only
14272653.2484755334,6690509827,2021-01-24,1,0,0,0,0,0,desktop,Web,United States,Wisconsin,(direct),(none),0.0,1,1,session_only
21107708.0744287304,3883156813,2021-01-18,1,0,0,0,0,0,mobile,iOS,United States,New York,(direct),(none),0.0,1,1,session_only
61215748.0807469485,940519532,2021-01-06,1,0,0,0,0,0,desktop,Web,United States,Michigan,<Other>,organic,0.0,1,1,session_only
7859149.7466935504,3007276488,2021-01-22,1,0,0,0,0,0,desktop,Windows,United States,Florida,google,organic,0.0,1,1,session_only
9251613.4823716963,849135103,2020-12-08,1,0,0,0,0,0,desktop,Web,Australia,Queensland,(direct),(none),0.0,1,1,session_only
35087139.5228428421,9197945986,2020-11-22,1,0,0,0,0,0,desktop,Web,United States,Iowa,google,organic,0.0,1,1,session_only
17086639.1509660971,17657286,2020-11-03,1,0,0,0,0,0,mobile,Android,United States,New York,google,organic,0.0,1,1,session_only
42247747.3271454456,7225611028,2020-12-10,1,1,0,0,0,0,mobile,Web,Canada,Ontario,<Other>,organic,0.0,11,2,view_item
5926749.9463613448,7216613293,2020-11-01,1,0,0,0,0,0,mobile,iOS,Canada,Ontario,google,organic,0.0,1,1,session_only
8206027.9597648346,7015461345,2020-11-16,1,1,0,1,1,1,mobile,Web,Canada,Saskatchewan,google,organic,127.2,21,6,purchase
73539145.8342698957,9823149279,2020-11-13,1,0,0,0,0,0,mobile,Web,Taiwan,New Taipei City,(direct),(none),0.0,1,1,session_only
3451265.1563560620,796467804,2020-11-01,1,0,0,0,0,0,desktop,Web,Canada,Quebec,(direct),(none),0.0,1,1,session_only
91526537.2922982361,162085863,2020-12-05,1,0,0,0,0,0,mobile,Android,India,Maharashtra,<Other>,<Other>,0.0,1,1,session_only
71020061.0115388084,1796412110,2020-12-02,1,0,0,0,0,0,mobile,Web,United States,Kentucky,(direct),(none),0.0,1,1,session_only
2449295.5618689671,1704900960,2020-11-09,1,0,0,0,0,0,mobile,Web,United States,California,google,organic,0.0,1,1,session_only
18224365.8930287799,3579594657,2021-01-22,1,0,0,0,0,0,desktop,Web,United States,Utah,<Other>,<Other>,0.0,1,1,session_only
7360520.4698929166,6975184018,2021-01-16,1,1,0,1,1,1,mobile,Web,Canada,Ontario,google,organic,55.2,16,6,purchase
27701936.3565936806,1449342819,2020-11-16,1,1,0,1,1,1,mobile,Web,Slovakia,(not set),shop.googlemerchandisestore.com,referral,211.44,27,6,purchase
65620734.2937386260,1619528144,2020-11-16,1,1,0,0,0,0,desktop,Web,India,Maharashtra,google,organic,0.0,3,2,view_item
4297256.3583247994,7540918054,2020-12-16,1,1,1,1,1,1,tablet,Web,United States,Pennsylvania,shop.googlemerchandisestore.com,referral,0.0,15,6,purchase
88260882.4631526417,2111993663,2021-01-14,1,1,1,1,1,1,desktop,Windows,United States,California,shop.googlemerchandisestore.com,referral,0.0,28,6,purchase
48913709.4484824943,7720575228,2021-01-26,1,0,0,0,0,0,desktop,Macintosh,Germany,(not set),(direct),(none),0.0,1,1,session_only
4272875163.1610352147,3971177676,2020-12-10,1,0,0,0,0,0,desktop,Web,France,Ile-de-France,<Other>,referral,0.0,1,1,session_only
27829221.8487357474,326598889,2021-01-29,1,0,0,0,0,0,desktop,Macintosh,Spain,Castile-La Mancha,google,organic,0.0,1,1,session_only
3304511.8712704329,4909411171,2021-01-14,1,0,0,0,0,0,mobile,Web,United States,Louisiana,shop.googlemerchandisestore.com,referral,0.0,1,1,session_only
2880647.4686719067,277549262,2020-12-08,1,0,0,0,0,0,mobile,Android,France,Brittany,google,cpc,0.0,1,1,session_only
17827249.5132791063,7695845132,2020-11-13,1,0,0,0,0,0,desktop,Web,United States,Tennessee,google,organic,0.0,1,1,session_only
25578079.6640133576,3168652374,2020-12-13,1,0,0,0,0,0,desktop,<Other>,Switzerland,(not set),(data deleted),(data deleted),0.0,1,1,session_only
2736762.1788755930,2813529159,2020-12-08,1,0,0,0,0,0,mobile,Android,Taiwan,Taipei City,<Other>,<Other>,0.0,1,1,session_only
39559239.7279037557,4693520207,2021-01-10,1,0,0,0,0,0,mobile,Android,United States,California,google,organic,0.0,1,1,session_only
7921695.6762326068,3744678211,2020-11-04,1,0,0,0,0,0,mobile,Web,India,Delhi,<Other>,<Other>,0.0,1,1,session_only
60952845.2415737283,2861485990,2021-01-07,1,1,1,1,1,1,desktop,Macintosh,United States,Massachusetts,google,organic,0.0,21,6,purchase
2536772.1396946946,6679174640,2020-11-12,1,0,0,0,0,0,desktop,Windows,Japan,(not set),(direct),(none),0.0,1,1,session_only
55911274.0575207186,8341027404,2020-11-18,1,0,0,0,0,0,desktop,Web,United States,Ohio,(direct),(none),0.0,1,1,session_only
3504963.8834642268,7107200979,2020-12-29,1,0,0,0,0,0,mobile,iOS,United Kingdom,England,(direct),(none),0.0,1,1,session_only
47707252.5479112657,4032772819,2020-11-15,1,0,0,0,0,0,desktop,Web,Canada,Ontario,<Other>,<Other>,0.0,1,1,session_only
3191954.5824218054,5168825378,2020-11-09,1,0,0,0,0,0,desktop,Web,United States,California,<Other>,referral,0.0,1,1,session_only
3842455.9712812460,2204727823,2020-11-27,1,0,0,0,0,0,desktop,Web,United States,Florida,google,organic,0.0,1,1,session_only
2387141.5689156793,1840584575,2021-01-23,1,0,0,0,0,0,desktop,Web,Spain,Madrid,<Other>,<Other>,0.0,1,1,session_only
5572774684.5698209837,7802098366,2021-01-11,1,1,1,0,0,0,mobile,Web,United States,California,google,organic,0.0,20,3,add_to_cart
18462839.1965514937,972313704,2020-12-29,1,0,0,0,0,0,mobile,Web,United States,Pennsylvania,google,organic,0.0,1,1,session_only
58413993.0257976234,6524174983,2021-01-23,1,1,1,1,1,1,desktop,Web,United States,Ohio,<Other>,organic,63.04,33,6,purchase
96014446.2294514046,2221082506,2020-11-22,1,1,0,0,0,0,desktop,Web,United States,California,(direct),(none),0.0,2,2,view_item
59218144.2434721535,4336472731,2021-01-14,1,0,0,0,0,0,desktop,Web,United States,Virginia,<Other>,<Other>,0.0,1,1,session_only
80205427.6233393638,3636892530,2021-01-05,1,0,0,0,0,0,mobile,Web,Turkey,Bursa,(direct),(none),0.0,1,1,session_only
16366186.8822254059,4236349844,2020-12-06,1,0,0,0,0,0,mobile,iOS,United States,Florida,shop.googlemerchandisestore.com,referral,0.0,1,1,session_only
5557625.0618337174,7307063425,2020-12-20,1,0,0,0,0,0,desktop,Windows,United States,California,<Other>,referral,0.0,1,1,session_only
7634450.7489916014,8422622881,2021-01-03,1,1,0,1,1,1,mobile,Web,Russia,(not set),(direct),(none),0.0,7,6,purchase
72198383.9579503697,2996183082,2020-11-16,1,1,0,0,0,0,desktop,Web,Peru,(not set),google,organic,0.0,5,2,view_item
6743101.4280021996,3202863134,2021-01-26,1,1,0,1,1,1,desktop,Web,India,Uttar Pradesh,<Other>,organic,0.0,6,6,purchase
1525359.7794000245,1756288267,2021-01-14,1,0,0,0,0,0,mobile,iOS,South Africa,Gauteng,<Other>,referral,0.0,1,1,session_only
1070758.7314063771,1731012311,2021-01-13,1,0,0,0,0,0,mobile,Web,United States,Florida,<Other>,organic,0.0,1,1,session_only
38600459.1673471396,6508035104,2021-01-04,1,1,0,0,0,0,desktop,Web,United States,District of Columbia,google,cpc,0.0,5,2,view_item
7380189.0896941187,8699382321,2021-01-17,1,0,0,0,0,0,desktop,Windows,United States,Massachusetts,<Other>,referral,0.0,1,1,session_only
8420517520.4340411175,9242699862,2020-11-03,1,0,0,0,0,0,desktop,<Other>,Italy,Campania,(direct),(none),0.0,1,1,session_only
47060022.4709670066,4034365206,2021-01-17,1,0,0,0,0,0,mobile,Web,India,Gujarat,<Other>,referral,0.0,1,1,session_only
45737865.3686399850,16674639,2020-12-22,1,0,0,0,0,0,desktop,<Other>,United States,Virginia,google,organic,0.0,1,1,session_only
1435347.0874037396,1793848082,2020-12-06,1,0,0,0,0,0,mobile,Android,United States,Massachusetts,<Other>,referral,0.0,1,1,session_only
2073604.4967468975,6458033914,2021-01-03,1,0,0,0,0,0,mobile,Web,Turkey,Istanbul,<Other>,referral,0.0,1,1,session_only
4309204.4481673241,1673824153,2021-01-01,1,0,0,0,0,0,mobile,Web,United States,Virginia,<Other>,<Other>,0.0,1,1,session_only
69451933.2151832146,3211193634,2021-01-10,1,0,0,0,0,0,desktop,Macintosh,India,Delhi,google,organic,0.0,1,1,session_only
4048404.7458986093,6017204720,2021-01-29,1,0,0,0,0,0,desktop,Web,United States,Illinois,google,organic,0.0,1,1,session_only
54416962.5601236471,5439016456,2020-12-21,1,1,1,0,0,0,mobile,Android,United States,California,google,organic,0.0,3,3,add_to_cart
57891067.9750955250,2598894110,2020-12-24,1,1,0,0,0,0,desktop,Macintosh,Singapore,(not set),(direct),(none),0.0,33,2,view_item
75924706.2398067240,647465459,2020-11-08,1,0,0,0,0,0,mobile,Web,United States,Texas,google,organic,0.0,1,1,session_only
21705481.0084520980,4796263531,2020-12-02,1,0,0,0,0,0,desktop,Web,China,(not set),google,organic,0.0,1,1,session_only
5530866.2858320038,8300783208,2021-01-06,1,0,0,0,0,0,desktop,Windows,United States,Texas,(direct),(none),0.0,1,1,session_only
84449304.2964301077,137785274,2021-01-09,1,0,0,0,0,0,mobile,Web,United States,Oklahoma,google,organic,0.0,1,1,session_only
61179376.9568186956,9097833517,2020-12-02,1,0,0,0,0,0,desktop,Web,Singapore,(not set),google,organic,0.0,1,1,session_only
4862936976.8094455930,7554843087,2020-11-22,1,0,0,0,0,0,desktop,Web,Hungary,(not set),google,organic,0.0,1,1,session_only
85200919.3697453685,5689157192,2020-11-03,1,0,0,0,0,0,desktop,Windows,United States,California,<Other>,<Other>,0.0,1,1,session_only
10661845.4161310834,8372204177,2020-11-06,1,1,0,0,0,0,desktop,Web,India,Kerala,google,organic,0.0,4,2,view_item
34221056.3176664265,7848591345,2020-11-09,1,1,0,0,0,0,desktop,Macintosh,Canada,Ontario,(direct),(none),0.0,2,2,view_item
4532388276.8030432251,5873768421,2021-01-26,1,0,0,0,0,0,desktop,Web,United States,Washington,(direct),(none),0.0,1,1,session_only
558932409.3066394174,97238549,2020-11-09,1,1,0,1,1,1,desktop,Web,Greece,Decentralized Administration of Attica,<Other>,<Other>,33.6,28,6,purchase
61950105.0982572615,2596597972,2020-12-13,1,1,1,0,0,0,mobile,iOS,United States,California,shop.googlemerchandisestore.com,referral,0.0,34,3,add_to_cart
86829242.4834213132,2939402653,2020-11-04,1,0,0,0,0,0,mobile,Web,China,Fujian,(direct),(none),0.0,1,1,session_only
17793329.9936781412,4478476454,2021-01-17,1,0,0,0,0,0,desktop,Web,(not set),(not set),(direct),(none),0.0,1,1,session_only
31815597.6288458493,2376248820,2020-11-13,1,0,0,0,0,0,mobile,Web,Canada,Ontario,(direct),(none),0.0,1,1,session_only
7793690.3241801049,437046985,2020-11-03,1,0,0,0,0,0,mobile,Web,United States,Missouri,(direct),(none),0.0,1,1,session_only
3158554117.8945830547,1191684884,2021-01-24,1,0,0,0,0,0,desktop,<Other>,United States,Florida,(direct),(none),0.0,1,1,session_only
8945651.6826327075,240334995,2020-12-21,1,0,0,0,0,0,desktop,Web,United States,Ohio,google,organic,0.0,1,1,session_only
6128622.7766685989,7174579088,2020-12-10,1,1,0,0,0,0,desktop,Web,United States,California,google,organic,0.0,4,2,view_item
6118599.5071153524,4169704682,2020-12-02,1,1,0,0,0,0,desktop,Web,Mexico,Nuevo Leon,(direct),(none),0.0,3,2,view_item
2893940.9352670712,5590205305,2020-12-30,1,0,0,0,0,0,desktop,Web,United States,Florida,(direct),(none),0.0,1,1,session_only
59393389.0196896217,2005828612,2020-12-30,1,0,0,0,0,0,mobile,iOS,United States,Colorado,google,cpc,0.0,1,1,session_only
32203553.0482492990,8293036289,2020-12-06,1,0,0,0,0,0,desktop,Macintosh,Poland,Silesian Voivodeship,google,cpc,0.0,1,1,session_only
24054408.4686424013,8409537626,2021-01-15,1,0,0,0,0,0,desktop,Web,Greece,Decentralized Administration of Macedonia and Thrace,google,organic,0.0,1,1,session_only
21272337.4521669102,680406792,2021-01-28,1,0,0,0,0,0,desktop,Macintosh,United Kingdom,England,(direct),(none),0.0,1,1,session_only
72192379.4721850483,8490074564,2020-12-31,1,0,0,0,0,0,desktop,Web,Brazil,State of Sao Paulo,<Other>,referral,0.0,1,1,session_only
8521900.3706902809,8747966085,2020-12-16,1,1,0,0,0,0,mobile,Android,United Kingdom,Wales,(direct),(none),0.0,2,2,view_item
5988023.6997211245,4944113831,2021-01-02,1,0,0,0,0,0,desktop,<Other>,United States,New Jersey,google,organic,0.0,1,1,session_only
74775172.2140759302,8192680029,2020-11-03,1,0,0,0,0,0,desktop,Web,India,Haryana,<Other>,<Other>,0.0,1,1,session_only
90038227.0612402979,5817597708,2021-01-10,1,0,0,0,0,0,desktop,Web,United States,Oregon,<Other>,<Other>,0.0,1,1,session_only
35119590.7941631365,9698317190,2021-01-11,1,0,0,0,0,0,desktop,Web,United Kingdom,Scotland,(direct),(none),0.0,1,1,session_only
53052974.6374571565,3015131909,2020-11-21,1,1,0,0,0,0,desktop,Windows,Malaysia,Johor,google,organic,0.0,8,2,view_item
36115716.9328055658,8983973618,2021-01-01,1,0,0,0,0,0,mobile,Android,United States,California,(direct),(none),0.0,1,1,session_only
88126277.5389735832,7117154535,2021-01-28,1,1,1,1,1,1,mobile,iOS,United States,Illinois,shop.googlemerchandisestore.com,referral,0.0,97,6,purchase
86982939.1926979513,9292339457,2021-01-28,1,0,0,0,0,0,mobile,Web,United Kingdom,England,<Other>,referral,0.0,1,1,session_only
5433706.9939249541,3864454134,2020-11-04,1,0,0,0,0,0,desktop,Web,India,Maharashtra,<Other>,referral,0.0,1,1,session_only
1559930.7416565217,3518723229,2021-01-29,1,1,1,1,1,1,desktop,Web,Switzerland,Zurich,(direct),(none),0.0,27,6,purchase
4485576.6506310412,1889545552,2020-12-13,1,1,0,0,0,0,desktop,Windows,United States,California,<Other>,<Other>,0.0,2,2,view_item
40478739.4107627187,8817092112,2020-12-31,1,0,0,0,0,0,mobile,Android,United Kingdom,England,<Other>,<Other>,0.0,1,1,session_only
1563971021.8752742788,2000202514,2020-12-27,1,1,1,0,0,0,desktop,Web,Mexico,State of Mexico,(data deleted),(data deleted),0.0,8,3,add_to_cart
45377556.8268392220,1374539053,2020-11-09,1,0,0,0,0,0,mobile,Web,United States,Oregon,(direct),(none),0.0,1,1,session_only
53096407.0586551859,2952072368,2021-01-05,1,0,0,0,0,0,desktop,Web,China,Fujian,(direct),(none),0.0,1,1,session_only
28004305.3764822978,4945754415,2021-01-29,1,1,1,1,0,0,desktop,Web,United States,Georgia,(direct),(none),0.0,7,4,begin_checkout
10435455.8109367590,4182514171,2020-11-29,1,0,0,0,0,0,desktop,Windows,Chile,Santiago Metropolitan Region,google,organic,0.0,1,1,session_only
5162470.9278866300,3666006171,2020-12-25,1,1,0,0,0,0,desktop,Windows,United States,California,shop.googlemerchandisestore.com,referral,0.0,6,2,view_item
10891248.3476375999,3857565558,2020-11-07,1,0,0,0,0,0,desktop,Windows,United States,Pennsylvania,google,organic,0.0,1,1,session_only
3171793.2248385078,4831080645,2020-11-09,1,1,0,0,0,0,mobile,Web,United States,Virginia,(data deleted),(data deleted),0.0,3,2,view_item
10856712.7699491652,1910003160,2021-01-02,1,0,0,0,0,0,mobile,iOS,South Korea,(not set),<Other>,referral,0.0,1,1,session_only
1104932.4020447939,2665712505,2020-12-05,1,0,0,0,0,0,desktop,<Other>,Australia,Victoria,shop.googlemerchandisestore.com,referral,0.0,1,1,session_only
78226194.9080715808,250033215,2021-01-16,1,0,0,0,0,0,tablet,Web,India,Chandigarh,<Other>,<Other>,0.0,1,1,session_only
3201144.3344237031,8627790636,2021-01-16,1,0,0,0,0,0,mobile,Web,United States,Minnesota,(direct),(none),0.0,1,1,session_only
58630685.1817966481,549616071,2021-01-16,1,0,0,0,0,0,desktop,Windows,Germany,Bavaria,<Other>,referral,0.0,1,1,session_only
31738346.1389685386,5234434749,2021-01-07,1,0,0,0,0,0,mobile,Web,United States,Missouri,<Other>,<Other>,0.0,1,1,session_only
5541369.1574772381,7975299335,2020-12-02,1,0,0,0,0,0,desktop,Web,United States,Virginia,<Other>,<Other>,0.0,1,1,session_only
38039813.1738246028,3898234498,2021-01-14,1,0,0,0,0,0,desktop,Web,Indonesia,(not set),<Other>,referral,0.0,1,1,session_only
2467562.8928137317,2358166115,2020-11-14,1,0,0,0,0,0,desktop,Web,United States,Tennessee,shop.googlemerchandisestore.com,referral,0.0,1,1,session_only
5271609.0640233974,2810120842,2021-01-07,1,0,0,0,0,0,mobile,Web,Malaysia,Selangor,(direct),(none),0.0,1,1,session_only
8992575.5331843481,4432049634,2020-11-21,1,0,0,0,0,0,mobile,Web,United States,Washington,google,organic,0.0,1,1,session_only
36269537.4063221980,569271868,2021-01-07,1,0,0,0,0,0,mobile,iOS,United States,California,google,organic,0.0,1,1,session_only
1921085.5139473367,8011572237,2021-01-15,1,0,0,0,0,0,desktop,Windows,United States,New Jersey,<Other>,referral,0.0,1,1,session_only
4781158.8740734226,7820170976,2020-11-16,1,1,0,0,0,0,desktop,Web,United States,Virginia,(direct),(none),0.0,2,2,view_item
57993340.2371789530,3876028882,2021-01-10,1,0,0,0,0,0,mobile,Web,United Kingdom,England,google,organic,0.0,1,1,session_only
8947475.8090315077,4125551407,2020-12-21,1,0,0,0,0,0,desktop,Macintosh,United States,California,<Other>,referral,0.0,1,1,session_only
36701461.9339952622,136714638,2020-11-04,1,0,0,0,0,0,mobile,Web,United States,California,(direct),(none),0.0,1,1,session_only
15513566.4619797462,6366794732,2020-12-16,1,0,0,0,0,0,desktop,Windows,Indonesia,South Sulawesi,<Other>,<Other>,0.0,1,1,session_only
2036636433.7324564706,5842693585,2021-01-24,1,0,0,0,0,0,desktop,Web,United States,North Carolina,(direct),(none),0.0,1,1,session_only
1163427.9837807307,5736154935,2020-11-12,1,1,0,1,1,1,desktop,Web,France,Ile-de-France,google,organic,0.0,6,6,purchase
2953864.3205154967,9042840906,2021-01-06,1,0,0,0,0,0,mobile,Web,Canada,Ontario,google,organic,0.0,1,1,session_only
63036886.5110035569,5076401794,2021-01-07,1,0,0,0,0,0,desktop,Web,Italy,Friuli-Venezia Giulia,google,organic,0.0,1,1,session_only
72345985.3764329167,4402823409,2020-12-26,1,0,0,0,0,0,desktop,Macintosh,United States,Iowa,(direct),(none),0.0,1,1,session_only
95636818.1346528705,1165733642,2020-11-12,1,0,0,0,0,0,mobile,Web,United States,Ohio,google,organic,0.0,1,1,session_only
88373396.9033520872,7292072998,2020-11-06,1,0,0,0,0,0,mobile,Web,United States,Washington,<Other>,<Other>,0.0,1,1,session_only
4542869.2082865373,115265989,2020-12-24,1,0,0,0,0,0,desktop,Windows,United Kingdom,England,(direct),(none),0.0,1,1,session_only
46329172.8549079679,1037572698,2020-11-03,1,1,0,0,0,0,mobile,Web,Mexico,Mexico City,google,organic,0.0,2,2,view_item
73068186.2403668900,8942380366,2020-12-16,1,0,0,0,0,0,desktop,Windows,United States,Florida,google,organic,0.0,1,1,session_only
2443312.1032127243,2964305143,2020-11-03,1,0,0,0,0,0,desktop,Web,United States,Alabama,<Other>,<Other>,0.0,1,1,session_only
5726742.0411068141,4297682205,2021-01-07,1,0,0,0,0,0,desktop,Windows,Philippines,(not set),<Other>,<Other>,0.0,1,1,session_only
5171823.8489244343,1083871572,2020-12-10,1,0,0,0,0,0,mobile,iOS,United States,California,(direct),(none),0.0,1,1,session_only
2617112.3722798865,7169350803,2020-11-03,1,0,0,0,0,0,desktop,Windows,United Kingdom,England,google,organic,0.0,1,1,session_only
37305074.4311125873,9571055116,2020-11-12,1,0,0,0,0,0,desktop,Web,Greece,(not set),shop.googlemerchandisestore.com,referral,0.0,1,1,session_only
5280336.3859327124,4796630875,2020-12-21,1,0,0,0,0,0,desktop,Windows,Singapore,(not set),(data deleted),(data deleted),0.0,1,1,session_only
8163234.6829199056,5532745850,2020-11-29,1,0,0,0,0,0,desktop,Macintosh,United States,Ohio,google,organic,0.0,1,1,session_only
76070104.0075087029,5112123738,2020-12-10,1,0,0,0,0,0,desktop,Windows,India,Karnataka,google,organic,0.0,1,1,session_only
99826321.7020196151,5612925192,2021-01-25,1,1,1,1,1,1,desktop,Web,South Korea,Ulsan,<Other>,<Other>,0.0,80,6,purchase
68576625.1123949476,1755835280,2020-12-27,1,1,0,0,0,0,desktop,Web,Malaysia,Federal Territory of Kuala Lumpur,(direct),(none),0.0,2,2,view_item
3203659794.7156756392,7560447055,2020-12-29,1,0,0,0,0,0,mobile,Android,United States,Virginia,(direct),(none),0.0,1,1,session_only
3568761.6123036116,7561038308,2021-01-28,1,0,0,0,0,0,mobile,Android,United States,Massachusetts,shop.googlemerchandisestore.com,referral,0.0,1,1,session_only
43714447.1663817931,6331724930,2020-11-06,1,0,0,0,0,0,desktop,Windows,Canada,Ontario,<Other>,<Other>,0.0,1,1,session_only
9319034.4551194505,5608901477,2020-12-10,1,0,0,0,0,0,desktop,Windows,United Kingdom,England,<Other>,<Other>,0.0,1,1,session_only
2356120.6950330995,5542038438,2021-01-23,1,1,0,0,0,0,desktop,Windows,United States,New York,google,organic,0.0,2,2,view_item
7890701.2136102691,3160142289,2020-11-13,1,0,0,0,0,0,desktop,<Other>,United States,Kentucky,<Other>,<Other>,0.0,1,1,session_only
4646569700.1915538567,4938757791,2020-12-08,1,1,1,1,1,1,mobile,iOS,Netherlands,Gelderland,<Other>,<Other>,29.6,20,6,purchase
53557768.0252997482,9535301762,2020-11-21,1,1,0,1,0,0,desktop,Web,(not set),(not set),google,organic,0.0,5,4,begin_checkout
3085928.3499686110,5323966772,2020-11-22,1,0,0,0,0,0,desktop,Web,Czechia,Prague,<Other>,<Other>,0.0,1,1,session_only
4565190.2024271558,1100242515,2021-01-14,1,0,0,0,0,0,desktop,Macintosh,Philippines,(not set),(direct),(none),0.0,1,1,session_only
40209524.9311638781,7307938877,2021-01-01,1,0,0,0,0,0,desktop,Web,Morocco,(not set),<Other>,<Other>,0.0,1,1,session_only
52494456.9399211408,4029340574,2020-12-16,1,0,0,0,0,0,mobile,Android,France,Provence-Alpes-Cote d'Azur,<Other>,<Other>,0.0,1,1,session_only
43819236.7169403922,4988474746,2020-12-13,1,1,0,0,0,0,desktop,Windows,India,Rajasthan,google,organic,0.0,2,2,view_item
6374117.6854597905,5124870318,2021-01-22,1,1,0,0,0,0,mobile,iOS,India,Uttar Pradesh,google,organic,0.0,2,2,view_item
2564831.7837083440,2291448365,2020-11-02,1,0,0,0,0,0,mobile,iOS,Germany,Baden-Wurttemberg,google,organic,0.0,1,1,session_only
46104581.7287269838,2619734918,2021-01-13,1,1,0,1,1,1,desktop,Web,Taiwan,New Taipei City,<Other>,<Other>,55.2,24,6,purchase
3150120.5543545854,1691070174,2020-12-05,1,0,0,0,0,0,mobile,iOS,United States,Massachusetts,google,organic,0.0,1,1,session_only
1637155.3571133087,4084154835,2020-12-21,1,0,0,0,0,0,desktop,Web,United States,Florida,google,cpc,0.0,1,1,session_only
9050834.7392240433,4614694046,2021-01-08,1,0,0,0,0,0,desktop,Web,United Kingdom,England,(data deleted),(data deleted),0.0,1,1,session_only
8087984.3302304270,5951694421,2021-01-24,1,0,0,0,0,0,desktop,Web,United States,California,(direct),(none),0.0,1,1,session_only
9522100.5460114646,618455610,2020-11-04,1,0,0,0,0,0,mobile,iOS,Germany,Lower Saxony,(direct),(none),0.0,1,1,session_only
71215940.5751115600,5323290589,2020-12-20,1,0,0,0,0,0,mobile,Web,Brazil,State of Sao Paulo,<Other>,referral,0.0,1,1,session_only
85568828.1024419127,5925568406,2020-12-10,1,0,0,0,0,0,desktop,Web,United States,Florida,google,organic,0.0,1,1,session_only
38591450.1390132325,3402990884,2020-11-07,1,0,0,0,0,0,desktop,Web,Poland,Lower Silesian Voivodeship,(data deleted),(data deleted),0.0,1,1,session_only
4881515.4172738673,4142695996,2021-01-26,1,0,0,0,0,0,desktop,Web,Bulgaria,Sofia City Province,shop.googlemerchandisestore.com,referral,0.0,1,1,session_only
35211347.5011959546,518418181,2021-01-05,1,0,0,0,0,0,mobile,Android,India,Kerala,google,organic,0.0,1,1,session_only
80483207.2238641268,3531996828,2020-11-09,1,0,0,0,0,0,mobile,iOS,United States,Louisiana,shop.googlemerchandisestore.com,referral,0.0,1,1,session_only
48196405.3241009390,5555863397,2021-01-21,1,0,0,0,0,0,mobile,Web,India,Delhi,<Other>,referral,0.0,1,1,session_only
13988758.8765709243,4624238296,2021-01-18,1,0,0,0,0,0,mobile,Web,United States,California,google,organic,0.0,1,1,session_only
1418631.2538058686,1591560069,2021-01-16,1,0,0,0,0,0,desktop,Web,United States,Colorado,google,organic,0.0,1,1,session_only
37052831.8526706612,2995260657,2020-12-13,1,1,1,1,1,1,desktop,Web,United Kingdom,England,<Other>,referral,12.32,16,6,purchase
2130146.9583457671,9926450471,2021-01-23,1,0,0,0,0,0,desktop,Web,United States,California,<Other>,<Other>,0.0,1,1,session_only
5365413.0124021193,653820414,2020-11-06,1,0,0,0,0,0,desktop,Web,United States,Texas,google,organic,0.0,1,1,session_only
82777821.2166765795,49336725,2020-11-14,1,0,0,0,0,0,desktop,Web,United States,Washington,google,organic,0.0,1,1,session_only
6247053.4397749632,5098320739,2020-11-02,1,1,0,0,0,0,mobile,Android,Canada,Alberta,(data deleted),(data deleted),0.0,2,2,view_item
5448801.1228248851,4586444658,2020-11-03,1,0,0,0,0,0,mobile,iOS,United States,Florida,<Other>,(data deleted),0.0,1,1,session_only
8733061.5415155980,1644591873,2021-01-13,1,0,0,1,1,1,mobile,iOS,United States,New Jersey,shop.googlemerchandisestore.com,referral,21.04,8,6,purchase
2663381.1128244448,9051480107,2020-11-29,1,1,1,1,1,1,desktop,Web,Vietnam,Ho Chi Minh City,<Other>,<Other>,74.48,35,6,purchase
53737514.5388975758,5853318443,2021-01-11,1,0,0,0,0,0,desktop,Windows,Singapore,(not set),<Other>,referral,0.0,1,1,session_only
62709482.0478179886,252437594,2021-01-24,1,0,0,0,0,0,desktop,Web,United States,New York,<Other>,<Other>,0.0,1,1,session_only
77437931.2161938829,340092644,2021-01-23,1,0,0,0,0,0,desktop,Windows,India,Uttar Pradesh,google,organic,0.0,1,1,session_only
5070310.7629290669,9820985609,2020-12-31,1,0,0,0,0,0,mobile,Web,United States,Florida,<Other>,referral,0.0,1,1,session_only
27464659.8072914241,5130179643,2021-01-09,1,1,0,0,0,0,desktop,Web,Ireland,County Cork,(direct),(none),0.0,2,2,view_item
65029654.6944627714,9609171504,2021-01-07,1,0,0,0,0,0,desktop,Windows,United States,Texas,google,organic,0.0,1,1,session_only
69407382.7684423627,478377342,2021-01-26,1,0,0,0,0,0,desktop,Web,Taiwan,Taipei City,shop.googlemerchandisestore.com,referral,0.0,1,1,session_only
53192999.2975449233,5299573031,2020-11-09,1,0,0,0,0,0,mobile,iOS,Italy,Emilia-Romagna,(direct),(none),0.0,1,1,session_only
5786487.1807832637,5045675194,2020-11-22,1,0,0,0,0,0,desktop,Windows,Netherlands,Overijssel,google,organic,0.0,1,1,session_only
91269119.8168069629,4968625895,2021-01-06,1,0,0,0,0,0,mobile,Web,Pakistan,Punjab,(direct),(none),0.0,1,1,session_only
2314722.4695518828,7293048857,2021-01-06,1,0,0,0,0,0,desktop,Web,New Zealand,Auckland,google,organic,0.0,1,1,session_only
57238605.6665387342,8656096293,2020-11-29,1,0,0,0,0,0,mobile,iOS,Spain,Madrid,<Other>,referral,0.0,1,1,session_only
1162333.8759960732,275611105,2020-11-16,1,1,0,1,0,0,desktop,Windows,United States,Wisconsin,(direct),(none),0.0,13,4,begin_checkout
17600486.2275967341,7916593533,2020-12-22,1,1,1,1,1,1,tablet,Web,China,Shanghai,(data deleted),(data deleted),41.6,22,6,purchase
76737752.2141803643,2542045699,2020-12-02,1,0,0,0,0,0,desktop,Windows,United States,Louisiana,google,cpc,0.0,1,1,session_only
10877096.4905110390,5743230511,2020-11-16,1,1,0,0,0,0,desktop,Macintosh,United States,Idaho,<Other>,referral,0.0,7,2,view_item
14734810.3308503266,5252867554,2020-11-09,1,0,0,0,0,0,mobile,Web,United States,Wisconsin,<Other>,<Other>,0.0,1,1,session_only
6399548.5352221119,8361669310,2020-11-29,1,0,0,0,0,0,desktop,Web,Singapore,(not set),google,organic,0.0,1,1,session_only
2859353.6398209466,8268693658,2021-01-13,1,0,0,0,0,0,desktop,Web,United States,Massachusetts,<Other>,referral,0.0,1,1,session_only
16734243.4850889785,6271308236,2020-11-18,1,0,0,0,0,0,desktop,Web,United Kingdom,England,(direct),(none),0.0,1,1,session_only
26341571.7252949948,1052905635,2020-11-12,1,0,0,0,0,0,desktop,Web,India,Maharashtra,google,organic,0.0,1,1,session_only
25604077.3749383809,3718760958,2020-12-31,1,1,0,0,0,0,mobile,iOS,India,Haryana,<Other>,organic,0.0,3,2,view_item
44080603.5651121314,4845237618,2020-12-28,1,0,0,0,0,0,mobile,Android,United States,Virginia,(data deleted),(data deleted),0.0,1,1,session_only
44319805.2174901659,9055625381,2021-01-09,1,0,0,0,0,0,mobile,Android,United States,North Carolina,<Other>,<Other>,0.0,1,1,session_only
29082231.3045171338,4931969067,2021-01-02,1,0,0,0,0,0,desktop,Web,United States,Kentucky,google,organic,0.0,1,1,session_only
24485353.8882931928,2573864669,2020-12-02,1,1,0,0,0,0,desktop,Macintosh,India,Delhi,google,organic,0.0,2,2,view_item
57300529.5910819324,5957530047,2020-12-02,1,1,0,0,0,0,desktop,Web,United States,Ohio,<Other>,<Other>,0.0,9,2,view_item
1940246.2622232132,398021822,2020-12-02,1,0,0,0,0,0,mobile,Web,United States,Arizona,(direct),(none),0.0,1,1,session_only
1879283.4076200516,8441735028,2021-01-21,1,0,0,0,0,0,desktop,Web,United Kingdom,England,google,organic,0.0,1,1,session_only
69222875.0592492131,3809438449,2021-01-24,1,1,0,0,0,0,mobile,iOS,United States,California,<Other>,<Other>,0.0,2,2,view_item
35721293.4009095777,3480953838,2021-01-18,1,0,0,0,0,0,desktop,Web,Turkey,Istanbul,(direct),(none),0.0,1,1,session_only
1371273.6814886683,3437896866,2020-12-30,1,0,0,0,0,0,mobile,Android,Canada,Quebec,google,organic,0.0,1,1,session_only
3679189.7019781881,3279420602,2021-01-14,1,0,0,0,0,0,desktop,Macintosh,Malaysia,(not set),<Other>,referral,0.0,1,1,session_only
2059739.2104997805,9876637911,2021-01-14,1,0,0,0,0,0,desktop,Web,United States,Tennessee,(direct),(none),0.0,1,1,session_only
6711056.5858978024,4101255695,2020-12-29,1,0,0,0,0,0,mobile,Android,United States,Virginia,google,organic,0.0,1,1,session_only
62696975.4086029285,8334714331,2021-01-23,1,0,0,0,0,0,desktop,Web,United States,California,(direct),(none),0.0,1,1,session_only
5502943.2013690285,8286880619,2021-01-14,1,0,0,0,0,0,desktop,Macintosh,United States,California,<Other>,referral,0.0,1,1,session_only
53819120.1553254963,4298564560,2021-01-17,1,0,0,0,0,0,desktop,Web,South Korea,(not set),<Other>,referral,0.0,1,1,session_only
36312280.0729446234,3995216644,2020-11-09,1,0,0,0,0,0,desktop,Windows,Germany,(not set),<Other>,<Other>,0.0,1,1,session_only
3585096.0390107537,7160021283,2020-11-03,1,0,0,0,0,0,mobile,Web,United States,California,google,organic,0.0,1,1,session_only
2514943.0240026823,8356681465,2020-11-15,1,1,0,0,0,0,desktop,Web,Kenya,Nairobi County,google,organic,0.0,2,2,view_item
61582976.5210564039,2262162954,2021-01-10,1,0,0,0,0,0,mobile,iOS,Denmark,Capital Region of Denmark,google,organic,0.0,1,1,session_only
30816112.3011554213,866455604,2021-01-14,1,0,0,0,0,0,desktop,Web,Indonesia,(not set),<Other>,<Other>,0.0,1,1,session_only
79028638.3637684039,4559564859,2020-12-27,1,0,0,0,0,0,tablet,iOS,United States,Pennsylvania,<Other>,<Other>,0.0,1,1,session_only
76569345.5635863682,348194085,2021-01-24,1,1,0,0,0,0,desktop,Web,Turkey,Istanbul,shop.googlemerchandisestore.com,referral,0.0,2,2,view_item
53241348.4654924174,7581155992,2021-01-14,1,0,0,0,0,0,mobile,Web,United States,California,google,cpc,0.0,1,1,session_only
4983865.9578536501,2930348552,2020-11-14,1,0,0,0,0,0,desktop,Windows,Hong Kong,(not set),shop.googlemerchandisestore.com,referral,0.0,1,1,session_only
24679012.4398040904,8413690812,2020-12-26,1,0,0,0,0,0,desktop,Web,Spain,Andalusia,google,organic,0.0,1,1,session_only
40259745.0445724283,1251297433,2020-12-27,1,0,0,0,0,0,desktop,Web,(not set),(not set),google,organic,0.0,1,1,session_only
8799828.2984914831,6889672947,2020-11-16,1,0,0,0,0,0,desktop,Macintosh,United States,California,<Other>,referral,0.0,1,1,session_only
13804857.3594700242,2794573205,2020-12-10,1,0,0,0,0,0,mobile,Android,Germany,North Rhine-Westphalia,google,organic,0.0,1,1,session_only
8539368.3103128334,9970377966,2020-11-15,1,0,0,0,0,0,mobile,Android,India,(not set),google,organic,0.0,1,1,session_only
2274156.9670134171,3723537841,2020-12-10,1,1,1,0,0,0,mobile,iOS,United States,Florida,<Other>,referral,0.0,12,3,add_to_cart
19873344.4999466945,58001329,2020-12-16,1,1,0,0,0,0,desktop,Web,United States,Michigan,(data deleted),(data deleted),0.0,27,2,view_item
75893966.1755460737,6199774797,2021-01-03,1,0,0,0,0,0,desktop,Web,Mexico,(not set),(direct),(none),0.0,1,1,session_only
90324695.3075290121,5573236805,2020-11-02,1,0,0,0,0,0,desktop,Web,United States,New York,google,organic,0.0,1,1,session_only
96048273.5667578892,135739429,2020-12-28,1,1,0,0,0,0,desktop,Windows,United States,Virginia,google,organic,0.0,2,2,view_item
2467393.7377682212,1924080743,2021-01-04,1,0,0,0,0,0,desktop,Web,South Africa,Gauteng,(direct),(none),0.0,1,1,session_only
86272927.5845958008,5131191984,2021-01-06,1,1,0,1,1,1,mobile,Android,United Kingdom,Wales,<Other>,referral,46.4,8,6,purchase
14889679.9758194148,8686220794,2020-12-27,1,0,0,0,0,0,mobile,iOS,United States,Virginia,<Other>,organic,0.0,1,1,session_only
83734613.2114691482,5574581793,2020-12-30,1,0,0,0,0,0,desktop,Web,United States,South Carolina,google,cpc,0.0,1,1,session_only
4362713.8363943874,8186553867,2021-01-16,1,0,0,0,0,0,mobile,iOS,Belgium,Flanders,(data deleted),(data deleted),0.0,1,1,session_only
6519537.2018889743,646778654,2020-12-10,1,0,0,0,0,0,desktop,Macintosh,United States,Virginia,google,organic,0.0,1,1,session_only
18141095.1652253233,4735879862,2021-01-06,1,0,0,0,0,0,desktop,Web,France,Ile-de-France,<Other>,<Other>,0.0,1,1,session_only
30410933.0583774472,7261367379,2020-11-04,1,1,0,0,0,0,mobile,iOS,United States,Virginia,shop.googlemerchandisestore.com,referral,0.0,4,2,view_item
4710634349.7097972137,8470950272,2020-11-07,1,1,0,1,1,1,mobile,Android,India,Telangana,google,organic,37.4,7,6,purchase
2945134.1665006748,8176315317,2020-11-29,1,0,0,0,0,0,desktop,Web,Spain,Madrid,(direct),(none),0.0,1,1,session_only
69465148.8614142616,1878948287,2020-11-04,1,1,0,1,1,1,mobile,Android,Canada,Quebec,(direct),(none),140.96,28,6,purchase
7799774.1191555900,8721922751,2020-12-31,1,0,0,0,0,0,desktop,Windows,United States,New York,google,organic,0.0,1,1,session_only
73181368.1146690816,7918010049,2021-01-04,1,0,0,0,0,0,mobile,Android,United States,Tennessee,google,organic,0.0,1,1,session_only
3475344.0886238610,4263975501,2020-12-28,1,0,0,0,0,0,desktop,Windows,Mexico,Baja California,<Other>,<Other>,0.0,1,1,session_only
5778368378.6406650438,7413272101,2021-01-09,1,0,0,0,0,0,desktop,Web,United States,Pennsylvania,google,organic,0.0,1,1,session_only
83995974.0723989517,8491185659,2021-01-22,1,0,0,0,0,0,desktop,Web,United States,New York,google,organic,0.0,1,1,session_only
59347397.4590765557,1237794497,2020-11-22,1,0,0,0,0,0,desktop,Macintosh,Spain,Catalonia,google,organic,0.0,1,1,session_only
73689279.0437949728,5711457373,2020-12-21,1,1,1,0,0,0,desktop,Web,Azerbaijan,(not set),google,organic,0.0,3,3,add_to_cart
8985775.9464037855,1093804938,2020-11-16,1,1,0,1,1,1,mobile,Web,Vietnam,Ho Chi Minh City,shop.googlemerchandisestore.com,referral,0.0,12,6,purchase
5445929.8872419827,4519229311,2020-12-06,1,0,0,0,0,0,desktop,Web,United States,Washington,google,organic,0.0,1,1,session_only
84411596.1309568228,9972893406,2021-01-17,1,0,0,0,0,0,mobile,iOS,United States,Washington,shop.googlemerchandisestore.com,referral,0.0,1,1,session_only
73925994.5624398736,1854195622,2021-01-30,1,0,0,0,0,0,tablet,Web,United States,California,<Other>,<Other>,0.0,1,1,session_only
62441900.3998746648,5832862369,2020-11-06,1,0,0,0,0,0,mobile,Web,South Korea,Daegu,google,organic,0.0,1,1,session_only
69008080.7918925068,1602143133,2020-11-04,1,1,0,1,1,1,desktop,Web,United States,Massachusetts,(direct),(none),90.4,16,6,purchase
6761174.7225676169,5523293041,2020-11-29,1,0,0,0,0,0,desktop,Web,United States,New York,google,organic,0.0,1,1,session_only
4408958326.4815627418,6656445839,2020-12-08,1,0,0,0,0,0,desktop,Macintosh,United States,New Jersey,<Other>,<Other>,0.0,1,1,session_only
4104226790.7978872215,8833570776,2020-12-16,1,1,1,0,0,0,desktop,Web,United States,New Jersey,google,organic,0.0,4,3,add_to_cart
45748985.7913102674,8541272088,2021-01-08,1,0,0,0,0,0,desktop,Web,Greece,Decentralized Administration of Attica,<Other>,referral,0.0,1,1,session_only
10306274.5760243142,6003122275,2020-11-15,1,0,0,0,0,0,desktop,Web,United States,California,<Other>,<Other>,0.0,1,1,session_only
2466243.9411004607,2083667777,2021-01-09,1,0,0,0,0,0,desktop,Windows,Thailand,(not set),(direct),(none),0.0,1,1,session_only
91426655.5769251767,6677787841,2021-01-29,1,1,0,1,1,1,desktop,Web,Guatemala,Guatemala Department,(direct),(none),0.0,8,6,purchase
1181663.1131176800,4890834598,2020-12-27,1,0,0,0,0,0,desktop,Web,India,Rajasthan,google,organic,0.0,1,1,session_only
56405397.0369317603,6264883272,2020-12-24,1,0,0,0,0,0,desktop,Windows,Taiwan,Taipei City,<Other>,<Other>,0.0,1,1,session_only
21411361.7312817563,9003545950,2021-01-16,1,0,0,0,0,0,mobile,iOS,United States,California,(direct),(none),0.0,1,1,session_only
6548302.5757929899,731689600,2020-11-03,1,0,0,0,0,0,mobile,Web,United States,Virginia,shop.googlemerchandisestore.com,referral,0.0,1,1,session_only
56249217.7024413394,3108897182,2021-01-22,1,1,0,0,0,0,desktop,Web,Spain,Canary Islands,<Other>,referral,0.0,4,2,view_item
6593032321.8156767926,640112219,2020-11-16,1,1,0,1,1,0,mobile,Web,Hong Kong,(not set),<Other>,referral,0.0,6,5,add_payment
2749497.6425281402,7536179498,2021-01-11,1,0,0,0,0,0,mobile,Web,United States,California,(direct),(none),0.0,1,1,session_only
1803200.7777857363,2353518409,2020-12-27,1,1,1,1,1,1,mobile,iOS,United States,Nevada,(data deleted),(data deleted),0.0,13,6,purchase
13166475.2431757145,6144605746,2021-01-29,1,0,0,0,0,0,desktop,Web,Canada,Alberta,google,organic,0.0,1,1,session_only
11541570.4198885271,4216898399,2021-01-05,1,0,0,0,0,0,desktop,Web,United States,Wisconsin,shop.googlemerchandisestore.com,referral,0.0,1,1,session_only
907076899.9526508063,3113846028,2021-01-11,1,0,0,0,0,0,desktop,Windows,Belgium,Flanders,google,organic,0.0,1,1,session_only
13396121.5175649670,5923708219,2021-01-25,1,0,0,0,0,0,desktop,Web,Hungary,Budapest,<Other>,referral,0.0,1,1,session_only
9156571.6666122518,8214430945,2020-11-09,1,0,0,0,0,0,desktop,Windows,Norway,Oslo,<Other>,referral,0.0,1,1,session_only
4855081890.4520493817,4523537679,2020-12-05,1,0,0,0,0,0,mobile,Web,United States,Illinois,google,organic,0.0,1,1,session_only
82216889.7795292342,3864547218,2020-12-30,1,0,0,0,0,0,mobile,Web,United States,Iowa,shop.googlemerchandisestore.com,referral,0.0,1,1,session_only
1136067.9439123354,9513159148,2021-01-30,1,0,0,0,0,0,desktop,Web,Switzerland,Zurich,<Other>,<Other>,0.0,1,1,session_only
2689361.0389768864,7763377587,2021-01-04,1,0,0,0,0,0,desktop,Web,Spain,Catalonia,google,organic,0.0,1,1,session_only
48981340.9307449932,4058247489,2020-12-02,1,0,0,0,0,0,desktop,<Other>,Germany,Hamburg,<Other>,<Other>,0.0,1,1,session_only
6157097.2763137296,7373662458,2021-01-06,1,0,0,0,0,0,desktop,Web,United States,Colorado,(direct),(none),0.0,1,1,session_only
3088412238.5083877413,4737285764,2021-01-29,1,0,0,0,0,0,mobile,Android,Australia,New South Wales,google,organic,0.0,1,1,session_only
8923294.9911921775,7736937191,2021-01-16,1,0,0,0,0,0,desktop,Web,Kosovo,(not set),google,organic,0.0,1,1,session_only
43108939.7180346294,5096402984,2020-12-02,1,0,0,0,0,0,desktop,Web,United States,Washington,google,organic,0.0,1,1,session_only
4655212.0336154706,3709697495,2021-01-18,1,0,0,0,0,0,mobile,Web,United States,California,(direct),(none),0.0,1,1,session_only
40066335.7889371927,8908107419,2020-12-10,1,0,0,0,0,0,desktop,Web,Spain,Valencian Community,<Other>,<Other>,0.0,1,1,session_only
11869156.0228630559,8368395293,2020-12-06,1,0,0,0,0,0,desktop,Web,Brazil,State of Rio de Janeiro,google,organic,0.0,1,1,session_only
83964862.4203451527,5961951142,2020-11-29,1,0,0,0,0,0,desktop,Web,United Kingdom,England,(direct),(none),0.0,1,1,session_only
3667498.3782399164,3102690980,2021-01-21,1,0,0,0,0,0,tablet,iOS,United States,Michigan,shop.googlemerchandisestore.com,referral,0.0,1,1,session_only
58872145.0987718491,4552428779,2021-01-10,1,0,0,0,0,0,desktop,Macintosh,Hong Kong,(not set),<Other>,<Other>,0.0,1,1,session_only
71293828.9215940219,9186078584,2020-12-08,1,0,0,0,0,0,desktop,Web,United States,California,(data deleted),(data deleted),0.0,1,1,session_only
3024189.6101670146,7859325572,2021-01-02,1,1,1,1,1,1,mobile,iOS,United States,Colorado,google,organic,0.0,16,6,purchase
80242734.0639245029,3870954359,2021-01-16,1,0,0,0,0,0,desktop,Web,Canada,Quebec,google,organic,0.0,1,1,session_only
76927533.6526159059,8411563890,2021-01-08,1,1,0,0,0,0,mobile,iOS,Turkey,Istanbul,<Other>,<Other>,0.0,2,2,view_item
24265090.3737964203,3465348882,2020-11-06,1,0,0,0,0,0,mobile,iOS,United States,Texas,google,organic,0.0,1,1,session_only
46693623.7285451199,9241511140,2020-12-08,1,0,0,0,0,0,desktop,Windows,United States,Washington,(direct),(none),0.0,1,1,session_only
27488559.4267170544,5485557326,2021-01-28,1,0,0,0,0,0,desktop,Web,Canada,Ontario,<Other>,referral,0.0,1,1,session_only
16131572.8674768231,7378058984,2021-01-08,1,0,0,0,0,0,desktop,Windows,Canada,Quebec,google,organic,0.0,1,1,session_only
49797160.1563862544,1908713435,2020-11-16,1,0,0,0,0,0,desktop,Web,United States,New York,(direct),(none),0.0,1,1,session_only
28638101.4305898565,9125373956,2020-12-02,1,1,1,1,0,0,mobile,Web,United States,Michigan,google,organic,0.0,9,4,begin_checkout
27609376.6610693817,6810687663,2020-12-31,1,0,0,0,0,0,mobile,Android,United States,Pennsylvania,<Other>,<Other>,0.0,1,1,session_only
1877042.1320167930,6879244451,2021-01-16,1,0,0,0,0,0,desktop,Macintosh,Canada,Ontario,(direct),(none),0.0,1,1,session_only
32059262.7719906469,6045885088,2021-01-23,1,0,0,0,0,0,mobile,iOS,Germany,Rhineland-Palatinate,<Other>,<Other>,0.0,1,1,session_only
4013897.3531565252,48875684,2021-01-17,1,0,0,0,0,0,mobile,Web,United States,Virginia,shop.googlemerchandisestore.com,referral,0.0,1,1,session_only
63122997.7723306738,6875384283,2020-11-02,1,0,0,0,0,0,mobile,Android,United States,Oregon,(direct),(none),0.0,1,1,session_only
20328631.1842241529,6400350524,2021-01-14,1,0,0,0,0,0,desktop,<Other>,Singapore,(not set),shop.googlemerchandisestore.com,referral,0.0,1,1,session_only
3224180230.7624896457,6321135554,2020-12-06,1,1,0,0,0,0,desktop,Web,Canada,Ontario,<Other>,referral,0.0,2,2,view_item
66251917.8541945749,8075907432,2020-11-12,1,1,0,1,0,0,mobile,Web,Sweden,Vastra Gotaland County,<Other>,referral,0.0,5,4,begin_checkout
43869984.9708200846,800779381,2020-11-09,1,0,0,0,0,0,desktop,Windows,Germany,Bavaria,(direct),(none),0.0,1,1,session_only
54842581.4865356166,810403287,2020-12-28,1,1,0,0,0,0,mobile,Web,India,Delhi,<Other>,<Other>,0.0,3,2,view_item
54096607.6146541068,5667600951,2021-01-13,1,0,0,0,0,0,desktop,Windows,Uruguay,(not set),google,organic,0.0,1,1,session_only
8567237.5257249067,4782549191,2020-12-30,1,0,0,0,0,0,desktop,Web,Canada,Ontario,(direct),(none),0.0,1,1,session_only
2344895.1104409988,4728300671,2021-01-17,1,0,0,0,0,0,mobile,iOS,United States,Maryland,google,organic,0.0,1,1,session_only
5001395.4270643441,3947013160,2021-01-22,1,1,0,0,0,0,mobile,Web,Denmark,Region Zealand,<Other>,referral,0.0,3,2,view_item
8489331.3926418697,4167654370,2020-11-18,1,0,0,0,0,0,desktop,Windows,Argentina,Buenos Aires,google,organic,0.0,1,1,session_only
3680849.3682003465,3796427952,2021-01-02,1,0,0,0,0,0,mobile,iOS,United States,North Carolina,google,organic,0.0,1,1,session_only
26590643.6266892774,5212212723,2020-11-13,1,0,0,0,0,0,desktop,Web,France,Ile-de-France,(direct),(none),0.0,1,1,session_only
91853704.5811803713,4083231075,2020-11-12,1,0,0,0,0,0,mobile,Web,United States,Illinois,<Other>,<Other>,0.0,1,1,session_only
1926248.7653564587,1727225226,2021-01-29,1,1,1,1,1,1,mobile,Android,United States,California,(direct),(none),0.0,19,6,purchase
6265960.5490651939,2163427309,2020-12-02,1,0,0,0,0,0,mobile,Android,India,Uttar Pradesh,(direct),(none),0.0,1,1,session_only
8124612.6263372515,1943820906,2021-01-22,1,0,0,0,0,0,desktop,Macintosh,United States,New York,google,organic,0.0,1,1,session_only
3017581.6647476769,7020667170,2020-12-21,1,0,0,0,0,0,desktop,Web,France,Auvergne-Rhone-Alpes,<Other>,referral,0.0,1,1,session_only
3282203.4038192177,1937475041,2020-11-22,1,1,0,1,1,1,desktop,Windows,United States,Michigan,shop.googlemerchandisestore.com,referral,0.0,8,6,purchase
89054518.9311930876,3588778614,2021-01-29,1,0,0,0,0,0,desktop,Web,Vietnam,Ho Chi Minh City,google,organic,0.0,1,1,session_only
68754418.1869957386,3887656123,2021-01-16,1,0,0,0,0,0,mobile,Web,United States,New Jersey,(direct),(none),0.0,1,1,session_only
1261180.9140655112,3355803756,2020-11-29,1,0,0,0,0,0,desktop,Web,Canada,Quebec,google,organic,0.0,1,1,session_only
40276682.1868914421,4299152796,2020-12-02,1,0,0,0,0,0,desktop,<Other>,United States,Michigan,google,organic,0.0,1,1,session_only
3662209.5712951495,5574991365,2020-11-03,1,1,0,1,1,1,mobile,Web,France,Brittany,<Other>,<Other>,10.5,5,6,purchase
4541150.5964029890,89275285,2021-01-26,1,0,0,0,0,0,mobile,iOS,Canada,Alberta,<Other>,<Other>,0.0,1,1,session_only
49969489.4744190347,8870722106,2020-12-22,1,0,0,0,0,0,desktop,Web,France,Ile-de-France,shop.googlemerchandisestore.com,referral,0.0,1,1,session_only
2821163.5250504752,6173580275,2020-12-10,1,1,0,0,0,0,mobile,Web,Canada,Saskatchewan,google,organic,0.0,3,2,view_item
7659570.5939990829,6347197480,2020-12-21,1,1,1,1,1,1,desktop,Web,China,Guangdong Province,(direct),(none),92.8,29,6,purchase
2203449.4497261194,4703710879,2021-01-04,1,0,0,0,0,0,mobile,iOS,Belgium,Flanders,google,organic,0.0,1,1,session_only
62432900.2891906262,5763883502,2021-01-28,1,0,0,0,0,0,mobile,Android,Canada,Ontario,<Other>,<Other>,0.0,1,1,session_only
3979243.2503986540,7204556845,2021-01-06,1,0,0,0,0,0,desktop,Web,United States,Pennsylvania,google,organic,0.0,1,1,session_only
15151284.8697493100,6288754009,2020-12-08,1,0,0,0,0,0,desktop,Macintosh,United States,South Carolina,<Other>,<Other>,0.0,1,1,session_only
22706812.5260580844,5034649381,2020-11-09,1,0,0,0,0,0,mobile,iOS,Germany,Hessen,google,organic,0.0,1,1,session_only
15312103.4893039489,699051106,2020-11-03,1,1,0,0,0,0,mobile,Web,Japan,Kanagawa,<Other>,referral,0.0,2,2,view_item
3511087.0079764455,2721375820,2020-12-10,1,1,0,0,0,0,desktop,Web,United States,Alabama,<Other>,<Other>,0.0,3,2,view_item
61389953.5535318141,3867795030,2021-01-05,1,1,1,1,1,1,mobile,Web,Costa Rica,San Jose Province,google,organic,127.68,35,6,purchase
60445158.2877119899,208101486,2020-11-15,1,1,0,0,0,0,mobile,Web,India,Uttar Pradesh,google,organic,0.0,13,2,view_item
3178781.1426116582,1846992650,2020-12-25,1,0,0,0,0,0,desktop,Web,Ukraine,(not set),<Other>,<Other>,0.0,1,1,session_only
8394742.0518307201,2968067238,2020-11-27,1,0,0,0,0,0,mobile,iOS,China,Zhejiang,google,organic,0.0,1,1,session_only
4407549934.4137017276,1843687466,2021-01-24,1,0,0,0,0,0,desktop,Macintosh,Canada,Ontario,google,cpc,0.0,1,1,session_only
42086374.0291249059,8313868966,2020-12-10,1,0,0,0,0,0,desktop,Macintosh,Belgium,Brussels,google,cpc,0.0,1,1,session_only
38328663.0736193455,9238672244,2021-01-02,1,0,0,0,0,0,mobile,Android,Hong Kong,(not set),google,organic,0.0,1,1,session_only
84079058.1935268995,804068007,2020-12-10,1,0,0,0,0,0,mobile,Web,United Kingdom,England,google,cpc,0.0,1,1,session_only
3630058.7076110762,2952382013,2021-01-10,1,1,1,1,1,1,desktop,Web,United States,Tennessee,google,organic,213.88,20,6,purchase
75035022.6976791259,9700651378,2020-12-10,1,0,0,0,0,0,desktop,Web,United States,Georgia,(direct),(none),0.0,1,1,session_only
58821511.3841677982,7944707590,2021-01-06,1,0,0,0,0,0,desktop,Web,United States,Virginia,google,organic,0.0,1,1,session_only
34108156.3848420941,1796662267,2021-01-14,1,0,0,0,0,0,desktop,Web,United States,Wyoming,<Other>,<Other>,0.0,1,1,session_only
8555745.1545520805,4265775744,2021-01-07,1,0,0,0,0,0,mobile,iOS,United States,Texas,google,organic,0.0,1,1,session_only
36498339.9754137228,3538899550,2021-01-28,1,0,0,0,0,0,mobile,Web,Brazil,State of Sao Paulo,(data deleted),(data deleted),0.0,1,1,session_only
35293292.4875261323,4320374963,2021-01-21,1,1,0,0,0,0,mobile,Android,Israel,Tel Aviv District,google,organic,0.0,3,2,view_item
5809192.3731354345,6219451124,2020-11-14,1,0,0,0,0,0,desktop,Web,United States,New Jersey,(direct),(none),0.0,1,1,session_only
1772504.2905108575,3712896208,2021-01-25,1,0,0,0,0,0,desktop,Web,Switzerland,(not set),(direct),(none),0.0,1,1,session_only
21965608.6631058992,9265394869,2020-12-29,1,0,0,0,0,0,desktop,Web,China,Zhejiang,(direct),(none),0.0,1,1,session_only
1402143.9952860865,1528376890,2021-01-26,1,1,0,0,0,0,mobile,Web,Canada,Manitoba,shop.googlemerchandisestore.com,referral,0.0,4,2,view_item
3003684321.8811316683,2352932235,2020-12-08,1,0,0,0,0,0,mobile,Web,China,Guangdong Province,shop.googlemerchandisestore.com,referral,0.0,1,1,session_only
1144915719.1779507629,6892805106,2020-12-02,1,0,0,0,0,0,desktop,Web,Turkey,Adana,<Other>,<Other>,0.0,1,1,session_only
58076782.0061258162,1579243330,2021-01-06,1,0,0,0,0,0,desktop,Windows,United States,Florida,google,organic,0.0,1,1,session_only
7675066.3984960810,4420009044,2021-01-23,1,0,0,0,0,0,desktop,Web,United States,Virginia,shop.googlemerchandisestore.com,referral,0.0,1,1,session_only
23216050.1501811251,8144058836,2020-12-02,1,1,1,0,0,0,mobile,Web,United States,California,<Other>,<Other>,0.0,3,3,add_to_cart
3398996.4526109551,7559171478,2020-12-08,1,0,0,0,0,0,desktop,Web,India,Tamil Nadu,(data deleted),(data deleted),0.0,1,1,session_only
66771151.8725357720,5942744388,2021-01-10,1,0,0,0,0,0,desktop,Macintosh,Canada,Alberta,(direct),(none),0.0,1,1,session_only
31480688.0004476300,8626882547,2020-12-20,1,0,0,0,0,0,desktop,Macintosh,China,Zhejiang,(direct),(none),0.0,1,1,session_only
44556711.2045829434,9631147234,2021-01-07,1,1,1,0,0,0,desktop,Web,Taiwan,New Taipei City,google,organic,0.0,6,3,add_to_cart
4390555.0324451478,9264147947,2020-11-03,1,0,0,0,0,0,desktop,Web,India,Uttar Pradesh,<Other>,<Other>,0.0,1,1,session_only
4511840.7838292508,1142322139,2020-11-03,1,1,0,0,0,0,mobile,iOS,India,Kerala,(data deleted),(data deleted),0.0,5,2,view_item
7312419.1150821954,3526685667,2020-11-14,1,0,0,0,0,0,mobile,Web,India,Uttar Pradesh,<Other>,<Other>,0.0,1,1,session_only
77374057.3149574826,629089838,2020-11-08,1,1,0,1,1,1,desktop,Web,United States,California,google,organic,48.96,8,6,purchase
22925198.1807045293,7642814384,2020-11-21,1,0,0,0,0,0,desktop,Web,United States,Oregon,<Other>,<Other>,0.0,1,1,session_only
49068184.0131644651,2620470970,2020-11-18,1,1,1,0,0,0,desktop,Web,United States,California,google,organic,0.0,4,3,add_to_cart
5068183.2177090456,3558222272,2021-01-30,1,0,0,0,0,0,desktop,Web,France,Nouvelle-Aquitaine,<Other>,(data deleted),0.0,1,1,session_only
5558273.2492198100,2434537111,2020-11-18,1,0,0,0,0,0,desktop,Web,Spain,Catalonia,google,organic,0.0,1,1,session_only
84846544.0481431084,8234345458,2020-12-29,1,0,0,0,0,0,mobile,Android,Canada,Quebec,<Other>,<Other>,0.0,1,1,session_only
55420813.4609262239,2341131998,2020-12-22,1,0,0,0,0,0,desktop,Web,Japan,Tokyo,<Other>,<Other>,0.0,1,1,session_only
55313333.8413369578,5745088304,2021-01-13,1,1,1,1,1,1,desktop,Macintosh,Hong Kong,(not set),google,cpc,23.85,27,6,purchase
18000116.0396124368,2450732459,2021-01-25,1,1,0,0,0,0,desktop,Web,United States,New York,(direct),(none),0.0,2,2,view_item
6356303.3580949544,9189073487,2020-12-10,1,0,0,0,0,0,mobile,iOS,Canada,Ontario,<Other>,referral,0.0,1,1,session_only
12848503.3549073116,9034375088,2020-11-29,1,0,0,0,0,0,mobile,Android,United Kingdom,England,google,cpc,0.0,1,1,session_only
68825979.4623300549,3132296734,2021-01-11,1,0,0,0,0,0,desktop,Web,United Kingdom,England,google,organic,0.0,1,1,session_only
60359955.7443344317,4560301083,2020-12-10,1,1,0,1,1,1,mobile,Web,Japan,Tokyo,google,organic,20.4,67,6,purchase
3125533.8207332044,3818581857,2021-01-25,1,0,0,0,0,0,desktop,Web,France,Ile-de-France,<Other>,referral,0.0,1,1,session_only
2353041.1837186416,8218985159,2020-11-08,1,0,0,1,1,1,mobile,iOS,United States,Texas,google,organic,0.0,4,6,purchase
7109505.9762125349,9062454511,2020-11-07,1,0,0,0,0,0,mobile,Android,United States,Massachusetts,<Other>,<Other>,0.0,1,1,session_only
72486381.7067137274,4202896804,2020-12-20,1,0,0,0,0,0,desktop,Web,Canada,Ontario,<Other>,referral,0.0,1,1,session_only
57746120.5810540778,1687743266,2020-12-10,1,1,1,1,1,1,mobile,Android,United States,Georgia,google,organic,20.48,48,6,purchase
81895141.9085714245,4262775162,2021-01-28,1,1,1,1,1,1,mobile,Web,United States,Pennsylvania,<Other>,organic,0.0,15,6,purchase
24344835.8904089345,3313035800,2020-12-28,1,0,0,0,0,0,desktop,Web,New Zealand,Auckland,google,organic,0.0,1,1,session_only
5275528.1098136271,2922986218,2021-01-29,1,0,0,0,0,0,desktop,Web,United States,North Carolina,shop.googlemerchandisestore.com,referral,0.0,1,1,session_only
1080263.9990242593,2010803881,2020-11-13,1,0,0,0,0,0,desktop,Windows,Singapore,(not set),google,organic,0.0,1,1,session_only
83283159.1553979284,5971664495,2020-12-29,1,1,1,1,1,0,mobile,Web,Canada,Ontario,<Other>,<Other>,0.0,31,5,add_payment
63903181.1086396128,9894413538,2020-12-20,1,0,0,0,0,0,desktop,Windows,China,Beijing,<Other>,referral,0.0,1,1,session_only
6916390508.4529223147,9162169350,2020-12-13,1,0,0,0,0,0,mobile,Web,Italy,Lazio,<Other>,<Other>,0.0,1,1,session_only
26647114.0805605169,1213455624,2020-11-15,1,0,0,0,0,0,desktop,Web,France,Nouvelle-Aquitaine,<Other>,<Other>,0.0,1,1,session_only
56842424.0519013360,7642349472,2021-01-03,1,0,0,0,0,0,desktop,<Other>,(not set),(not set),(direct),(none),0.0,1,1,session_only
20382455.0742328626,1633120107,2020-12-29,1,0,0,0,0,0,desktop,Web,Spain,Madrid,google,organic,0.0,1,1,session_only
4719558.2892368444,5047890334,2020-11-15,1,0,0,0,0,0,mobile,Web,United States,North Carolina,<Other>,<Other>,0.0,1,1,session_only
71729463.7310590884,8452677368,2021-01-22,1,0,0,0,0,0,desktop,<Other>,Saudi Arabia,Riyadh Province,google,organic,0.0,1,1,session_only
2001929.3133966459,7813492300,2021-01-17,1,0,0,0,0,0,tablet,Web,United States,Colorado,google,organic,0.0,1,1,session_only
8641526.1200936555,5147121770,2021-01-16,1,0,0,0,0,0,desktop,Web,Bangladesh,(not set),google,organic,0.0,1,1,session_only
73512350.1412841268,8331538282,2020-12-13,1,0,0,0,0,0,desktop,Web,United States,California,(direct),(none),0.0,1,1,session_only
54994179.5327979807,474116542,2021-01-14,1,0,0,0,0,0,mobile,Web,India,Kerala,<Other>,referral,0.0,1,1,session_only
48893525.3348823112,1039532035,2020-12-06,1,0,0,0,0,0,mobile,Web,Canada,Ontario,(data deleted),(data deleted),0.0,1,1,session_only
22235523.7437537650,569572097,2021-01-11,1,0,0,0,0,0,desktop,Web,India,Karnataka,<Other>,<Other>,0.0,1,1,session_only
25314389.2942389984,2816528806,2020-11-03,1,0,0,0,0,0,desktop,Macintosh,Sweden,Vastra Gotaland County,(direct),(none),0.0,1,1,session_only
60695124.4742262801,4896124623,2020-12-10,1,1,1,1,1,1,mobile,Web,India,Tamil Nadu,<Other>,organic,0.0,9,6,purchase
53551328.3629552189,9552905427,2020-11-22,1,0,0,0,0,0,mobile,Android,United States,Pennsylvania,google,organic,0.0,1,1,session_only
6942587.7475462626,2557451058,2021-01-11,1,0,0,0,0,0,desktop,Web,Lithuania,Vilnius County,google,organic,0.0,1,1,session_only
7495800.0361429546,9585983807,2020-11-12,1,0,0,0,0,0,desktop,Web,China,Guangdong Province,(direct),(none),0.0,1,1,session_only
35949966.2815169272,9715948855,2020-11-08,1,1,0,1,1,1,desktop,Web,Australia,Victoria,google,organic,192.8,8,6,purchase
75053673.0463741161,9021026286,2021-01-09,1,0,0,0,0,0,desktop,Web,United States,New Jersey,(direct),(none),0.0,1,1,session_only
1341255108.8994929707,9096585307,2020-12-13,1,1,1,1,1,1,mobile,iOS,India,Delhi,shop.googlemerchandisestore.com,referral,50.4,29,6,purchase
7846086.4107289765,5992436826,2021-01-06,1,0,0,0,0,0,mobile,Android,United States,North Carolina,(data deleted),(data deleted),0.0,1,1,session_only
9963542.3978980993,2434050906,2020-11-12,1,1,0,1,1,1,mobile,iOS,Slovenia,(not set),shop.googlemerchandisestore.com,referral,81.84,20,6,purchase
8977862.0692642622,6542529529,2020-12-22,1,0,0,0,0,0,mobile,Android,United States,California,google,organic,0.0,1,1,session_only
88974254.5744101559,7566846642,2021-01-06,1,0,0,0,0,0,desktop,Windows,Estonia,Harju County,(direct),(none),0.0,1,1,session_only
50884028.1034896087,1832471237,2021-01-26,1,1,1,1,1,1,mobile,iOS,Luxembourg,(not set),(direct),(none),0.0,12,6,purchase
48265749.2633723349,9131755243,2020-12-02,1,0,0,0,0,0,mobile,Android,India,Karnataka,(direct),(none),0.0,1,1,session_only
4423268.4154808001,6132015478,2021-01-02,1,0,0,0,0,0,desktop,Windows,Canada,British Columbia,google,organic,0.0,1,1,session_only
66172635.6682375999,7954289178,2020-12-21,1,0,0,0,0,0,mobile,Android,Canada,Alberta,(direct),(none),0.0,1,1,session_only
73370326.8388525452,6534509193,2020-11-14,1,1,0,0,0,0,desktop,Web,Spain,Catalonia,google,organic,0.0,2,2,view_item
67778449.5698175891,1282693820,2021-01-29,1,0,0,0,0,0,desktop,Web,United States,Alabama,google,organic,0.0,1,1,session_only
7527122.6070427298,310671532,2021-01-08,1,1,0,0,0,0,desktop,Windows,India,Uttar Pradesh,google,organic,0.0,3,2,view_item
44742105.1202939289,8445975992,2021-01-14,1,0,0,0,0,0,tablet,Android,Japan,(not set),shop.googlemerchandisestore.com,referral,0.0,1,1,session_only
65984293.8605401957,5450641543,2021-01-02,1,0,0,0,0,0,mobile,Web,United States,California,(direct),(none),0.0,1,1,session_only
39334038.3479655042,3018236737,2020-12-10,1,0,0,0,0,0,mobile,Web,United States,Florida,<Other>,organic,0.0,1,1,session_only
87276695.2513908775,4616558726,2021-01-09,1,0,0,0,0,0,mobile,Web,India,Karnataka,google,organic,0.0,1,1,session_only
4823920.2105627740,8594357714,2021-01-13,1,0,0,0,0,0,mobile,Android,India,Tamil Nadu,google,organic,0.0,1,1,session_only
2745699.7592202816,446944206,2020-12-27,1,1,0,0,0,0,desktop,Web,United States,Alabama,(direct),(none),0.0,3,2,view_item
8274843.7944298261,2655155020,2021-01-08,1,1,1,1,1,1,desktop,Web,Canada,Ontario,(direct),(none),85.94,22,6,purchase
38315755.9884953459,2039251962,2021-01-15,1,0,0,0,0,0,mobile,Android,United States,New York,google,organic,0.0,1,1,session_only
11042906.5583417709,1645557762,2020-11-21,1,0,0,0,0,0,mobile,iOS,India,Gujarat,<Other>,referral,0.0,1,1,session_only
35293657.0132630260,5898195586,2020-12-20,1,0,0,0,0,0,desktop,Web,United States,New Jersey,google,organic,0.0,1,1,session_only
3311688.5530161729,6136166628,2021-01-09,1,0,0,0,0,0,desktop,Windows,United States,Nebraska,<Other>,<Other>,0.0,1,1,session_only
5266007.2680649505,5739310783,2021-01-17,1,0,0,0,0,0,mobile,Web,United States,North Carolina,<Other>,referral,0.0,1,1,session_only
6503280.2351914349,463309776,2020-11-08,1,0,0,0,0,0,mobile,iOS,Austria,Vienna,(direct),(none),0.0,1,1,session_only
47484367.9215931492,7012148271,2021-01-04,1,0,0,0,0,0,desktop,Macintosh,India,Haryana,(direct),(none),0.0,1,1,session_only
57402643.0237959185,6781286031,2021-01-26,1,0,0,0,0,0,mobile,Web,United States,California,<Other>,organic,0.0,1,1,session_only
4696848.9032557040,4271447918,2020-11-12,1,0,0,0,0,0,desktop,Windows,Poland,Masovian Voivodeship,<Other>,<Other>,0.0,1,1,session_only
24174135.0985137553,5380221009,2020-12-13,1,0,0,0,0,0,desktop,Macintosh,India,Gujarat,(data deleted),(data deleted),0.0,1,1,session_only
2099934.0697575234,4684800032,2020-11-04,1,0,0,0,0,0,mobile,iOS,United States,Virginia,google,organic,0.0,1,1,session_only
13099105.7061861161,8400702811,2020-11-12,1,0,0,0,0,0,desktop,Macintosh,Bangladesh,(not set),<Other>,<Other>,0.0,1,1,session_only
10420450.3769657970,2538815230,2021-01-22,1,1,0,0,0,0,desktop,Windows,Canada,Ontario,(direct),(none),0.0,10,2,view_item
3442834120.5998870278,4765278279,2021-01-29,1,0,0,0,0,0,mobile,Web,United States,New York,google,organic,0.0,1,1,session_only
6570300.8703187075,640300649,2021-01-14,1,1,0,0,0,0,mobile,Web,India,Bihar,google,organic,0.0,5,2,view_item
6691635.3659113386,9136030962,2020-11-15,1,0,0,0,0,0,desktop,Web,Singapore,(not set),<Other>,organic,0.0,1,1,session_only
26987117.7144806494,3635928698,2021-01-14,1,0,0,0,0,0,mobile,iOS,Singapore,(not set),<Other>,referral,0.0,1,1,session_only
6131885041.6248010623,5365372998,2021-01-25,1,1,0,0,0,0,desktop,Web,United States,Oregon,<Other>,referral,0.0,4,2,view_item
7440738.3266253956,3447860401,2021-01-09,1,0,0,0,0,0,desktop,Web,India,Maharashtra,shop.googlemerchandisestore.com,referral,0.0,1,1,session_only
41491167.6079853280,8913894184,2021-01-01,1,1,0,0,0,0,desktop,Web,United States,Pennsylvania,<Other>,referral,0.0,2,2,view_item
28924980.4840208325,4898744682,2020-12-16,1,0,0,0,0,0,mobile,Web,United States,Wisconsin,<Other>,<Other>,0.0,1,1,session_only
7337320.6099359731,8550915994,2020-11-07,1,1,0,1,1,1,desktop,Windows,United States,Illinois,google,organic,0.0,8,6,purchase
6916163.6183262750,3747202826,2020-12-21,1,0,0,0,0,0,mobile,iOS,United States,Ohio,<Other>,referral,0.0,1,1,session_only
7285264.3414703278,514119723,2020-12-16,1,0,0,0,0,0,mobile,iOS,United States,Georgia,<Other>,referral,0.0,1,1,session_only
64510006.9088546944,4864075047,2020-11-12,1,0,0,0,0,0,mobile,Web,Canada,Quebec,google,organic,0.0,1,1,session_only
18161607.9002799024,1523076158,2021-01-03,1,1,1,1,1,1,mobile,iOS,United States,Utah,<Other>,referral,71.76,62,6,purchase
7794992.2041879013,8562571405,2020-11-03,1,0,0,0,0,0,mobile,iOS,India,Madhya Pradesh,(data deleted),(data deleted),0.0,1,1,session_only
2430537.8132478916,6752677935,2020-12-25,1,0,0,0,0,0,desktop,Windows,France,Ile-de-France,google,organic,0.0,1,1,session_only
4193854.1875090934,7810713388,2021-01-15,1,0,0,0,0,0,tablet,Web,Poland,Masovian Voivodeship,shop.googlemerchandisestore.com,referral,0.0,1,1,session_only
5021595.0013729498,8928042548,2021-01-02,1,0,0,0,0,0,desktop,Web,United States,California,google,organic,0.0,1,1,session_only
5890589.3243138355,4625052318,2021-01-14,1,0,0,0,0,0,desktop,Web,India,Rajasthan,google,cpc,0.0,1,1,session_only
31112268.8714855562,7234622439,2021-01-21,1,0,0,0,0,0,desktop,Windows,India,Uttar Pradesh,google,cpc,0.0,1,1,session_only
1617434.1535145542,3795921985,2021-01-31,1,1,1,1,1,1,mobile,Web,Singapore,(not set),google,organic,0.0,20,6,purchase
66848921.3094514508,1857856611,2021-01-23,1,1,0,0,0,0,desktop,Windows,United States,Texas,shop.googlemerchandisestore.com,referral,0.0,2,2,view_item
81733421.4026685790,1125891168,2020-12-26,1,0,0,0,0,0,mobile,Android,United States,Mississippi,google,organic,0.0,1,1,session_only
1582554.1770936427,5387216346,2020-12-02,1,0,0,0,0,0,mobile,Web,United States,California,google,organic,0.0,1,1,session_only
26835502.3033927173,8770256065,2021-01-17,1,0,0,0,0,0,mobile,Web,Germany,Bavaria,google,organic,0.0,1,1,session_only
3099638.5188990248,808029505,2021-01-18,1,0,0,0,0,0,mobile,Web,United States,Virginia,<Other>,referral,0.0,1,1,session_only
6018792.9801673461,169098110,2021-01-14,1,0,0,0,0,0,desktop,Web,United States,Utah,google,organic,0.0,1,1,session_only
22646362.7872198387,9886874217,2021-01-14,1,1,0,1,1,1,desktop,Windows,Spain,Catalonia,(direct),(none),32.48,61,6,purchase
66381351.1936016386,8693170158,2020-12-08,1,1,1,0,0,0,desktop,Web,Netherlands,South Holland,google,organic,0.0,3,3,add_to_cart
23966515.1259247965,9637966453,2020-11-04,0,1,0,1,1,1,mobile,Web,Canada,Newfoundland and Labrador,(data deleted),(data deleted),96.85,7,6,purchase
8613486.6612106721,3615569618,2021-01-25,1,0,0,0,0,0,mobile,Android,Colombia,Bogota,<Other>,<Other>,0.0,1,1,session_only
1499057.4357872580,7120757722,2020-11-18,1,0,0,0,0,0,mobile,Web,United States,New Jersey,google,organic,0.0,1,1,session_only
13558019.6406359276,98552660,2020-11-16,1,0,0,0,0,0,desktop,Web,Egypt,Cairo Governorate,google,cpc,0.0,1,1,session_only
36262615.4677124061,2419931265,2020-12-13,1,1,0,1,1,1,mobile,Android,United States,California,google,organic,0.0,7,6,purchase
59885540.7572938138,3355991826,2021-01-18,1,0,0,0,0,0,desktop,Windows,Sweden,Vastra Gotaland County,<Other>,<Other>,0.0,1,1,session_only
3939995.5836842619,3848761404,2021-01-14,1,0,0,0,0,0,tablet,Web,France,Ile-de-France,google,cpc,0.0,1,1,session_only
51188984.0922652548,1731845355,2021-01-11,1,0,0,0,0,0,mobile,Android,China,Guangdong Province,google,organic,0.0,1,1,session_only
2572684.0905708640,7524846769,2020-12-16,1,0,0,0,0,0,desktop,Web,Czechia,(not set),google,organic,0.0,1,1,session_only
11961567.0961357745,7868386182,2020-11-04,1,0,0,0,0,0,mobile,Android,United States,Florida,google,organic,0.0,1,1,session_only
6730889059.6193110773,7402660161,2021-01-29,1,0,0,0,0,0,mobile,iOS,India,Karnataka,google,organic,0.0,1,1,session_only
5561212.7203321883,1303191572,2021-01-29,1,0,0,0,0,0,desktop,Web,Vietnam,Ho Chi Minh City,(direct),(none),0.0,1,1,session_only
83205249.6689873353,7615470210,2021-01-08,1,0,0,0,0,0,desktop,Web,United States,Massachusetts,(direct),(none),0.0,1,1,session_only
5334670.0997086864,2220010980,2020-12-30,1,0,0,0,0,0,desktop,Web,Canada,Alberta,(direct),(none),0.0,1,1,session_only
12939989.9743366556,5664509532,2021-01-06,1,0,0,0,0,0,mobile,Web,Canada,Alberta,(direct),(none),0.0,1,1,session_only
1767263066.0418035902,2198306828,2020-12-31,1,0,0,0,0,0,mobile,iOS,United States,California,<Other>,<Other>,0.0,1,1,session_only
1450796.2148959215,6714651402,2021-01-15,1,0,0,0,0,0,desktop,Windows,United States,Georgia,google,organic,0.0,1,1,session_only
44911603.4333263643,7862244207,2020-11-16,1,0,0,0,0,0,mobile,Android,Hong Kong,(not set),google,cpc,0.0,1,1,session_only
2966191.1332463958,3548449361,2020-11-22,1,1,0,0,0,0,desktop,Web,United States,Colorado,google,organic,0.0,2,2,view_item
32613372.8635443376,9266807819,2020-11-22,1,1,0,0,0,0,desktop,Web,Singapore,(not set),<Other>,<Other>,0.0,5,2,view_item
50766413.2116829786,3466321522,2021-01-17,1,0,0,0,0,0,mobile,iOS,India,Maharashtra,google,organic,0.0,1,1,session_only
3667389.3314842659,2185422802,2020-11-18,1,0,0,0,0,0,mobile,iOS,Ukraine,Odessa Oblast,(direct),(none),0.0,1,1,session_only
2304430.3009641326,4405434650,2021-01-22,1,0,0,0,0,0,mobile,Web,United States,Missouri,google,organic,0.0,1,1,session_only
78489430.6595103762,9125175548,2020-11-07,1,0,0,0,0,0,mobile,Web,United States,Texas,<Other>,referral,0.0,1,1,session_only
8053781467.5972647900,5431100892,2020-12-08,1,0,0,0,0,0,desktop,Web,Spain,Castile and Leon,shop.googlemerchandisestore.com,referral,0.0,1,1,session_only
33013220.2884032540,255459221,2021-01-02,1,0,0,0,0,0,mobile,Web,United States,California,google,organic,0.0,1,1,session_only
4230056.2952252508,4227890579,2021-01-25,1,0,0,0,0,0,mobile,Web,United States,California,<Other>,<Other>,0.0,1,1,session_only
20320460.0685812011,862208021,2020-11-12,1,0,0,0,0,0,mobile,Web,Canada,Ontario,<Other>,<Other>,0.0,1,1,session_only
44800531.5931404286,1138066615,2020-11-21,1,1,0,0,0,0,mobile,Web,Sweden,Vastra Gotaland County,google,cpc,0.0,2,2,view_item
7972252.5489584976,6531095127,2020-12-05,1,0,0,0,0,0,mobile,Web,Israel,Center District,google,cpc,0.0,1,1,session_only
2638531.4937946565,9516097478,2020-11-29,1,1,1,1,1,1,desktop,Web,India,West Bengal,<Other>,<Other>,78.08,17,6,purchase
5821156.3378590756,335020405,2020-12-10,1,0,0,0,0,0,desktop,Web,United States,California,<Other>,referral,0.0,1,1,session_only
66159818.0269711059,4485343094,2020-12-21,1,0,0,0,0,0,desktop,Web,Mexico,Mexico City,google,organic,0.0,1,1,session_only
2240647.1742859172,4321678319,2020-12-21,1,0,0,0,0,0,desktop,<Other>,United Kingdom,England,shop.googlemerchandisestore.com,referral,0.0,1,1,session_only
7135518.6715346073,7872749853,2021-01-22,1,0,0,0,0,0,desktop,Web,United States,Virginia,google,organic,0.0,1,1,session_only
67675437.7846466414,8991612330,2021-01-22,1,0,0,0,0,0,desktop,Web,Netherlands,North Holland,(direct),(none),0.0,1,1,session_only
24730584.3649999643,4306654064,2021-01-25,1,1,0,1,1,1,desktop,Macintosh,Chile,(not set),(direct),(none),140.8,8,6,purchase
39935158.9317168445,9093078642,2020-11-12,1,0,0,0,0,0,mobile,Web,India,Delhi,(direct),(none),0.0,1,1,session_only
68242526.6661845299,199336039,2021-01-26,1,1,1,0,0,0,desktop,Web,Argentina,Buenos Aires,google,organic,0.0,11,3,add_to_cart
28695375.8094002310,2281236439,2020-12-05,1,0,0,0,0,0,desktop,Web,United States,Colorado,shop.googlemerchandisestore.com,referral,0.0,1,1,session_only
72359454.7801941137,485087145,2020-12-25,1,0,0,0,0,0,mobile,Web,United States,Texas,<Other>,<Other>,0.0,1,1,session_only
2240322.2045692439,7743068808,2020-12-06,1,0,0,0,0,0,mobile,Web,Philippines,Metro Manila,google,cpc,0.0,1,1,session_only
2702859.5556545822,6168121171,2020-11-16,1,0,0,0,0,0,desktop,Web,Canada,Quebec,(direct),(none),0.0,1,1,session_only
19243421.4462236293,8690541035,2021-01-08,1,0,0,0,0,0,desktop,Windows,United States,Pennsylvania,<Other>,<Other>,0.0,1,1,session_only
4941147.9717398835,7356311529,2020-11-06,1,0,0,0,0,0,desktop,Web,South Korea,Gyeongsangnam-do,shop.googlemerchandisestore.com,referral,0.0,1,1,session_only
7771727.4495980830,2794288827,2020-12-02,1,1,0,0,0,0,mobile,iOS,Canada,Ontario,<Other>,<Other>,0.0,2,2,view_item
5545015.0309134929,6094528759,2021-01-25,1,0,0,0,0,0,desktop,Web,United Kingdom,England,google,organic,0.0,1,1,session_only
40784825.0117543282,1215790858,2020-11-18,1,1,0,0,0,0,desktop,Web,United States,California,google,organic,0.0,2,2,view_item
8007413.7699894988,7174773017,2020-12-25,1,0,0,0,0,0,desktop,Web,United States,New Jersey,google,organic,0.0,1,1,session_only
8286785.9204626371,3751772600,2020-12-06,1,1,0,0,0,0,desktop,Macintosh,Canada,Quebec,(direct),(none),0.0,5,2,view_item
63545965.9094123531,9443444360,2021-01-07,1,0,0,0,0,0,tablet,Web,United States,New Jersey,google,organic,0.0,1,1,session_only
1846058.4828918419,6531421770,2021-01-29,1,0,0,0,0,0,mobile,Web,United States,California,(direct),(none),0.0,1,1,session_only
9464560.7355088085,869841453,2021-01-22,1,1,0,0,0,0,desktop,Web,United States,Texas,(direct),(none),0.0,2,2,view_item
47109129.4852022852,531548487,2021-01-28,1,1,0,0,0,0,desktop,Web,United States,Tennessee,<Other>,<Other>,0.0,5,2,view_item
2137682.6965644539,5661957118,2020-11-02,1,1,0,0,0,0,mobile,Web,United States,Alabama,google,organic,0.0,2,2,view_item
47868287.4512029132,6226504138,2021-01-07,1,0,0,0,0,0,desktop,Web,(not set),(not set),google,cpc,0.0,1,1,session_only
61576636.7906377963,4540622535,2020-11-15,1,0,0,0,0,0,desktop,<Other>,France,Nouvelle-Aquitaine,(data deleted),(data deleted),0.0,1,1,session_only
9907530.9466177082,9279811377,2020-12-29,1,0,0,0,0,0,desktop,<Other>,United States,Ohio,<Other>,<Other>,0.0,1,1,session_only
3461566.5254473703,2353134482,2021-01-21,1,0,0,0,0,0,tablet,iOS,United States,Rhode Island,(data deleted),(data deleted),0.0,1,1,session_only
81815379.4529364060,9295875416,2021-01-16,1,0,0,0,0,0,desktop,Web,United States,Texas,(direct),(none),0.0,1,1,session_only
7980134.5597297377,2168368469,2021-01-10,1,0,0,0,0,0,desktop,Web,Canada,Quebec,(direct),(none),0.0,1,1,session_only
30034371.6491489546,7826220545,2020-12-16,1,1,1,1,0,0,desktop,Web,Canada,British Columbia,<Other>,<Other>,0.0,5,4,begin_checkout
35258366.2141495184,8695867026,2021-01-24,1,0,0,0,0,0,tablet,Android,Indonesia,West Java,(direct),(none),0.0,1,1,session_only
3624134.3753925329,7282347157,2020-12-29,1,1,0,0,0,0,mobile,Web,United States,Wisconsin,<Other>,<Other>,0.0,2,2,view_item
72221846.2788608601,6902644333,2020-12-08,1,0,0,0,0,0,mobile,Web,Germany,Berlin,google,cpc,0.0,1,1,session_only
31861695.0388851738,8317282620,2020-11-21,1,1,0,1,0,0,mobile,iOS,Vietnam,(not set),(direct),(none),0.0,59,4,begin_checkout
64941619.9182914546,8242270357,2021-01-22,1,0,0,0,0,0,desktop,Windows,United States,California,google,organic,0.0,1,1,session_only
91398106.0992794172,3278085449,2020-11-22,1,0,0,0,0,0,desktop,Web,Germany,Bavaria,(direct),(none),0.0,1,1,session_only
6633358.0168675177,9087205091,2021-01-05,1,0,0,0,0,0,desktop,Web,Spain,Canary Islands,google,organic,0.0,1,1,session_only
4189844.1944289715,413936273,2020-12-06,1,0,0,0,0,0,desktop,<Other>,India,Assam,(direct),(none),0.0,1,1,session_only
24102028.6666140574,7653095432,2020-11-16,1,1,0,0,0,0,desktop,Windows,India,Uttar Pradesh,google,organic,0.0,6,2,view_item
58512659.8880604348,8056932058,2021-01-03,1,0,0,0,0,0,mobile,Web,United States,Florida,<Other>,<Other>,0.0,1,1,session_only
12976370.6104373332,8434753311,2021-01-07,1,0,0,0,0,0,mobile,iOS,United States,Georgia,(direct),(none),0.0,1,1,session_only
85433365.4084380987,8922959330,2020-11-12,1,1,0,0,0,0,desktop,Web,United States,Rhode Island,google,organic,0.0,2,2,view_item
2364981.3128811654,4715232229,2020-12-08,1,0,0,0,0,0,mobile,Web,Denmark,Capital Region of Denmark,<Other>,organic,0.0,1,1,session_only
7193027.9364307256,5567533250,2020-11-12,1,0,0,0,0,0,desktop,Web,United States,Michigan,<Other>,<Other>,0.0,1,1,session_only
77029853.6267227104,3035477247,2020-12-27,1,1,1,1,1,1,desktop,Web,Canada,Ontario,shop.googlemerchandisestore.com,referral,0.0,15,6,purchase
8438694.1409699436,4592658152,2021-01-31,1,0,0,0,0,0,desktop,Macintosh,India,Uttar Pradesh,<Other>,<Other>,0.0,1,1,session_only
51321246.1569355965,5699451580,2020-12-31,1,0,0,0,0,0,desktop,Macintosh,Ireland,County Dublin,(direct),(none),0.0,1,1,session_only
88072839.1405386173,9702410801,2020-12-28,1,0,0,0,0,0,mobile,Web,United States,Washington,google,organic,0.0,1,1,session_only
5669077.1479356026,2883545814,2020-11-09,1,0,0,0,0,0,desktop,Web,Belgium,Flanders,(direct),(none),0.0,1,1,session_only
5712045.3025454350,5416602572,2021-01-23,1,1,0,1,1,1,desktop,Web,United States,California,<Other>,referral,0.0,10,6,purchase
8316938.9136422993,5226167318,2021-01-01,1,0,0,0,0,0,mobile,iOS,United States,North Carolina,google,organic,0.0,1,1,session_only
4205866.9242590014,1271548508,2021-01-21,1,0,0,0,0,0,desktop,Windows,United States,California,shop.googlemerchandisestore.com,referral,0.0,1,1,session_only
8596802.0807547143,4332379103,2021-01-05,1,0,0,0,0,0,desktop,Web,India,Karnataka,google,organic,0.0,1,1,session_only
4023298.1021497066,374280714,2020-11-06,1,1,0,0,0,0,desktop,Web,United States,New Jersey,google,cpc,0.0,2,2,view_item
4125793.0344134707,5122213346,2020-11-15,1,0,0,0,0,0,mobile,Web,India,West Bengal,google,organic,0.0,1,1,session_only
4135359.0714295422,214405381,2021-01-09,1,0,0,0,0,0,mobile,iOS,United States,New York,google,organic,0.0,1,1,session_only
76673170.8742954274,7888337093,2020-11-13,1,1,0,0,0,0,desktop,Web,India,Assam,(direct),(none),0.0,4,2,view_item
60173025.6994976365,4117638094,2020-11-01,1,0,0,0,0,0,mobile,Android,Japan,Tokyo,(direct),(none),0.0,1,1,session_only
15868732.3955424196,9528074692,2021-01-11,1,0,0,0,0,0,mobile,Android,Italy,Lazio,google,organic,0.0,1,1,session_only
6669263.6002132193,5770540526,2021-01-05,1,0,0,0,0,0,desktop,Macintosh,Sweden,(not set),google,organic,0.0,1,1,session_only
5334778.7870373413,9254534767,2021-01-26,1,0,0,0,0,0,mobile,Android,United States,Virginia,<Other>,organic,0.0,1,1,session_only
8353641.1998319891,5870791380,2020-11-01,1,0,0,0,0,0,mobile,iOS,(not set),(not set),google,organic,0.0,1,1,session_only
4969191.1876870354,3450281495,2020-12-08,1,0,0,0,0,0,mobile,Android,India,Uttar Pradesh,google,organic,0.0,1,1,session_only
79775083.1687133663,7307277591,2020-12-29,1,0,0,0,0,0,mobile,Web,United States,North Carolina,(direct),(none),0.0,1,1,session_only
19895357.3562131602,9421202233,2020-12-08,1,0,0,0,0,0,desktop,Web,Netherlands,Gelderland,(direct),(none),0.0,1,1,session_only
88832334.5587886676,6926571831,2020-11-12,1,0,0,0,0,0,mobile,Web,United States,Iowa,<Other>,referral,0.0,1,1,session_only
40003351.7678877308,9389964985,2021-01-11,1,0,0,0,0,0,mobile,Android,Canada,British Columbia,<Other>,referral,0.0,1,1,session_only
4148732982.9356629900,8579167589,2021-01-30,1,0,0,0,0,0,mobile,Android,United States,Arkansas,(direct),(none),0.0,1,1,session_only
5361070.2611168136,2847886016,2020-11-12,1,0,0,0,0,0,desktop,Windows,France,Provence-Alpes-Cote d'Azur,google,organic,0.0,1,1,session_only
73384089.9188363247,1058420281,2020-11-03,1,0,0,0,0,0,mobile,iOS,Israel,Tel Aviv District,(direct),(none),0.0,1,1,session_only
48288636.0974792348,5071072024,2021-01-21,1,0,0,0,0,0,desktop,Web,Canada,Quebec,shop.googlemerchandisestore.com,referral,0.0,1,1,session_only
7354345.1445588264,1776462526,2020-12-02,1,0,0,0,0,0,mobile,iOS,United States,District of Columbia,<Other>,<Other>,0.0,1,1,session_only
20366057.7087293310,8919813014,2020-12-27,1,0,0,0,0,0,mobile,Web,United States,New York,(direct),(none),0.0,1,1,session_only
82025232.5839322403,3326434835,2021-01-06,1,0,0,0,0,0,desktop,Web,United States,Texas,<Other>,<Other>,0.0,1,1,session_only
32671951.5192684794,5853717197,2021-01-08,1,0,0,0,0,0,mobile,iOS,India,Uttar Pradesh,<Other>,<Other>,0.0,1,1,session_only
31880668.4928942238,7973585243,2020-11-07,1,1,0,0,0,0,mobile,Web,United States,District of Columbia,google,organic,0.0,2,2,view_item
7359133.4117986875,6410484642,2021-01-28,1,1,0,0,0,0,desktop,Windows,United States,Massachusetts,shop.googlemerchandisestore.com,referral,0.0,2,2,view_item
56364998.3285631205,2997232404,2020-12-16,1,0,0,0,0,0,desktop,Windows,Japan,Tokyo,(direct),(none),0.0,1,1,session_only
43940460.5257547698,7389807012,2021-01-10,1,0,0,0,0,0,desktop,Windows,United States,Michigan,<Other>,<Other>,0.0,1,1,session_only
32895405.5192278380,3677664071,2020-12-29,1,0,0,0,0,0,mobile,Web,India,Rajasthan,(direct),(none),0.0,1,1,session_only
57346013.9559686076,5144731122,2020-12-21,1,0,0,0,0,0,mobile,Android,India,Gujarat,(data deleted),(data deleted),0.0,1,1,session_only
2796522.6957555816,2153840638,2021-01-17,1,0,0,0,0,0,desktop,Web,United States,North Carolina,<Other>,referral,0.0,1,1,session_only
71056219.1835577523,1826806390,2021-01-05,1,0,0,0,0,0,desktop,Web,United States,Wisconsin,google,organic,0.0,1,1,session_only
3853808.0335505916,8463842660,2021-01-08,1,0,0,0,0,0,desktop,Web,United States,California,<Other>,referral,0.0,1,1,session_only
46776543.2631372973,7369048255,2021-01-07,1,0,0,0,0,0,desktop,Web,United States,New Jersey,google,organic,0.0,1,1,session_only
82999852.1808406033,9546993948,2021-01-14,1,0,0,0,0,0,mobile,Web,United States,New York,shop.googlemerchandisestore.com,referral,0.0,1,1,session_only
5580601516.7890751800,5155346599,2020-11-08,1,1,0,0,0,0,desktop,Macintosh,United States,Illinois,<Other>,referral,0.0,7,2,view_item
53550354.6354713181,7494179236,2021-01-01,1,1,1,1,1,1,desktop,Web,United States,Virginia,google,organic,142.4,69,6,purchase
5200225423.0428130654,2909407092,2020-12-16,1,0,0,0,0,0,desktop,Web,Canada,Quebec,<Other>,referral,0.0,1,1,session_only
81799039.0718429357,9161326841,2020-12-21,1,0,0,0,0,0,desktop,Web,United States,Texas,(direct),(none),0.0,1,1,session_only
3940747.5591553897,5645294898,2020-12-06,1,1,0,0,0,0,desktop,Web,India,Andhra Pradesh,<Other>,<Other>,0.0,2,2,view_item
1869083.7571980050,3371168255,2021-01-10,1,0,0,0,0,0,mobile,iOS,United States,New Jersey,(direct),(none),0.0,1,1,session_only
23687755.9277542049,2834147604,2020-11-22,1,1,0,1,1,1,mobile,Web,India,Kerala,google,organic,0.0,21,6,purchase
3299468828.8395455193,3808191429,2020-11-12,1,0,0,0,0,0,desktop,Web,France,Ile-de-France,google,organic,0.0,1,1,session_only
80421389.5291604778,102431675,2020-11-06,1,0,0,0,0,0,desktop,Web,Brazil,State of Rio Grande do Sul,google,cpc,0.0,1,1,session_only
25800202.6737542355,8867863484,2020-12-20,1,0,0,0,0,0,desktop,Web,United States,Massachusetts,<Other>,<Other>,0.0,1,1,session_only
20754226.2589569130,9742246671,2021-01-06,1,1,1,1,1,1,desktop,Macintosh,United States,North Carolina,(direct),(none),23.2,32,6,purchase
29208444.2554843199,7327873717,2021-01-22,1,0,0,0,0,0,desktop,Windows,United States,Texas,shop.googlemerchandisestore.com,referral,0.0,1,1,session_only
5495138742.5783476888,2046279479,2020-12-24,1,0,0,0,0,0,desktop,Web,United States,New York,shop.googlemerchandisestore.com,referral,0.0,1,1,session_only
33621890.7560610772,4909843375,2020-11-29,1,0,0,0,0,0,desktop,Web,Canada,Ontario,<Other>,organic,0.0,1,1,session_only
2023136.9771550448,8867225799,2021-01-15,1,1,0,0,0,0,desktop,Web,United States,Rhode Island,google,organic,0.0,3,2,view_item
3258183.6420461747,3628938063,2020-12-06,1,0,0,0,0,0,desktop,Windows,United States,Virginia,google,organic,0.0,1,1,session_only
4120551147.3289340073,769431738,2020-12-30,1,0,0,0,0,0,mobile,Web,United States,Illinois,(data deleted),(data deleted),0.0,1,1,session_only
7311472.7624692736,5403396769,2020-12-22,1,1,1,1,1,1,desktop,Windows,United States,California,<Other>,referral,38.5,61,6,purchase
10522098.3071540159,8729283870,2020-12-06,1,1,1,0,0,0,desktop,Windows,United States,Arizona,(direct),(none),0.0,9,3,add_to_cart
7670573.1315714940,6690316630,2021-01-30,1,1,0,0,0,0,desktop,Web,Turkey,(not set),shop.googlemerchandisestore.com,referral,0.0,4,2,view_item
8827706.1346016962,7121934837,2021-01-07,1,0,0,0,0,0,mobile,iOS,Taiwan,New Taipei City,(direct),(none),0.0,1,1,session_only
67558479.4224548834,9220553816,2021-01-07,1,0,0,0,0,0,mobile,Web,Singapore,(not set),google,organic,0.0,1,1,session_only
1545175.2689462665,836044830,2021-01-11,1,1,0,0,0,0,desktop,Macintosh,Saudi Arabia,(not set),google,organic,0.0,7,2,view_item
2689190.3829029981,2979182687,2021-01-10,1,1,0,0,0,0,desktop,Web,United States,California,<Other>,<Other>,0.0,7,2,view_item
6336016.2563385336,1965953644,2021-01-01,1,0,0,0,0,0,desktop,Web,United States,California,google,organic,0.0,1,1,session_only
5651606.7515339108,913166996,2020-12-21,1,0,0,0,0,0,desktop,Web,Germany,Berlin,<Other>,<Other>,0.0,1,1,session_only
2356685.5715429137,8884920769,2021-01-11,1,0,0,0,0,0,mobile,iOS,Canada,British Columbia,google,cpc,0.0,1,1,session_only
84967611.7210964036,6750686471,2020-12-05,1,0,0,0,0,0,desktop,Web,Vietnam,(not set),(data deleted),(data deleted),0.0,1,1,session_only
2652940954.7626222743,1480641439,2020-11-08,1,0,0,0,0,0,desktop,Web,United States,Florida,google,organic,0.0,1,1,session_only
4508799.1766169265,7114839671,2020-11-06,1,1,0,0,0,0,desktop,Web,United States,New Mexico,google,organic,0.0,4,2,view_item
7540198.1793224540,6202637351,2020-11-29,1,1,1,0,0,0,desktop,Web,India,Telangana,google,organic,0.0,3,3,add_to_cart
57049342.6403846014,9868227898,2021-01-13,1,0,0,0,0,0,mobile,Web,United Kingdom,England,(direct),(none),0.0,1,1,session_only
5131320.1303418646,2479555138,2021-01-13,1,0,0,0,0,0,desktop,Macintosh,India,Maharashtra,<Other>,<Other>,0.0,1,1,session_only
6365977.5020097024,5037558870,2021-01-11,1,1,1,1,1,1,desktop,Web,France,Auvergne-Rhone-Alpes,<Other>,referral,97.68,42,6,purchase
4818878.6959408268,3238427382,2021-01-06,1,0,0,0,0,0,desktop,Windows,United States,Texas,google,cpc,0.0,1,1,session_only
69532078.3741342157,5784282863,2021-01-22,1,0,0,0,0,0,mobile,Android,United States,Kansas,google,organic,0.0,1,1,session_only
8618577.3042093254,8050030899,2020-11-21,1,1,0,0,0,0,mobile,Web,United States,California,google,cpc,0.0,19,2,view_item
1787066.6815344635,4231912534,2020-12-10,1,0,0,0,0,0,mobile,iOS,Hungary,Budapest,<Other>,organic,0.0,1,1,session_only
76506126.7174795118,8795723775,2021-01-26,1,0,0,0,0,0,desktop,Macintosh,United States,Texas,(direct),(none),0.0,1,1,session_only
80691478.7368756357,9944934945,2021-01-25,1,1,0,0,0,0,desktop,Web,United States,Oregon,google,organic,0.0,2,2,view_item
33302407.0215782345,1618031421,2020-12-31,1,0,0,0,0,0,desktop,Web,United States,Virginia,google,organic,0.0,1,1,session_only
6435027.7501915746,6442019509,2020-12-22,1,0,0,0,0,0,desktop,Windows,United States,Oklahoma,<Other>,organic,0.0,1,1,session_only
5017866.7188862500,8991827240,2021-01-17,1,0,0,0,0,0,desktop,Windows,United States,Virginia,(direct),(none),0.0,1,1,session_only
81633320.5949609393,5536820957,2020-12-21,1,0,0,0,0,0,mobile,iOS,Switzerland,St. Gallen,(direct),(none),0.0,1,1,session_only
50240529.8081252558,7776592488,2020-11-06,1,1,0,0,0,0,mobile,Web,United Kingdom,England,google,organic,0.0,3,2,view_item
77641083.9347896557,7179676440,2020-11-14,1,0,0,0,0,0,mobile,Web,United States,Texas,<Other>,<Other>,0.0,1,1,session_only
4685731.4460669308,7711445290,2020-12-08,1,1,0,0,0,0,mobile,Web,Italy,Lombardy,shop.googlemerchandisestore.com,referral,0.0,2,2,view_item
7576454.7446983097,262231309,2020-12-16,1,1,1,0,0,0,desktop,Web,Russia,(not set),(data deleted),(data deleted),0.0,3,3,add_to_cart
17772454.3140086352,6023433826,2021-01-28,1,0,0,0,0,0,desktop,Web,Belgium,Brussels,(data deleted),(data deleted),0.0,1,1,session_only
24103667.7322643136,234609624,2021-01-28,1,1,0,0,0,0,desktop,Web,India,Delhi,<Other>,<Other>,0.0,3,2,view_item
9059021.8769836340,1072254510,2021-01-01,1,1,0,0,0,0,desktop,Web,United States,California,google,organic,0.0,2,2,view_item
99492412.6477726010,9629853608,2021-01-10,1,0,0,0,0,0,desktop,Web,United States,Texas,<Other>,<Other>,0.0,1,1,session_only
8460001268.2939430910,1305240257,2021-01-22,1,1,0,0,0,0,mobile,Android,India,Telangana,(direct),(none),0.0,3,2,view_item
40456832.5758766643,1720011117,2020-11-09,1,0,0,0,0,0,mobile,Web,United States,Massachusetts,<Other>,<Other>,0.0,1,1,session_only
5223918.3748631526,5771209393,2021-01-15,1,0,0,0,0,0,desktop,Web,China,(not set),<Other>,referral,0.0,1,1,session_only
80500558.3877373359,7331464432,2021-01-18,1,0,0,0,0,0,mobile,iOS,Poland,Lublin Voivodeship,(direct),(none),0.0,1,1,session_only
1115181628.2770031305,1096755718,2021-01-05,1,0,0,0,0,0,desktop,Windows,United States,Massachusetts,google,organic,0.0,1,1,session_only
2498852.6851889965,501410620,2021-01-02,1,0,0,0,0,0,mobile,Web,United States,New York,google,organic,0.0,1,1,session_only
60179566.2165339284,7913721808,2020-11-04,1,0,0,0,0,0,desktop,Macintosh,France,Ile-de-France,(data deleted),(data deleted),0.0,1,1,session_only
1040884.6872894995,9808571959,2020-11-02,1,0,0,0,0,0,mobile,iOS,India,Delhi,google,cpc,0.0,1,1,session_only
85338942.5319228548,5065185322,2021-01-28,1,0,0,0,0,0,desktop,Web,United States,Tennessee,(data deleted),(data deleted),0.0,1,1,session_only
42698551.6196214580,1451438118,2021-01-16,1,1,0,0,0,0,mobile,Web,Singapore,(not set),<Other>,referral,0.0,2,2,view_item
6796783.7769645408,828690386,2020-12-08,1,0,0,0,0,0,desktop,Web,United States,California,(direct),(none),0.0,1,1,session_only
29289941.2924022446,4784199726,2020-11-12,1,0,0,0,0,0,desktop,Web,Canada,Manitoba,google,organic,0.0,1,1,session_only
4136287.7776245917,7808482570,2020-12-10,1,0,0,0,0,0,desktop,Web,Germany,Saxony,shop.googlemerchandisestore.com,referral,0.0,1,1,session_only
2610860.4444054017,6343399475,2020-11-14,1,1,0,0,0,0,mobile,Android,United States,Georgia,<Other>,referral,0.0,2,2,view_item
7446712.2726872272,7244995948,2020-11-13,1,1,0,1,1,1,desktop,Web,United States,Texas,(data deleted),(data deleted),63.2,8,6,purchase
2303920.9850435548,8479664717,2020-12-22,1,1,1,0,0,0,mobile,Web,United States,California,google,organic,0.0,7,3,add_to_cart
29694800.9840518639,8862429265,2021-01-31,1,0,0,0,0,0,desktop,Web,Portugal,(not set),<Other>,<Other>,0.0,1,1,session_only
69975014.7273511124,5072623653,2020-12-08,1,0,0,0,0,0,desktop,Web,Germany,North Rhine-Westphalia,google,organic,0.0,1,1,session_only
1816126.3950114734,3915653935,2020-11-03,1,0,0,0,0,0,mobile,Web,Ireland,(not set),<Other>,referral,0.0,1,1,session_only
3282939.5863112202,4816651870,2020-12-27,1,0,0,0,0,0,mobile,iOS,United States,Virginia,google,cpc,0.0,1,1,session_only
39257987.1449139644,7903692487,2021-01-06,1,0,0,0,0,0,desktop,Windows,Spain,Castile and Leon,(data deleted),(data deleted),0.0,1,1,session_only
40356580.8518541186,3314415679,2020-12-22,1,0,0,0,0,0,mobile,iOS,South Korea,Gyeonggi-do,<Other>,referral,0.0,1,1,session_only
20664857.0927270637,6616474154,2020-11-29,1,1,1,1,1,1,mobile,Web,India,Manipur,google,organic,58.32,42,6,purchase
7076099.5763969102,3763060350,2020-11-16,1,0,0,0,0,0,desktop,Windows,India,Maharashtra,<Other>,referral,0.0,1,1,session_only
49014289.5965504347,1449336697,2020-12-05,1,0,0,0,0,0,desktop,Windows,United States,North Dakota,google,organic,0.0,1,1,session_only
31590723.0619218023,1751772554,2020-12-24,1,0,0,0,0,0,desktop,Web,Nigeria,Lagos,<Other>,<Other>,0.0,1,1,session_only
63870271.4353798748,2459871128,2020-12-25,1,0,0,0,0,0,desktop,Web,United States,Texas,<Other>,<Other>,0.0,1,1,session_only
32471779.6090599171,1711196968,2021-01-06,1,0,0,0,0,0,desktop,Windows,United States,Michigan,shop.googlemerchandisestore.com,referral,0.0,1,1,session_only
2801773.3609574370,6693470946,2020-11-29,1,1,1,1,0,0,desktop,<Other>,United Kingdom,England,shop.googlemerchandisestore.com,referral,0.0,5,4,begin_checkout
2661517.6983729785,4830874369,2020-12-21,1,0,0,0,0,0,desktop,Web,United States,California,(direct),(none),0.0,1,1,session_only
6319399.7315879728,4751165147,2021-01-07,1,0,0,0,0,0,desktop,Web,Belgium,Wallonia,<Other>,<Other>,0.0,1,1,session_only
15336629.7555529499,4345089746,2020-11-02,1,0,0,0,0,0,desktop,Web,United States,Florida,google,organic,0.0,1,1,session_only
81832341.7012293136,8667011914,2021-01-21,1,1,0,0,0,0,mobile,iOS,United States,California,google,organic,0.0,3,2,view_item
6919195.8884434430,7163821374,2020-12-16,1,0,0,0,0,0,desktop,Web,United States,(not set),google,organic,0.0,1,1,session_only
3693936.6953930976,6839414745,2020-12-08,1,0,0,0,0,0,desktop,Windows,Taiwan,Kaohsiung City,(direct),(none),0.0,1,1,session_only
7359660.9273233480,7606250073,2020-12-24,1,1,1,0,0,0,desktop,Windows,India,Karnataka,(direct),(none),0.0,14,3,add_to_cart
29343347.4042703600,8968910862,2020-11-13,1,0,0,0,0,0,desktop,Web,United States,Georgia,google,organic,0.0,1,1,session_only
16263437.9457729857,2134288460,2021-01-05,1,0,0,0,0,0,desktop,Web,Croatia,City of Zagreb,<Other>,referral,0.0,1,1,session_only
6954935.2534564441,5395381029,2020-12-16,1,0,0,0,0,0,desktop,Windows,United States,Florida,shop.googlemerchandisestore.com,referral,0.0,1,1,session_only
7339247.1489984337,3156430004,2020-11-21,1,0,0,0,0,0,mobile,iOS,United Kingdom,England,<Other>,<Other>,0.0,1,1,session_only
3287178.1069900264,7532921629,2021-01-28,1,1,0,0,0,0,tablet,Web,United States,New York,<Other>,<Other>,0.0,2,2,view_item
89533752.9363409860,763001724,2020-11-03,1,0,0,0,0,0,desktop,Web,United States,Kentucky,google,organic,0.0,1,1,session_only
7916472.8910300452,7214138881,2021-01-05,1,0,0,0,0,0,desktop,Web,Germany,Bavaria,google,organic,0.0,1,1,session_only
5706046.6614078458,4788239358,2021-01-03,1,0,0,0,0,0,desktop,Macintosh,United States,Washington,shop.googlemerchandisestore.com,referral,0.0,1,1,session_only
79526821.8023876936,2208705191,2020-11-01,1,1,0,0,0,0,mobile,Web,United States,California,shop.googlemerchandisestore.com,referral,0.0,2,2,view_item
32740053.3043103142,9218932830,2020-12-20,1,0,0,0,0,0,desktop,Web,Netherlands,South Holland,google,cpc,0.0,1,1,session_only
66744288.9282795542,9883181156,2021-01-21,1,1,1,1,1,1,mobile,Web,Brazil,State of Sao Paulo,shop.googlemerchandisestore.com,referral,0.0,20,6,purchase
46785326.5408171245,7665910354,2020-12-10,1,0,0,0,0,0,desktop,Web,Italy,Veneto,(direct),(none),0.0,1,1,session_only
50547642.4632885792,58506829,2021-01-22,1,0,0,0,0,0,desktop,Web,United Kingdom,Wales,<Other>,referral,0.0,1,1,session_only
3209619939.8057310877,2345622586,2021-01-02,1,0,0,0,0,0,mobile,Android,United Kingdom,England,google,organic,0.0,1,1,session_only
29561547.5969459922,2800116277,2021-01-05,1,0,0,0,0,0,mobile,Web,Saudi Arabia,Makkah Province,google,organic,0.0,1,1,session_only
8341213908.5402741622,1831267008,2020-12-16,1,0,0,0,0,0,desktop,Web,India,Tamil Nadu,google,cpc,0.0,1,1,session_only
19131574.9917500734,5929205376,2021-01-13,1,0,0,0,0,0,desktop,Web,United States,Massachusetts,(direct),(none),0.0,1,1,session_only
67854788.7496493337,1581159533,2021-01-22,1,0,0,0,0,0,desktop,Windows,Spain,Catalonia,google,cpc,0.0,1,1,session_only
35892351.3704909503,9593007323,2020-11-21,1,0,0,0,0,0,mobile,Web,Switzerland,(not set),(direct),(none),0.0,1,1,session_only
56486297.7280957765,5213163905,2020-12-10,1,0,0,0,0,0,desktop,Web,India,Karnataka,(direct),(none),0.0,1,1,session_only
65195361.0369161437,3414932636,2020-12-10,1,0,0,0,0,0,desktop,Web,United States,Virginia,(direct),(none),0.0,1,1,session_only
1189643.6653312879,1699285748,2020-11-09,1,1,0,1,1,1,mobile,Web,United States,California,<Other>,<Other>,46.4,10,6,purchase
27292834.4918490652,1052076095,2020-12-24,1,0,0,0,0,0,desktop,Windows,United States,Washington,<Other>,<Other>,0.0,1,1,session_only
8126189.9623018165,9946930039,2020-11-21,1,0,0,0,0,0,mobile,Android,Canada,Prince Edward Island,google,organic,0.0,1,1,session_only
16099048.0483769247,8842196883,2020-11-13,1,0,0,0,0,0,desktop,Web,Australia,New South Wales,(direct),(none),0.0,1,1,session_only
3706923.8292939242,6938820122,2020-11-04,1,0,0,0,0,0,mobile,Android,United States,Florida,<Other>,referral,0.0,1,1,session_only
10969671.1572639709,7281540362,2020-12-06,1,0,0,0,0,0,desktop,Web,United States,Connecticut,<Other>,referral,0.0,1,1,session_only
77313113.2550270255,1453478654,2021-01-18,1,0,0,0,0,0,desktop,<Other>,Bahrain,(not set),(direct),(none),0.0,1,1,session_only
5156021.2825931708,1053688949,2020-12-06,1,1,0,0,0,0,desktop,Web,United States,Utah,shop.googlemerchandisestore.com,referral,0.0,2,2,view_item
1545605.0766530330,92415904,2020-11-18,1,0,0,0,0,0,desktop,Windows,France,Ile-de-France,<Other>,referral,0.0,1,1,session_only
77719813.1652809698,4871331496,2020-12-02,1,0,0,0,0,0,mobile,iOS,Malaysia,Selangor,google,cpc,0.0,1,1,session_only
2248754.7783173763,1316932834,2021-01-04,1,0,0,0,0,0,desktop,Web,India,Maharashtra,<Other>,referral,0.0,1,1,session_only
6445892.8785219212,3775164903,2021-01-13,1,1,1,0,0,0,desktop,Windows,United States,Pennsylvania,(direct),(none),0.0,13,3,add_to_cart
5399287.1334834179,1344837406,2020-11-06,1,0,0,0,0,0,desktop,Web,United States,California,<Other>,organic,0.0,1,1,session_only
73744073.0825120998,8794055175,2020-12-31,1,1,1,1,1,1,desktop,Web,United Kingdom,England,google,organic,14.08,33,6,purchase
6840064.2022251526,1449438918,2021-01-11,1,0,0,0,0,0,desktop,Windows,United States,California,<Other>,<Other>,0.0,1,1,session_only
83236530.2991753690,8548667932,2020-11-06,1,0,0,0,0,0,mobile,iOS,Singapore,(not set),(direct),(none),0.0,1,1,session_only
29673961.4965472628,7564587978,2020-11-01,1,0,0,0,0,0,mobile,Web,United States,Texas,(direct),(none),0.0,1,1,session_only
97664462.9764992560,7585636547,2021-01-18,1,0,0,0,0,0,mobile,Web,Canada,Quebec,(direct),(none),0.0,1,1,session_only
4492323.0166273961,8264911163,2021-01-06,1,1,0,0,0,0,desktop,<Other>,Netherlands,South Holland,<Other>,referral,0.0,2,2,view_item
1516141.6381559577,2268249027,2020-12-05,1,0,0,0,0,0,mobile,iOS,United States,Minnesota,<Other>,<Other>,0.0,1,1,session_only
14372842.6098156145,8815589605,2020-12-05,1,0,0,0,0,0,desktop,Web,Malaysia,(not set),google,organic,0.0,1,1,session_only
31095360.3722247125,32070228,2020-12-02,1,1,1,0,0,0,desktop,Web,United States,Virginia,google,organic,0.0,5,3,add_to_cart
66482988.6337197037,3534494161,2021-01-08,1,0,0,0,0,0,desktop,Web,United States,Arkansas,google,organic,0.0,1,1,session_only
72639824.6985169247,814489928,2021-01-25,1,0,0,0,0,0,desktop,Web,Sweden,Vastra Gotaland County,google,organic,0.0,1,1,session_only
25563437.8596229767,7554526918,2020-12-25,1,0,0,0,0,0,desktop,Windows,Canada,Ontario,google,organic,0.0,1,1,session_only
10367080.9614013216,927388037,2020-11-03,1,0,0,0,0,0,desktop,Web,(not set),(not set),<Other>,<Other>,0.0,1,1,session_only
36617700.9924531429,3828906556,2020-12-10,1,1,1,1,1,1,desktop,Web,Taiwan,Kaohsiung City,(direct),(none),0.0,12,6,purchase
5925851.9554360524,244353403,2020-11-29,1,1,1,1,1,1,mobile,Android,Brazil,State of Espirito Santo,(direct),(none),70.4,14,6,purchase
5765443.6627800591,2641214848,2020-12-20,1,0,0,0,0,0,mobile,Web,France,Auvergne-Rhone-Alpes,(direct),(none),0.0,1,1,session_only
4729528.5810158514,8721921514,2021-01-28,1,0,0,0,0,0,desktop,Windows,United States,New York,<Other>,<Other>,0.0,1,1,session_only
48689070.3497427356,513063016,2020-12-08,1,1,0,0,0,0,mobile,Web,India,Kerala,<Other>,<Other>,0.0,3,2,view_item
56641420.9057840082,9074937781,2021-01-11,1,0,0,0,0,0,desktop,Macintosh,India,Telangana,(direct),(none),0.0,1,1,session_only
4066781.5046206076,3807795547,2021-01-24,1,0,0,0,0,0,mobile,Web,United States,California,(direct),(none),0.0,1,1,session_only
2193075.3807405166,7068116526,2020-11-08,1,0,0,0,0,0,desktop,Web,Poland,Silesian Voivodeship,(direct),(none),0.0,1,1,session_only
4217583.1968658796,7993170123,2020-11-12,1,0,0,0,0,0,mobile,iOS,Singapore,(not set),shop.googlemerchandisestore.com,referral,0.0,1,1,session_only
8838250.3611510040,1273956412,2020-11-27,1,0,0,0,0,0,mobile,Android,United States,Florida,google,organic,0.0,1,1,session_only
58061019.4403445945,1132507908,2021-01-28,1,0,0,0,0,0,mobile,iOS,Russia,Moscow,<Other>,<Other>,0.0,1,1,session_only
4985770320.4705868559,4040683094,2021-01-13,1,0,0,0,0,0,desktop,<Other>,India,Karnataka,<Other>,<Other>,0.0,1,1,session_only
82403236.5126179611,3352132988,2020-11-09,1,0,0,0,0,0,desktop,Web,Morocco,Casablanca-Settat,google,organic,0.0,1,1,session_only
67383334.5096676550,718513418,2021-01-16,1,0,0,0,0,0,mobile,Android,Mexico,(not set),google,cpc,0.0,1,1,session_only
2900876.1278331462,2762393223,2020-12-08,1,0,0,0,0,0,mobile,iOS,United States,California,<Other>,referral,0.0,1,1,session_only
73497675.9720954301,7784964324,2021-01-11,1,1,1,1,1,1,mobile,Web,United Kingdom,England,(direct),(none),0.0,18,6,purchase
2734830.9992266559,902881813,2020-11-12,1,1,0,1,1,1,mobile,Android,Netherlands,Gelderland,google,organic,18.9,15,6,purchase
4137996.0791694347,4279283604,2020-11-03,1,0,0,0,0,0,desktop,Web,United States,California,<Other>,<Other>,0.0,1,1,session_only
9183171.1053861305,6931833035,2020-11-27,1,0,0,0,0,0,mobile,Web,Germany,North Rhine-Westphalia,<Other>,<Other>,0.0,1,1,session_only
21191797.6318371563,4801623591,2020-12-22,1,1,0,0,0,0,mobile,Web,United States,Florida,shop.googlemerchandisestore.com,referral,0.0,6,2,view_item
82411207.4720227293,2178607966,2020-11-04,1,0,0,0,0,0,desktop,Windows,United States,North Carolina,google,organic,0.0,1,1,session_only
45042136.0558536626,9249059028,2021-01-07,1,0,0,0,0,0,mobile,Web,Chile,Santiago Metropolitan Region,(data deleted),(data deleted),0.0,1,1,session_only
5871829.7425898931,5614449589,2020-11-12,1,0,0,0,0,0,desktop,Web,Canada,Ontario,(direct),(none),0.0,1,1,session_only
96826549.9674407170,7820824439,2021-01-06,1,0,0,0,0,0,mobile,Web,Turkey,Ankara,google,organic,0.0,1,1,session_only
19958019.4268987004,1777302555,2020-12-08,1,0,0,0,0,0,desktop,Web,United States,Idaho,google,organic,0.0,1,1,session_only
8794513.0524594457,359664447,2020-12-08,1,1,0,0,0,0,desktop,Web,Vietnam,(not set),(direct),(none),0.0,2,2,view_item
3922173.9632636500,9856232921,2020-12-27,1,0,0,0,0,0,desktop,Web,Colombia,Bogota,(direct),(none),0.0,1,1,session_only
4513859.3844267868,3107532923,2020-11-03,1,1,0,1,1,1,desktop,Web,United States,California,<Other>,<Other>,48.16,124,6,purchase
4275048.0899354700,9767784174,2020-12-26,1,0,0,0,0,0,mobile,Web,Peru,(not set),google,organic,0.0,1,1,session_only
8186832.5407146938,1731787925,2021-01-31,1,0,0,0,0,0,tablet,Web,Peru,(not set),<Other>,<Other>,0.0,1,1,session_only
35133395.0413869192,7176315909,2021-01-07,1,0,0,0,0,0,mobile,iOS,United States,Wisconsin,google,cpc,0.0,1,1,session_only
61522654.6584552233,3419134782,2021-01-17,1,1,0,0,0,0,desktop,Windows,India,Maharashtra,<Other>,<Other>,0.0,2,2,view_item
71719110.4056053555,2528296943,2020-12-16,1,0,0,0,0,0,desktop,Web,Mexico,(not set),<Other>,<Other>,0.0,1,1,session_only
58554484.0611292259,5845724473,2021-01-13,1,1,0,0,0,0,desktop,Windows,United States,Maryland,shop.googlemerchandisestore.com,referral,0.0,2,2,view_item
5427885.9096976470,1502922083,2021-01-06,1,1,1,0,0,0,desktop,Web,India,Andhra Pradesh,google,organic,0.0,3,3,add_to_cart
2230514.8833016848,3285514229,2021-01-16,1,0,0,0,0,0,desktop,Web,Israel,Tel Aviv District,google,organic,0.0,1,1,session_only
5690429.3982669738,5697899016,2020-11-04,1,1,0,1,1,1,desktop,Windows,Vietnam,(not set),shop.googlemerchandisestore.com,referral,22.8,17,6,purchase
3927006806.7485193071,5265565121,2021-01-07,1,1,1,1,0,0,desktop,Web,China,Guangdong Province,<Other>,referral,0.0,6,4,begin_checkout
88446449.9699107233,2541095525,2021-01-14,1,0,0,0,0,0,desktop,Web,United States,Florida,<Other>,referral,0.0,1,1,session_only
62671660.8476914333,3382108929,2021-01-07,1,0,0,0,0,0,mobile,Web,Bangladesh,(not set),<Other>,referral,0.0,1,1,session_only
61378204.1098634174,5736104062,2021-01-04,1,0,0,0,0,0,mobile,Android,United States,North Carolina,<Other>,<Other>,0.0,1,1,session_only
8463979.4921989215,3195308345,2020-11-06,1,0,0,0,0,0,mobile,iOS,United States,New York,<Other>,organic,0.0,1,1,session_only
39400502.5089704609,9220291112,2021-01-02,1,1,0,0,0,0,desktop,Web,Ecuador,Pichincha,(data deleted),(data deleted),0.0,5,2,view_item
5684515.4704410046,1897967850,2021-01-22,1,0,0,0,0,0,desktop,Web,Malaysia,Selangor,<Other>,<Other>,0.0,1,1,session_only
21858353.0666346545,1284589617,2021-01-06,1,0,0,0,0,0,mobile,iOS,United States,Texas,<Other>,referral,0.0,1,1,session_only
7194093.4450030583,4490446060,2020-12-02,1,0,0,0,0,0,mobile,Web,Nigeria,(not set),google,organic,0.0,1,1,session_only
2450346.1445360298,3294444972,2020-11-03,1,1,0,1,0,0,mobile,Web,United States,Texas,google,organic,0.0,3,4,begin_checkout
20428640.4059711541,2668600804,2020-11-02,1,0,0,0,0,0,desktop,Windows,Vietnam,Hanoi,(direct),(none),0.0,1,1,session_only
54131663.9845689482,2841233678,2020-11-06,1,0,0,0,0,0,mobile,Android,Canada,Ontario,(direct),(none),0.0,1,1,session_only
5947298.9161096723,6099326206,2021-01-21,1,1,0,0,0,0,mobile,iOS,Sweden,Vastra Gotaland County,google,organic,0.0,2,2,view_item
17486203.5596965711,3638975941,2020-12-31,1,0,0,0,0,0,desktop,Web,South Korea,Gyeongsangbuk-do,(direct),(none),0.0,1,1,session_only
20279864.3090555449,653996448,2021-01-04,1,0,0,0,0,0,desktop,Web,United States,Virginia,<Other>,<Other>,0.0,1,1,session_only
25303665.0058108450,6839099953,2021-01-28,1,0,0,0,0,0,desktop,Web,United Kingdom,Wales,shop.googlemerchandisestore.com,referral,0.0,1,1,session_only
8976219.2930780935,2036770730,2020-11-27,1,0,0,0,0,0,desktop,Web,United States,New Jersey,<Other>,<Other>,0.0,1,1,session_only
7981016.2623252319,3811205072,2021-01-24,1,0,0,0,0,0,mobile,Web,United States,New Jersey,(direct),(none),0.0,1,1,session_only
6110127.2252021887,5801564448,2021-01-29,1,0,0,0,0,0,desktop,Web,United States,Maine,google,organic,0.0,1,1,session_only
1525779.2780994637,3706427679,2020-11-02,1,1,0,1,1,1,mobile,Web,Lebanon,Beirut Governorate,google,organic,175.2,19,6,purchase
47942057.9039816730,1148360801,2020-12-30,1,0,0,0,0,0,mobile,Android,Singapore,(not set),google,organic,0.0,1,1,session_only
65971150.3885614515,5070749476,2021-01-25,1,1,0,0,0,0,mobile,Web,United States,California,<Other>,organic,0.0,2,2,view_item
7305312.0773204883,4852735687,2020-11-21,1,1,0,1,1,1,mobile,Android,United States,Texas,<Other>,referral,0.0,13,6,purchase
39149514.0883597040,4872885618,2021-01-23,1,0,0,0,0,0,mobile,Android,China,Beijing,google,organic,0.0,1,1,session_only
8652924.8665305102,1897778479,2020-12-13,1,1,1,1,1,1,desktop,Web,United States,California,google,organic,40.8,14,6,purchase
23358986.8027823176,492886357,2020-12-06,1,1,0,0,0,0,mobile,Web,Spain,Madrid,shop.googlemerchandisestore.com,referral,0.0,3,2,view_item
5078324.0831486231,4645533318,2020-11-18,1,0,0,0,0,0,desktop,Windows,United States,Texas,shop.googlemerchandisestore.com,referral,0.0,1,1,session_only
4168788.0330005943,9805506749,2020-11-27,1,0,0,0,0,0,mobile,Web,United States,Michigan,(data deleted),(data deleted),0.0,1,1,session_only
11867438.5211474445,5914535692,2020-11-29,1,0,0,0,0,0,mobile,Android,United States,Texas,google,organic,0.0,1,1,session_only
74043374.3535044876,6817771183,2020-12-08,1,1,0,0,0,0,desktop,Windows,Indonesia,Special Region of Yogyakarta,(direct),(none),0.0,2,2,view_item
86844832.4117734661,306146185,2021-01-14,1,0,0,0,0,0,desktop,Macintosh,Thailand,(not set),google,organic,0.0,1,1,session_only
2977911.6545493734,1223890342,2021-01-02,1,0,0,0,0,0,desktop,Web,Portugal,Porto District,<Other>,<Other>,0.0,1,1,session_only
37390892.0980992686,9582197275,2020-12-02,1,0,0,0,0,0,mobile,iOS,Colombia,Bogota,google,organic,0.0,1,1,session_only
6510035.0529463945,9668597858,2020-11-09,1,0,0,0,0,0,desktop,Web,Germany,Bavaria,(data deleted),(data deleted),0.0,1,1,session_only
31528325.9837213539,8313352207,2021-01-06,1,0,0,0,0,0,desktop,Web,Colombia,(not set),(direct),(none),0.0,1,1,session_only
7444839.8804218896,851055658,2020-11-14,1,1,0,1,1,1,desktop,Web,United States,Virginia,google,organic,71.2,20,6,purchase
5450574.2922754541,6281030528,2021-01-29,1,1,1,1,1,1,desktop,Macintosh,India,Delhi,shop.googlemerchandisestore.com,referral,0.0,21,6,purchase
84823690.1445265737,6456094103,2020-11-12,0,1,0,1,0,0,desktop,Web,United States,Minnesota,google,organic,0.0,2,4,begin_checkout
49809087.3552606861,6849863230,2021-01-08,1,0,0,0,0,0,desktop,Web,United States,Illinois,<Other>,<Other>,0.0,1,1,session_only
5833760.9239966845,9226189103,2021-01-22,1,0,0,0,0,0,tablet,Web,United States,New York,(direct),(none),0.0,1,1,session_only
5225665.3589051843,6107144089,2020-11-18,1,0,0,0,0,0,desktop,Windows,South Korea,Seoul,google,organic,0.0,1,1,session_only
82060072.4811341855,9101049997,2021-01-18,1,0,0,0,0,0,mobile,Android,India,Delhi,(direct),(none),0.0,1,1,session_only
4618534.6319990306,9612268261,2020-11-09,1,1,0,1,1,1,desktop,Web,Canada,Ontario,(direct),(none),9.6,11,6,purchase
86815930.3424881646,2144146793,2021-01-23,1,0,0,0,0,0,mobile,Web,Italy,Piedmont,google,organic,0.0,1,1,session_only
8837022.7339692438,4572455766,2020-12-21,1,0,0,0,0,0,mobile,Web,France,Auvergne-Rhone-Alpes,(direct),(none),0.0,1,1,session_only
8521630.1763768094,2831227986,2020-11-21,1,0,0,0,0,0,desktop,Web,Canada,Quebec,<Other>,<Other>,0.0,1,1,session_only
7978412.4509792376,4287978084,2020-12-08,1,1,1,0,0,0,mobile,Web,United States,Maine,<Other>,organic,0.0,12,3,add_to_cart
43199849.9862671744,9434172507,2020-12-16,1,1,0,0,0,0,mobile,Web,United States,Colorado,(direct),(none),0.0,6,2,view_item
4282480.0201912947,5447597771,2020-12-25,1,0,0,0,0,0,desktop,Web,United States,Pennsylvania,<Other>,<Other>,0.0,1,1,session_only
8739374.0627432287,3621326434,2020-11-02,1,0,0,0,0,0,desktop,Macintosh,China,Zhejiang,(direct),(none),0.0,1,1,session_only
28308682.4690401710,8219632004,2020-11-18,1,0,0,0,0,0,desktop,Web,United States,Massachusetts,shop.googlemerchandisestore.com,referral,0.0,1,1,session_only
50211779.9982683242,3559597532,2020-12-27,1,1,1,1,1,1,desktop,Web,Canada,Alberta,shop.googlemerchandisestore.com,referral,0.0,30,6,purchase
23692736.1789676649,3822311297,2020-12-26,1,0,0,0,0,0,mobile,iOS,United States,Missouri,<Other>,<Other>,0.0,1,1,session_only
97127156.4052383469,8058334106,2021-01-13,1,0,0,0,0,0,mobile,Web,India,Bihar,google,organic,0.0,1,1,session_only
26521546.0674230641,7604761025,2021-01-03,1,1,0,0,0,0,mobile,Web,United States,(not set),(direct),(none),0.0,3,2,view_item
6912154.3564639278,799236753,2021-01-09,1,1,0,0,0,0,mobile,Web,United States,Indiana,(direct),(none),0.0,5,2,view_item
20799975.6290480544,5753878159,2020-11-14,1,0,0,0,0,0,desktop,Windows,United States,Arizona,<Other>,referral,0.0,1,1,session_only
23060416.3154546941,528873758,2021-01-04,1,0,0,0,0,0,desktop,Web,China,(not set),google,organic,0.0,1,1,session_only
25309201.9644359442,2432463324,2020-12-02,1,0,0,0,0,0,desktop,Web,Poland,Lesser Poland Voivodeship,<Other>,referral,0.0,1,1,session_only
4575404.1267172639,2100797783,2021-01-22,1,1,0,1,1,1,mobile,iOS,Sweden,Stockholm County,google,organic,22.4,10,6,purchase
12283865.9044556645,1993239346,2020-12-20,1,0,0,0,0,0,desktop,Web,United States,Massachusetts,google,organic,0.0,1,1,session_only
58033717.6293624415,6275653238,2020-11-04,1,0,0,0,0,0,desktop,Windows,Canada,Quebec,<Other>,<Other>,0.0,1,1,session_only
48084257.5148451399,1107898177,2020-12-08,1,0,0,0,0,0,desktop,Web,Czechia,Prague,<Other>,organic,0.0,1,1,session_only
1351426.2913456559,7071579840,2020-11-02,1,0,0,0,0,0,desktop,Macintosh,United States,Texas,<Other>,organic,0.0,1,1,session_only
7509303346.8821447922,2772967102,2020-12-31,1,1,1,1,1,1,desktop,Macintosh,United States,California,<Other>,referral,89.3,76,6,purchase
62367831.6101573204,4836261857,2020-12-06,1,1,1,1,1,1,desktop,Windows,China,Zhejiang,shop.googlemerchandisestore.com,referral,0.0,15,6,purchase
11641820.2582288282,207899142,2020-11-12,1,0,0,0,0,0,mobile,Web,Poland,Lodz Voivodeship,<Other>,referral,0.0,1,1,session_only
1714459954.1316885907,8739342023,2021-01-24,1,0,0,0,0,0,desktop,Web,Italy,Abruzzo,google,organic,0.0,1,1,session_only
6441325.3111411476,9124744078,2020-12-22,1,0,0,0,0,0,mobile,Web,Spain,Valencian Community,google,organic,0.0,1,1,session_only
53469191.6312753520,1871674305,2020-11-09,1,0,0,0,0,0,mobile,Web,Nigeria,Lagos,(direct),(none),0.0,1,1,session_only
72305852.6121955016,8088920013,2021-01-06,1,0,0,0,0,0,mobile,Android,United States,New York,<Other>,<Other>,0.0,1,1,session_only
7586505.3943783950,4020462714,2021-01-29,1,0,0,0,0,0,mobile,iOS,United States,California,<Other>,referral,0.0,1,1,session_only
85068067.2721123385,5469956070,2020-12-10,1,0,0,0,0,0,desktop,Web,United States,California,<Other>,referral,0.0,1,1,session_only
23816875.6340028509,4462420824,2021-01-28,1,0,0,0,0,0,mobile,Web,Turkey,Adana,(direct),(none),0.0,1,1,session_only
53561828.7956706565,6428026636,2020-11-15,1,0,0,0,0,0,desktop,Web,Poland,Masovian Voivodeship,google,cpc,0.0,1,1,session_only
88642338.2152874955,3562249325,2020-11-03,1,0,0,0,0,0,desktop,Web,United States,North Carolina,google,organic,0.0,1,1,session_only
9216625.5237279736,9110982461,2020-12-10,1,1,1,1,1,1,desktop,Web,Denmark,Capital Region of Denmark,(direct),(none),0.0,12,6,purchase
36173061.2567630492,831684966,2020-12-22,1,0,0,0,0,0,tablet,Web,Thailand,Bangkok,<Other>,referral,0.0,1,1,session_only
1166772.7145520972,1399235600,2021-01-11,1,1,0,0,0,0,desktop,Windows,Brazil,(not set),<Other>,<Other>,0.0,3,2,view_item
63792890.4718587236,3412225683,2021-01-08,1,0,0,0,0,0,mobile,iOS,India,Delhi,<Other>,referral,0.0,1,1,session_only
1827796.6933009711,275722709,2021-01-13,1,1,0,1,1,1,mobile,iOS,United States,Michigan,<Other>,<Other>,55.2,9,6,purchase
21173062.9326851398,7933477224,2020-12-22,1,0,0,0,0,0,mobile,Web,United States,Texas,(direct),(none),0.0,1,1,session_only
8063095.1153814677,9247826765,2020-12-13,1,0,0,0,0,0,desktop,Web,Mexico,Guanajuato,<Other>,referral,0.0,1,1,session_only
87771080.8336478687,874056966,2021-01-30,1,0,0,0,0,0,desktop,Macintosh,Canada,Quebec,(direct),(none),0.0,1,1,session_only
7699218.2960368405,8947175957,2020-12-20,1,0,0,0,0,0,mobile,Android,Poland,Pomeranian Voivodeship,google,organic,0.0,1,1,session_only
1277595.1788182379,6011097678,2020-12-22,1,0,0,0,0,0,desktop,Web,United States,Kansas,google,organic,0.0,1,1,session_only
2818592.8260931761,4462211162,2020-12-27,1,0,0,0,0,0,mobile,iOS,United States,California,(direct),(none),0.0,1,1,session_only
78377843.8593800727,7440757046,2020-12-08,1,0,0,0,0,0,desktop,Macintosh,United States,New York,<Other>,<Other>,0.0,1,1,session_only
4364709.5325068707,426772215,2021-01-24,1,1,0,0,0,0,desktop,Windows,United States,Florida,(direct),(none),0.0,3,2,view_item
29963468.2355205764,980397418,2021-01-13,1,0,0,0,0,0,desktop,Macintosh,Canada,Ontario,<Other>,<Other>,0.0,1,1,session_only
36091036.1341250616,9634918131,2020-12-28,1,1,1,0,0,0,desktop,Web,India,Telangana,google,organic,0.0,5,3,add_to_cart
28687181.7686209727,2898330377,2021-01-06,1,0,0,0,0,0,mobile,Web,United States,Massachusetts,google,organic,0.0,1,1,session_only
22767220.0412322003,3535667599,2020-11-22,1,0,0,0,0,0,mobile,Web,United States,Texas,shop.googlemerchandisestore.com,referral,0.0,1,1,session_only
8471484.3394234354,2620012618,2021-01-23,1,1,0,0,0,0,desktop,Web,Netherlands,South Holland,google,organic,0.0,2,2,view_item
4823937.0668099247,2344987905,2021-01-05,1,1,0,0,0,0,mobile,iOS,Thailand,Bangkok,(data deleted),(data deleted),0.0,16,2,view_item
58162644.7624663170,8901811019,2020-11-04,1,1,0,1,1,1,desktop,Web,Pakistan,Punjab,(direct),(none),0.0,8,6,purchase
58302154.1011737861,5022583375,2020-12-22,1,0,0,0,0,0,desktop,<Other>,United States,California,(data deleted),(data deleted),0.0,1,1,session_only
54470329.7855233135,900170816,2021-01-10,1,0,0,0,0,0,mobile,Android,South Korea,Gyeonggi-do,<Other>,<Other>,0.0,1,1,session_only
12365254.8432784130,9207490232,2021-01-15,1,1,1,0,0,0,desktop,Macintosh,United States,Texas,google,organic,0.0,8,3,add_to_cart
37805889.2110633219,1025262330,2020-12-10,1,1,0,0,0,0,desktop,Macintosh,United States,California,<Other>,organic,0.0,5,2,view_item
2473227558.8700994404,9458386344,2021-01-07,1,0,0,0,0,0,desktop,Windows,India,Delhi,(direct),(none),0.0,1,1,session_only
78422586.2410173582,1244809650,2021-01-25,1,0,0,0,0,0,mobile,Web,United States,Florida,google,organic,0.0,1,1,session_only
11663242.4129905197,9695485671,2021-01-07,1,0,0,0,0,0,mobile,iOS,Canada,British Columbia,google,organic,0.0,1,1,session_only
30019663.1651568473,1378324702,2021-01-07,1,0,0,0,0,0,mobile,iOS,United States,California,(direct),(none),0.0,1,1,session_only
45479032.7200143782,3087391098,2021-01-13,1,1,1,1,1,1,mobile,iOS,Italy,(not set),(direct),(none),35.36,44,6,purchase
2968120.8631087429,6893467273,2020-12-28,1,0,0,0,0,0,desktop,Windows,United States,New York,google,organic,0.0,1,1,session_only
89776795.8006652205,9167296650,2021-01-26,1,0,0,0,0,0,desktop,Macintosh,Netherlands,North Brabant,(data deleted),(data deleted),0.0,1,1,session_only
4735484254.9871096507,3966238594,2020-12-05,1,0,0,0,0,0,desktop,Macintosh,United States,Tennessee,<Other>,<Other>,0.0,1,1,session_only
59495950.2019580073,2405588096,2020-12-10,1,1,0,1,1,1,desktop,Macintosh,Canada,Ontario,(direct),(none),0.0,10,6,purchase
78572765.3851973564,8724215723,2021-01-02,1,0,0,0,0,0,desktop,Web,Belgium,Brussels,<Other>,referral,0.0,1,1,session_only
3484800.4225507541,2956023581,2021-01-08,1,0,0,0,0,0,desktop,Web,Hungary,(not set),google,organic,0.0,1,1,session_only
4147211.4667912756,4355059475,2020-12-08,1,0,0,0,0,0,desktop,Web,United States,Ohio,google,organic,0.0,1,1,session_only
8568055.9222041922,2884944922,2021-01-06,1,0,0,0,0,0,mobile,Android,Sweden,Stockholm County,<Other>,organic,0.0,1,1,session_only
4431933.1432732570,4408437845,2021-01-10,1,0,0,0,0,0,mobile,iOS,India,Tamil Nadu,google,organic,0.0,1,1,session_only
4421752900.1361018322,8426046255,2021-01-28,1,1,0,1,1,1,desktop,Windows,United States,California,<Other>,<Other>,0.0,18,6,purchase
8373770.3836562463,5148840480,2021-01-25,1,1,1,1,0,0,desktop,<Other>,United Kingdom,England,(data deleted),(data deleted),0.0,6,4,begin_checkout
19987732.3910254199,5638785380,2020-11-03,1,0,0,0,0,0,mobile,Web,Denmark,Capital Region of Denmark,google,organic,0.0,1,1,session_only
7066506.7553868568,8867331338,2020-11-09,1,0,0,0,0,0,desktop,Windows,Canada,Ontario,google,cpc,0.0,1,1,session_only
30402666.1422724248,9773207074,2020-12-10,1,0,0,0,0,0,desktop,Windows,Canada,Alberta,google,organic,0.0,1,1,session_only
4915016.3208138819,8464984034,2020-11-04,1,1,0,0,0,0,mobile,Android,United States,Texas,(direct),(none),0.0,3,2,view_item
77589527.0276705370,7033788031,2021-01-21,1,1,1,1,1,1,desktop,Web,Slovenia,(not set),google,organic,97.6,21,6,purchase
4097286.8054553021,7023506251,2021-01-28,1,1,0,0,0,0,desktop,Web,Canada,Alberta,(direct),(none),0.0,2,2,view_item
26486289.7514037038,1218004952,2020-12-22,1,1,0,0,0,0,desktop,Windows,United States,Florida,<Other>,referral,0.0,3,2,view_item
75976080.0316175515,4316566518,2020-11-06,0,1,0,0,0,0,mobile,Android,United States,Michigan,<Other>,<Other>,0.0,1,2,view_item
43805571.0816612040,774619340,2020-12-05,1,0,0,0,0,0,mobile,iOS,Canada,Ontario,(direct),(none),0.0,1,1,session_only
35111544.7122027782,6568574145,2021-01-16,1,0,0,0,0,0,tablet,Web,United States,New York,google,organic,0.0,1,1,session_only
49368688.8954887506,8583600154,2021-01-13,1,0,0,0,0,0,mobile,Web,United States,Florida,google,organic,0.0,1,1,session_only
4734230.6665322849,3120757631,2020-12-31,1,0,0,0,0,0,desktop,Web,United States,Massachusetts,(direct),(none),0.0,1,1,session_only
6690423675.6982149071,1796320010,2021-01-17,1,0,0,0,0,0,desktop,Windows,India,Gujarat,<Other>,<Other>,0.0,1,1,session_only
4780178.9895074592,1325374684,2021-01-09,1,0,0,0,0,0,desktop,Web,United States,South Carolina,(direct),(none),0.0,1,1,session_only
75083551.4262903913,9301147657,2021-01-05,1,0,0,0,0,0,desktop,Windows,Sweden,(not set),shop.googlemerchandisestore.com,referral,0.0,1,1,session_only
1549534.8666555998,495393089,2021-01-03,1,0,0,0,0,0,mobile,Web,United States,New York,google,organic,0.0,1,1,session_only
84638890.4992715221,6048390356,2020-11-09,1,0,0,0,0,0,desktop,Web,South Korea,Gyeongsangnam-do,google,organic,0.0,1,1,session_only
88720809.7297021106,3118827696,2020-12-16,1,0,0,0,0,0,mobile,iOS,China,Zhejiang,<Other>,referral,0.0,1,1,session_only
47379100.4299597213,270441562,2021-01-26,1,0,0,0,0,0,desktop,Web,Canada,Alberta,shop.googlemerchandisestore.com,referral,0.0,1,1,session_only
10413280.5044353593,9971283933,2021-01-16,1,1,0,0,0,0,desktop,Web,United States,New Mexico,(data deleted),(data deleted),0.0,9,2,view_item
89313692.2687432055,8120183858,2020-11-01,1,1,0,0,0,0,tablet,Web,India,Rajasthan,google,organic,0.0,3,2,view_item
7679515.7901917845,842844067,2020-11-07,1,0,0,0,0,0,mobile,Web,Germany,Hamburg,shop.googlemerchandisestore.com,referral,0.0,1,1,session_only
1762263.6990880514,3388186574,2021-01-01,1,0,0,0,0,0,mobile,iOS,(not set),(not set),<Other>,referral,0.0,1,1,session_only
3455577.2631152994,9991997169,2021-01-28,1,0,0,0,0,0,desktop,Web,Russia,(not set),<Other>,<Other>,0.0,1,1,session_only
46510067.9518834534,9399022928,2020-12-08,1,0,0,0,0,0,desktop,Macintosh,United States,Texas,(direct),(none),0.0,1,1,session_only
1457551.9813423359,5152849578,2020-11-15,1,1,0,0,0,0,desktop,Windows,United States,Connecticut,(data deleted),(data deleted),0.0,16,2,view_item
88164102.8925641700,2108769560,2021-01-28,1,0,0,0,0,0,desktop,Macintosh,United States,Texas,<Other>,referral,0.0,1,1,session_only
83208169.9229348015,973746371,2020-12-10,1,0,0,0,0,0,desktop,Web,United States,Georgia,(data deleted),(data deleted),0.0,1,1,session_only
90789666.5973382349,81609929,2020-11-12,1,0,0,0,0,0,desktop,Macintosh,United States,Wisconsin,(direct),(none),0.0,1,1,session_only
6767700.8323332566,3843175180,2020-12-30,1,0,0,0,0,0,desktop,Windows,United States,Georgia,google,organic,0.0,1,1,session_only
1668346.3288038109,8051164769,2020-11-04,1,0,0,0,0,0,desktop,Web,Indonesia,West Java,(direct),(none),0.0,1,1,session_only
78936861.3076802117,1438646005,2020-11-14,1,1,0,0,0,0,desktop,Web,Israel,Tel Aviv District,<Other>,referral,0.0,4,2,view_item
53409914.6441653613,1948602370,2020-12-26,1,0,0,0,0,0,mobile,Web,Canada,Manitoba,(direct),(none),0.0,1,1,session_only
51404651.0342582057,5608594074,2020-12-29,1,0,0,0,0,0,desktop,Web,Germany,Berlin,google,organic,0.0,1,1,session_only
1464344.1460673987,4373019579,2020-11-06,1,0,0,0,0,0,mobile,iOS,Pakistan,Sindh,shop.googlemerchandisestore.com,referral,0.0,1,1,session_only
80708904.3918556234,1246443130,2020-12-24,1,0,0,0,0,0,desktop,Windows,United States,New Jersey,google,organic,0.0,1,1,session_only
42078061.9998114927,4188558964,2020-11-22,1,0,0,0,0,0,mobile,iOS,Canada,Saskatchewan,google,organic,0.0,1,1,session_only
72879675.3413826871,4575431179,2020-11-03,1,0,0,0,0,0,desktop,Windows,United States,New Jersey,<Other>,organic,0.0,1,1,session_only
50068900.3077817408,622084667,2020-12-10,1,0,0,0,0,0,mobile,Web,United States,Ohio,<Other>,referral,0.0,1,1,session_only
60896948.1476974860,782227870,2021-01-07,1,0,0,0,0,0,mobile,iOS,Lithuania,Vilnius County,shop.googlemerchandisestore.com,referral,0.0,1,1,session_only
73549247.9231269047,2531636500,2021-01-28,1,1,1,1,1,1,desktop,Macintosh,United States,Georgia,(direct),(none),0.0,16,6,purchase
1041289.1856815096,6799538525,2020-12-05,1,0,0,0,0,0,desktop,Web,Portugal,Porto District,<Other>,<Other>,0.0,1,1,session_only
2927019.2584799100,5761913605,2020-11-03,1,0,0,0,0,0,mobile,Web,India,Jammu and Kashmir,<Other>,<Other>,0.0,1,1,session_only
36999626.1425833451,5475894704,2020-12-13,1,0,0,0,0,0,desktop,Web,France,Occitanie,google,organic,0.0,1,1,session_only
8099429.0553741718,6024178385,2020-12-21,1,0,0,0,0,0,mobile,iOS,United States,New Jersey,<Other>,<Other>,0.0,1,1,session_only
14373559.2264219162,1012593436,2021-01-09,1,0,0,0,0,0,mobile,iOS,Cambodia,Phnom Penh,google,cpc,0.0,1,1,session_only
51728661.0618290744,2905653890,2020-12-21,1,0,0,0,0,0,mobile,Android,United States,Idaho,google,organic,0.0,1,1,session_only
9222335.0347279673,7124458494,2020-12-16,1,0,0,0,0,0,mobile,Web,India,Telangana,<Other>,<Other>,0.0,1,1,session_only
7352686192.5885561475,5351248375,2020-11-29,1,0,0,0,0,0,desktop,Macintosh,United States,Louisiana,google,organic,0.0,1,1,session_only
3536395.5924810225,3458371803,2021-01-23,1,0,0,0,0,0,mobile,Web,United States,Virginia,google,cpc,0.0,1,1,session_only
79305784.7623717578,9781935354,2020-11-04,1,1,0,1,1,1,desktop,Web,United Kingdom,England,<Other>,<Other>,239.2,78,6,purchase
8500623232.0356277722,8183567478,2020-11-06,1,0,0,0,0,0,mobile,iOS,Portugal,Lisbon,google,organic,0.0,1,1,session_only
40343211.1485854634,9849803172,2020-12-20,1,1,0,0,0,0,desktop,Web,United States,Virginia,shop.googlemerchandisestore.com,referral,0.0,3,2,view_item
15497585.0779403923,5375694659,2021-01-01,1,0,0,0,0,0,desktop,Web,United States,Virginia,google,cpc,0.0,1,1,session_only
11413689.6573851970,5873059463,2020-12-13,1,0,0,0,0,0,desktop,Web,India,Uttar Pradesh,(data deleted),(data deleted),0.0,1,1,session_only
34789302.6826492562,6286061824,2020-12-27,1,0,0,0,0,0,desktop,Web,Hungary,Budapest,google,organic,0.0,1,1,session_only
53292985.3699995839,4869626824,2021-01-07,1,0,0,0,0,0,mobile,Web,Finland,(not set),<Other>,<Other>,0.0,1,1,session_only
6117880178.5410783739,9494840584,2020-11-04,1,0,0,0,0,0,desktop,Web,Canada,Saskatchewan,<Other>,<Other>,0.0,1,1,session_only
45333280.3272952755,983674432,2020-11-04,1,1,0,1,1,1,desktop,Web,Guatemala,Guatemala Department,(data deleted),(data deleted),0.0,10,6,purchase
36658307.2110034999,2000847535,2021-01-15,1,0,0,0,0,0,desktop,Macintosh,United Kingdom,England,google,organic,0.0,1,1,session_only
47329940.1484010382,660617548,2021-01-28,1,1,0,0,0,0,desktop,Macintosh,Chile,Santiago Metropolitan Region,<Other>,<Other>,0.0,2,2,view_item
4470490.7585612688,2750810959,2020-11-18,1,0,0,0,0,0,mobile,Web,United States,California,google,organic,0.0,1,1,session_only
54806804.7091994167,7828418459,2021-01-21,1,0,0,0,0,0,mobile,Web,United States,Virginia,google,organic,0.0,1,1,session_only
23483327.6774101398,2373547324,2020-12-16,1,0,0,0,0,0,desktop,Windows,United States,Massachusetts,(direct),(none),0.0,1,1,session_only
5714160.6362071117,4873013177,2020-11-02,1,1,0,0,0,0,desktop,Windows,Sweden,Stockholm County,<Other>,referral,0.0,5,2,view_item
87393906.3094986028,2268542027,2020-11-29,1,0,0,0,0,0,desktop,Macintosh,United States,Iowa,(direct),(none),0.0,1,1,session_only
6670384.1209923756,7267956411,2020-12-29,1,0,0,0,0,0,desktop,Windows,Mongolia,Ulaanbaatar,<Other>,<Other>,0.0,1,1,session_only
7334614.7176763164,7699898672,2020-12-16,1,0,0,0,0,0,desktop,Web,India,West Bengal,<Other>,<Other>,0.0,1,1,session_only
21099945.0338162580,6896199731,2021-01-23,1,0,0,0,0,0,desktop,Web,United States,California,(direct),(none),0.0,1,1,session_only
9102865.8598025111,6905219927,2020-12-10,1,0,0,0,0,0,mobile,Web,France,Pays de la Loire,google,organic,0.0,1,1,session_only
12372058.9163156992,8497108099,2020-11-27,1,0,0,0,0,0,desktop,Web,United States,Maryland,(direct),(none),0.0,1,1,session_only
88315210.3806983468,4683860181,2021-01-25,1,0,0,0,0,0,mobile,iOS,Spain,Madrid,google,organic,0.0,1,1,session_only
3670993.9118609975,5767966095,2021-01-31,1,0,0,0,0,0,mobile,Web,Indonesia,Special Region of Yogyakarta,google,cpc,0.0,1,1,session_only
69445303.0389577060,7944820235,2021-01-30,1,1,0,1,1,1,mobile,Web,United States,Illinois,google,organic,0.0,20,6,purchase
44331952.5139616353,554892076,2021-01-17,1,0,0,0,0,0,desktop,Web,Kazakhstan,(not set),shop.googlemerchandisestore.com,referral,0.0,1,1,session_only
49512756.5728220531,9017308265,2020-12-30,1,0,0,0,0,0,mobile,iOS,United States,Massachusetts,<Other>,<Other>,0.0,1,1,session_only
60391422.4302505714,464547711,2020-12-13,1,0,0,0,0,0,desktop,Web,Hungary,Budapest,(direct),(none),0.0,1,1,session_only
4749103.5432921768,3434127135,2021-01-24,1,1,0,0,0,0,desktop,Windows,India,Uttar Pradesh,<Other>,referral,0.0,3,2,view_item
6130676389.7331490031,784473023,2020-12-16,1,0,0,0,0,0,desktop,Web,United States,Utah,(direct),(none),0.0,1,1,session_only
46611051.4198120721,9515176141,2020-11-12,1,0,0,0,0,0,mobile,Android,United States,California,(direct),(none),0.0,1,1,session_only
89880301.7653758376,6120942701,2021-01-11,1,0,0,0,0,0,mobile,iOS,Poland,West Pomeranian Voivodeship,<Other>,referral,0.0,1,1,session_only
91993048.2988349312,6763043858,2020-11-02,1,0,0,0,0,0,desktop,Web,Turkey,Istanbul,<Other>,referral,0.0,1,1,session_only
23936536.1763757179,7139240402,2021-01-21,1,0,0,0,0,0,desktop,Web,India,Rajasthan,shop.googlemerchandisestore.com,referral,0.0,1,1,session_only
8873328.3452390688,3642007794,2020-12-20,1,0,0,0,0,0,desktop,Web,United States,California,<Other>,<Other>,0.0,1,1,session_only
6533883.3745721915,4128873950,2020-11-12,1,0,0,0,0,0,mobile,Android,United States,New York,(direct),(none),0.0,1,1,session_only
25479524.4452437979,1574348011,2020-11-12,1,0,0,0,0,0,mobile,Web,United States,Mississippi,<Other>,<Other>,0.0,1,1,session_only
63968227.3753678624,5593474799,2020-11-06,1,0,0,0,0,0,mobile,Web,Canada,British Columbia,google,cpc,0.0,1,1,session_only
6311915.0629173694,6513406118,2020-11-12,1,0,0,0,0,0,desktop,Web,Spain,Andalusia,<Other>,organic,0.0,1,1,session_only
81176968.5929396166,9229538281,2020-12-26,1,0,0,0,0,0,desktop,Web,United Kingdom,England,google,organic,0.0,1,1,session_only
3072874.6981324273,6983395377,2020-11-18,1,0,0,0,0,0,desktop,Windows,United States,Pennsylvania,<Other>,<Other>,0.0,1,1,session_only
30548868.9557051666,2432374891,2020-12-26,1,1,0,1,1,1,mobile,Web,India,Delhi,google,organic,0.0,16,6,purchase
51608821.0291355400,5343530509,2020-11-16,1,1,0,0,0,0,mobile,Web,United States,New Jersey,google,organic,0.0,4,2,view_item
3008926.1123539850,263362043,2020-12-16,1,0,0,0,0,0,mobile,iOS,Russia,Moscow,(direct),(none),0.0,1,1,session_only
48932583.7104568950,8172848835,2020-12-10,1,0,0,0,0,0,mobile,iOS,Canada,British Columbia,google,organic,0.0,1,1,session_only
85827177.5935430932,2850685413,2020-12-13,1,1,0,0,0,0,desktop,Web,United States,California,shop.googlemerchandisestore.com,referral,0.0,4,2,view_item
2318765.3287527241,7646942402,2020-11-29,1,0,0,0,0,0,desktop,Web,Italy,Lombardy,(direct),(none),0.0,1,1,session_only
6314376.3849140077,6974191786,2021-01-08,1,0,0,0,0,0,desktop,Web,Mexico,Chihuahua,<Other>,referral,0.0,1,1,session_only
32810754.5458895359,5358682849,2020-11-07,1,0,0,0,0,0,desktop,Web,Vietnam,(not set),<Other>,referral,0.0,1,1,session_only
50833642.2717867172,9293578279,2020-12-16,1,0,0,0,0,0,desktop,Macintosh,France,Grand Est,shop.googlemerchandisestore.com,referral,0.0,1,1,session_only
89801961.4691615600,2176503341,2021-01-17,1,0,0,0,0,0,mobile,Web,United States,California,(direct),(none),0.0,1,1,session_only
43397826.5440523291,4328959082,2021-01-30,1,0,0,0,0,0,mobile,Android,India,Telangana,<Other>,<Other>,0.0,1,1,session_only
46659297.8842108004,6975030716,2021-01-03,1,0,0,0,0,0,desktop,Web,United States,Colorado,shop.googlemerchandisestore.com,referral,0.0,1,1,session_only
1858455534.0620871056,8668418735,2021-01-05,1,0,0,0,0,0,desktop,Web,Brazil,State of Sao Paulo,shop.googlemerchandisestore.com,referral,0.0,1,1,session_only
34585759.8894915090,8371983631,2021-01-25,1,0,0,0,0,0,desktop,Web,China,Zhejiang,<Other>,<Other>,0.0,1,1,session_only
89949669.9432893379,7117470979,2020-12-30,1,0,0,0,0,0,desktop,Web,India,Kerala,(direct),(none),0.0,1,1,session_only
55762766.7431727961,5441766366,2020-12-22,1,1,0,0,0,0,desktop,Macintosh,United States,New York,(direct),(none),0.0,2,2,view_item
63827165.2992247994,825150467,2020-12-02,1,0,0,0,0,0,mobile,Android,India,Telangana,google,organic,0.0,1,1,session_only
4944655.9665502742,4047996491,2020-11-04,1,0,0,0,0,0,desktop,Web,Netherlands,(not set),google,organic,0.0,1,1,session_only
4018780.4481344414,5754213506,2020-12-20,1,0,0,0,0,0,mobile,Web,Germany,North Rhine-Westphalia,google,organic,0.0,1,1,session_only
1214450.5471107707,9152361468,2020-11-02,1,1,0,0,0,0,desktop,Web,United States,Wisconsin,google,organic,0.0,2,2,view_item
3562907.6727254901,3449787582,2020-11-18,1,1,1,1,1,1,desktop,Web,United States,California,(direct),(none),0.0,11,6,purchase
4790477.9484459785,1945415614,2020-11-29,1,1,0,0,0,0,mobile,iOS,(not set),(not set),google,organic,0.0,2,2,view_item
2965665.8941177557,8527937475,2020-11-29,1,1,0,0,0,0,desktop,Macintosh,United States,California,<Other>,referral,0.0,64,2,view_item
2618027.0117578716,672145257,2020-11-09,1,0,0,0,0,0,desktop,Web,Canada,Ontario,<Other>,<Other>,0.0,1,1,session_only
29963166.6675613938,1144914741,2021-01-13,1,0,0,0,0,0,desktop,Web,United States,Pennsylvania,(direct),(none),0.0,1,1,session_only
34148000.8301313644,9554223637,2020-12-16,1,0,0,0,0,0,desktop,Windows,United States,California,<Other>,organic,0.0,1,1,session_only
66241764.9607691058,8951835221,2020-12-22,1,0,0,0,0,0,desktop,<Other>,United States,California,<Other>,<Other>,0.0,1,1,session_only
2801511.1336263011,6480246540,2020-12-16,1,1,1,1,1,1,desktop,Windows,Canada,Quebec,<Other>,referral,36.8,13,6,purchase
1258251.5896319638,3213962001,2021-01-21,1,1,0,0,0,0,desktop,Macintosh,United States,New York,shop.googlemerchandisestore.com,referral,0.0,2,2,view_item
3140994.1449139644,8817657363,2020-11-03,1,0,0,0,0,0,desktop,Web,United States,Oklahoma,<Other>,<Other>,0.0,1,1,session_only
60161071.7311074307,390065457,2020-12-10,1,0,0,0,0,0,mobile,Android,United States,California,shop.googlemerchandisestore.com,referral,0.0,1,1,session_only
84967173.9685514736,5984358693,2021-01-10,1,0,0,0,0,0,desktop,Web,Czechia,(not set),<Other>,<Other>,0.0,1,1,session_only
4139379.2827231609,4527219889,2020-12-16,1,0,0,0,0,0,mobile,iOS,France,Provence-Alpes-Cote d'Azur,(direct),(none),0.0,1,1,session_only
5986631.1236364259,2731566291,2020-11-04,1,0,0,0,0,0,desktop,Web,Brazil,State of Sao Paulo,google,cpc,0.0,1,1,session_only
5098889.4164933805,6509525332,2021-01-24,1,0,0,0,0,0,desktop,Macintosh,United States,California,<Other>,<Other>,0.0,1,1,session_only
7695248.0224526289,1935210566,2020-12-21,1,0,0,0,0,0,desktop,Web,India,Delhi,(data deleted),(data deleted),0.0,1,1,session_only
50105710.0078367030,4785604544,2021-01-25,1,0,0,0,0,0,mobile,iOS,Netherlands,Overijssel,<Other>,<Other>,0.0,1,1,session_only
7051324.3923655238,8395961889,2021-01-31,1,1,1,0,0,0,desktop,Macintosh,United States,Texas,google,organic,0.0,17,3,add_to_cart
15716815.9311434864,7360597956,2021-01-29,1,1,0,0,0,0,mobile,Web,United States,Maryland,(direct),(none),0.0,3,2,view_item
24606874.9282905077,9196707296,2020-11-14,1,1,0,0,0,0,mobile,Android,Italy,Lombardy,google,organic,0.0,2,2,view_item
8118689.6804072492,6657778865,2020-11-21,1,0,0,0,0,0,desktop,Web,United States,Texas,google,organic,0.0,1,1,session_only
13164564.9713681264,3047021240,2021-01-26,1,1,0,0,0,0,mobile,Android,United States,Massachusetts,google,organic,0.0,2,2,view_item
44402632.3227710838,5394062648,2020-11-03,1,0,0,0,0,0,desktop,Web,Russia,(not set),google,organic,0.0,1,1,session_only
61028672.5679729358,4613380655,2020-11-09,1,0,0,0,0,0,desktop,Web,Belgium,Flanders,(direct),(none),0.0,1,1,session_only
87037764.6347585658,4137610503,2020-12-05,1,0,0,0,0,0,desktop,Web,Mexico,(not set),shop.googlemerchandisestore.com,referral,0.0,1,1,session_only
2725694.0616186456,2804146200,2020-12-28,1,0,0,0,0,0,tablet,Web,Canada,Alberta,google,organic,0.0,1,1,session_only
68371476.6919313014,3251275356,2021-01-13,1,1,0,0,0,0,mobile,Web,Lithuania,Vilnius County,(direct),(none),0.0,4,2,view_item
1533558.3391328985,6548880535,2020-11-02,1,0,0,0,0,0,mobile,Android,Australia,New South Wales,google,organic,0.0,1,1,session_only
1142905289.1372378850,8099013534,2020-11-02,1,0,0,0,0,0,desktop,Macintosh,Canada,Ontario,google,organic,0.0,1,1,session_only
81576952.5911158470,9521913189,2021-01-29,1,0,0,0,0,0,desktop,Web,United States,Illinois,(direct),(none),0.0,1,1,session_only
8000438.5993550643,1222892241,2020-12-29,1,0,0,0,0,0,mobile,Android,France,Ile-de-France,google,organic,0.0,1,1,session_only
4551285.5053498474,2425530159,2020-12-10,1,1,0,1,1,1,mobile,Web,Canada,Quebec,<Other>,<Other>,0.0,11,6,purchase
61745201.1972594971,5781462845,2020-11-02,1,0,0,0,0,0,mobile,iOS,United States,North Carolina,google,organic,0.0,1,1,session_only
9175634.0757985738,753943281,2021-01-02,1,0,0,0,0,0,desktop,Web,United States,California,shop.googlemerchandisestore.com,referral,0.0,1,1,session_only
5188971.4273397693,3981349508,2020-11-12,1,0,0,0,0,0,desktop,Windows,United States,Pennsylvania,shop.googlemerchandisestore.com,referral,0.0,1,1,session_only
22876548.9702869375,701417224,2020-11-03,1,1,0,0,0,0,desktop,Windows,United States,Massachusetts,google,organic,0.0,23,2,view_item
1556358.4120689497,2353259975,2020-11-02,1,0,0,0,0,0,desktop,Web,South Africa,(not set),<Other>,organic,0.0,1,1,session_only
6244236.6278447215,7185173456,2021-01-28,1,1,0,0,0,0,desktop,Web,India,Maharashtra,<Other>,referral,0.0,5,2,view_item
2143959.4053994492,221849712,2020-12-27,1,0,0,0,0,0,desktop,Web,Saudi Arabia,(not set),(data deleted),(data deleted),0.0,1,1,session_only
88036582.0019705432,8123198678,2020-12-25,1,0,0,0,0,0,mobile,Web,Italy,Friuli-Venezia Giulia,(direct),(none),0.0,1,1,session_only
74649730.4141313376,667938984,2020-11-03,1,0,0,0,0,0,desktop,Macintosh,United States,California,google,organic,0.0,1,1,session_only
4471384.1084612864,9364661331,2020-12-10,1,0,0,0,0,0,desktop,Web,El Salvador,San Salvador Department,<Other>,referral,0.0,1,1,session_only
47016808.5667766921,4605082487,2021-01-04,1,0,0,0,0,0,desktop,Macintosh,India,Maharashtra,google,organic,0.0,1,1,session_only
28426406.0892441283,8764654759,2020-12-05,1,0,0,0,0,0,mobile,Android,United States,Massachusetts,(data deleted),(data deleted),0.0,1,1,session_only
48350138.6902167084,3963292652,2020-12-24,1,0,0,0,0,0,desktop,Windows,Croatia,City of Zagreb,google,organic,0.0,1,1,session_only
80838445.3375614761,3237329486,2020-12-02,1,1,1,1,1,1,mobile,Web,India,Maharashtra,google,organic,34.3,17,6,purchase
33646886.5858241690,2834525361,2020-12-28,1,0,0,0,0,0,mobile,Android,Italy,Sicily,(direct),(none),0.0,1,1,session_only
1226476.1714273543,7335063173,2020-11-07,1,1,0,1,1,1,desktop,Web,India,(not set),shop.googlemerchandisestore.com,referral,0.0,14,6,purchase
56023037.8638489782,5479844309,2021-01-04,1,1,0,0,0,0,mobile,Web,Ireland,County Dublin,<Other>,organic,0.0,2,2,view_item
1569302811.2752648334,5720811586,2020-12-20,1,0,0,0,0,0,mobile,iOS,United States,Ohio,shop.googlemerchandisestore.com,referral,0.0,1,1,session_only
82105113.7447755303,7913785942,2021-01-01,1,0,0,0,0,0,desktop,Web,Netherlands,North Brabant,<Other>,organic,0.0,1,1,session_only
28596179.4488048598,17117489,2020-11-07,1,1,0,0,0,0,mobile,Web,United States,North Carolina,<Other>,<Other>,0.0,2,2,view_item
16807172.1970048378,3398137105,2021-01-26,1,1,0,0,0,0,desktop,Windows,Germany,North Rhine-Westphalia,google,cpc,0.0,5,2,view_item
56735652.8828603724,5151744892,2021-01-30,1,0,0,0,0,0,mobile,Android,India,Uttarakhand,<Other>,<Other>,0.0,1,1,session_only
20713946.7898812908,7558793954,2021-01-28,1,0,0,0,0,0,desktop,Macintosh,Thailand,Bangkok,<Other>,referral,0.0,1,1,session_only
59095807.4231431473,2463472723,2021-01-08,1,0,0,0,0,0,mobile,Web,Taiwan,Taipei City,<Other>,<Other>,0.0,1,1,session_only
36538930.4337156655,3230534567,2021-01-06,1,1,0,1,0,0,mobile,Web,Saudi Arabia,Riyadh Province,google,organic,0.0,6,4,begin_checkout
6521620.5936749496,2322638964,2020-12-10,1,0,0,0,0,0,mobile,Web,Germany,Rhineland-Palatinate,<Other>,organic,0.0,1,1,session_only
47203711.2987020488,3748316590,2020-11-18,1,0,0,0,0,0,mobile,Web,Mexico,Baja California,google,cpc,0.0,1,1,session_only
5044121.9570928383,1377325143,2020-12-21,1,1,0,1,1,1,mobile,Web,Canada,Ontario,google,organic,63.2,7,6,purchase
74211547.1643032833,3526197650,2021-01-06,1,0,0,0,0,0,mobile,iOS,Portugal,Lisbon,google,organic,0.0,1,1,session_only
66497021.0627787690,6206878836,2020-12-24,1,0,0,0,0,0,mobile,Web,United States,Illinois,<Other>,<Other>,0.0,1,1,session_only
1908860.5902672888,9531242340,2021-01-04,1,0,0,0,0,0,desktop,Web,United States,Illinois,(direct),(none),0.0,1,1,session_only
67797136.6831177763,2698247293,2020-12-08,1,0,0,0,0,0,desktop,Web,United States,Texas,(direct),(none),0.0,1,1,session_only
76875574.2720796816,2575050675,2020-12-29,1,0,0,0,0,0,desktop,Web,Hong Kong,(not set),google,organic,0.0,1,1,session_only
11647995.6508139425,9358001714,2021-01-14,1,0,0,0,0,0,mobile,iOS,United States,Washington,<Other>,<Other>,0.0,1,1,session_only
2475879.0049219604,1874448011,2020-11-22,1,1,0,1,0,0,mobile,Web,Norway,(not set),google,organic,0.0,56,4,begin_checkout
72227480.6000965769,2342399525,2021-01-24,1,0,0,0,0,0,mobile,Android,United States,Texas,(direct),(none),0.0,1,1,session_only
61289261.0020571717,7312834006,2020-12-16,1,0,0,0,0,0,desktop,Web,Mexico,Jalisco,(data deleted),(data deleted),0.0,1,1,session_only
26580782.4422420345,6276147060,2021-01-16,1,0,0,0,0,0,desktop,<Other>,United States,Illinois,(direct),(none),0.0,1,1,session_only
4181288.1091665919,2271308555,2021-01-08,1,0,0,0,0,0,mobile,Web,Romania,(not set),<Other>,<Other>,0.0,1,1,session_only
72711610.4980139719,19041009,2021-01-13,1,0,0,0,0,0,desktop,Web,Canada,Manitoba,<Other>,referral,0.0,1,1,session_only
25558125.8475774734,1068540062,2020-11-12,1,1,0,0,0,0,desktop,Web,United States,Utah,google,organic,0.0,3,2,view_item
94537644.1344545111,1063848569,2021-01-24,1,0,0,0,0,0,mobile,Web,Spain,Catalonia,google,organic,0.0,1,1,session_only
1534856.5597309661,6957130435,2020-12-30,1,0,0,0,0,0,desktop,Web,Indonesia,Jakarta,<Other>,<Other>,0.0,1,1,session_only
4728834135.6058179799,7501723040,2021-01-11,1,0,0,0,0,0,desktop,Web,India,Gujarat,google,organic,0.0,1,1,session_only
46687121.4792925719,8661166493,2021-01-26,1,0,0,0,0,0,mobile,Web,China,Zhejiang,google,organic,0.0,1,1,session_only
82218913.4463685814,2305641950,2020-11-13,1,1,0,0,0,0,desktop,Web,Egypt,Cairo Governorate,<Other>,<Other>,0.0,3,2,view_item
10545874.4622650824,7894966515,2021-01-17,1,0,0,0,0,0,mobile,iOS,Peru,(not set),<Other>,referral,0.0,1,1,session_only
23674832.5390192642,9850997297,2021-01-11,1,1,1,1,1,1,desktop,Macintosh,Canada,Ontario,<Other>,<Other>,46.4,26,6,purchase
20913686.5659074570,877592962,2021-01-06,1,0,0,0,0,0,desktop,Windows,United States,Texas,google,cpc,0.0,1,1,session_only
17273274.1711019741,6663144603,2020-12-26,1,1,0,0,0,0,mobile,Web,United States,California,<Other>,<Other>,0.0,15,2,view_item
7446712.2726872272,8926518452,2020-11-04,1,1,0,1,1,1,desktop,Web,United States,Texas,(data deleted),(data deleted),122.96000000000001,76,6,purchase
7714146.4939911789,8575288577,2021-01-15,1,0,0,0,0,0,mobile,iOS,United States,California,google,organic,0.0,1,1,session_only
57030497.0592801612,7941724894,2021-01-02,1,1,1,0,0,0,desktop,Web,United States,California,<Other>,referral,0.0,6,3,add_to_cart
60301653.1036313499,8749146718,2021-01-07,1,0,0,0,0,0,desktop,Web,Germany,Bavaria,<Other>,organic,0.0,1,1,session_only
1099024.0391350994,5121776547,2021-01-29,1,0,0,0,0,0,desktop,Web,Indonesia,Jakarta,<Other>,<Other>,0.0,1,1,session_only
49572059.8600608686,1358633988,2020-11-13,1,1,0,0,0,0,desktop,Web,United States,Oregon,<Other>,(data deleted),0.0,2,2,view_item
5352465.0869330509,2628868677,2020-12-27,1,0,0,0,0,0,mobile,Android,United Kingdom,England,(direct),(none),0.0,1,1,session_only
4876857.0758006322,3086724973,2020-11-07,1,0,0,0,0,0,desktop,Web,United States,Ohio,<Other>,<Other>,0.0,1,1,session_only
6608144317.8968157435,4715557325,2020-12-16,1,1,0,0,0,0,mobile,iOS,United States,California,(direct),(none),0.0,2,2,view_item
4444676.4940901744,3757721286,2021-01-03,1,0,0,0,0,0,mobile,Web,Spain,Madrid,shop.googlemerchandisestore.com,referral,0.0,1,1,session_only
62524109.3161787418,2841933876,2021-01-01,1,1,1,0,0,0,mobile,Web,China,Guangdong Province,<Other>,referral,0.0,20,3,add_to_cart
1037940.4816478730,3055665513,2020-12-10,1,1,0,0,0,0,desktop,Web,France,Nouvelle-Aquitaine,google,organic,0.0,3,2,view_item
2105564.5290627874,5277416888,2021-01-18,1,0,0,0,0,0,desktop,Web,United States,California,(direct),(none),0.0,1,1,session_only
90008487.2262064205,8074292544,2021-01-30,1,0,0,0,0,0,desktop,Windows,France,Ile-de-France,google,cpc,0.0,1,1,session_only
65482034.6609322466,5286591036,2020-11-06,1,0,0,0,0,0,desktop,Web,United States,South Carolina,(direct),(none),0.0,1,1,session_only
2641124.6951515405,4571172939,2020-12-10,1,0,0,0,0,0,desktop,Web,Netherlands,North Holland,(direct),(none),0.0,1,1,session_only
2866733.0406775615,1702211178,2020-12-08,1,0,0,0,0,0,desktop,Web,China,Zhejiang,<Other>,referral,0.0,1,1,session_only
6952785.8349459948,2476031091,2020-11-29,1,0,0,0,0,0,tablet,iOS,Taiwan,Taichung City,(direct),(none),0.0,1,1,session_only
7890982.7326109472,6782663783,2020-11-03,1,1,0,1,0,0,mobile,Web,Turkey,(not set),google,organic,0.0,5,4,begin_checkout
7604511.3046978431,4352431093,2020-12-27,1,1,0,0,0,0,desktop,Macintosh,United States,California,google,organic,0.0,4,2,view_item
7981719.4714992300,8355800686,2020-11-09,1,0,0,0,0,0,mobile,Web,United States,California,<Other>,referral,0.0,1,1,session_only
75346695.7407473561,9926689174,2020-12-22,1,0,0,0,0,0,desktop,Web,United States,New York,<Other>,referral,0.0,1,1,session_only
11060976.5196727858,7413301797,2020-11-29,1,0,0,0,0,0,desktop,Windows,Spain,Castile and Leon,google,organic,0.0,1,1,session_only
4784461.3606459887,8481638070,2020-12-30,1,0,0,0,0,0,mobile,iOS,China,Zhejiang,google,organic,0.0,1,1,session_only
82060852.5020488612,7616681464,2021-01-04,1,0,0,0,0,0,desktop,<Other>,United States,Oklahoma,(direct),(none),0.0,1,1,session_only
43275647.7672628410,7855830565,2020-11-01,1,0,0,0,0,0,desktop,Web,Greece,Attica,(direct),(none),0.0,1,1,session_only
1980490.4912610938,4496358487,2021-01-21,1,1,0,0,0,0,desktop,Windows,United States,North Carolina,(data deleted),(data deleted),0.0,2,2,view_item
92094797.9053601592,7642487819,2021-01-17,1,0,0,0,0,0,desktop,Web,Argentina,Buenos Aires Province,shop.googlemerchandisestore.com,referral,0.0,1,1,session_only
29903651.7391567936,2944050658,2020-11-01,1,0,0,0,0,0,desktop,Macintosh,China,Beijing,google,organic,0.0,1,1,session_only
1153010.6286227099,4670439646,2021-01-22,1,1,1,1,1,1,mobile,Web,Pakistan,Punjab,<Other>,referral,19.92,27,6,purchase
9210640681.1336709195,1348428691,2021-01-10,1,0,0,0,0,0,mobile,Web,India,West Bengal,google,organic,0.0,1,1,session_only
55238891.4575241719,4804333578,2020-12-26,1,0,0,0,0,0,mobile,Web,United States,Alaska,<Other>,referral,0.0,1,1,session_only
72635979.9479053846,7586673298,2021-01-11,1,0,0,0,0,0,mobile,Web,United States,Florida,google,organic,0.0,1,1,session_only
59167580.5009112499,6489305493,2020-11-04,1,0,0,0,0,0,mobile,iOS,United States,Florida,<Other>,<Other>,0.0,1,1,session_only
51457099.0051403619,5402124929,2020-11-02,1,1,0,0,0,0,mobile,Web,United States,Nebraska,<Other>,referral,0.0,18,2,view_item
9143022.0955578364,2457190606,2020-11-16,1,0,0,0,0,0,desktop,Web,Taiwan,Tainan City,(direct),(none),0.0,1,1,session_only
45908603.0749512812,8574485875,2020-12-08,1,1,0,0,0,0,mobile,iOS,India,Maharashtra,google,organic,0.0,9,2,view_item
65094133.6600360287,7490502249,2020-11-04,1,0,0,0,0,0,desktop,Web,United States,District of Columbia,shop.googlemerchandisestore.com,referral,0.0,1,1,session_only
10947383.5234192229,9775927306,2020-11-29,1,1,1,1,0,0,mobile,Android,Puerto Rico,(not set),<Other>,<Other>,0.0,5,4,begin_checkout
76273992.5332968231,4487333382,2020-12-08,1,0,0,0,0,0,desktop,Web,United States,(not set),shop.googlemerchandisestore.com,referral,0.0,1,1,session_only
15060262.3703567523,3570796664,2021-01-22,1,0,0,0,0,0,desktop,Web,United States,California,(direct),(none),0.0,1,1,session_only
7245714.5351431786,1120675529,2020-11-15,1,0,0,0,0,0,desktop,<Other>,United States,Oklahoma,shop.googlemerchandisestore.com,referral,0.0,1,1,session_only
7200456.5207277827,659545772,2020-11-06,1,1,0,1,1,1,desktop,Web,United States,Texas,<Other>,<Other>,110.4,18,6,purchase
5344259.4658807137,4889191508,2021-01-06,1,0,0,0,0,0,mobile,Web,United States,Washington,google,organic,0.0,1,1,session_only
6682093398.1565676692,3301050984,2021-01-10,1,0,0,0,0,0,mobile,Web,United States,Texas,<Other>,referral,0.0,1,1,session_only
6016788.2967004259,2638354059,2020-11-03,1,0,0,0,0,0,mobile,Web,India,Kerala,<Other>,<Other>,0.0,1,1,session_only
67843546.2493114348,8049519827,2020-12-25,1,0,0,0,0,0,desktop,Windows,Spain,Basque Country,(direct),(none),0.0,1,1,session_only
13712063.0046282119,746201063,2020-11-02,1,0,0,0,0,0,mobile,iOS,United States,Indiana,(direct),(none),0.0,1,1,session_only
1370991.8452875784,5248208408,2021-01-17,1,0,0,0,0,0,mobile,Web,India,Uttar Pradesh,google,organic,0.0,1,1,session_only
26156337.9287980478,2634074356,2020-11-09,1,1,0,0,0,0,desktop,Web,Bahamas,New Providence,(data deleted),(data deleted),0.0,4,2,view_item
7715103.9584194181,7556476051,2021-01-29,1,1,1,0,0,0,mobile,Web,United States,Virginia,<Other>,<Other>,0.0,6,3,add_to_cart
2430217532.8194397620,7211146324,2021-01-21,1,0,0,0,0,0,mobile,iOS,United States,New York,<Other>,(data deleted),0.0,1,1,session_only
5592410.5750362234,2536776825,2020-11-06,1,0,0,0,0,0,desktop,Web,Colombia,Bogota,shop.googlemerchandisestore.com,referral,0.0,1,1,session_only
28335027.3297223311,8926418143,2020-11-18,1,0,0,0,0,0,desktop,Macintosh,United States,New York,google,organic,0.0,1,1,session_only
7632101.9615143413,1148411328,2020-11-08,1,0,0,0,0,0,desktop,Windows,United States,Virginia,(data deleted),(data deleted),0.0,1,1,session_only
59717563.2099328689,2832520042,2021-01-24,1,0,0,0,0,0,desktop,Macintosh,United States,Ohio,google,organic,0.0,1,1,session_only
28072010.0989848056,521161515,2021-01-26,1,0,0,0,0,0,mobile,iOS,United States,California,google,organic,0.0,1,1,session_only
90961821.3018369981,5294351743,2020-11-29,1,0,0,0,0,0,desktop,Web,Turkey,(not set),<Other>,referral,0.0,1,1,session_only
5893561935.5568546546,6586260226,2020-11-16,1,1,0,1,1,0,mobile,Web,India,West Bengal,shop.googlemerchandisestore.com,referral,0.0,5,5,add_payment
6081323.0622316805,3822632474,2021-01-11,1,1,1,1,1,1,tablet,Web,Netherlands,(not set),<Other>,<Other>,12.6,12,6,purchase
91615463.1921782161,3810717816,2021-01-18,1,0,0,0,0,0,mobile,iOS,Canada,Ontario,(direct),(none),0.0,1,1,session_only
3740796.3949938519,2107371719,2021-01-25,1,0,0,0,0,0,mobile,Web,Germany,Rhineland-Palatinate,google,organic,0.0,1,1,session_only
24230335.4146985079,1640675767,2020-12-13,1,0,0,0,0,0,mobile,Web,China,(not set),(direct),(none),0.0,1,1,session_only
5173387.4508261257,7061025082,2020-12-31,1,0,0,0,0,0,mobile,Web,India,Maharashtra,(direct),(none),0.0,1,1,session_only
89780995.6121710768,707006599,2021-01-06,1,0,0,0,0,0,desktop,Web,Argentina,Cordoba,<Other>,<Other>,0.0,1,1,session_only
2459937.2318206302,6805048574,2021-01-05,1,1,0,1,1,1,desktop,Web,Taiwan,Taipei City,google,organic,63.2,12,6,purchase
6888297.7528771582,4252370089,2020-11-27,1,0,0,0,0,0,mobile,iOS,United States,New Jersey,(direct),(none),0.0,1,1,session_only
2848011.4222291293,4823086602,2020-12-16,1,0,0,0,0,0,mobile,Web,United States,Texas,google,organic,0.0,1,1,session_only
8394243.7036857224,640722785,2021-01-17,1,0,0,0,0,0,desktop,Web,Belgium,Wallonia,google,organic,0.0,1,1,session_only
64688103.5861453756,3288954434,2020-11-03,1,1,0,0,0,0,mobile,Web,Australia,New South Wales,<Other>,<Other>,0.0,3,2,view_item
6098192.5964038385,9260613054,2020-11-06,1,0,0,0,0,0,desktop,Web,Chile,Santiago Metropolitan Region,(data deleted),(data deleted),0.0,1,1,session_only
6437161.3248465250,4555298122,2020-11-09,1,0,0,0,0,0,mobile,Web,United States,Alabama,(direct),(none),0.0,1,1,session_only
5386951.7275963347,3782991311,2021-01-18,1,0,0,0,0,0,mobile,iOS,United States,New York,(direct),(none),0.0,1,1,session_only
11825599.6536930159,375307313,2020-12-08,1,0,0,0,0,0,mobile,iOS,United States,Indiana,google,organic,0.0,1,1,session_only
9028792.4737980398,9930005743,2020-12-22,1,0,0,0,0,0,mobile,Web,United Kingdom,Scotland,(data deleted),(data deleted),0.0,1,1,session_only
6579657.3439153181,6975918092,2021-01-21,1,0,0,0,0,0,mobile,Web,United States,Minnesota,(direct),(none),0.0,1,1,session_only
81622398.1060975797,6361634097,2021-01-31,1,0,0,0,0,0,mobile,Web,United Kingdom,England,(data deleted),(data deleted),0.0,1,1,session_only
64907923.2605770723,5276344494,2021-01-11,1,0,0,0,0,0,mobile,iOS,United Kingdom,England,google,organic,0.0,1,1,session_only
7712206.7384917926,8354269129,2020-12-31,1,1,0,0,0,0,mobile,Android,Canada,Manitoba,google,organic,0.0,3,2,view_item
78177006.8507813257,7920410675,2021-01-09,1,0,0,0,0,0,mobile,Web,United States,Missouri,google,organic,0.0,1,1,session_only
34971587.2279395517,526687245,2021-01-18,1,1,1,1,1,1,desktop,Web,United States,New York,google,organic,0.0,26,6,purchase
44826190.5202518631,9537857154,2020-12-10,1,0,0,0,0,0,desktop,Web,Brazil,(not set),(direct),(none),0.0,1,1,session_only
5998592.9945087056,9255181988,2020-11-22,1,0,0,0,0,0,desktop,Web,United States,Texas,shop.googlemerchandisestore.com,referral,0.0,1,1,session_only
5768779.5617050575,2265521797,2021-01-28,1,0,0,0,0,0,mobile,Android,Italy,Lazio,(data deleted),(data deleted),0.0,1,1,session_only
7902595.9149749973,1012638200,2020-11-12,1,0,0,0,0,0,desktop,Web,United States,California,google,organic,0.0,1,1,session_only
80912791.6205656632,7609432929,2020-11-16,1,0,0,0,0,0,mobile,iOS,United States,Virginia,(direct),(none),0.0,1,1,session_only
17184160.5989604278,4660434617,2021-01-05,1,0,0,0,0,0,mobile,Web,United States,Oregon,<Other>,<Other>,0.0,1,1,session_only
47949055.9057138403,5357089084,2021-01-06,1,0,0,0,0,0,mobile,Android,United States,California,(direct),(none),0.0,1,1,session_only
59133458.0424415831,9083946880,2020-12-29,1,1,0,0,0,0,mobile,Web,Canada,Ontario,<Other>,<Other>,0.0,2,2,view_item
50394923.2952435045,6886647774,2021-01-09,1,1,1,1,1,1,desktop,Web,Chile,Santiago Metropolitan Region,google,organic,0.0,26,6,purchase
7643863.1239098801,428603770,2020-11-02,1,1,0,0,0,0,desktop,Web,United States,California,(direct),(none),0.0,2,2,view_item
6051492.6597366361,6329850028,2020-12-02,1,1,0,1,1,1,desktop,Web,United States,Illinois,google,organic,24.4,15,6,purchase
8450428.0999247413,5790100385,2021-01-25,1,1,0,0,0,0,desktop,Web,Norway,Oslo,google,cpc,0.0,6,2,view_item
67242982.0432343274,8457388940,2020-12-16,1,1,1,1,1,1,mobile,Android,India,Delhi,google,cpc,97.6,43,6,purchase
43491287.8048650889,3753501796,2020-12-21,1,1,0,1,1,1,mobile,iOS,United Kingdom,England,<Other>,<Other>,0.0,10,6,purchase
2149787.3657367024,5497353724,2020-11-03,1,0,0,0,0,0,mobile,Android,Singapore,(not set),google,cpc,0.0,1,1,session_only
3531629.4323625459,5293077972,2020-12-05,1,1,0,0,0,0,desktop,Macintosh,India,Tamil Nadu,<Other>,referral,0.0,8,2,view_item
48865305.8198447356,5114378159,2020-11-15,1,1,0,1,0,0,desktop,Web,United States,California,google,organic,0.0,61,4,begin_checkout
3391588.1778930677,3278875420,2020-12-26,1,0,0,0,0,0,desktop,Web,United States,California,(data deleted),(data deleted),0.0,1,1,session_only
9132913631.1018142731,8718343023,2020-12-22,1,0,0,0,0,0,desktop,<Other>,Indonesia,Jakarta,google,organic,0.0,1,1,session_only
76560981.1459804484,4460670740,2020-11-04,1,1,0,1,1,1,desktop,Macintosh,France,Brittany,(data deleted),(data deleted),0.0,10,6,purchase
1576266.1445909218,1033331396,2020-11-14,1,0,0,0,0,0,desktop,Windows,Australia,Victoria,<Other>,<Other>,0.0,1,1,session_only
30900800.3212239815,3412127216,2021-01-17,1,0,0,0,0,0,desktop,Windows,United States,Florida,(direct),(none),0.0,1,1,session_only
53923222.6413760473,6798364120,2020-11-04,1,0,0,0,0,0,mobile,Web,Peru,(not set),google,cpc,0.0,1,1,session_only
87711117.7597328264,9566439278,2020-12-16,1,0,0,0,0,0,tablet,Web,United States,Massachusetts,<Other>,<Other>,0.0,1,1,session_only
6776269.2321622094,315802490,2020-12-26,1,1,0,0,0,0,desktop,Web,United Arab Emirates,(not set),<Other>,referral,0.0,7,2,view_item
4889489.5567276764,2601447186,2021-01-26,1,0,0,0,0,0,mobile,iOS,India,Karnataka,<Other>,<Other>,0.0,1,1,session_only
3016727455.2288875231,4778362504,2021-01-16,1,0,0,0,0,0,desktop,Web,Canada,Ontario,(direct),(none),0.0,1,1,session_only
6094273.5702296887,7928800301,2021-01-29,1,1,0,0,0,0,mobile,iOS,Sri Lanka,Western Province,(direct),(none),0.0,2,2,view_item
80180824.4577613712,6726351649,2020-11-02,1,0,0,0,0,0,desktop,Windows,Canada,Ontario,shop.googlemerchandisestore.com,referral,0.0,1,1,session_only
77526577.5940332214,3758779162,2021-01-28,1,0,0,0,0,0,desktop,Web,United States,Missouri,google,organic,0.0,1,1,session_only
70905801.5682192921,9620774521,2021-01-29,1,0,0,0,0,0,mobile,Web,United States,California,<Other>,referral,0.0,1,1,session_only
4877100.9697049631,9473625250,2020-12-06,1,0,0,0,0,0,desktop,Macintosh,United Kingdom,England,(direct),(none),0.0,1,1,session_only
7033475.7881212484,4869198672,2020-12-16,1,0,0,0,0,0,desktop,Macintosh,United States,California,google,cpc,0.0,1,1,session_only
38815294.7274348816,3765236767,2020-11-04,1,1,0,1,1,0,desktop,Web,Indonesia,North Sumatra,(data deleted),(data deleted),0.0,12,5,add_payment
5053222.2475294540,1775551429,2021-01-05,1,0,0,0,0,0,desktop,Web,United States,Indiana,<Other>,referral,0.0,1,1,session_only
5299084.2480973893,1624349197,2021-01-17,1,0,0,0,0,0,mobile,Android,United States,Washington,google,organic,0.0,1,1,session_only
48711104.8966764327,6811080859,2020-12-29,1,0,0,0,0,0,desktop,Windows,Indonesia,Special Region of Yogyakarta,(direct),(none),0.0,1,1,session_only
46672366.5886293554,2213316414,2021-01-13,1,0,0,0,0,0,mobile,Android,Mexico,Nuevo Leon,(direct),(none),0.0,1,1,session_only
85512960.1747153540,8053343189,2021-01-07,1,0,0,0,0,0,desktop,Windows,Canada,Saskatchewan,google,cpc,0.0,1,1,session_only
57170736.1915628711,4118488216,2020-11-12,1,0,0,0,0,0,desktop,Windows,India,Uttar Pradesh,(direct),(none),0.0,1,1,session_only
72175502.8170760884,7311107096,2020-11-01,1,0,0,0,0,0,mobile,iOS,India,Gujarat,<Other>,<Other>,0.0,1,1,session_only
3614713.8312265873,6594047277,2020-12-06,1,0,0,0,0,0,desktop,Web,United States,South Dakota,(data deleted),(data deleted),0.0,1,1,session_only
46418894.8132601965,5951633277,2020-11-13,1,0,0,0,0,0,desktop,Web,Bosnia & Herzegovina,Federation of Bosnia and Herzegovina,(direct),(none),0.0,1,1,session_only
6078817.6522456913,4814578189,2021-01-16,1,1,0,0,0,0,mobile,Web,Canada,Alberta,google,organic,0.0,2,2,view_item
49780212.4239509823,1844580015,2021-01-10,1,0,0,0,0,0,desktop,Web,United States,New York,shop.googlemerchandisestore.com,referral,0.0,1,1,session_only
62339092.6117313314,6649620906,2020-11-03,1,0,0,0,0,0,desktop,Macintosh,United Kingdom,England,google,organic,0.0,1,1,session_only
39434174.5075047575,7827735237,2021-01-04,1,0,0,0,0,0,mobile,Android,United States,Washington,<Other>,organic,0.0,1,1,session_only
6354521.7277318228,7631041960,2021-01-22,1,0,0,0,0,0,tablet,Android,United States,California,google,cpc,0.0,1,1,session_only
13803145.1977947765,8062645591,2020-12-28,1,0,0,0,0,0,desktop,Windows,Switzerland,(not set),google,organic,0.0,1,1,session_only
4565585.6143138051,4767668715,2021-01-21,1,1,1,1,1,1,desktop,Web,United States,Colorado,shop.googlemerchandisestore.com,referral,54.96,8,6,purchase
5002058.4107238120,1025223253,2020-12-08,1,1,1,1,1,1,tablet,iOS,United States,Tennessee,<Other>,referral,362.4,46,6,purchase
1873822.6415258571,2986203637,2020-11-02,1,0,0,0,0,0,desktop,Web,Brazil,State of Sao Paulo,google,organic,0.0,1,1,session_only
64586088.9542105719,2849883693,2020-12-20,1,0,0,0,0,0,mobile,Web,United States,Texas,<Other>,referral,0.0,1,1,session_only
32369673.2101978148,6402992149,2021-01-25,1,0,0,0,0,0,desktop,Web,China,Guangdong Province,<Other>,<Other>,0.0,1,1,session_only
4027196.2437746369,3961314366,2020-12-27,1,1,0,0,0,0,mobile,Web,United States,Pennsylvania,<Other>,referral,0.0,2,2,view_item
30108151.5867560201,7531933404,2020-12-06,1,1,1,1,1,1,mobile,Web,India,Delhi,shop.googlemerchandisestore.com,referral,0.0,16,6,purchase
2783788.7320203974,1470177182,2021-01-06,1,0,0,0,0,0,mobile,Android,United States,Texas,<Other>,<Other>,0.0,1,1,session_only
45087481.0681121579,9211457943,2020-11-04,1,1,0,0,0,0,mobile,iOS,Turkey,(not set),google,organic,0.0,3,2,view_item
33768584.6234167739,7629601521,2021-01-01,1,0,0,0,0,0,desktop,Macintosh,South Korea,Seoul,google,organic,0.0,1,1,session_only
7882336.0485591884,5637559082,2020-12-22,1,0,0,0,0,0,desktop,Web,United States,Mississippi,google,organic,0.0,1,1,session_only
15675486.1977753388,2059211741,2021-01-11,1,0,0,0,0,0,desktop,Windows,United States,Pennsylvania,google,organic,0.0,1,1,session_only
15098883.8295353730,3794269201,2020-12-30,1,0,0,0,0,0,desktop,Macintosh,Czechia,Prague,google,organic,0.0,1,1,session_only
29488817.8413042251,6416187224,2020-12-26,1,0,0,0,0,0,desktop,Macintosh,Italy,Lombardy,(data deleted),(data deleted),0.0,1,1,session_only
66164772.3319883084,657710811,2020-12-08,1,1,0,0,0,0,desktop,Web,Mexico,(not set),(data deleted),(data deleted),0.0,6,2,view_item
67706061.8759749825,8107104161,2021-01-08,1,0,0,0,0,0,desktop,<Other>,India,Andhra Pradesh,(direct),(none),0.0,1,1,session_only
77416874.6949592911,5550014107,2020-12-24,1,0,0,0,0,0,desktop,Windows,India,Maharashtra,(direct),(none),0.0,1,1,session_only
7632101.9615143413,9192456489,2020-11-13,1,0,0,0,0,0,desktop,Windows,United States,Virginia,(direct),(none),0.0,1,1,session_only
61036897.3288740760,7567190092,2020-11-09,1,0,0,0,0,0,desktop,Web,United States,Texas,(direct),(none),0.0,1,1,session_only
16001225.2229171190,159055162,2021-01-08,1,0,0,0,0,0,mobile,Web,United Kingdom,England,(direct),(none),0.0,1,1,session_only
6514289.0727357943,6717394064,2020-11-27,1,0,0,0,0,0,desktop,Web,Canada,Ontario,(direct),(none),0.0,1,1,session_only
5550109.1370911778,4606032676,2020-12-31,1,1,1,1,1,1,mobile,iOS,Spain,Catalonia,(direct),(none),17.6,22,6,purchase
21321003.4789437401,6961651605,2020-11-09,1,0,0,0,0,0,mobile,Web,India,Tamil Nadu,(data deleted),(data deleted),0.0,1,1,session_only
13545141.1955984294,19276995,2021-01-24,1,0,0,0,0,0,mobile,Android,United States,California,google,organic,0.0,1,1,session_only
5640270.2841313070,3127904718,2020-12-22,1,1,0,0,0,0,desktop,Windows,Poland,Masovian Voivodeship,(data deleted),(data deleted),0.0,3,2,view_item
32361825.0497496956,51887224,2020-12-21,1,0,0,0,0,0,mobile,Android,United Kingdom,England,google,organic,0.0,1,1,session_only
7459727.0120305183,7504063601,2021-01-21,1,0,0,0,0,0,desktop,Macintosh,United States,California,google,organic,0.0,1,1,session_only
60843222.5171052038,5725521726,2021-01-09,1,1,1,1,1,1,mobile,Android,United States,California,(data deleted),(data deleted),0.0,20,6,purchase
39451479.0480287466,8126818332,2021-01-15,1,1,0,0,0,0,desktop,Web,Italy,Piedmont,<Other>,referral,0.0,2,2,view_item
2516229.6115027745,9385430332,2020-12-13,1,1,1,1,1,1,desktop,Windows,United States,Connecticut,google,organic,67.2,19,6,purchase
30047229.8587013519,9635706886,2021-01-05,1,0,0,0,0,0,desktop,Macintosh,Russia,Moscow,google,organic,0.0,1,1,session_only
54129330.7870348012,9233241719,2020-11-08,1,0,0,0,0,0,desktop,Windows,United States,Missouri,(direct),(none),0.0,1,1,session_only
54309032.0177930069,6090147603,2020-12-30,1,0,0,0,0,0,desktop,Web,Germany,Bavaria,(direct),(none),0.0,1,1,session_only
7308475.3440136195,1784529008,2021-01-29,1,0,0,0,0,0,mobile,Web,Saudi Arabia,Makkah Province,<Other>,referral,0.0,1,1,session_only
25677088.5075831528,7407284210,2021-01-29,1,1,0,0,0,0,desktop,Web,Spain,Andalusia,google,organic,0.0,6,2,view_item
54929040.7191874122,2664467215,2020-11-13,1,1,0,1,0,0,mobile,iOS,United States,California,<Other>,<Other>,0.0,6,4,begin_checkout
7092425695.5598930451,4209725969,2020-12-30,1,0,0,0,0,0,mobile,Web,United States,New York,google,organic,0.0,1,1,session_only
2276343.3518223441,9676964423,2020-11-16,1,1,0,0,0,0,desktop,Macintosh,Turkey,Izmir,(data deleted),(data deleted),0.0,6,2,view_item
43651786.8056856996,1046076686,2021-01-08,1,0,0,0,0,0,desktop,Web,United States,Texas,google,organic,0.0,1,1,session_only
8736587.0154330215,4521260589,2021-01-05,1,0,0,0,0,0,desktop,Web,United States,California,(direct),(none),0.0,1,1,session_only
69985197.8412347363,1442833768,2021-01-18,1,0,0,0,0,0,mobile,Web,United States,Texas,(direct),(none),0.0,1,1,session_only
7822661.9513604620,3782925971,2020-11-02,1,0,0,0,0,0,desktop,Web,United States,Ohio,shop.googlemerchandisestore.com,referral,0.0,1,1,session_only
6682718.3986419276,4108312736,2021-01-04,1,0,0,0,0,0,mobile,Web,Thailand,Bangkok,google,organic,0.0,1,1,session_only
59489139.7272020644,3884170522,2021-01-29,1,0,0,0,0,0,mobile,Android,United States,California,<Other>,<Other>,0.0,1,1,session_only
78548040.2993840349,4813689160,2020-12-24,1,1,0,0,0,0,desktop,Web,Honduras,(not set),<Other>,<Other>,0.0,6,2,view_item
71644104.2507537176,1170646103,2020-11-29,1,0,0,0,0,0,desktop,Web,United States,Wisconsin,(direct),(none),0.0,1,1,session_only
7014591.0988729711,4190476188,2020-12-16,1,1,0,0,0,0,mobile,iOS,United States,Indiana,google,organic,0.0,2,2,view_item
4361332.7454303068,709752263,2020-11-02,1,0,0,0,0,0,mobile,Web,South Korea,Seoul,<Other>,<Other>,0.0,1,1,session_only
6100580.3831362889,4373005021,2021-01-14,1,1,0,0,0,0,desktop,Macintosh,United Kingdom,England,<Other>,<Other>,0.0,4,2,view_item
1832901.6858372514,3723249993,2021-01-14,1,0,0,0,0,0,desktop,<Other>,Canada,Alberta,<Other>,referral,0.0,1,1,session_only
1497834741.6862568458,2475463590,2020-12-06,1,0,0,0,0,0,mobile,Web,United States,Pennsylvania,(direct),(none),0.0,1,1,session_only
48868521.0286432720,5541087343,2020-11-15,1,0,0,0,0,0,mobile,Web,United States,New York,google,organic,0.0,1,1,session_only
36575492.1286002771,1074348994,2021-01-05,1,0,0,0,0,0,desktop,Web,Mexico,Chihuahua,shop.googlemerchandisestore.com,referral,0.0,1,1,session_only
83983119.7183161192,2638878562,2020-11-03,1,0,0,0,0,0,mobile,Android,United States,Louisiana,google,cpc,0.0,1,1,session_only
45086633.9001558901,45538048,2020-11-02,1,0,0,0,0,0,desktop,Web,United States,Indiana,<Other>,referral,0.0,1,1,session_only
7518972.8017194586,9109448490,2020-11-29,1,0,0,0,0,0,desktop,Macintosh,India,Jharkhand,google,organic,0.0,1,1,session_only
20299935.0805298265,9710114497,2020-12-26,1,0,0,0,0,0,mobile,Android,India,Uttar Pradesh,google,organic,0.0,1,1,session_only
38315694.5338721883,9472937877,2021-01-21,1,1,1,0,0,0,desktop,Web,United States,New York,<Other>,referral,0.0,12,3,add_to_cart
1324309.5103135495,8810833162,2020-12-06,1,0,0,0,0,0,desktop,Windows,United States,Arizona,google,cpc,0.0,1,1,session_only
16477800.9247058873,5922582062,2020-11-09,1,1,0,1,1,1,desktop,Web,Poland,Lesser Poland Voivodeship,google,organic,9.6,6,6,purchase
76321886.5279917844,740807683,2020-11-03,1,0,0,0,0,0,desktop,Windows,United States,Virginia,(direct),(none),0.0,1,1,session_only
57865781.1621109126,6176886385,2021-01-29,1,0,0,0,0,0,desktop,Windows,Palestine,(not set),(data deleted),(data deleted),0.0,1,1,session_only
32243540.6730466072,5097036566,2020-12-05,1,0,0,0,0,0,desktop,Windows,Italy,Emilia-Romagna,(direct),(none),0.0,1,1,session_only
57107823.1678636317,55698946,2020-11-22,1,1,0,0,0,0,mobile,Web,United Kingdom,Wales,google,organic,0.0,2,2,view_item
5279058.9935979502,6470779547,2021-01-14,1,0,0,0,0,0,desktop,Windows,United States,New Hampshire,google,organic,0.0,1,1,session_only
3504565.9743043882,7121085319,2021-01-15,1,0,0,0,0,0,mobile,iOS,United Arab Emirates,Dubai,<Other>,referral,0.0,1,1,session_only
1624989.3102238862,6105434156,2020-11-12,1,0,0,0,0,0,desktop,Web,Norway,(not set),<Other>,<Other>,0.0,1,1,session_only
53751846.8194844196,9928532334,2021-01-25,1,0,0,0,0,0,desktop,Web,India,Tamil Nadu,google,cpc,0.0,1,1,session_only
2828256.0743303183,8387700324,2020-12-10,1,1,1,1,0,0,desktop,Web,United States,New Mexico,google,organic,0.0,8,4,begin_checkout
1518831.1475327211,9728905665,2021-01-01,1,0,0,0,0,0,mobile,Web,United Kingdom,England,(direct),(none),0.0,1,1,session_only
46409749.8016255797,3811932087,2020-12-21,0,1,0,0,0,0,mobile,iOS,Chile,(not set),(data deleted),(data deleted),0.0,1,2,view_item
71625637.5460388243,6355110493,2020-12-16,1,0,0,0,0,0,mobile,iOS,Vietnam,Hanoi,shop.googlemerchandisestore.com,referral,0.0,1,1,session_only
49487327.4692747235,2669898673,2020-12-02,1,0,0,0,0,0,desktop,Web,United States,Illinois,(direct),(none),0.0,1,1,session_only
4190217.0851179298,3409224216,2020-12-26,1,0,0,0,0,0,desktop,Web,Italy,Piedmont,<Other>,<Other>,0.0,1,1,session_only
3642696.8102832709,3034997872,2020-12-10,1,0,0,0,0,0,mobile,Web,India,Telangana,google,cpc,0.0,1,1,session_only
26783854.5355326024,2487310816,2021-01-26,1,0,0,0,0,0,desktop,Web,United States,Georgia,google,organic,0.0,1,1,session_only
14923408.5323499626,1697724320,2021-01-29,1,0,0,0,0,0,desktop,Windows,United States,Maryland,google,organic,0.0,1,1,session_only
20032098.0988202122,7386884143,2021-01-11,1,0,0,0,0,0,desktop,Web,Philippines,Metro Manila,<Other>,referral,0.0,1,1,session_only
3092972535.1252782928,1395335716,2021-01-09,1,1,1,1,1,1,desktop,Web,United States,California,google,cpc,39.5,21,6,purchase
44952537.5639834681,5571879276,2021-01-08,1,0,0,0,0,0,mobile,iOS,India,Karnataka,<Other>,referral,0.0,1,1,session_only
46628397.7465943414,6026582315,2020-12-24,1,0,0,0,0,0,mobile,Web,Thailand,Bangkok,(direct),(none),0.0,1,1,session_only
19915729.9583569928,8928336138,2021-01-13,1,0,0,0,0,0,mobile,iOS,United States,Iowa,<Other>,<Other>,0.0,1,1,session_only
8127917.2493137542,2638901872,2021-01-09,1,0,0,0,0,0,mobile,Android,United States,California,<Other>,<Other>,0.0,1,1,session_only
8712471.4138211157,60539187,2020-11-03,1,0,0,0,0,0,mobile,Android,Spain,Catalonia,(direct),(none),0.0,1,1,session_only
35623496.6858974365,3608772309,2021-01-01,1,0,0,0,0,0,desktop,Windows,United States,Arizona,(direct),(none),0.0,1,1,session_only
5141283984.4684134588,3294037911,2020-11-21,1,0,0,0,0,0,desktop,<Other>,United States,Texas,google,organic,0.0,1,1,session_only
2313988.6915266729,8701465764,2021-01-16,1,1,1,1,1,0,desktop,Web,Peru,(not set),(direct),(none),0.0,12,5,add_payment
7999257.3175249118,8413085630,2020-11-02,1,1,0,1,0,0,desktop,Web,India,Karnataka,google,organic,0.0,30,4,begin_checkout
72518865.9454409363,196322722,2020-11-12,1,0,0,0,0,0,desktop,Windows,United States,California,<Other>,organic,0.0,1,1,session_only
7982584.7268490649,9979853760,2020-11-18,1,0,0,0,0,0,mobile,Web,Indonesia,West Java,<Other>,<Other>,0.0,1,1,session_only
92203265.4242473351,4417485800,2020-12-08,1,0,0,0,0,0,mobile,iOS,United States,Colorado,<Other>,<Other>,0.0,1,1,session_only
1211683.1477113238,1520432304,2021-01-22,1,0,0,0,0,0,mobile,iOS,United States,New Hampshire,google,organic,0.0,1,1,session_only
3237097.8855381795,596943024,2021-01-04,1,0,0,0,0,0,mobile,iOS,United States,New York,<Other>,<Other>,0.0,1,1,session_only
49451259.0243047564,7964811681,2020-11-02,1,0,0,0,0,0,desktop,Web,United States,New York,<Other>,<Other>,0.0,1,1,session_only
62137161.2856630388,9486140318,2020-12-22,1,0,0,0,0,0,mobile,Web,United States,Missouri,<Other>,referral,0.0,1,1,session_only
70958958.3982203837,8717453680,2020-12-08,1,1,0,0,0,0,desktop,Macintosh,United States,Virginia,(direct),(none),0.0,6,2,view_item
4997040.2756085180,8484845407,2020-11-22,1,0,0,0,0,0,mobile,Web,United States,Florida,<Other>,referral,0.0,1,1,session_only
9101213.9063728582,4625683789,2020-12-10,1,1,0,0,0,0,mobile,iOS,United States,California,(direct),(none),0.0,15,2,view_item
65046603.8651067479,8274463684,2020-11-16,1,0,0,0,0,0,desktop,Windows,Nigeria,Lagos,google,organic,0.0,1,1,session_only
84822257.5300953924,4490295164,2021-01-06,1,0,0,0,0,0,desktop,Windows,France,Nouvelle-Aquitaine,google,cpc,0.0,1,1,session_only
64931906.0924839840,6276910118,2020-12-30,1,0,0,0,0,0,desktop,Windows,United States,Florida,(direct),(none),0.0,1,1,session_only
28173788.8841618556,261441089,2020-12-29,1,0,0,0,0,0,mobile,Android,Italy,Apulia,(direct),(none),0.0,1,1,session_only
50624219.0956591017,6409876342,2021-01-21,1,1,0,0,0,0,desktop,Windows,United States,Iowa,<Other>,referral,0.0,2,2,view_item
9037794.0125204502,3063003155,2020-12-29,1,0,0,0,0,0,mobile,Android,Switzerland,Zurich,google,organic,0.0,1,1,session_only
6134557.2662121134,588560244,2020-11-18,1,1,1,1,1,1,mobile,Web,Nigeria,Lagos,google,organic,0.0,14,6,purchase
3656062.7172376657,1310236073,2021-01-25,1,1,1,1,1,1,mobile,Web,United States,Nevada,<Other>,organic,0.0,17,6,purchase
80341930.7692353978,3682502535,2020-12-29,1,0,0,0,0,0,mobile,Android,Israel,Center District,google,organic,0.0,1,1,session_only
18090632.8771492428,6924125760,2020-11-07,1,0,0,0,0,0,mobile,iOS,Indonesia,Jakarta,google,organic,0.0,1,1,session_only
4128655.8161402607,7059857821,2021-01-05,1,0,0,0,0,0,mobile,Android,Singapore,(not set),google,cpc,0.0,1,1,session_only
22913237.8922668300,634887668,2021-01-31,1,0,0,0,0,0,mobile,Web,Malaysia,Selangor,google,cpc,0.0,1,1,session_only
72051391.1367662488,2034405774,2021-01-21,1,0,0,0,0,0,desktop,Macintosh,Canada,Quebec,<Other>,<Other>,0.0,1,1,session_only
25743572.7526829262,4790770180,2020-12-29,1,0,0,0,0,0,desktop,Web,United States,New Jersey,google,organic,0.0,1,1,session_only
32204744.3925694866,1183007752,2021-01-14,1,0,0,0,0,0,desktop,Web,Vietnam,Ho Chi Minh City,(direct),(none),0.0,1,1,session_only
5753807587.6198096610,4567326791,2021-01-25,1,0,0,0,0,0,desktop,Web,India,Tamil Nadu,(direct),(none),0.0,1,1,session_only
2420798.4492731250,4912879643,2021-01-22,1,1,1,1,1,1,mobile,Web,South Korea,Seoul,shop.googlemerchandisestore.com,referral,169.12,50,6,purchase
49164627.3200736350,2728453938,2020-12-02,1,0,0,0,0,0,mobile,Android,United States,Wisconsin,<Other>,referral,0.0,1,1,session_only
64518131.1406594084,9444122390,2021-01-13,1,0,0,0,0,0,desktop,Web,India,Gujarat,(direct),(none),0.0,1,1,session_only
5802621.5314210454,8887332741,2020-12-16,1,0,0,0,0,0,desktop,Macintosh,India,Delhi,<Other>,<Other>,0.0,1,1,session_only
80916926.2053973945,49740749,2021-01-08,1,0,0,0,0,0,mobile,Web,United States,California,google,organic,0.0,1,1,session_only
85341998.3468194276,5199962368,2021-01-14,1,1,1,1,1,0,mobile,iOS,India,Telangana,(data deleted),(data deleted),0.0,15,5,add_payment
16796581.6194584084,197618205,2020-12-26,1,0,0,0,0,0,mobile,iOS,United States,Massachusetts,shop.googlemerchandisestore.com,referral,0.0,1,1,session_only
2298657.2118304279,6333425305,2020-11-27,1,0,0,0,1,0,tablet,Web,United States,Illinois,shop.googlemerchandisestore.com,referral,0.0,3,5,add_payment
9637918.7897370046,3827406752,2020-11-04,1,0,0,0,0,0,desktop,Web,United States,Virginia,(direct),(none),0.0,1,1,session_only
90960168.5474018737,5614116178,2021-01-29,1,0,0,0,0,0,mobile,Web,France,Ile-de-France,(direct),(none),0.0,1,1,session_only
40724196.1804794551,303858713,2020-12-31,1,0,0,0,0,0,desktop,Windows,United States,Texas,google,organic,0.0,1,1,session_only
1915112.3520066455,4450327442,2021-01-07,1,1,0,0,0,0,mobile,Android,South Korea,Seoul,shop.googlemerchandisestore.com,referral,0.0,2,2,view_item
40601050.4286270181,4282772200,2020-12-29,1,1,0,0,0,0,mobile,Web,United States,Tennessee,google,organic,0.0,5,2,view_item
9009814.8468082190,8120956719,2021-01-05,1,0,0,0,0,0,mobile,iOS,United Kingdom,England,(direct),(none),0.0,1,1,session_only
57235037.7853728009,9888363536,2020-11-01,1,0,0,0,0,0,desktop,Web,United States,California,shop.googlemerchandisestore.com,referral,0.0,1,1,session_only
5763013.2843145050,7224510504,2020-12-08,1,0,0,0,0,0,desktop,Windows,United States,California,(direct),(none),0.0,1,1,session_only
17643938.8477557537,8002738833,2020-11-16,1,0,0,0,0,0,desktop,Web,United States,Massachusetts,(data deleted),(data deleted),0.0,1,1,session_only
5535366.2884819137,7450123003,2021-01-29,1,1,1,0,0,0,desktop,Web,Ireland,County Cork,<Other>,<Other>,0.0,6,3,add_to_cart
60478362.4199995918,9777205520,2020-12-29,1,0,0,0,0,0,desktop,Macintosh,Taiwan,Taoyuan City,(direct),(none),0.0,1,1,session_only
3089724.5509019056,1087090156,2020-11-06,1,0,0,0,0,0,tablet,Web,(not set),(not set),(direct),(none),0.0,1,1,session_only
8551224.7185075727,6684859650,2020-12-26,1,0,0,0,0,0,mobile,Web,Spain,Catalonia,<Other>,referral,0.0,1,1,session_only
47515634.0452819199,4733098656,2020-12-02,1,1,1,1,1,1,desktop,Windows,Canada,Ontario,google,organic,211.2,33,6,purchase
5118167.2731595773,1697680106,2020-11-06,1,1,0,1,1,1,desktop,Web,United States,Maryland,google,organic,54.6,26,6,purchase
15955801.2114047515,8404709897,2020-12-02,1,1,1,1,0,0,desktop,Web,Netherlands,North Holland,(direct),(none),0.0,17,4,begin_checkout
5520916.2190904037,6557795974,2021-01-01,1,0,0,0,0,0,mobile,Web,United States,Texas,google,organic,0.0,1,1,session_only
91568801.0009715449,3123450500,2021-01-07,1,0,0,0,0,0,desktop,Web,France,Pays de la Loire,(direct),(none),0.0,1,1,session_only
27781494.6924141431,969460229,2021-01-18,1,0,0,0,0,0,desktop,Web,Oman,Muscat Governorate,(direct),(none),0.0,1,1,session_only
9480719726.2693798543,1219021549,2020-12-02,1,0,0,0,0,0,mobile,Web,Germany,Baden-Wurttemberg,<Other>,referral,0.0,1,1,session_only
47436832.3847233564,5874368008,2020-11-18,1,0,0,0,0,0,desktop,Web,United States,Maryland,google,organic,0.0,1,1,session_only
24995829.8037138753,8976758831,2021-01-21,1,1,0,0,0,0,desktop,Web,India,Bihar,(direct),(none),0.0,2,2,view_item
3098302.0062773755,523271250,2021-01-14,1,1,1,1,1,1,desktop,<Other>,Canada,Quebec,(direct),(none),0.0,22,6,purchase
69988426.3064434017,3747129594,2020-12-31,1,0,0,0,0,0,mobile,Web,United States,Michigan,<Other>,organic,0.0,1,1,session_only
34000496.8907234879,2658424889,2021-01-13,1,0,0,0,0,0,desktop,Web,Colombia,Antioquia,<Other>,referral,0.0,1,1,session_only
7705117.6475318290,6855530470,2020-11-01,1,0,0,0,0,0,desktop,Web,United States,Texas,<Other>,referral,0.0,1,1,session_only
6948543.1208382145,9414553248,2021-01-31,1,0,0,0,0,0,desktop,Windows,(not set),(not set),(direct),(none),0.0,1,1,session_only
1738932.2156155548,1563506352,2020-11-16,1,1,0,0,0,0,desktop,Web,Japan,Tokyo,<Other>,organic,0.0,2,2,view_item
61870781.2174044019,9082986329,2021-01-05,1,0,0,0,0,0,mobile,iOS,Peru,(not set),google,organic,0.0,1,1,session_only
25217382.4907035091,4061459293,2021-01-05,1,1,0,0,0,0,mobile,Android,Turkey,Antalya,google,organic,0.0,2,2,view_item
7528628.4608806903,3672494496,2020-11-09,1,1,0,1,1,1,mobile,Android,Japan,Kanagawa,(direct),(none),87.2,14,6,purchase
4376829.5724821918,1154902893,2021-01-01,1,0,0,0,0,0,mobile,iOS,United States,Washington,google,organic,0.0,1,1,session_only
50155670.5328478185,1069572227,2020-12-08,1,0,0,0,0,0,desktop,Web,United States,New Jersey,(direct),(none),0.0,1,1,session_only
42158550.8948427587,9924324877,2020-12-24,1,0,0,0,0,0,desktop,Web,Canada,British Columbia,<Other>,<Other>,0.0,1,1,session_only
10905693.2254980815,6282997342,2020-11-14,1,1,0,1,1,1,mobile,Web,Chile,(not set),<Other>,referral,0.0,11,6,purchase
21808735.7734733575,6484591966,2020-12-13,1,0,0,0,0,0,desktop,Windows,India,Uttar Pradesh,(direct),(none),0.0,1,1,session_only
37637388.6247220983,1032352887,2020-11-06,1,1,0,0,0,0,mobile,Web,United States,Missouri,(direct),(none),0.0,3,2,view_item
6510292107.1071115432,1026284757,2020-12-16,1,0,0,0,0,0,desktop,Macintosh,United States,(not set),(data deleted),(data deleted),0.0,1,1,session_only
90179476.2136263119,2828175162,2021-01-01,1,0,0,0,0,0,desktop,Web,Israel,Center District,google,organic,0.0,1,1,session_only
8463280.9981874050,5072471316,2020-12-31,1,0,0,0,0,0,desktop,Web,Germany,Hessen,(direct),(none),0.0,1,1,session_only
79200268.3503117596,3241682075,2020-11-21,1,0,0,0,0,0,mobile,Web,United States,North Carolina,(direct),(none),0.0,1,1,session_only
9005238.9483288505,9825361105,2021-01-22,1,1,0,0,0,0,desktop,Macintosh,India,Uttarakhand,(data deleted),(data deleted),0.0,3,2,view_item
67663640.1925945424,9054576656,2021-01-14,1,0,0,0,0,0,mobile,iOS,India,Haryana,<Other>,referral,0.0,1,1,session_only
6475312622.9694257877,6920315065,2020-12-05,1,1,0,0,0,0,mobile,Web,United States,Oklahoma,<Other>,<Other>,0.0,2,2,view_item
79004783.0153142183,3104846872,2020-12-08,1,0,0,0,0,0,mobile,Android,United Kingdom,England,google,cpc,0.0,1,1,session_only
62298386.0408137175,6076722912,2020-12-30,1,1,0,0,0,0,desktop,Web,Taiwan,Taipei City,(data deleted),(data deleted),0.0,2,2,view_item
48254585.3110812507,3733264221,2020-12-26,1,0,0,0,0,0,desktop,Web,United States,Minnesota,<Other>,<Other>,0.0,1,1,session_only
56863534.6116154634,7895922793,2021-01-11,1,0,0,0,0,0,mobile,Web,United States,Washington,google,cpc,0.0,1,1,session_only
6353188.8227583103,5156679789,2020-11-03,1,0,0,0,0,0,mobile,Web,Singapore,(not set),google,organic,0.0,1,1,session_only
2168587.8193276376,7527146415,2020-11-14,1,0,0,0,0,0,desktop,Web,Taiwan,Taipei City,(data deleted),(data deleted),0.0,1,1,session_only
6002026.3749265967,8629519341,2021-01-02,1,1,0,0,0,0,mobile,Web,United States,Michigan,google,cpc,0.0,2,2,view_item
6595525.5349438558,8523587524,2021-01-28,1,0,0,0,0,0,mobile,Web,Czechia,Prague,<Other>,<Other>,0.0,1,1,session_only
4823363.7807252473,8102954320,2020-11-18,1,0,0,0,0,0,mobile,Web,Canada,Quebec,shop.googlemerchandisestore.com,referral,0.0,1,1,session_only
2505960.6165786921,3214423609,2021-01-30,1,0,0,0,0,0,desktop,Web,India,West Bengal,<Other>,referral,0.0,1,1,session_only
23761519.9043529493,9078169678,2020-12-10,1,1,1,1,1,1,mobile,Android,United States,Massachusetts,(direct),(none),0.0,56,6,purchase
1484257.8052292428,9813377016,2021-01-31,1,0,0,0,0,0,desktop,Web,Italy,Emilia-Romagna,(direct),(none),0.0,1,1,session_only
6381958.9603508371,1491400141,2021-01-13,1,0,0,0,0,0,mobile,Web,Argentina,(not set),google,organic,0.0,1,1,session_only
30722025.0159475730,2239539179,2021-01-13,1,0,0,0,0,0,mobile,Web,Tunisia,Tunis,google,organic,0.0,1,1,session_only
48517782.6581183636,6144091071,2020-11-06,1,1,0,1,1,1,desktop,Web,United States,California,<Other>,referral,89.6,8,6,purchase
67671622.1485766384,5141220817,2020-12-21,1,0,0,0,0,0,mobile,iOS,India,Karnataka,google,organic,0.0,1,1,session_only
4751819.8942322810,8883701762,2020-11-18,1,1,0,0,0,0,desktop,Web,Canada,Ontario,(data deleted),(data deleted),0.0,2,2,view_item
2773889.3043972604,6578341660,2021-01-03,1,0,0,0,0,0,desktop,Windows,United States,California,shop.googlemerchandisestore.com,referral,0.0,1,1,session_only
5776279.7739733834,9843015421,2020-11-29,1,1,1,1,0,0,mobile,Android,United States,Illinois,google,organic,0.0,17,4,begin_checkout
74652962.4372743359,1806366036,2021-01-06,1,0,0,0,0,0,desktop,Web,Spain,(not set),<Other>,referral,0.0,1,1,session_only
5194588.6033200781,7198853447,2020-11-02,1,0,0,0,0,0,mobile,Web,Canada,New Brunswick,<Other>,referral,0.0,1,1,session_only
86240573.8889700928,9649650449,2020-11-09,1,0,0,0,0,0,desktop,Web,Spain,Catalonia,google,cpc,0.0,1,1,session_only
16365387.6680359409,949490997,2021-01-23,1,0,0,0,0,0,desktop,Web,United States,Minnesota,<Other>,referral,0.0,1,1,session_only
74218070.1124498486,4176134530,2020-11-07,1,0,0,0,0,0,desktop,Macintosh,South Korea,Seoul,<Other>,referral,0.0,1,1,session_only
30168866.4762200152,790267190,2020-11-04,1,1,0,1,1,0,mobile,Web,Canada,Nova Scotia,(data deleted),(data deleted),0.0,7,5,add_payment
32286348.4515867713,8813942639,2021-01-28,1,1,0,0,0,0,desktop,Windows,United States,Florida,google,organic,0.0,4,2,view_item
7029390.5116695017,7249114245,2021-01-26,1,0,0,0,0,0,mobile,Web,United States,Ohio,google,cpc,0.0,1,1,session_only
7374370.8373259493,5981922421,2020-11-29,1,0,0,0,0,0,mobile,Android,United States,Texas,(direct),(none),0.0,1,1,session_only
74420341.8632955588,409455622,2020-12-06,1,1,0,0,0,0,desktop,Web,France,Nouvelle-Aquitaine,<Other>,(data deleted),0.0,2,2,view_item
20849495.8331408924,7671418529,2021-01-31,1,0,0,0,0,0,desktop,Web,Canada,Ontario,shop.googlemerchandisestore.com,referral,0.0,1,1,session_only
7959356034.0060235956,5301758743,2021-01-28,1,1,0,0,0,0,desktop,Web,India,Delhi,google,organic,0.0,2,2,view_item
4298288178.7454493938,6652855149,2020-11-09,1,0,0,0,0,0,tablet,Android,Canada,Ontario,(direct),(none),0.0,1,1,session_only
22565010.3213019734,2749404632,2021-01-02,1,0,0,0,0,0,mobile,Android,United States,Texas,<Other>,<Other>,0.0,1,1,session_only
22192791.4413685659,666448114,2020-11-01,1,1,0,0,0,0,desktop,Web,(not set),(not set),<Other>,<Other>,0.0,2,2,view_item
77637054.0215352743,7033170860,2021-01-15,1,1,1,1,1,1,mobile,iOS,United States,Texas,google,organic,0.0,49,6,purchase
6658934.7541454491,6537304804,2020-11-13,1,0,0,0,0,0,desktop,Web,United States,California,<Other>,referral,0.0,1,1,session_only
22841874.3162724576,6184166636,2020-12-25,1,0,0,0,0,0,desktop,Web,Germany,Schleswig-Holstein,<Other>,organic,0.0,1,1,session_only
767777044.3375796576,1898309135,2020-12-16,1,0,0,0,0,0,mobile,Web,Netherlands,South Holland,<Other>,<Other>,0.0,1,1,session_only
6608789.7434285737,8141642966,2021-01-28,1,1,0,0,0,0,desktop,<Other>,Bangladesh,(not set),(direct),(none),0.0,4,2,view_item
57794287.2676651071,7926363614,2021-01-16,1,0,0,0,0,0,mobile,Android,United States,Indiana,google,organic,0.0,1,1,session_only
37764359.3299129550,8954352709,2021-01-24,1,0,0,0,0,0,mobile,Web,India,Tamil Nadu,google,organic,0.0,1,1,session_only
7973927.9165680256,716355445,2021-01-29,1,0,0,0,0,0,desktop,Web,United States,New York,google,organic,0.0,1,1,session_only
1692830.9662668541,2967812795,2021-01-18,1,1,0,0,0,0,desktop,Web,United States,Maryland,<Other>,referral,0.0,2,2,view_item
15197026.1981655770,3237574634,2020-12-28,1,0,0,0,0,0,desktop,Macintosh,Jordan,Amman Governorate,(direct),(none),0.0,1,1,session_only
39097104.0677009598,3309606426,2020-12-08,1,0,0,0,0,0,desktop,Macintosh,United States,Florida,google,organic,0.0,1,1,session_only
7964603.9950165780,8259536164,2021-01-23,1,0,0,0,0,0,desktop,Web,Thailand,(not set),google,organic,0.0,1,1,session_only
7058379.8381092917,3001726966,2021-01-08,1,0,0,0,0,0,desktop,Macintosh,United States,Florida,(direct),(none),0.0,1,1,session_only
24051998.6799144387,5553273980,2020-12-16,1,1,1,1,1,1,mobile,Android,Canada,Ontario,(data deleted),(data deleted),97.6,9,6,purchase
5742727.1970185509,6107367271,2020-11-08,1,0,0,0,0,0,mobile,Web,United States,Virginia,google,organic,0.0,1,1,session_only
71676593.4873512234,5601449423,2021-01-18,1,0,0,0,0,0,mobile,iOS,India,Maharashtra,(direct),(none),0.0,1,1,session_only
6589948.8301946390,9206151909,2020-12-13,1,1,1,0,0,0,mobile,Web,Canada,British Columbia,google,organic,0.0,15,3,add_to_cart
8506838.9954947243,4350388439,2021-01-13,1,0,0,0,0,0,desktop,Web,Spain,Madrid,(direct),(none),0.0,1,1,session_only
9535329.9995156605,6388876210,2021-01-10,1,0,0,0,0,0,mobile,Web,United States,Missouri,google,organic,0.0,1,1,session_only
86883123.7988400344,7780642206,2021-01-04,1,0,0,0,0,0,tablet,iOS,Portugal,(not set),(direct),(none),0.0,1,1,session_only
11485054.6447305530,670130067,2021-01-25,1,0,0,0,0,0,desktop,Windows,Spain,Valencian Community,(direct),(none),0.0,1,1,session_only
92018615.8988788336,7610773616,2020-12-16,1,1,0,0,0,0,desktop,Web,India,Uttar Pradesh,google,organic,0.0,2,2,view_item
4721566.7216229680,9143866893,2020-11-06,1,0,0,0,0,0,desktop,Web,India,Uttar Pradesh,google,organic,0.0,1,1,session_only
3458244.9736039556,1365035449,2020-12-28,1,0,0,0,0,0,desktop,Web,United States,New Jersey,(direct),(none),0.0,1,1,session_only
26562869.3793262882,3795992556,2021-01-07,1,0,0,0,0,0,mobile,iOS,Taiwan,Taipei City,<Other>,organic,0.0,1,1,session_only
59304688.2503711410,5264406056,2021-01-01,1,0,0,0,0,0,mobile,Web,Japan,Tokyo,(direct),(none),0.0,1,1,session_only
29011229.2628324610,8309915938,2021-01-28,1,0,0,0,0,0,desktop,Windows,United States,New York,(direct),(none),0.0,1,1,session_only
69831778.2116244072,3894005564,2021-01-16,1,0,0,0,0,0,desktop,Macintosh,United States,California,<Other>,referral,0.0,1,1,session_only
83295967.3149275616,5312324869,2021-01-30,1,0,0,0,0,0,mobile,Web,India,Tamil Nadu,<Other>,organic,0.0,1,1,session_only
51548863.3064682813,4580227899,2020-12-06,1,0,0,0,0,0,mobile,Android,Canada,Manitoba,<Other>,<Other>,0.0,1,1,session_only
48042872.3677582901,8876051573,2021-01-29,1,0,0,0,0,0,desktop,Web,United States,New York,<Other>,<Other>,0.0,1,1,session_only
9021987.3667538417,1514398473,2020-11-03,1,0,0,0,0,0,desktop,Windows,India,Telangana,<Other>,organic,0.0,1,1,session_only
41793009.9895143410,6930075496,2020-12-21,1,0,0,0,0,0,desktop,Windows,United States,Massachusetts,(data deleted),(data deleted),0.0,1,1,session_only
4415452.2438889956,8112188264,2020-11-03,1,1,0,0,0,0,mobile,Android,United States,Kentucky,(direct),(none),0.0,2,2,view_item
82465297.0155708835,8554859779,2021-01-31,1,0,0,0,0,0,desktop,Web,India,Bihar,(direct),(none),0.0,1,1,session_only
1821211.3118354969,3222166985,2021-01-25,1,0,0,0,0,0,mobile,Web,Israel,Center District,google,organic,0.0,1,1,session_only
26661028.3315613037,7110132013,2020-12-05,1,1,1,1,1,1,mobile,Web,Belgium,Wallonia,<Other>,referral,119.2,42,6,purchase
50080187.2594871449,926286511,2020-12-16,1,1,0,0,0,0,mobile,Android,Taiwan,Taoyuan City,google,organic,0.0,9,2,view_item
62214798.8678990253,2367803906,2021-01-24,1,0,0,0,0,0,mobile,Android,India,Karnataka,(direct),(none),0.0,1,1,session_only
12298323.1947894958,4756821923,2021-01-30,1,1,1,0,0,0,desktop,Web,Philippines,Metro Manila,(direct),(none),0.0,5,3,add_to_cart
19160186.6495858118,3263875700,2020-11-18,1,0,0,0,0,0,mobile,iOS,United States,Texas,<Other>,referral,0.0,1,1,session_only
8174650.3231261607,4300711644,2021-01-07,1,1,0,0,0,0,desktop,Windows,(not set),(not set),<Other>,<Other>,0.0,15,2,view_item
43156943.3185535441,3887014162,2021-01-26,1,1,0,0,0,0,mobile,Web,India,Delhi,google,organic,0.0,3,2,view_item
84685660.7453986259,4150008291,2021-01-31,1,1,1,0,0,0,mobile,Web,China,Shanghai,(direct),(none),0.0,4,3,add_to_cart
9160421.4662865167,7703209343,2020-11-18,1,0,0,0,0,0,mobile,Web,Hong Kong,(not set),<Other>,referral,0.0,1,1,session_only
1706303.8334925298,7089442072,2020-12-16,1,0,0,0,0,0,desktop,Web,France,Auvergne-Rhone-Alpes,google,organic,0.0,1,1,session_only
6732120.5410773383,5879010731,2020-12-13,1,0,0,0,0,0,mobile,Web,United States,Georgia,(direct),(none),0.0,1,1,session_only
2623941.4388776138,7776226315,2020-11-08,1,0,0,0,0,0,mobile,Android,United States,Texas,(data deleted),(data deleted),0.0,1,1,session_only
85907940.9899646176,2676969227,2020-11-12,1,0,0,0,0,0,mobile,Web,Italy,Tuscany,google,organic,0.0,1,1,session_only
8964473.7075713317,2411178869,2020-11-14,1,0,0,0,0,0,mobile,Web,Brazil,State of Minas Gerais,google,organic,0.0,1,1,session_only
78385295.4471318902,210399863,2021-01-17,1,0,0,0,0,0,desktop,Web,United States,North Dakota,google,organic,0.0,1,1,session_only
92168743.6321842248,2413185356,2020-11-09,1,0,0,0,0,0,desktop,Macintosh,Egypt,(not set),(direct),(none),0.0,1,1,session_only
89105482.2357861363,3852192954,2020-11-09,1,0,0,0,0,0,desktop,Web,Japan,Tokyo,google,organic,0.0,1,1,session_only
87313814.4514491938,5053551920,2020-12-08,1,0,0,0,0,0,mobile,iOS,United States,Illinois,(direct),(none),0.0,1,1,session_only
5116528.9629425602,1697597603,2021-01-25,1,0,0,0,0,0,desktop,Macintosh,India,West Bengal,<Other>,referral,0.0,1,1,session_only
5086597.9967292049,3918768084,2021-01-05,1,0,0,0,0,0,desktop,Web,United States,Illinois,(data deleted),(data deleted),0.0,1,1,session_only
8971490.8930972590,8135462718,2020-11-12,1,0,0,0,0,0,desktop,Macintosh,Hong Kong,(not set),google,organic,0.0,1,1,session_only
4262947.4409374366,6059174071,2020-12-10,1,1,1,0,0,0,desktop,Web,United States,California,<Other>,<Other>,0.0,5,3,add_to_cart
57688413.6299324026,9755045855,2021-01-15,1,0,0,0,0,0,desktop,Web,Spain,Catalonia,google,organic,0.0,1,1,session_only
7167448754.3335352574,5767662341,2020-11-22,1,0,0,0,0,0,desktop,Web,United States,New Jersey,google,organic,0.0,1,1,session_only
33159353.0174060244,6168577405,2020-11-09,1,0,0,0,0,0,desktop,Windows,United States,California,google,cpc,0.0,1,1,session_only
84157842.6576745008,9410803543,2020-12-06,1,0,0,0,0,0,mobile,Web,United States,(not set),google,organic,0.0,1,1,session_only
17259216.9977797003,280797993,2020-12-13,1,0,0,0,0,0,desktop,Macintosh,Mexico,Mexico City,<Other>,<Other>,0.0,1,1,session_only
8956720.5408086176,4302656717,2021-01-06,1,0,0,0,0,0,desktop,Windows,Singapore,(not set),google,organic,0.0,1,1,session_only
82492903.2210496874,8412568699,2021-01-15,1,0,0,0,0,0,desktop,Web,France,Occitanie,(direct),(none),0.0,1,1,session_only
73855842.4411541114,5636299147,2021-01-22,1,0,0,0,0,0,mobile,iOS,United States,California,<Other>,referral,0.0,1,1,session_only
2036193.3456720963,2461864849,2020-12-20,1,0,0,0,0,0,mobile,iOS,United States,Illinois,google,organic,0.0,1,1,session_only
81557535.8263816503,1726601980,2021-01-02,1,0,0,0,0,0,desktop,Windows,Canada,Ontario,shop.googlemerchandisestore.com,referral,0.0,1,1,session_only
47674317.3808004879,3037610129,2021-01-30,1,1,0,0,0,0,desktop,Web,France,Ile-de-France,shop.googlemerchandisestore.com,referral,0.0,2,2,view_item
18017052.8359100402,9032257662,2020-11-29,1,0,0,0,0,0,desktop,Macintosh,France,Ile-de-France,<Other>,referral,0.0,1,1,session_only
50805440.8488066824,9453488490,2021-01-10,1,1,1,1,1,1,desktop,Web,Poland,Greater Poland Voivodeship,(direct),(none),131.2,15,6,purchase
2313988.6915266729,1227986470,2021-01-10,1,1,1,0,0,0,desktop,Web,Peru,(not set),(direct),(none),0.0,38,3,add_to_cart
7658977398.4223757497,6064541657,2021-01-30,1,0,0,0,0,0,mobile,Web,United States,Tennessee,(direct),(none),0.0,1,1,session_only
2990218.2594787542,6991066007,2020-12-10,1,0,0,0,0,0,mobile,iOS,Mexico,Guanajuato,(data deleted),(data deleted),0.0,1,1,session_only
11125282.0552594757,1609938273,2020-11-14,1,1,0,0,0,0,desktop,Web,United States,Ohio,<Other>,referral,0.0,3,2,view_item
1001303.4827739208,414539895,2021-01-06,1,1,0,0,0,0,desktop,Web,United States,Texas,(direct),(none),0.0,9,2,view_item
3285165.3804446035,2693880945,2020-11-16,1,0,0,0,0,0,desktop,<Other>,United States,California,(direct),(none),0.0,1,1,session_only
51999989.1339568685,3980341618,2021-01-21,1,0,0,0,0,0,desktop,Web,United States,Pennsylvania,shop.googlemerchandisestore.com,referral,0.0,1,1,session_only
42132335.2507497949,4430472130,2021-01-23,1,0,0,0,0,0,desktop,Web,India,Madhya Pradesh,shop.googlemerchandisestore.com,referral,0.0,1,1,session_only
41074384.6453239211,5924971821,2020-12-02,1,1,1,1,1,1,mobile,iOS,United States,Florida,google,cpc,94.4,25,6,purchase
36612494.9549677962,9286266711,2021-01-24,1,0,0,0,0,0,desktop,Macintosh,United States,Hawaii,google,organic,0.0,1,1,session_only
80009229.4844942204,1015215569,2020-11-15,1,0,0,0,0,0,desktop,Windows,United States,California,<Other>,<Other>,0.0,1,1,session_only
5584076.8638837915,3243966335,2021-01-29,1,0,0,0,0,0,mobile,iOS,Morocco,(not set),google,organic,0.0,1,1,session_only
2103444667.4948116922,4259989414,2021-01-10,1,0,0,0,0,0,mobile,Android,United States,Oklahoma,(direct),(none),0.0,1,1,session_only
40043924.9169178490,5394880606,2020-12-29,1,0,0,0,0,0,desktop,Windows,United States,Texas,shop.googlemerchandisestore.com,referral,0.0,1,1,session_only
90758423.3249599999,4064606207,2020-11-08,1,0,0,0,0,0,mobile,Web,Canada,Ontario,(direct),(none),0.0,1,1,session_only
6140578.4618577279,8486533489,2021-01-04,1,0,0,0,0,0,desktop,Web,Brazil,State of Minas Gerais,google,organic,0.0,1,1,session_only
2219528.4549991208,6828478038,2021-01-26,1,0,0,0,0,0,desktop,Windows,Spain,Valencian Community,shop.googlemerchandisestore.com,referral,0.0,1,1,session_only
6828803.5902888983,8818073905,2021-01-22,1,0,0,0,0,0,desktop,Macintosh,Canada,Ontario,<Other>,<Other>,0.0,1,1,session_only
4969567.4031153928,3892443436,2020-11-08,1,0,0,0,0,0,desktop,Web,Switzerland,(not set),google,organic,0.0,1,1,session_only
2577151.7727464347,7357211610,2020-11-07,1,0,0,0,0,0,desktop,Windows,China,Beijing,google,organic,0.0,1,1,session_only
6713952.2082139432,4676052442,2021-01-13,1,0,0,0,0,0,mobile,Android,(not set),(not set),<Other>,<Other>,0.0,1,1,session_only
33011043.2972126114,9773967156,2021-01-18,1,0,0,0,0,0,desktop,Macintosh,United States,North Carolina,(direct),(none),0.0,1,1,session_only
40647692.4646530265,5412326836,2020-11-18,1,0,0,0,0,0,mobile,Web,United States,Ohio,(direct),(none),0.0,1,1,session_only
84992058.8515123571,3674076930,2020-11-18,1,1,1,0,0,0,mobile,Web,Russia,Moscow,<Other>,<Other>,0.0,7,3,add_to_cart
71809975.4018361961,9357141962,2020-12-16,1,0,0,0,0,0,mobile,Android,United States,California,(direct),(none),0.0,1,1,session_only
44213874.7199503071,3096920130,2020-11-15,1,0,0,0,0,0,mobile,iOS,Netherlands,South Holland,shop.googlemerchandisestore.com,referral,0.0,1,1,session_only
42072353.3932366506,3855596242,2020-11-09,1,0,0,0,0,0,mobile,Web,United States,Utah,google,organic,0.0,1,1,session_only
35109436.2482246216,3650928480,2021-01-13,1,0,0,0,0,0,mobile,Web,United Arab Emirates,Dubai,google,organic,0.0,1,1,session_only
3339711.9119812125,1798576224,2021-01-24,1,0,0,0,0,0,desktop,Web,United States,Texas,<Other>,organic,0.0,1,1,session_only
9029010.8049284962,5641540310,2021-01-26,1,1,1,0,0,0,desktop,Web,United Kingdom,England,(data deleted),(data deleted),0.0,14,3,add_to_cart
5686154.7174932299,9130671821,2020-12-25,1,0,0,0,0,0,mobile,Android,United States,California,google,organic,0.0,1,1,session_only
5183615.0585496477,6396609192,2020-12-29,1,0,0,0,0,0,mobile,Android,Canada,Quebec,(data deleted),(data deleted),0.0,1,1,session_only
5617634.5410303461,9590982711,2020-12-10,0,1,0,0,0,0,desktop,Windows,South Korea,Busan,shop.googlemerchandisestore.com,referral,0.0,1,2,view_item
75431201.7033172843,5127732255,2021-01-10,1,0,0,0,0,0,tablet,iOS,United States,West Virginia,<Other>,referral,0.0,1,1,session_only
90525754.8380770617,9737755779,2020-12-06,1,0,0,0,0,0,mobile,iOS,Canada,Nova Scotia,<Other>,organic,0.0,1,1,session_only
84868240.4309852777,8287081599,2020-11-16,1,1,1,1,1,1,desktop,Web,France,Auvergne-Rhone-Alpes,<Other>,<Other>,58.32,22,6,purchase
66059245.8515537736,8449459238,2020-12-28,1,0,0,0,0,0,desktop,Web,Taiwan,Taipei City,(direct),(none),0.0,1,1,session_only
2689361.0389768864,8153050647,2021-01-04,1,0,0,0,0,0,desktop,Web,Spain,Catalonia,<Other>,referral,0.0,1,1,session_only
3193679.0282666132,4423144670,2021-01-01,1,0,0,0,0,0,desktop,Windows,United States,Maryland,google,organic,0.0,1,1,session_only
4972069.2238232633,4804040346,2020-11-16,1,1,0,0,0,0,mobile,Android,United States,Massachusetts,google,organic,0.0,2,2,view_item
1620024.8966870933,8365675094,2021-01-01,1,0,0,0,0,0,desktop,Web,South Africa,Western Cape,(data deleted),(data deleted),0.0,1,1,session_only
19117333.1761276022,2487052517,2021-01-25,1,0,0,0,0,0,desktop,Web,India,West Bengal,google,organic,0.0,1,1,session_only
4142001.1259803751,8842370780,2020-11-12,1,1,0,1,1,1,mobile,iOS,United States,Indiana,google,cpc,162.4,26,6,purchase
64846097.2247732845,6993958336,2021-01-28,1,1,1,1,1,1,mobile,Web,South Korea,Seoul,(direct),(none),0.0,39,6,purchase
9029010.8049284962,3500683648,2020-12-25,1,1,0,0,0,0,mobile,Web,United Kingdom,England,shop.googlemerchandisestore.com,referral,0.0,3,2,view_item
90358643.0068886234,9057911970,2020-12-29,1,0,0,0,0,0,desktop,Web,United Arab Emirates,Dubai,google,organic,0.0,1,1,session_only
1324314.5479411336,1033005945,2020-12-25,1,0,0,0,0,0,desktop,Web,United States,Oklahoma,google,organic,0.0,1,1,session_only
33614010.4947584402,7879102516,2020-12-02,1,0,0,0,0,0,desktop,Web,United States,Texas,google,organic,0.0,1,1,session_only
3950326.4411642875,6115445574,2021-01-17,1,0,0,0,0,0,desktop,Macintosh,United States,Texas,<Other>,<Other>,0.0,1,1,session_only
81740842.5036897672,5543562465,2020-11-18,1,0,0,0,0,0,desktop,Macintosh,United States,Texas,<Other>,organic,0.0,1,1,session_only
17251742.8145259555,1336570576,2020-11-22,1,0,0,0,0,0,desktop,Web,India,Karnataka,shop.googlemerchandisestore.com,referral,0.0,1,1,session_only
8766418.8173303150,1478147106,2020-11-08,1,0,0,0,0,0,desktop,Web,United States,Georgia,google,organic,0.0,1,1,session_only
6700821.5682986838,6113412185,2020-11-07,1,0,0,0,0,0,mobile,Android,United States,California,<Other>,<Other>,0.0,1,1,session_only
2380475.2520053671,9742177993,2020-11-18,1,0,0,0,0,0,desktop,Windows,United States,Ohio,<Other>,<Other>,0.0,1,1,session_only
8638969.1233846968,3286655248,2021-01-08,1,0,0,0,0,0,desktop,Web,United States,Missouri,(direct),(none),0.0,1,1,session_only
5815150.1350058947,2910485048,2020-11-27,1,0,0,0,0,0,desktop,Web,United States,North Carolina,google,organic,0.0,1,1,session_only
5017659.9717840238,3651951170,2020-12-08,1,0,0,0,0,0,desktop,<Other>,United States,Illinois,(direct),(none),0.0,1,1,session_only
2518226.0111375367,466034678,2021-01-23,1,1,1,0,0,0,desktop,Windows,Russia,Moscow,google,organic,0.0,4,3,add_to_cart
71198366.0192252448,7836632567,2021-01-06,1,1,0,0,0,0,desktop,Macintosh,Taiwan,Tainan City,(direct),(none),0.0,3,2,view_item
18896108.8880689216,1184916893,2020-12-24,1,0,0,0,0,0,desktop,Web,Romania,(not set),(direct),(none),0.0,1,1,session_only
81042175.2474201823,5436115353,2021-01-29,1,0,0,0,0,0,desktop,Web,India,Maharashtra,google,organic,0.0,1,1,session_only
6238564.7936229340,2721429477,2021-01-30,1,0,0,0,0,0,mobile,Web,United Kingdom,England,<Other>,<Other>,0.0,1,1,session_only
90013524.5383461164,6208968020,2021-01-16,1,0,0,0,0,0,desktop,<Other>,Canada,British Columbia,<Other>,<Other>,0.0,1,1,session_only
87876014.5352108321,8823557510,2020-11-16,1,0,0,0,0,0,mobile,Web,United States,Florida,(direct),(none),0.0,1,1,session_only
25844359.6893577704,4451082454,2020-12-31,1,0,0,0,0,0,mobile,Web,Greece,Attica,(data deleted),(data deleted),0.0,1,1,session_only
7964565.5418217899,228925971,2021-01-28,1,0,0,0,0,0,mobile,Web,United States,South Dakota,<Other>,<Other>,0.0,1,1,session_only
1464914.5201358970,6912159969,2021-01-15,1,1,0,0,0,0,mobile,Android,India,Rajasthan,google,organic,0.0,2,2,view_item
3119339.9819684998,9524091852,2020-11-27,1,0,0,0,0,0,mobile,Web,Spain,Basque Country,(direct),(none),0.0,1,1,session_only
84148070.1077725222,8633085494,2020-11-29,1,0,0,0,0,0,mobile,Web,Germany,North Rhine-Westphalia,google,organic,0.0,1,1,session_only
2119739.1670732304,9535138264,2021-01-03,1,0,0,0,0,0,desktop,Web,United States,California,google,organic,0.0,1,1,session_only
4787719.5208392231,590262932,2020-12-16,1,0,0,0,0,0,mobile,Web,United States,Mississippi,(direct),(none),0.0,1,1,session_only
31825674.2113685011,3321654312,2020-11-09,1,1,0,0,0,0,desktop,Macintosh,Netherlands,North Holland,(direct),(none),0.0,3,2,view_item
3056927.8375951035,7591440056,2021-01-05,1,1,1,1,1,1,desktop,Web,United States,New York,<Other>,referral,60.8,19,6,purchase
5113210.1754303631,5394157444,2020-11-08,1,0,0,0,0,0,mobile,Web,United States,Kansas,<Other>,referral,0.0,1,1,session_only
4236605.5142255931,7886403271,2021-01-05,1,0,0,0,0,0,desktop,Windows,Australia,Victoria,google,organic,0.0,1,1,session_only
80262900.9302363877,2843568604,2021-01-04,1,0,0,0,0,0,mobile,Android,Belgium,Flanders,<Other>,referral,0.0,1,1,session_only
36758512.9690043916,8392718030,2020-11-15,1,0,0,0,0,0,mobile,Web,United States,Tennessee,google,cpc,0.0,1,1,session_only
36312070.7960130995,8929336196,2020-11-06,1,1,0,0,0,0,desktop,Web,United States,California,<Other>,referral,0.0,18,2,view_item
11664853.6954367590,7838594032,2020-12-13,1,0,0,0,0,0,desktop,Web,United States,Utah,<Other>,<Other>,0.0,1,1,session_only
5623136.3252663741,4763476906,2021-01-23,1,0,0,0,0,0,desktop,Web,United States,Mississippi,google,organic,0.0,1,1,session_only
11936733.6305705116,2707504102,2020-12-20,1,0,0,0,0,0,desktop,Windows,United States,California,google,organic,0.0,1,1,session_only
18494235.7555949062,9486883802,2020-12-21,1,0,0,0,0,0,desktop,Windows,(not set),(not set),(direct),(none),0.0,1,1,session_only
58229136.3372748410,6107927646,2021-01-17,1,1,0,0,0,0,desktop,Web,India,Maharashtra,google,organic,0.0,2,2,view_item
8781044.3302529390,3483457418,2020-12-10,1,0,0,0,0,0,mobile,iOS,United States,Virginia,google,cpc,0.0,1,1,session_only
77879416.5093269853,3721691375,2020-11-16,1,0,0,0,0,0,desktop,Web,United Kingdom,England,<Other>,<Other>,0.0,1,1,session_only
5534272633.0921899273,1477379347,2021-01-29,1,0,0,0,0,0,mobile,Web,United States,Mississippi,(direct),(none),0.0,1,1,session_only
13465279.7440170433,9471566624,2021-01-06,1,0,0,0,0,0,desktop,Web,Turkey,Istanbul,<Other>,<Other>,0.0,1,1,session_only
18913402.3901438170,8690602576,2021-01-03,1,0,0,0,0,0,desktop,Web,United States,Massachusetts,shop.googlemerchandisestore.com,referral,0.0,1,1,session_only
1469143.5943052883,5437014416,2020-11-27,1,0,0,0,0,0,desktop,Web,United States,California,<Other>,<Other>,0.0,1,1,session_only
21850652.7813956427,688856380,2021-01-14,1,0,0,0,0,0,desktop,Macintosh,Spain,Madrid,<Other>,<Other>,0.0,1,1,session_only
2145333.2630416755,2610957062,2020-11-18,1,0,0,0,0,0,mobile,Web,Spain,Catalonia,google,organic,0.0,1,1,session_only
56919105.6355492525,5735031431,2020-12-21,1,0,0,0,0,0,mobile,Android,United States,Massachusetts,google,organic,0.0,1,1,session_only
2522395.9366097847,1622032468,2021-01-13,1,0,0,0,0,0,desktop,Windows,Poland,Pomeranian Voivodeship,<Other>,referral,0.0,1,1,session_only
5953991.7463977930,2703425470,2021-01-25,1,1,0,0,0,0,desktop,Web,United States,Arizona,google,organic,0.0,2,2,view_item
1855251.2986366734,7387268547,2021-01-26,1,0,0,0,0,0,mobile,iOS,Sweden,Stockholm County,(direct),(none),0.0,1,1,session_only
6091663883.2360106588,6779129628,2021-01-05,1,0,0,0,0,0,desktop,Web,Turkey,Istanbul,(direct),(none),0.0,1,1,session_only
67156846.3099925342,9430435633,2020-11-12,1,1,0,0,0,0,desktop,Web,United States,New Jersey,shop.googlemerchandisestore.com,referral,0.0,2,2,view_item
8635426.6629727367,485475218,2021-01-26,1,1,0,0,0,0,mobile,iOS,New Zealand,(not set),<Other>,referral,0.0,2,2,view_item
84779364.1874549727,3742791427,2020-12-29,1,0,0,0,0,0,desktop,Web,Australia,Victoria,google,organic,0.0,1,1,session_only
12818518.8122521172,156713025,2020-12-06,1,0,0,0,0,0,mobile,iOS,United States,Maryland,shop.googlemerchandisestore.com,referral,0.0,1,1,session_only
47459498.9751209649,3440038664,2020-11-13,1,1,0,0,0,0,mobile,Android,South Korea,Gyeonggi-do,google,organic,0.0,8,2,view_item
90759078.9395698821,2609312108,2020-12-22,1,1,1,0,0,0,desktop,Web,United Kingdom,England,<Other>,<Other>,0.0,6,3,add_to_cart
6506713.6555067967,2112505667,2021-01-03,1,1,0,0,0,0,mobile,Web,United States,Florida,<Other>,<Other>,0.0,4,2,view_item
46220666.5016071467,2449896199,2021-01-13,1,0,0,0,0,0,mobile,Web,Canada,Alberta,google,organic,0.0,1,1,session_only
4903253.2900138534,1133223801,2020-11-27,1,0,0,0,0,0,desktop,Web,United States,California,(data deleted),(data deleted),0.0,1,1,session_only
1818145.0656710041,5625183252,2021-01-30,1,1,1,0,0,0,desktop,Macintosh,United States,California,<Other>,organic,0.0,3,3,add_to_cart
34700869.7918267156,1031841365,2020-12-08,1,0,0,0,0,0,desktop,Web,India,Uttar Pradesh,shop.googlemerchandisestore.com,referral,0.0,1,1,session_only
70529187.8717172318,3978172123,2021-01-18,1,0,0,0,0,0,desktop,Web,United States,Washington,google,organic,0.0,1,1,session_only
77604876.1414523140,2226781139,2021-01-23,1,1,0,0,0,0,desktop,Macintosh,Canada,Ontario,<Other>,referral,0.0,2,2,view_item
1226476.1714273543,990110670,2021-01-14,1,0,0,0,0,0,mobile,Web,India,(not set),shop.googlemerchandisestore.com,referral,0.0,1,1,session_only
2466769.6755837379,1868324016,2020-11-27,1,0,0,0,0,0,mobile,iOS,China,Zhejiang,google,organic,0.0,1,1,session_only
7307722.7547935735,3114074534,2020-11-09,1,0,0,0,0,0,desktop,Macintosh,United States,Texas,(direct),(none),0.0,1,1,session_only
51952717.8028484773,3642562150,2020-11-08,1,0,0,0,0,0,mobile,iOS,Chile,Santiago Metropolitan Region,<Other>,referral,0.0,1,1,session_only
45951462.3108837216,8684075817,2021-01-30,1,0,0,0,0,0,mobile,Web,United States,Florida,google,organic,0.0,1,1,session_only
2362530.5297059986,4366071236,2020-12-22,1,0,0,0,0,0,mobile,Android,Canada,Quebec,<Other>,<Other>,0.0,1,1,session_only
4550450283.8012870103,7926040361,2020-12-16,1,0,0,0,0,0,desktop,Web,Canada,British Columbia,shop.googlemerchandisestore.com,referral,0.0,1,1,session_only
4159763.6456315227,6476923939,2020-12-08,1,0,0,0,0,0,mobile,iOS,United States,Texas,<Other>,<Other>,0.0,1,1,session_only
56400764.3238026653,1772231013,2020-12-28,1,0,0,0,0,0,mobile,Web,United States,Iowa,google,organic,0.0,1,1,session_only
75086483.1894600063,1505099997,2020-12-08,1,0,0,0,0,0,desktop,Web,Russia,Saint Petersburg,(direct),(none),0.0,1,1,session_only
1608178.9688561850,4559176762,2021-01-28,1,0,0,0,0,0,desktop,Web,United States,Illinois,<Other>,organic,0.0,1,1,session_only
13351638.1906439995,8690622985,2021-01-04,1,0,0,0,0,0,desktop,Web,Canada,British Columbia,<Other>,referral,0.0,1,1,session_only
26885663.4633220126,8625038340,2020-12-05,1,0,0,0,0,0,desktop,Macintosh,Spain,Catalonia,google,organic,0.0,1,1,session_only
1920670.4181406053,3262292284,2021-01-08,1,0,0,0,0,0,desktop,Web,Poland,(not set),(direct),(none),0.0,1,1,session_only
41641810.3195349388,431331680,2020-12-13,1,1,1,0,0,0,mobile,iOS,Spain,Catalonia,(direct),(none),0.0,4,3,add_to_cart
52442763.3102020102,2867548969,2021-01-11,0,0,0,0,0,1,mobile,Web,Thailand,Bangkok,(direct),(none),38.4,1,6,purchase
34902700.9197755424,1898541572,2021-01-10,1,0,0,0,0,0,desktop,Windows,Switzerland,(not set),<Other>,<Other>,0.0,1,1,session_only
11294761.8707780569,1056025187,2020-11-21,1,1,0,0,0,0,mobile,Web,United States,Massachusetts,google,organic,0.0,2,2,view_item
3102642.5314650915,7260930917,2021-01-06,1,0,0,0,0,0,desktop,Web,United States,(not set),google,organic,0.0,1,1,session_only
23811857.3286467452,5470538649,2020-11-22,1,0,0,0,0,0,mobile,iOS,India,Gujarat,google,organic,0.0,1,1,session_only
3934622.2644661987,3691969589,2021-01-24,1,1,1,1,1,1,desktop,Web,Canada,Ontario,shop.googlemerchandisestore.com,referral,21.44,46,6,purchase
5537175384.4657836073,8956414385,2021-01-10,1,1,0,0,0,0,desktop,<Other>,Canada,Nova Scotia,<Other>,<Other>,0.0,4,2,view_item
16135176.9051737238,6223290414,2021-01-13,1,0,0,0,0,0,desktop,Macintosh,Netherlands,Overijssel,(direct),(none),0.0,1,1,session_only
44054213.1509453638,485871142,2020-12-08,1,0,0,0,0,0,mobile,iOS,United States,Colorado,google,organic,0.0,1,1,session_only
5556089.6061523307,5844293572,2020-11-27,1,0,0,0,0,0,mobile,Web,United States,Pennsylvania,google,organic,0.0,1,1,session_only
25779441.4342063088,4957112826,2020-12-16,1,0,0,0,0,0,desktop,Web,Canada,Quebec,(data deleted),(data deleted),0.0,1,1,session_only
41265358.6216906965,9784498174,2020-11-18,1,0,0,0,0,0,desktop,Web,United States,New York,shop.googlemerchandisestore.com,referral,0.0,1,1,session_only
86654546.4599723713,5065627596,2020-11-02,1,0,0,0,0,0,desktop,Web,Canada,British Columbia,google,organic,0.0,1,1,session_only
91828662.5322574336,8868491530,2021-01-03,1,0,0,0,0,0,desktop,Web,United States,Georgia,<Other>,<Other>,0.0,1,1,session_only
4311032.9796246826,6583346067,2021-01-29,1,0,0,0,0,0,desktop,<Other>,Japan,(not set),<Other>,<Other>,0.0,1,1,session_only
23578842.3856781027,366216034,2021-01-06,1,0,0,0,0,0,desktop,Web,United States,Florida,<Other>,<Other>,0.0,1,1,session_only
2221352.0772999791,9802396331,2021-01-15,1,1,0,1,1,1,mobile,Android,United Kingdom,England,(direct),(none),24.8,16,6,purchase
2483928.9846569809,6728453816,2021-01-05,1,0,0,0,0,0,desktop,Web,India,Maharashtra,google,organic,0.0,1,1,session_only
59698637.6057157477,3795402265,2021-01-11,1,0,0,0,0,0,mobile,Web,United States,Minnesota,google,organic,0.0,1,1,session_only
2328501657.2288090835,1008048612,2021-01-03,1,1,1,0,0,0,mobile,Web,United States,Tennessee,<Other>,referral,0.0,6,3,add_to_cart
57373992.7962075360,4040097112,2020-11-12,1,1,0,0,0,0,mobile,Web,United States,California,google,organic,0.0,3,2,view_item
13332196.8402817909,6253016177,2020-12-28,1,0,0,0,0,0,mobile,Android,Canada,Saskatchewan,(direct),(none),0.0,1,1,session_only
25012527.1286427801,7078488283,2021-01-10,1,0,0,0,0,0,desktop,Web,Vietnam,Ho Chi Minh City,(direct),(none),0.0,1,1,session_only
8943391.9579939496,2639835874,2020-12-08,1,0,0,0,0,0,mobile,Web,India,Gujarat,google,cpc,0.0,1,1,session_only
7607701.9803184866,3521801364,2020-12-21,1,0,0,0,0,0,desktop,Web,France,Ile-de-France,shop.googlemerchandisestore.com,referral,0.0,1,1,session_only
79969617.8920269973,3734093936,2021-01-24,1,0,0,0,0,0,desktop,Web,United States,Hawaii,google,organic,0.0,1,1,session_only
19371510.3311994577,2808339336,2020-11-06,1,0,0,0,0,0,mobile,Web,United States,Michigan,shop.googlemerchandisestore.com,referral,0.0,1,1,session_only
90263388.5930748121,9827637664,2020-12-10,1,1,0,0,0,0,desktop,Web,Brazil,State of Rio Grande do Sul,<Other>,referral,0.0,2,2,view_item
3340979.8854952640,9717550062,2020-11-07,1,0,0,0,0,0,mobile,Web,United Kingdom,England,(data deleted),(data deleted),0.0,1,1,session_only
1147146.0702066810,6584029506,2020-11-04,1,0,0,0,0,0,desktop,Windows,Spain,(not set),shop.googlemerchandisestore.com,referral,0.0,1,1,session_only
5638034.6972555782,3452005204,2021-01-24,1,0,0,0,0,0,desktop,Web,United States,California,(direct),(none),0.0,1,1,session_only
10394885.3790409615,1685381314,2020-11-08,1,0,0,0,0,0,mobile,Android,India,Bihar,(direct),(none),0.0,1,1,session_only
36150076.2557522920,4815208725,2021-01-15,1,0,0,0,0,0,desktop,Web,United States,Louisiana,google,organic,0.0,1,1,session_only
57313861.8093558895,8267039705,2020-12-30,1,0,0,0,0,0,desktop,Web,Switzerland,Vaud,(direct),(none),0.0,1,1,session_only
35915051.6089927132,4609030029,2021-01-01,1,1,0,0,0,0,desktop,Macintosh,United States,Florida,google,organic,0.0,3,2,view_item
66832209.6996056724,873921660,2021-01-09,1,1,0,0,0,0,mobile,iOS,Russia,(not set),<Other>,referral,0.0,6,2,view_item
9097900.4231265055,7143270145,2020-11-27,1,1,0,0,0,0,desktop,Web,United States,(not set),(direct),(none),0.0,2,2,view_item
39323867.1054664870,3722698945,2021-01-16,1,0,0,0,0,0,mobile,Web,Malaysia,(not set),google,organic,0.0,1,1,session_only
51196486.9304815338,1691308627,2021-01-29,1,0,0,0,0,0,desktop,Web,United States,New York,<Other>,<Other>,0.0,1,1,session_only
6463260.6627814920,7458522503,2020-12-26,1,0,0,0,0,0,mobile,Web,Germany,North Rhine-Westphalia,google,organic,0.0,1,1,session_only
6229288.2825225790,3000537958,2021-01-08,1,0,0,0,0,0,mobile,Web,United States,Washington,(data deleted),(data deleted),0.0,1,1,session_only
3995880.3408398914,9193163070,2021-01-22,1,0,0,0,0,0,desktop,Web,Austria,Vienna,shop.googlemerchandisestore.com,referral,0.0,1,1,session_only
78532233.1651764666,4736300071,2021-01-10,1,0,0,0,0,0,desktop,Macintosh,United States,California,<Other>,<Other>,0.0,1,1,session_only
10609244.5880388246,4415938996,2021-01-14,1,1,0,0,0,0,desktop,Macintosh,Austria,Vienna,google,organic,0.0,2,2,view_item
18033238.7263368809,4012090583,2020-11-09,1,0,0,0,0,0,desktop,Web,(not set),(not set),google,organic,0.0,1,1,session_only
8328930.9699251384,2283413510,2021-01-05,1,0,0,0,0,0,desktop,Windows,United States,Texas,google,organic,0.0,1,1,session_only
31455552.8189047276,1757709942,2020-11-21,1,1,0,0,0,0,desktop,Web,France,Ile-de-France,google,cpc,0.0,3,2,view_item
51954962.7609480039,200550450,2021-01-22,1,0,0,0,0,0,mobile,Android,Germany,Berlin,google,cpc,0.0,1,1,session_only
74802699.6217811748,90549434,2020-12-08,1,1,0,0,0,0,desktop,Web,United States,Rhode Island,<Other>,<Other>,0.0,2,2,view_item
60219324.7034392801,5453237806,2021-01-04,1,0,0,0,0,0,desktop,Web,Algeria,(not set),<Other>,referral,0.0,1,1,session_only
44943686.5258818699,6085209681,2020-12-30,1,1,0,0,0,0,desktop,Macintosh,Canada,Ontario,shop.googlemerchandisestore.com,referral,0.0,3,2,view_item
74467808.1959650199,3798500792,2020-11-21,1,0,0,0,0,0,desktop,Web,United States,(not set),google,organic,0.0,1,1,session_only
51672538.8963149227,8168550835,2021-01-06,1,0,0,0,0,0,desktop,Web,United Kingdom,England,<Other>,<Other>,0.0,1,1,session_only
12665774.5144614173,4558190052,2021-01-15,1,0,0,0,0,0,desktop,Web,United States,Kentucky,(direct),(none),0.0,1,1,session_only
13912725.8519499963,8936965146,2021-01-26,1,0,0,0,0,0,desktop,Windows,Sweden,Stockholm County,google,organic,0.0,1,1,session_only
21243849.7508885311,8192654948,2021-01-07,1,0,0,0,0,0,desktop,Windows,United States,Tennessee,<Other>,<Other>,0.0,1,1,session_only
4608637.5571367556,889761093,2021-01-22,1,0,0,0,0,0,mobile,Web,Portugal,(not set),google,organic,0.0,1,1,session_only
59655965.0647426255,2230510350,2020-12-08,1,1,1,1,1,1,mobile,Android,United States,California,(direct),(none),194.4,39,6,purchase
6016526.2948131305,1658442614,2020-11-09,1,0,0,0,0,0,mobile,iOS,France,Ile-de-France,(direct),(none),0.0,1,1,session_only
17530812.0537082925,6225740791,2021-01-07,1,0,0,0,0,0,desktop,Web,India,Madhya Pradesh,(direct),(none),0.0,1,1,session_only
7213938.1885168259,1411732531,2020-12-13,1,1,0,0,0,0,mobile,Android,Mexico,Nuevo Leon,google,organic,0.0,2,2,view_item
51046120.4559501485,5329492565,2021-01-17,1,0,0,0,0,0,desktop,Web,United States,California,google,organic,0.0,1,1,session_only
84819754.5097237718,8157770360,2021-01-09,1,0,0,0,0,0,mobile,iOS,Taiwan,New Taipei City,google,organic,0.0,1,1,session_only
5573702.8000259795,5875684013,2021-01-11,1,0,0,0,0,0,mobile,Web,United Kingdom,England,google,organic,0.0,1,1,session_only
31306711.6550963791,2792335224,2020-11-29,1,0,0,0,0,0,mobile,Web,United States,Texas,(direct),(none),0.0,1,1,session_only
7735071.2631540751,4481969809,2021-01-18,1,0,0,0,0,0,mobile,iOS,Colombia,(not set),google,organic,0.0,1,1,session_only
2075065.4706210702,523339739,2021-01-30,1,0,0,0,0,0,desktop,Web,China,Shanghai,shop.googlemerchandisestore.com,referral,0.0,1,1,session_only
72250016.4581965682,9084080707,2021-01-05,0,1,0,0,0,0,desktop,Web,United States,California,(direct),(none),0.0,1,2,view_item
7610397200.0305016793,3062845567,2021-01-04,1,1,1,0,0,0,mobile,Web,Algeria,Algiers Province,google,organic,0.0,6,3,add_to_cart
24202040.2600884676,4871122418,2021-01-23,1,0,0,1,1,1,desktop,Web,Pakistan,Sindh,<Other>,referral,0.0,6,6,purchase
3126764.3352042979,1718585563,2021-01-06,1,0,0,0,0,0,mobile,Web,United States,Wisconsin,google,organic,0.0,1,1,session_only
37256953.0457388938,5541999716,2020-12-08,1,0,0,0,0,0,desktop,Macintosh,United States,(not set),(data deleted),(data deleted),0.0,1,1,session_only
55178288.3731375714,2724686236,2021-01-10,1,0,0,0,0,0,mobile,iOS,Australia,Victoria,(direct),(none),0.0,1,1,session_only
7125997.4244278169,5681899996,2020-12-10,1,0,0,0,0,0,mobile,Android,United States,Indiana,<Other>,referral,0.0,1,1,session_only
6141908.9405947772,658551058,2020-12-28,1,0,0,0,0,0,mobile,iOS,Poland,Lesser Poland Voivodeship,<Other>,organic,0.0,1,1,session_only
55736146.0672076531,4372493903,2020-12-02,1,1,0,0,0,0,mobile,Web,United States,Texas,<Other>,<Other>,0.0,11,2,view_item
82736940.6582572177,2411626656,2020-12-06,1,1,1,1,1,1,desktop,Windows,India,Madhya Pradesh,<Other>,referral,0.0,94,6,purchase
47207267.8535454634,1380397389,2020-11-09,1,0,0,0,0,0,desktop,Web,United States,California,shop.googlemerchandisestore.com,referral,0.0,1,1,session_only
7111829.6918714374,2111306651,2020-12-21,1,0,0,0,0,0,mobile,iOS,United States,California,google,organic,0.0,1,1,session_only
66877786.8861834925,7408973436,2020-11-02,1,0,0,0,0,0,mobile,iOS,United States,Colorado,(data deleted),(data deleted),0.0,1,1,session_only
3494220.6273665354,4650805332,2020-12-31,1,0,0,0,0,0,mobile,iOS,Taiwan,New Taipei City,google,cpc,0.0,1,1,session_only
2146451.2346473235,1602773203,2021-01-22,1,0,0,0,0,0,desktop,Windows,United States,California,google,organic,0.0,1,1,session_only
3253149.0461288678,2759436970,2021-01-24,1,0,0,0,0,0,desktop,Web,Romania,(not set),google,organic,0.0,1,1,session_only
79579853.0520588965,1963216269,2020-12-05,1,1,1,1,1,1,desktop,Macintosh,United States,Tennessee,(direct),(none),76.72,49,6,purchase
38985062.0013280417,1481058023,2021-01-30,1,0,0,0,0,0,desktop,Web,United States,Pennsylvania,<Other>,organic,0.0,1,1,session_only
47968380.2672303669,7177380866,2020-12-08,1,1,1,0,0,0,desktop,Web,United States,New York,google,organic,0.0,9,3,add_to_cart
39987804.1324913591,7069263247,2021-01-21,1,0,0,0,0,0,mobile,Android,United States,California,(direct),(none),0.0,1,1,session_only
36342934.1053894040,6121486357,2020-11-18,1,0,0,0,0,0,mobile,iOS,United States,California,google,organic,0.0,1,1,session_only
7914090.6488674554,9247001715,2020-11-12,1,0,0,0,0,0,mobile,iOS,United States,Texas,google,organic,0.0,1,1,session_only
2162685.9986158627,817866974,2020-12-27,1,0,0,0,0,0,desktop,Macintosh,United States,Florida,<Other>,<Other>,0.0,1,1,session_only
64833273.1536996158,292330630,2021-01-28,1,0,0,0,0,0,mobile,iOS,United States,Washington,(direct),(none),0.0,1,1,session_only
37150667.9862337236,8444663081,2020-11-29,1,0,0,0,0,0,desktop,Web,China,Guangdong Province,google,organic,0.0,1,1,session_only
34557005.9992653445,3310913436,2020-12-10,1,0,0,0,0,0,desktop,Windows,Italy,Lombardy,google,organic,0.0,1,1,session_only
4059472.8389313570,7298208560,2021-01-24,0,1,0,1,1,1,mobile,iOS,United States,Missouri,(direct),(none),0.0,8,6,purchase
5891414.5411415803,3780108521,2020-12-27,1,0,0,0,0,0,desktop,Windows,United States,Virginia,<Other>,<Other>,0.0,1,1,session_only
74424612.3038517652,4107480350,2020-12-02,1,1,0,0,0,0,desktop,Web,United States,Washington,<Other>,referral,0.0,2,2,view_item
7229377.2028631288,9034320044,2021-01-26,1,0,0,0,0,0,desktop,Web,India,Karnataka,(direct),(none),0.0,1,1,session_only
2727651661.6225410896,1155870602,2021-01-28,1,0,0,0,0,0,tablet,iOS,United States,Maine,<Other>,referral,0.0,1,1,session_only
3876153.3635881003,2511961918,2020-12-29,1,0,0,0,0,0,mobile,Android,United States,California,google,organic,0.0,1,1,session_only
89300558.0262364902,7081863813,2021-01-09,1,0,0,0,0,0,desktop,Web,United States,Alabama,shop.googlemerchandisestore.com,referral,0.0,1,1,session_only
14855360.3814591296,4025560769,2020-11-16,1,1,0,0,0,0,mobile,iOS,Singapore,(not set),<Other>,<Other>,0.0,4,2,view_item
74139875.0152855815,4401302825,2020-11-14,1,1,0,0,0,0,desktop,Web,Italy,Lombardy,shop.googlemerchandisestore.com,referral,0.0,3,2,view_item
40387173.9002245801,2704530810,2021-01-06,1,1,1,1,1,1,desktop,Web,United States,California,google,cpc,43.6,78,6,purchase
69427895.7432684675,473223023,2020-12-16,1,0,0,0,0,0,desktop,Windows,United States,North Carolina,(direct),(none),0.0,1,1,session_only
38892172.3107658739,6517930166,2021-01-06,1,0,0,0,0,0,mobile,Android,France,Hauts-de-France,<Other>,<Other>,0.0,1,1,session_only
52998604.2395599000,7853174427,2021-01-24,1,1,0,0,0,0,mobile,Web,United Kingdom,England,(direct),(none),0.0,2,2,view_item
8952398.1229538932,5676291422,2021-01-26,1,0,0,0,0,0,mobile,Web,United States,Wisconsin,google,organic,0.0,1,1,session_only
7698994.0282545017,1743028204,2020-11-27,1,0,0,0,0,0,desktop,Web,United States,Nevada,(direct),(none),0.0,1,1,session_only
45206062.6754577752,6592690333,2020-11-02,1,0,0,0,0,0,desktop,Windows,United States,Texas,<Other>,<Other>,0.0,1,1,session_only
6385943.3874419642,1148591392,2020-11-03,1,0,0,0,0,0,mobile,Web,United States,Illinois,(direct),(none),0.0,1,1,session_only
6055305.3301183378,1174598074,2021-01-21,1,1,0,0,0,0,desktop,Web,United States,District of Columbia,<Other>,<Other>,0.0,2,2,view_item
10079523.8953473774,9421975384,2021-01-30,1,0,0,0,0,0,mobile,Web,United States,Kansas,(direct),(none),0.0,1,1,session_only
7271454.8836227519,8002424245,2021-01-09,1,1,1,0,0,0,desktop,Macintosh,United States,Virginia,<Other>,<Other>,0.0,67,3,add_to_cart
16274577.4031229855,6760554473,2020-11-13,1,0,0,0,0,0,mobile,Android,United States,Indiana,<Other>,referral,0.0,1,1,session_only
27946137.0947598548,2380778044,2020-11-02,1,1,0,0,0,0,desktop,Windows,Canada,Ontario,google,cpc,0.0,5,2,view_item
5271015.9632083286,6720004565,2020-11-29,1,0,0,0,0,0,desktop,Windows,Mexico,(not set),shop.googlemerchandisestore.com,referral,0.0,1,1,session_only
16910708.2272986055,9075258283,2020-11-03,1,1,0,0,0,0,desktop,Web,United States,North Carolina,google,organic,0.0,3,2,view_item
2812054.5606680190,1106564849,2021-01-23,1,0,0,0,0,0,mobile,Web,United States,Florida,<Other>,organic,0.0,1,1,session_only
15184113.8793907063,1196680159,2020-11-18,1,0,0,0,0,0,mobile,Web,United States,California,shop.googlemerchandisestore.com,referral,0.0,1,1,session_only
58701200.9912003042,1112212886,2020-12-25,1,1,0,0,0,0,mobile,Android,China,Beijing,<Other>,organic,0.0,3,2,view_item
6670688.0820474845,5397940481,2020-12-26,1,0,0,0,0,0,desktop,Windows,India,Maharashtra,google,organic,0.0,1,1,session_only
2839984.9280302482,5737532900,2021-01-16,1,0,0,0,0,0,desktop,Web,Vietnam,(not set),(data deleted),(data deleted),0.0,1,1,session_only
26280022.8386945299,2373000669,2020-12-06,1,0,0,0,0,0,desktop,Web,United Kingdom,England,google,organic,0.0,1,1,session_only
15783578.7353536093,8020837900,2021-01-24,1,1,1,1,1,1,desktop,Windows,Canada,Ontario,<Other>,<Other>,24.72,44,6,purchase
45381603.6093830186,1958332052,2021-01-13,1,0,0,0,0,0,desktop,Web,United States,Georgia,google,cpc,0.0,1,1,session_only
20392934.2573971954,3992722103,2020-11-03,1,0,0,0,0,0,desktop,Web,United States,Massachusetts,<Other>,<Other>,0.0,1,1,session_only
6057862.5796174862,3391559382,2021-01-21,1,0,0,0,0,0,desktop,Windows,United States,New Jersey,(direct),(none),0.0,1,1,session_only
8721187.1855064843,8826997847,2020-11-03,1,0,0,0,0,0,mobile,Android,India,Tamil Nadu,google,organic,0.0,1,1,session_only
4701263.8027644096,9304714567,2020-12-10,1,0,0,0,0,0,desktop,Web,United States,(not set),google,organic,0.0,1,1,session_only
1185605.5616561219,7020145532,2020-12-20,1,0,0,0,0,0,mobile,iOS,Canada,Quebec,(direct),(none),0.0,1,1,session_only
9376084001.9304476134,2022315018,2021-01-01,1,0,0,0,0,0,desktop,<Other>,India,Telangana,google,cpc,0.0,1,1,session_only
1811862.9527400954,369619382,2020-12-28,1,0,0,0,0,0,mobile,Web,United States,Washington,<Other>,<Other>,0.0,1,1,session_only
4791387.1858775729,688535825,2020-11-29,1,0,0,0,0,0,desktop,Web,Taiwan,Taoyuan City,google,organic,0.0,1,1,session_only
5160871.9303996044,1495278253,2020-12-22,1,0,0,0,0,0,mobile,iOS,United States,New York,<Other>,<Other>,0.0,1,1,session_only
4003292.1841257318,1481399354,2021-01-25,1,1,1,1,1,1,mobile,Web,Thailand,Bangkok,(data deleted),(data deleted),86.08,33,6,purchase
93668531.2833718716,6998222505,2021-01-01,1,0,0,0,0,0,desktop,Web,Indonesia,(not set),(direct),(none),0.0,1,1,session_only
4982451.6664251472,3330458575,2021-01-06,1,0,0,0,0,0,desktop,Web,United States,Washington,shop.googlemerchandisestore.com,referral,0.0,1,1,session_only
5593077.5585824179,9875598485,2021-01-17,1,1,1,1,1,1,desktop,Web,Vietnam,Ho Chi Minh City,<Other>,<Other>,29.6,28,6,purchase
19330707.7859580763,1495498632,2020-11-06,1,1,0,0,0,0,tablet,Android,France,Grand Est,<Other>,<Other>,0.0,3,2,view_item
1485865.2519136911,1588195802,2020-12-10,1,0,0,0,0,0,desktop,Web,Saudi Arabia,Makkah Province,google,organic,0.0,1,1,session_only
7213980.4136870118,2923407994,2021-01-23,1,1,1,0,0,0,mobile,Web,United States,California,<Other>,referral,0.0,3,3,add_to_cart
63388666.2572445895,6502031969,2021-01-04,1,0,0,0,0,0,mobile,Android,China,Guangdong Province,google,organic,0.0,1,1,session_only
7949910.9594602668,1964306450,2021-01-24,1,0,0,0,0,0,desktop,Web,Canada,Manitoba,google,organic,0.0,1,1,session_only
82702406.2883370746,638689456,2020-11-14,1,0,0,0,0,0,mobile,Web,Mexico,Mexico City,<Other>,<Other>,0.0,1,1,session_only
70652383.6979394444,1700772454,2020-12-28,1,0,0,0,0,0,mobile,iOS,United States,Virginia,(direct),(none),0.0,1,1,session_only
34010292.2188258061,1724627672,2020-11-09,1,1,0,0,0,0,desktop,Web,South Korea,Gyeonggi-do,google,organic,0.0,2,2,view_item
4914350.9982339035,6818784113,2020-12-02,1,1,0,0,0,0,mobile,iOS,United States,(not set),<Other>,<Other>,0.0,7,2,view_item
25860683.8590105875,6125620604,2020-12-08,1,0,0,0,0,0,mobile,Web,India,Karnataka,<Other>,organic,0.0,1,1,session_only
1093724860.3085595243,8772767089,2021-01-05,1,0,0,0,0,0,desktop,Windows,United States,Florida,(direct),(none),0.0,1,1,session_only
38558569.1204414379,6722005130,2020-12-20,1,0,0,0,0,0,desktop,Windows,United States,Massachusetts,(direct),(none),0.0,1,1,session_only
4340830.3534454642,6692885385,2020-12-21,1,0,0,0,0,0,desktop,Web,India,Bihar,(direct),(none),0.0,1,1,session_only
19291957.3835411938,5764090893,2020-11-08,1,0,0,0,0,0,desktop,Web,Canada,Quebec,(direct),(none),0.0,1,1,session_only
1364482.2238507248,5746232133,2020-11-02,1,0,0,0,0,0,desktop,Web,France,Occitanie,<Other>,referral,0.0,1,1,session_only
25959545.2114758092,2226172459,2020-11-06,1,0,0,0,0,0,desktop,Web,United States,Texas,google,organic,0.0,1,1,session_only
7424339.5106636045,1435167866,2021-01-09,1,0,0,0,0,0,desktop,Web,Brazil,State of Sao Paulo,google,organic,0.0,1,1,session_only
62581070.2660751550,6876708590,2021-01-14,1,0,0,0,0,0,desktop,Macintosh,United States,Florida,google,organic,0.0,1,1,session_only
54683755.9886157872,1558881067,2021-01-28,1,0,0,0,0,0,desktop,<Other>,United States,Illinois,shop.googlemerchandisestore.com,referral,0.0,1,1,session_only
1577257.8421308179,1683040793,2021-01-30,1,0,0,0,0,0,desktop,Web,United States,Texas,shop.googlemerchandisestore.com,referral,0.0,1,1,session_only
1163601873.4735251467,3252677344,2021-01-08,1,0,0,0,0,0,mobile,Web,United States,Illinois,google,organic,0.0,1,1,session_only
9384237.5833267942,1643373010,2020-11-22,1,0,0,0,0,0,desktop,Macintosh,Canada,Ontario,google,organic,0.0,1,1,session_only
6546548.0071890846,8792196329,2021-01-15,1,0,0,0,0,0,desktop,Macintosh,Croatia,City of Zagreb,(direct),(none),0.0,1,1,session_only
33526879.3272382055,3857949563,2020-11-18,1,0,0,0,0,0,desktop,Web,United States,Alabama,google,organic,0.0,1,1,session_only
8397059.8634946591,1439427589,2020-11-08,1,1,0,1,1,1,mobile,Android,United States,California,(direct),(none),0.0,9,6,purchase
26849717.3546963867,2948893021,2020-12-02,1,0,0,0,0,0,desktop,Web,United States,Alabama,(data deleted),(data deleted),0.0,1,1,session_only
85799541.6513481563,5576616799,2021-01-18,1,0,0,0,0,0,desktop,Windows,Brazil,State of Rio Grande do Sul,google,organic,0.0,1,1,session_only
80479172.7618030805,1115909077,2021-01-23,1,0,0,0,0,0,desktop,Web,United States,New York,shop.googlemerchandisestore.com,referral,0.0,1,1,session_only
8167449.7049874426,3626616823,2020-12-10,1,0,0,0,0,0,mobile,Web,Japan,(not set),google,organic,0.0,1,1,session_only
90691867.0829915416,8556378871,2021-01-30,1,0,0,0,0,0,desktop,Web,United States,California,<Other>,<Other>,0.0,1,1,session_only
60255820.4897340185,4359725364,2020-12-27,1,1,0,0,0,0,desktop,Web,China,Jiangsu,google,organic,0.0,3,2,view_item
75477179.0980604263,2259360232,2021-01-18,1,0,0,0,0,0,desktop,Windows,China,Zhejiang,google,organic,0.0,1,1,session_only
2219604.3225923216,3679038762,2020-12-16,1,0,0,0,0,0,desktop,Windows,United Kingdom,England,<Other>,referral,0.0,1,1,session_only
7228563.7799869763,6259208305,2021-01-22,1,1,1,1,1,1,desktop,Windows,United States,California,google,cpc,70.4,12,6,purchase
36289883.1016229216,9062049029,2021-01-21,1,0,0,0,0,0,desktop,Macintosh,Poland,Masovian Voivodeship,google,organic,0.0,1,1,session_only
24674960.0798565739,9964150017,2020-12-24,1,1,0,0,0,0,desktop,Windows,Spain,Catalonia,(data deleted),(data deleted),0.0,2,2,view_item
3724395.4355931891,6425018271,2020-12-22,1,0,0,0,0,0,desktop,Web,Canada,Ontario,google,organic,0.0,1,1,session_only
84393242.2231018985,1054930761,2020-12-10,1,1,1,0,0,0,mobile,Android,Canada,Ontario,shop.googlemerchandisestore.com,referral,0.0,12,3,add_to_cart
5910494.8390942821,93411525,2020-12-05,1,1,1,1,1,1,desktop,Web,Switzerland,Zurich,google,organic,109.04,34,6,purchase
37305074.4311125873,1807806570,2020-11-12,1,0,0,0,0,0,desktop,Web,Greece,(not set),(direct),(none),0.0,1,1,session_only
53502444.0389007233,4938262196,2021-01-23,1,1,0,0,0,0,mobile,Web,United States,Illinois,(direct),(none),0.0,2,2,view_item
8911636.8092074453,9399823936,2020-11-27,1,1,0,0,0,0,mobile,Android,United Kingdom,England,<Other>,<Other>,0.0,2,2,view_item
7993840.5741597279,7914279700,2021-01-25,1,0,0,0,0,0,desktop,Windows,Vietnam,Hanoi,<Other>,<Other>,0.0,1,1,session_only
69879170.7260141359,5335395762,2021-01-26,1,0,0,0,0,0,desktop,<Other>,South Korea,Gyeonggi-do,google,organic,0.0,1,1,session_only
70177951.9095971442,7425290865,2020-11-09,1,0,0,0,0,0,desktop,Web,Poland,Masovian Voivodeship,google,organic,0.0,1,1,session_only
5755559321.7610102602,485289601,2020-11-04,1,1,0,0,0,0,mobile,Web,United States,Ohio,google,organic,0.0,4,2,view_item
5778747.0303431896,1278278594,2021-01-04,1,0,0,0,0,0,desktop,Web,France,Nouvelle-Aquitaine,google,cpc,0.0,1,1,session_only
4994438.2016688703,6744625356,2021-01-03,1,0,0,0,0,0,mobile,Web,United States,North Carolina,shop.googlemerchandisestore.com,referral,0.0,1,1,session_only
26800069.5651585952,1507580662,2021-01-23,1,1,0,0,0,0,tablet,Web,China,Zhejiang,shop.googlemerchandisestore.com,referral,0.0,2,2,view_item
40228234.6143424747,8509994109,2020-11-03,1,0,0,0,0,0,mobile,Web,Indonesia,East Java,google,organic,0.0,1,1,session_only
84114201.1335490455,5936741679,2021-01-23,1,1,0,0,0,0,desktop,Web,United States,New York,google,organic,0.0,2,2,view_item
1727580.2780337578,8560941331,2020-11-08,1,0,0,0,0,0,desktop,Macintosh,United States,Massachusetts,google,organic,0.0,1,1,session_only
33437776.5040809109,8780057181,2020-12-08,1,1,1,1,1,1,desktop,Web,India,Maharashtra,(direct),(none),88.48,65,6,purchase
80761175.0171205786,3117979423,2021-01-03,1,0,0,0,0,0,desktop,Web,United States,Virginia,<Other>,<Other>,0.0,1,1,session_only
5076715.6782728748,8943922096,2020-12-22,1,0,0,0,0,0,desktop,Web,India,Delhi,google,organic,0.0,1,1,session_only
36627464.1208852999,8871262733,2020-11-03,1,1,0,0,0,0,mobile,Web,United States,New York,(data deleted),(data deleted),0.0,3,2,view_item
2925582.1829880303,8020695276,2020-11-16,1,0,0,0,0,0,mobile,Android,United States,California,(data deleted),(data deleted),0.0,1,1,session_only
14895834.0615207946,2106699473,2021-01-10,1,0,0,0,0,0,desktop,Web,United States,Tennessee,google,organic,0.0,1,1,session_only
6808946.5052307361,3969125052,2021-01-14,1,0,0,0,0,0,desktop,Web,Taiwan,Taipei City,<Other>,<Other>,0.0,1,1,session_only
6015650.4012123643,104249918,2021-01-17,1,1,1,1,0,0,desktop,Windows,United States,Pennsylvania,(data deleted),(data deleted),0.0,9,4,begin_checkout
7127030.2823157340,5366794662,2021-01-26,1,1,1,1,1,1,desktop,Web,Bahamas,New Providence,google,organic,0.0,12,6,purchase
26043336.1528735380,3039479356,2020-12-16,1,1,1,0,0,0,desktop,Macintosh,Canada,Alberta,(direct),(none),0.0,4,3,add_to_cart
3014778801.6523597551,4632751517,2021-01-16,1,0,0,0,0,0,tablet,Android,United States,California,(direct),(none),0.0,1,1,session_only
73943180.7345547732,6816591178,2020-11-21,1,1,0,0,0,0,desktop,Web,Brazil,State of Sao Paulo,(direct),(none),0.0,2,2,view_item
3215630.4664803879,2667816419,2020-12-28,1,0,0,0,0,0,desktop,Web,Thailand,Bangkok,google,organic,0.0,1,1,session_only
14114775.0148416187,3558016753,2020-12-06,1,0,0,0,0,0,desktop,Windows,United States,Tennessee,google,organic,0.0,1,1,session_only
6775347.8972042358,1859023245,2021-01-17,1,0,0,0,0,0,mobile,Web,Taiwan,Taichung City,google,organic,0.0,1,1,session_only
4229233.0328454869,4120986100,2020-11-06,1,0,0,0,0,0,mobile,Android,United States,Texas,google,organic,0.0,1,1,session_only
38192014.3940877017,4648669786,2021-01-13,1,1,0,0,0,0,mobile,Web,Indonesia,Jakarta,(direct),(none),0.0,2,2,view_item
5638810932.6791741739,9014252235,2021-01-30,1,0,0,0,0,0,desktop,Web,Mexico,(not set),(direct),(none),0.0,1,1,session_only
1168601.3697455915,7757808945,2020-11-27,1,0,0,0,0,0,desktop,Web,United States,Connecticut,<Other>,referral,0.0,1,1,session_only
53373369.5264266381,7965944888,2021-01-26,1,0,0,0,0,0,desktop,Macintosh,Hong Kong,(not set),(direct),(none),0.0,1,1,session_only
30656675.0766568392,5613734261,2020-12-30,1,0,0,0,0,0,desktop,Web,Mexico,State of Mexico,google,cpc,0.0,1,1,session_only
4855409.1116691607,9305973488,2021-01-21,1,1,0,0,0,0,desktop,Web,India,Karnataka,(direct),(none),0.0,2,2,view_item
80562409.8818944814,8960571911,2020-12-02,1,0,0,0,0,0,mobile,Android,United States,Missouri,<Other>,organic,0.0,1,1,session_only
4674422.6174506978,8308120883,2021-01-03,1,0,0,0,0,0,desktop,Web,United States,Texas,<Other>,<Other>,0.0,1,1,session_only
7188138.7114133568,3378830653,2020-12-31,1,1,0,0,0,0,desktop,Web,Netherlands,North Holland,google,organic,0.0,3,2,view_item
48365662.7126715471,7543888136,2021-01-26,1,0,0,0,0,0,mobile,iOS,Spain,Catalonia,google,organic,0.0,1,1,session_only
82914180.8126791641,6063615334,2021-01-18,1,0,0,0,0,0,desktop,Web,Venezuela,(not set),google,organic,0.0,1,1,session_only
5750207.2031527345,1426805798,2020-12-28,1,0,0,0,0,0,mobile,Web,United States,California,<Other>,referral,0.0,1,1,session_only
4000657.3432270471,351396293,2020-11-12,1,0,0,0,0,0,mobile,iOS,United States,Texas,(data deleted),(data deleted),0.0,1,1,session_only
1749663.7390380380,3017044029,2020-11-06,1,0,0,0,0,0,desktop,Web,Italy,Tuscany,<Other>,referral,0.0,1,1,session_only
77584938.0448569242,7007197499,2021-01-14,1,1,1,0,0,0,desktop,<Other>,Malaysia,Selangor,google,cpc,0.0,12,3,add_to_cart
79276912.0853207542,6016881082,2021-01-26,1,1,0,0,0,0,desktop,Web,United States,North Carolina,google,organic,0.0,2,2,view_item
12623428.4739374902,1339346200,2020-11-02,1,0,0,0,0,0,desktop,Web,United States,Michigan,shop.googlemerchandisestore.com,referral,0.0,1,1,session_only
10731392.6312078189,6516157019,2021-01-09,1,0,0,0,0,0,desktop,Web,United States,Florida,(direct),(none),0.0,1,1,session_only
3734888.5169057056,5283481647,2021-01-08,1,0,0,0,0,0,desktop,Web,United States,Georgia,google,organic,0.0,1,1,session_only
27824404.0534772521,5926527879,2020-12-13,1,0,0,0,0,0,mobile,Web,Russia,(not set),<Other>,referral,0.0,1,1,session_only
6025344641.7709481696,551754809,2021-01-26,1,1,0,0,0,0,desktop,Web,Russia,Krasnodar Krai,(direct),(none),0.0,4,2,view_item
4089633.9655171514,2184026877,2021-01-28,1,1,0,0,0,0,mobile,Android,United States,North Carolina,google,cpc,0.0,2,2,view_item
20927971.7722428009,6271937890,2020-12-22,1,0,0,0,0,0,desktop,Web,United States,California,<Other>,<Other>,0.0,1,1,session_only
7294126.6234493510,45685175,2020-12-10,1,0,0,0,0,0,mobile,Android,United States,Texas,google,organic,0.0,1,1,session_only
2078196.5597187323,9530062650,2020-12-21,1,1,0,0,0,0,desktop,Macintosh,United States,California,<Other>,<Other>,0.0,3,2,view_item
30776564.2279568117,2702848946,2020-11-09,1,0,0,0,0,0,desktop,Web,United States,Virginia,(direct),(none),0.0,1,1,session_only
4922188.9025079914,1992176842,2021-01-02,1,0,0,0,0,0,mobile,iOS,United States,Oklahoma,<Other>,referral,0.0,1,1,session_only
7922179.8044950759,6026805301,2021-01-22,1,0,0,0,0,0,mobile,Web,India,Uttar Pradesh,google,cpc,0.0,1,1,session_only
6453674.1229703128,4788200229,2021-01-23,1,0,0,0,0,0,mobile,Web,Argentina,Buenos Aires,google,organic,0.0,1,1,session_only
42165136.4624505519,2365151427,2020-12-30,1,0,0,0,0,0,desktop,Web,United States,Illinois,<Other>,<Other>,0.0,1,1,session_only
83220651.7631439225,8440866428,2020-12-05,1,0,0,0,0,0,mobile,Android,United States,Indiana,<Other>,<Other>,0.0,1,1,session_only
34477056.3987540952,1381209367,2021-01-14,1,0,0,0,0,0,desktop,Web,Ukraine,Kyiv city,google,organic,0.0,1,1,session_only
57689223.9754679277,6797244110,2021-01-17,1,1,0,0,0,0,desktop,Web,United States,Illinois,(direct),(none),0.0,2,2,view_item
72683330.2698743711,3749738048,2021-01-07,1,0,0,0,0,0,desktop,Windows,Germany,Bavaria,google,organic,0.0,1,1,session_only
5298703.0397867175,1889993288,2020-12-06,1,0,0,0,0,0,desktop,Web,Hungary,Budapest,google,organic,0.0,1,1,session_only
24659056.4653543834,2367139658,2020-12-10,1,0,0,0,0,0,mobile,Web,Canada,Ontario,shop.googlemerchandisestore.com,referral,0.0,1,1,session_only
9665757.0517655083,6416459019,2021-01-07,1,0,0,0,0,0,mobile,iOS,Canada,British Columbia,<Other>,referral,0.0,1,1,session_only
60277073.6069819718,3020108502,2021-01-15,1,1,0,0,0,0,mobile,iOS,Colombia,Bogota,<Other>,<Other>,0.0,2,2,view_item
40468044.4102943451,8536379051,2021-01-16,1,1,1,1,1,0,desktop,Web,United Kingdom,England,(direct),(none),0.0,16,5,add_payment
14508717.8538106398,4116343544,2021-01-09,1,0,0,0,0,0,desktop,Web,United States,New York,google,organic,0.0,1,1,session_only
18013241.7377310381,73231542,2020-11-13,1,1,0,1,0,0,mobile,Web,France,Ile-de-France,google,cpc,0.0,6,4,begin_checkout
8474150.4646812465,7588149261,2020-11-18,1,0,0,0,0,0,desktop,Macintosh,United States,New York,(direct),(none),0.0,1,1,session_only
44282119.8327195693,6936084050,2021-01-22,1,0,0,0,0,0,mobile,Android,Singapore,(not set),shop.googlemerchandisestore.com,referral,0.0,1,1,session_only
60925250.6967951684,6852736218,2021-01-08,1,0,0,0,0,0,desktop,Web,United Kingdom,England,google,organic,0.0,1,1,session_only
48732924.4698713989,2963812675,2021-01-17,1,0,0,0,0,0,desktop,Macintosh,Japan,Kanagawa,shop.googlemerchandisestore.com,referral,0.0,1,1,session_only
1748990.6630852031,296184420,2020-12-10,1,0,0,0,0,0,mobile,Web,United States,California,(direct),(none),0.0,1,1,session_only
43549482.0815834812,82887733,2021-01-01,1,0,0,0,0,0,desktop,Web,Canada,Ontario,shop.googlemerchandisestore.com,referral,0.0,1,1,session_only
84600790.6251249017,4966026251,2020-12-02,1,0,0,0,0,0,desktop,Web,Canada,Quebec,(direct),(none),0.0,1,1,session_only
78951909.0981938828,3939546202,2021-01-22,1,1,0,0,0,0,mobile,iOS,United Kingdom,England,(direct),(none),0.0,3,2,view_item
3093908.1237558885,2331667163,2020-11-03,1,0,0,0,0,0,desktop,Web,Australia,Victoria,<Other>,referral,0.0,1,1,session_only
24376686.4196847721,1171720297,2020-12-29,1,0,0,0,0,0,desktop,<Other>,Canada,Quebec,google,organic,0.0,1,1,session_only
49688009.6150245000,2097237538,2021-01-06,1,0,0,0,0,0,desktop,Web,United Kingdom,England,<Other>,referral,0.0,1,1,session_only
68137551.2563898666,9105968775,2021-01-08,1,0,0,0,0,0,desktop,Web,Spain,Catalonia,(data deleted),(data deleted),0.0,1,1,session_only
6740815.1306379591,1518183398,2021-01-13,1,1,0,0,0,0,mobile,Android,India,Odisha,<Other>,referral,0.0,3,2,view_item
8076277.6782788696,909930970,2021-01-22,1,0,0,0,0,0,mobile,Android,Spain,Madrid,google,cpc,0.0,1,1,session_only
75861618.0475891126,7968689626,2020-12-20,1,0,0,0,0,0,desktop,Web,India,Karnataka,(data deleted),(data deleted),0.0,1,1,session_only
6499595.1133320725,6769660219,2021-01-13,1,1,0,0,0,0,mobile,Web,Singapore,(not set),shop.googlemerchandisestore.com,referral,0.0,2,2,view_item
51434720.3099422619,6848724300,2020-12-28,1,0,0,0,0,0,desktop,Windows,United States,Florida,<Other>,referral,0.0,1,1,session_only
82234510.9836021301,5591819044,2020-12-08,1,1,0,0,0,0,desktop,Windows,Russia,Saint Petersburg,<Other>,referral,0.0,2,2,view_item
3122109.8846112065,3203016260,2020-12-24,1,0,0,0,0,0,mobile,Web,United States,Kansas,google,organic,0.0,1,1,session_only
58637594.8977049059,6745503205,2020-11-04,1,0,0,0,0,0,desktop,Web,Germany,North Rhine-Westphalia,<Other>,<Other>,0.0,1,1,session_only
3235296.5810465440,1309654771,2020-12-10,0,1,0,0,0,0,desktop,Web,United States,Virginia,<Other>,(data deleted),0.0,10,2,view_item
3512273.8298888485,612764394,2020-12-08,1,0,0,0,0,0,mobile,Android,India,Tamil Nadu,<Other>,<Other>,0.0,1,1,session_only
6114073.2150086020,5215837245,2020-11-18,1,0,0,0,0,0,desktop,Macintosh,United States,Florida,shop.googlemerchandisestore.com,referral,0.0,1,1,session_only
66638267.7996007059,125966306,2020-12-08,1,1,1,1,1,1,mobile,iOS,United States,New York,(direct),(none),32.8,33,6,purchase
10336442.3966003477,8435363378,2020-11-01,1,0,0,0,0,0,desktop,Web,United States,California,google,organic,0.0,1,1,session_only
77508759.6989495370,7461779524,2020-12-08,1,0,0,0,0,0,desktop,Web,United States,New York,<Other>,referral,0.0,1,1,session_only
70694632.2814543380,7524634140,2021-01-22,1,0,0,0,0,0,mobile,Web,India,Odisha,google,organic,0.0,1,1,session_only
37225160.4699171251,7887503074,2020-12-31,1,0,0,0,0,0,desktop,Windows,India,Uttar Pradesh,google,organic,0.0,1,1,session_only
6245670.9997671286,3616057556,2021-01-28,1,1,0,0,0,0,desktop,Web,United States,California,google,organic,0.0,2,2,view_item
53615294.6903579069,5743314383,2021-01-13,1,0,0,0,0,0,desktop,Windows,United States,Oklahoma,(direct),(none),0.0,1,1,session_only
63227409.2878462844,1000875368,2020-12-08,1,0,0,0,0,0,desktop,Windows,Dominican Republic,(not set),(data deleted),(data deleted),0.0,1,1,session_only
8906595.5484402331,4108429406,2021-01-08,1,0,0,0,0,0,desktop,Macintosh,Philippines,Metro Manila,google,organic,0.0,1,1,session_only
36276941.6498444786,4765403562,2020-12-05,1,0,0,0,0,0,mobile,iOS,United Kingdom,England,google,cpc,0.0,1,1,session_only
86380762.9848210734,1842548978,2021-01-06,1,0,0,0,0,0,mobile,iOS,United States,Ohio,google,organic,0.0,1,1,session_only
16062524.8983694746,7429060532,2020-11-02,1,0,0,0,0,0,mobile,Web,United States,New Jersey,google,organic,0.0,1,1,session_only
21399714.3434265004,5381203827,2021-01-10,1,0,0,0,0,0,desktop,Web,Singapore,(not set),google,organic,0.0,1,1,session_only
35700716.3416529923,6061089293,2020-12-21,1,0,0,0,0,0,desktop,Web,Singapore,(not set),(direct),(none),0.0,1,1,session_only
53851668.9490336826,7509272970,2021-01-08,1,0,0,0,0,0,mobile,Android,United States,California,(direct),(none),0.0,1,1,session_only
8371206.2606558839,2534830596,2021-01-28,1,0,0,0,0,0,mobile,Web,Canada,Quebec,<Other>,<Other>,0.0,1,1,session_only
48939582.3966848227,4670210977,2021-01-31,1,0,0,0,0,0,desktop,Web,Australia,Queensland,google,cpc,0.0,1,1,session_only
10920354.7063375014,1096699624,2021-01-24,1,1,0,0,0,0,mobile,iOS,Brazil,State of Sao Paulo,(direct),(none),0.0,2,2,view_item
1298332.8805790276,1663935364,2020-12-28,1,1,1,1,1,1,desktop,Macintosh,India,Maharashtra,<Other>,organic,92.32,50,6,purchase
60845846.6198940581,4828163696,2020-11-14,1,0,0,0,0,0,desktop,Web,France,Ile-de-France,google,cpc,0.0,1,1,session_only
7378111.8594496682,4928666621,2021-01-09,1,0,0,0,0,0,mobile,Web,United States,Massachusetts,shop.googlemerchandisestore.com,referral,0.0,1,1,session_only
5235820.9292704430,290935144,2020-12-30,1,0,0,0,0,0,desktop,Web,Spain,Madrid,<Other>,<Other>,0.0,1,1,session_only
1057547.8872833103,641553489,2021-01-17,1,0,0,0,0,0,desktop,Web,Singapore,(not set),google,organic,0.0,1,1,session_only
85022617.6226377578,6654102744,2021-01-29,1,0,0,0,0,0,desktop,Macintosh,United States,Washington,google,cpc,0.0,1,1,session_only
5375602.5787042833,4434906599,2020-12-06,1,1,1,1,1,1,desktop,Web,United States,Ohio,google,organic,0.0,8,6,purchase
4254801.0067289483,6805161946,2021-01-25,1,0,0,0,0,0,desktop,Macintosh,United States,California,google,organic,0.0,1,1,session_only
7171008.3370922388,8454085350,2020-12-24,1,1,0,0,0,0,desktop,Web,Peru,(not set),google,organic,0.0,8,2,view_item
21736880.7244402583,7731157644,2021-01-13,1,0,0,0,0,0,desktop,Web,Canada,Ontario,(direct),(none),0.0,1,1,session_only
81775616.0396384632,6970474985,2020-11-18,1,0,0,0,0,0,mobile,iOS,United States,Massachusetts,(direct),(none),0.0,1,1,session_only
4775804.1431426674,3571119984,2021-01-10,1,0,0,0,0,0,desktop,Web,United States,(not set),google,cpc,0.0,1,1,session_only
12953306.7606047624,7501817922,2020-12-21,1,0,0,0,0,0,desktop,Windows,United States,New Jersey,<Other>,referral,0.0,1,1,session_only
85358226.8287152806,824739031,2020-11-16,1,1,0,1,1,1,desktop,Web,India,Kerala,(direct),(none),31.2,22,6,purchase
7587631.0135785333,4600290419,2021-01-13,1,0,0,0,0,0,desktop,Web,United States,Tennessee,google,organic,0.0,1,1,session_only
73429180.9113155849,5192595045,2020-12-10,1,0,0,0,0,0,desktop,Web,United States,Alabama,shop.googlemerchandisestore.com,referral,0.0,1,1,session_only
21575840.4313791318,4006818194,2021-01-06,1,0,0,0,0,0,desktop,<Other>,United States,California,(direct),(none),0.0,1,1,session_only
7421090.1311478278,6174586684,2020-12-08,1,1,1,1,1,1,mobile,Web,South Korea,Gyeongsangnam-do,(direct),(none),19.76,44,6,purchase
12370832.6369217133,4003736773,2020-11-16,1,1,0,1,1,1,mobile,Web,United States,Illinois,(direct),(none),29.6,16,6,purchase
89228434.7669852607,7215065918,2021-01-30,1,0,0,0,0,0,desktop,Web,China,Sichuan,shop.googlemerchandisestore.com,referral,0.0,1,1,session_only
57360959.3292953113,1606369729,2021-01-11,1,0,0,0,0,0,mobile,Android,United States,Indiana,<Other>,<Other>,0.0,1,1,session_only
42295012.2185598668,1192258992,2021-01-22,1,0,0,0,0,0,mobile,Android,United States,Missouri,google,organic,0.0,1,1,session_only
59907452.1701231702,7883735945,2020-12-25,1,0,0,0,0,0,desktop,<Other>,United States,Nebraska,google,cpc,0.0,1,1,session_only
27072617.1911083689,823533755,2021-01-29,1,0,0,0,0,0,mobile,Web,Pakistan,Punjab,(direct),(none),0.0,1,1,session_only
3231609.9615457151,2849585569,2020-12-06,1,1,1,1,1,1,mobile,Android,United States,Washington,shop.googlemerchandisestore.com,referral,42.4,20,6,purchase
41854598.9783318447,9803948439,2021-01-14,1,0,0,0,0,0,mobile,Web,United States,California,google,organic,0.0,1,1,session_only
631315140.0199791452,2395509936,2021-01-16,1,0,0,0,0,0,desktop,Windows,United States,California,(direct),(none),0.0,1,1,session_only
76636679.9258146735,2758276055,2020-12-26,1,0,0,0,0,0,desktop,Windows,United States,Kansas,google,organic,0.0,1,1,session_only
5005811.3801867034,2096302064,2021-01-28,1,0,0,0,0,0,desktop,Windows,Indonesia,Jakarta,google,cpc,0.0,1,1,session_only
86788852.5134449345,7133935069,2021-01-18,1,0,0,0,0,0,desktop,Web,United States,Florida,shop.googlemerchandisestore.com,referral,0.0,1,1,session_only
2357729.7337895516,9809091501,2020-12-27,1,0,0,0,0,0,mobile,Android,United States,Nebraska,<Other>,<Other>,0.0,1,1,session_only
3247335799.2239176871,4054822912,2021-01-14,1,0,0,0,0,0,desktop,Windows,India,Tamil Nadu,google,organic,0.0,1,1,session_only
44852424.6969602973,3674020579,2020-11-29,1,0,0,0,0,0,mobile,iOS,United States,New York,<Other>,<Other>,0.0,1,1,session_only
5499354323.9280090706,3457495462,2021-01-21,1,0,0,0,0,0,mobile,iOS,India,Haryana,<Other>,<Other>,0.0,1,1,session_only
5184896.7773934801,6002146835,2021-01-26,1,0,0,1,1,1,desktop,Macintosh,Slovakia,Bratislava Region,(direct),(none),20.8,6,6,purchase
7811484.6960399347,7974268465,2021-01-03,1,0,0,0,0,0,desktop,Macintosh,United States,South Carolina,(direct),(none),0.0,1,1,session_only
9017985.0127151257,5374693014,2021-01-02,1,0,0,0,0,0,desktop,Windows,United States,California,<Other>,<Other>,0.0,1,1,session_only
91482775.9960173983,8576608760,2021-01-05,1,0,0,0,0,0,desktop,Web,Slovakia,Zilina Region,<Other>,<Other>,0.0,1,1,session_only
64535513.0231212788,3108908466,2020-12-08,1,0,0,0,0,0,mobile,Web,United States,South Dakota,shop.googlemerchandisestore.com,referral,0.0,1,1,session_only
4527186.0685002201,1567605617,2021-01-23,1,0,0,0,0,0,desktop,Web,United States,Virginia,<Other>,<Other>,0.0,1,1,session_only
4786983.9510617295,8045987350,2020-12-05,1,0,0,0,0,0,desktop,Macintosh,Colombia,Bogota,(direct),(none),0.0,1,1,session_only
54032768.6800070549,1670737178,2021-01-04,1,1,0,0,0,0,mobile,iOS,China,Guangdong Province,google,organic,0.0,6,2,view_item
4168564.7381769408,7007557286,2021-01-04,1,0,0,0,0,0,desktop,Web,Mexico,Puebla,(direct),(none),0.0,1,1,session_only
7234222.3905186769,1933042733,2020-12-16,1,0,0,0,0,0,desktop,Web,Russia,(not set),shop.googlemerchandisestore.com,referral,0.0,1,1,session_only
34245844.6958460087,4599031283,2021-01-30,1,0,0,0,0,0,desktop,Macintosh,United States,Arizona,<Other>,referral,0.0,1,1,session_only
10729375.4686719067,277549262,2020-12-08,1,0,0,0,0,0,desktop,Windows,Canada,British Columbia,google,organic,0.0,1,1,session_only
5402943.2225564185,104459486,2020-11-12,1,0,0,0,0,0,mobile,Web,Norway,(not set),google,organic,0.0,1,1,session_only
9030851.6893086314,715069457,2020-12-16,1,1,1,1,1,1,desktop,Windows,France,Ile-de-France,shop.googlemerchandisestore.com,referral,0.0,11,6,purchase
74273057.3459405202,9198167894,2020-11-16,1,1,0,0,0,0,mobile,Web,Egypt,(not set),(direct),(none),0.0,6,2,view_item
3673006.6755990977,9192747271,2021-01-01,1,0,0,0,0,0,mobile,Web,United States,California,google,organic,0.0,1,1,session_only
2958495.6665262926,2600132988,2020-11-08,1,1,0,0,0,0,mobile,iOS,United States,New York,(direct),(none),0.0,6,2,view_item
3717900137.9923435039,234553563,2021-01-25,1,0,0,0,0,0,tablet,Android,Spain,Catalonia,shop.googlemerchandisestore.com,referral,0.0,1,1,session_only
3673047489.7144437859,458736331,2020-12-02,1,1,0,0,0,0,desktop,Web,United States,Illinois,<Other>,<Other>,0.0,12,2,view_item
37968960.7260876982,6467176083,2021-01-29,1,0,0,0,0,0,desktop,Windows,Taiwan,Taipei City,(data deleted),(data deleted),0.0,1,1,session_only
6156812.8549768055,2771368706,2020-12-16,1,1,0,0,0,0,mobile,Web,United States,Idaho,<Other>,<Other>,0.0,3,2,view_item
11623444.8090405688,6405830310,2021-01-01,1,0,0,0,0,0,mobile,iOS,Ireland,County Dublin,google,organic,0.0,1,1,session_only
52110755.0377972217,3013482824,2020-11-03,1,1,0,1,1,1,desktop,Macintosh,(not set),(not set),(data deleted),(data deleted),34.8,21,6,purchase
64413766.6715401396,4153339448,2021-01-17,1,0,0,0,0,0,mobile,Web,Dominican Republic,(not set),google,organic,0.0,1,1,session_only
2183746.0803898120,8689791328,2020-12-16,1,0,0,0,0,0,desktop,Web,United Kingdom,England,(direct),(none),0.0,1,1,session_only
61671695.9553994845,3503216822,2020-11-21,1,0,0,0,0,0,desktop,Web,United Kingdom,England,google,organic,0.0,1,1,session_only
39933872.5230407302,8986064809,2021-01-01,1,0,0,0,0,0,desktop,Web,United States,Montana,<Other>,referral,0.0,1,1,session_only
3007498.0835648349,142435045,2020-12-28,1,0,0,0,0,0,desktop,Windows,United States,California,google,organic,0.0,1,1,session_only
59413127.9672623101,990597725,2020-11-06,1,0,0,0,0,0,desktop,Web,Indonesia,(not set),(data deleted),(data deleted),0.0,1,1,session_only
3547087.8694946242,5230984980,2020-12-28,1,1,0,0,0,0,mobile,Web,United States,Michigan,google,organic,0.0,9,2,view_item
50066176.9209483919,5322620899,2021-01-30,1,0,0,0,0,0,mobile,Web,Malaysia,(not set),google,organic,0.0,1,1,session_only
49576166.9006741496,3699258379,2020-11-03,1,1,0,0,0,0,mobile,Web,Netherlands,North Holland,(data deleted),(data deleted),0.0,2,2,view_item
75410298.3272617445,3663854179,2021-01-13,1,0,0,0,0,0,desktop,Web,North Macedonia,(not set),(direct),(none),0.0,1,1,session_only
86015829.9853470555,5911220628,2021-01-13,1,1,0,0,0,0,desktop,Web,United States,Virginia,google,organic,0.0,5,2,view_item
69976538.7804682706,8882586501,2020-12-25,1,0,0,0,0,0,desktop,Macintosh,Singapore,(not set),google,organic,0.0,1,1,session_only
60307317.9479073715,987087613,2021-01-28,1,0,0,0,0,0,desktop,Web,South Korea,Seoul,(direct),(none),0.0,1,1,session_only
72999037.0477183384,6246716011,2020-12-08,1,1,0,0,0,0,mobile,Web,Czechia,(not set),google,organic,0.0,2,2,view_item
4863326.6909599261,3138278968,2021-01-21,1,1,0,0,0,0,mobile,iOS,United States,California,<Other>,<Other>,0.0,7,2,view_item
78171585.8855345943,8989207645,2021-01-14,1,0,0,0,0,0,mobile,Web,United States,Georgia,<Other>,<Other>,0.0,1,1,session_only
4036650209.1454214037,3851112113,2020-11-29,1,1,0,1,1,1,desktop,Web,United States,Florida,google,organic,0.0,6,6,purchase
32451306.0332142786,4557972427,2020-12-13,1,0,0,0,0,0,desktop,Web,Japan,Tokyo,google,organic,0.0,1,1,session_only
16542880.2060666104,8273746882,2020-12-16,1,1,0,0,0,0,desktop,Windows,United States,New Jersey,google,organic,0.0,4,2,view_item
6634744.8394071262,3120148202,2020-11-08,1,1,0,0,0,0,desktop,Web,Canada,Ontario,<Other>,<Other>,0.0,2,2,view_item
35498716.4069000111,2002201870,2020-12-28,1,0,0,0,0,0,desktop,Web,United States,California,(direct),(none),0.0,1,1,session_only
16950541.3631805147,8812055904,2021-01-14,1,1,0,0,0,0,desktop,Windows,United States,California,google,organic,0.0,2,2,view_item
36625337.5844476056,3678070741,2020-11-29,1,0,0,0,0,0,mobile,iOS,Germany,Lower Saxony,(direct),(none),0.0,1,1,session_only
7707718.4049090286,5149677050,2021-01-29,1,1,1,1,1,1,desktop,Web,United States,Florida,<Other>,referral,0.0,20,6,purchase
65896143.3985206660,1835745119,2021-01-13,1,0,0,0,0,0,desktop,Windows,Russia,(not set),<Other>,<Other>,0.0,1,1,session_only
21864138.6820486305,3299894350,2021-01-18,1,0,0,0,0,0,desktop,Web,United States,North Carolina,<Other>,<Other>,0.0,1,1,session_only
4714136.4460148323,2497900478,2021-01-22,1,1,0,0,0,0,desktop,Web,Germany,Hamburg,(direct),(none),0.0,2,2,view_item
12441757.3670228468,7179227007,2020-12-06,1,0,0,0,0,0,desktop,Web,Canada,Manitoba,google,organic,0.0,1,1,session_only
67128830.1440320924,4207695074,2020-11-12,1,0,0,0,0,0,desktop,Web,Australia,Victoria,<Other>,<Other>,0.0,1,1,session_only
8291966.4609170560,8270867622,2020-12-06,1,1,0,0,0,0,desktop,Macintosh,United States,Washington,shop.googlemerchandisestore.com,referral,0.0,3,2,view_item
63410787.2094907752,8540701771,2020-12-21,1,0,0,0,0,0,desktop,Web,Poland,Masovian Voivodeship,<Other>,<Other>,0.0,1,1,session_only
4106322.3530897882,1297119057,2021-01-15,1,1,1,0,0,0,desktop,Web,United States,Wisconsin,google,cpc,0.0,5,3,add_to_cart
5873960.7922751092,912679926,2020-11-07,1,0,0,0,0,0,tablet,iOS,Germany,Baden-Wurttemberg,<Other>,referral,0.0,1,1,session_only
19632309.2918002213,4822170480,2021-01-06,1,0,0,0,0,0,desktop,Web,United States,Texas,(direct),(none),0.0,1,1,session_only
2275066.7512485469,9617922057,2020-12-28,1,1,0,0,0,0,desktop,Macintosh,United States,New York,google,organic,0.0,5,2,view_item
3606067.1385329546,5037006547,2020-11-02,1,0,0,0,0,0,tablet,Web,United States,New York,<Other>,<Other>,0.0,1,1,session_only
7905299837.6949942550,9969096643,2020-11-01,1,1,0,1,1,1,desktop,<Other>,United States,California,shop.googlemerchandisestore.com,referral,0.0,7,6,purchase
3790572154.6980217658,3497057358,2020-12-06,1,1,1,0,0,0,mobile,iOS,India,Telangana,google,organic,0.0,3,3,add_to_cart
37436500.1172918401,564098437,2020-12-06,1,0,0,0,0,0,desktop,Web,United States,Washington,<Other>,referral,0.0,1,1,session_only
47155814.0042203252,61080226,2021-01-24,1,0,0,0,0,0,mobile,iOS,Costa Rica,(not set),google,organic,0.0,1,1,session_only
5790366678.1008223315,3260094963,2021-01-05,1,1,0,0,0,0,desktop,Web,Netherlands,Utrecht,<Other>,<Other>,0.0,2,2,view_item
5720998.3131726211,8536985675,2021-01-17,1,0,0,0,0,0,desktop,Web,United States,Pennsylvania,<Other>,<Other>,0.0,1,1,session_only
91694984.1982284598,1022957678,2020-11-06,1,1,0,1,1,1,mobile,Web,Canada,Ontario,(data deleted),(data deleted),48.8,30,6,purchase
91094507.3927373538,5849315833,2021-01-28,1,0,0,0,0,0,mobile,Web,United States,Washington,(direct),(none),0.0,1,1,session_only
71743337.1147026172,4467482525,2021-01-28,1,0,0,0,0,0,desktop,Web,Canada,Alberta,(direct),(none),0.0,1,1,session_only
8753792.9008608778,9982187957,2020-12-26,1,0,0,0,0,0,mobile,iOS,United States,California,google,organic,0.0,1,1,session_only
36566229.6006264833,7439291390,2021-01-06,1,0,0,0,0,0,mobile,Web,Singapore,(not set),(direct),(none),0.0,1,1,session_only
50949073.6263260014,4867043956,2020-12-22,1,0,0,0,0,0,desktop,Web,United States,Massachusetts,google,organic,0.0,1,1,session_only
2228541.0150505967,3264213663,2020-12-10,1,0,0,0,0,0,desktop,Macintosh,Finland,(not set),(direct),(none),0.0,1,1,session_only
