user_pseudo_id,session_id,event_date,session_start,viewed_item,added_to_cart,began_checkout,added_payment,converted,device_category,os,country,region,traffic_source,traffic_medium,session_revenue,event_count,max_funnel_stage,funnel_stage_label
28392613.1628993283,8076521501,2020-11-29,1,0,0,0,0,0,desktop,Windows,Australia,Victoria,<Other>,<Other>,0.0,1,1,session_only
63493162.4917747807,9345053644,2021-01-17,1,0,0,0,0,0,mobile,iOS,United States,Georgia,google,organic,0.0,1,1,session_only
2675482.3074940760,295134419,2020-11-24,1,0,0,0,0,0,mobile,iOS,Bangladesh,(not set),<Other>,referral,0.0,1,1,session_only
4278256.0708820589,7627635156,2021-01-11,1,0,0,0,0,0,mobile,Web,United States,Washington,google,organic,0.0,1,1,session_only
2549691.9342168913,2984084294,2020-11-02,1,0,0,0,0,0,desktop,Web,Singapore,(not set),google,organic,0.0,1,1,session_only
3406238.3319746856,1442733433,2021-01-08,1,0,0,0,0,0,mobile,Web,India,Telangana,shop.googlemerchandisestore.com,referral,0.0,1,1,session_only
47875006.0956034934,7851817437,2021-01-20,1,1,1,1,1,1,mobile,Web,United States,California,<Other>,referral,0.0,35,6,purchase
8676958.1154553142,3223050276,2021-01-06,1,1,1,1,1,1,mobile,Web,United States,California,google,organic,55.2,47,6,purchase
1473907.3094601816,4941196878,2020-12-14,1,0,0,0,0,0,desktop,Web,United States,Georgia,<Other>,<Other>,0.0,1,1,session_only
16870952.2996477574,2620833812,2021-01-06,1,1,0,0,0,0,desktop,Web,United States,California,<Other>,<Other>,0.0,2,2,view_item
57884840.6057840667,1399096825,2021-01-12,1,0,0,0,0,0,mobile,iOS,Ukraine,Kyiv city,<Other>,<Other>,0.0,1,1,session_only
1946203.0002828524,1908785339,2020-11-23,1,0,0,0,0,0,desktop,Web,United States,Maryland,(direct),(none),0.0,1,1,session_only
26519562.2001786042,8096682632,2020-12-28,1,1,1,1,1,1,mobile,Android,Japan,Tokyo,google,organic,12.6,24,6,purchase
48189643.2359085217,5110344702,2021-01-29,1,0,0,0,0,0,desktop,Windows,United States,Arkansas,google,organic,0.0,1,1,session_only
8985357.9809350662,9089764678,2021-01-09,1,0,0,0,0,0,desktop,Web,India,Telangana,(direct),(none),0.0,1,1,session_only
5519553.7847540606,8789152890,2020-12-24,1,0,0,0,0,0,desktop,Macintosh,United Kingdom,England,google,cpc,0.0,1,1,session_only
22359493.8173138206,621812365,2021-01-08,1,0,0,0,0,0,desktop,Web,United States,Missouri,google,organic,0.0,1,1,session_only
78053505.5545414307,4545597685,2020-11-19,1,0,0,0,0,0,desktop,Windows,United States,California,(direct),(none),0.0,1,1,session_only
4951108.2778514025,7073369795,2020-11-17,1,1,1,1,1,1,desktop,<Other>,United Kingdom,England,google,organic,93.92,11,6,purchase
12915769.0538627211,6355750288,2020-12-23,1,0,0,0,0,0,mobile,Web,India,Maharashtra,<Other>,<Other>,0.0,1,1,session_only
4498841.8347110077,5330077771,2020-12-30,1,0,0,0,0,0,desktop,Web,United States,Florida,shop.googlemerchandisestore.com,referral,0.0,1,1,session_only
6262410269.1399983073,5844619926,2021-01-07,1,0,0,0,0,0,desktop,Web,India,Maharashtra,<Other>,referral,0.0,1,1,session_only
24976208.6231402988,1132563084,2020-11-17,1,0,0,0,0,0,mobile,iOS,United States,Washington,google,cpc,0.0,1,1,session_only
18328443.2080319353,8530783175,2020-11-19,1,1,0,0,0,0,desktop,Web,(not set),(not set),shop.googlemerchandisestore.com,referral,0.0,2,2,view_item
7802943.5182252004,9787158374,2020-12-14,1,0,0,0,0,0,mobile,iOS,Turkey,(not set),<Other>,referral,0.0,1,1,session_only
69874308.2409820937,7256554583,2020-11-29,1,0,0,0,0,0,mobile,Web,United States,Texas,(direct),(none),0.0,1,1,session_only
6410704.5293427955,6214812447,2020-11-29,1,0,0,0,0,0,mobile,iOS,United States,Washington,<Other>,<Other>,0.0,1,1,session_only
70551776.9385772365,1182957274,2021-01-20,1,0,0,0,0,0,desktop,Web,Singapore,(not set),<Other>,<Other>,0.0,1,1,session_only
5189293.9714181480,9152739548,2021-01-20,1,0,0,0,0,0,desktop,Web,United States,Kansas,google,organic,0.0,1,1,session_only
2083568.2376629990,8933502156,2020-12-01,1,0,0,0,0,0,desktop,Web,Finland,Uusimaa,shop.googlemerchandisestore.com,referral,0.0,1,1,session_only
8090499.4141645942,5722750145,2021-01-06,1,0,0,0,0,0,desktop,Web,Egypt,Cairo Governorate,(direct),(none),0.0,1,1,session_only
4760996.7887460013,718782993,2021-01-31,1,0,0,0,0,0,mobile,iOS,United States,California,(data deleted),(data deleted),0.0,1,1,session_only
44005642.6625187199,7186100344,2021-01-13,1,0,0,0,0,0,mobile,iOS,Hungary,Budapest,shop.googlemerchandisestore.com,referral,0.0,1,1,session_only
2641679.4320298474,4894281129,2020-12-14,1,1,1,0,0,0,desktop,Windows,Switzerland,(not set),<Other>,referral,0.0,19,3,add_to_cart
63804212.9179695779,6015188776,2020-12-20,1,0,0,0,0,0,desktop,Web,United States,California,google,cpc,0.0,1,1,session_only
44343881.6587325401,4832453604,2020-11-15,1,0,0,0,0,0,desktop,Windows,United States,North Carolina,(direct),(none),0.0,1,1,session_only
90732736.8391346787,8037232666,2020-11-26,1,1,0,1,1,1,mobile,Web,Austria,Vienna,<Other>,<Other>,192.4,39,6,purchase
13911399.2865588954,7948380058,2021-01-01,1,0,0,0,0,0,desktop,Macintosh,Singapore,(not set),(direct),(none),0.0,1,1,session_only
57391822.9113751912,8231639047,2020-11-15,1,0,0,0,0,0,tablet,Web,Germany,Baden-Wurttemberg,(direct),(none),0.0,1,1,session_only
84773046.3260112116,543891283,2020-11-07,1,1,0,0,0,0,desktop,Web,China,Beijing,google,organic,0.0,2,2,view_item
4767459.4804970220,3622603034,2020-12-14,1,0,0,0,0,0,mobile,iOS,United States,Colorado,(direct),(none),0.0,1,1,session_only
5350561.6737841928,1912210509,2020-11-07,1,1,0,0,0,0,mobile,Web,Norway,Oslo,google,organic,0.0,2,2,view_item
60142796.3936476784,5917309895,2021-01-28,1,1,1,0,0,0,mobile,Web,United States,New York,<Other>,<Other>,0.0,4,3,add_to_cart
7154123.2170024355,6657106172,2020-11-02,1,0,0,0,0,0,mobile,Web,United States,Texas,google,organic,0.0,1,1,session_only
75427461.1273015668,1119046096,2020-11-17,1,0,0,0,0,0,mobile,Web,Italy,Apulia,google,organic,0.0,1,1,session_only
70727879.5468233846,5713986895,2020-11-09,1,0,0,0,0,0,desktop,Web,Canada,Quebec,google,organic,0.0,1,1,session_only
1184897.1216511739,4884664955,2020-12-14,1,0,0,0,0,0,desktop,Web,Morocco,Casablanca-Settat,<Other>,organic,0.0,1,1,session_only
3555628.5886474906,5677099354,2020-12-01,1,0,0,1,1,1,mobile,Web,South Korea,Daegu,google,organic,0.0,4,6,purchase
9970532.4013333065,5424684963,2021-01-15,1,0,0,0,0,0,desktop,Windows,United States,California,google,organic,0.0,1,1,session_only
8471484.3394234354,2620012618,2021-01-23,1,1,0,0,0,0,desktop,Web,Netherlands,South Holland,google,organic,0.0,2,2,view_item
22899379.7253502096,7291730052,2020-11-17,1,1,0,0,0,0,mobile,Web,United States,New York,google,cpc,0.0,2,2,view_item
26177652.4998045993,841906493,2021-01-27,1,0,0,0,0,0,mobile,Web,United States,Texas,google,organic,0.0,1,1,session_only
82798554.7068217134,1179884123,2020-12-23,1,0,0,0,0,0,mobile,Web,India,Manipur,google,organic,0.0,1,1,session_only
1725873.5260381004,5872630387,2021-01-15,1,0,0,0,0,0,desktop,Web,(not set),(not set),shop.googlemerchandisestore.com,referral,0.0,1,1,session_only
89197379.1268966926,6767323047,2020-12-14,1,1,0,0,0,0,mobile,Web,Italy,Emilia-Romagna,shop.googlemerchandisestore.com,referral,0.0,2,2,view_item
88835043.9418590629,7559589087,2021-01-26,1,0,0,0,0,0,mobile,Android,United States,California,google,organic,0.0,1,1,session_only
29651705.9699225832,6692062630,2020-11-07,1,0,0,0,0,0,mobile,iOS,Germany,Hamburg,google,cpc,0.0,1,1,session_only
3201791.7834117477,7330410469,2020-11-29,1,1,0,0,0,0,mobile,iOS,Spain,Madrid,(direct),(none),0.0,2,2,view_item
34860971.0030801589,3047842891,2020-11-26,1,1,0,0,0,0,tablet,iOS,United States,North Carolina,google,organic,0.0,2,2,view_item
7670494.0367304220,5847805445,2020-12-17,1,1,1,1,1,1,mobile,Web,Russia,(not set),shop.googlemerchandisestore.com,referral,78.4,34,6,purchase
70415732.2458210680,6572543260,2021-01-28,1,0,0,0,0,0,desktop,Macintosh,United States,Texas,google,organic,0.0,1,1,session_only
75608742.6249551218,892846091,2020-12-26,1,0,0,0,0,0,mobile,Web,Russia,Moscow Oblast,shop.googlemerchandisestore.com,referral,0.0,1,1,session_only
54649333.0161744311,7190006364,2021-01-30,1,0,0,0,0,0,desktop,Web,United States,Virginia,<Other>,<Other>,0.0,1,1,session_only
4270177.6159042387,4328305532,2021-01-20,1,1,0,0,0,0,desktop,Windows,Mexico,(not set),shop.googlemerchandisestore.com,referral,0.0,5,2,view_item
5873599.0044666705,5772508738,2020-11-02,1,0,0,0,0,0,desktop,Windows,United States,Florida,<Other>,<Other>,0.0,1,1,session_only
84170951.8717250429,6323029311,2021-01-06,1,0,0,0,0,0,desktop,Windows,India,West Bengal,<Other>,referral,0.0,1,1,session_only
7498448.0644621020,4579868326,2021-01-10,1,0,0,0,0,0,mobile,Web,United States,Massachusetts,<Other>,<Other>,0.0,1,1,session_only
3616981.5975363510,3921797468,2021-01-13,1,0,0,0,0,0,desktop,<Other>,Italy,Piedmont,(direct),(none),0.0,1,1,session_only
55905523.4195984050,4572463976,2021-01-06,1,0,0,0,0,0,mobile,Web,United States,California,<Other>,<Other>,0.0,1,1,session_only
51692851.3547973886,1997708318,2020-12-25,1,0,0,0,0,0,mobile,iOS,India,Delhi,(direct),(none),0.0,1,1,session_only
1039270.1476479656,9093271578,2020-12-29,1,0,0,0,0,0,desktop,Macintosh,United States,New York,google,organic,0.0,1,1,session_only
75979504.7171225714,3743536416,2020-11-23,1,0,0,0,0,0,mobile,Android,Spain,Aragon,(direct),(none),0.0,1,1,session_only
73549247.9231269047,2531636500,2021-01-28,1,1,1,1,1,1,desktop,Macintosh,United States,Georgia,(direct),(none),0.0,16,6,purchase
19297862.2056411858,9891415207,2021-01-19,1,1,0,0,0,0,mobile,Web,United States,California,(direct),(none),0.0,3,2,view_item
4392216663.5046715149,3054271539,2021-01-02,1,0,0,0,0,0,desktop,Web,Colombia,Antioquia,google,organic,0.0,1,1,session_only
27817153.6482984087,8378695752,2021-01-09,1,0,0,0,0,0,desktop,Web,United States,Illinois,(direct),(none),0.0,1,1,session_only
6685988.1985302635,8872764425,2020-11-09,1,1,0,1,1,0,desktop,Windows,United States,District of Columbia,google,organic,0.0,16,5,add_payment
6008274.6681672862,4558396200,2021-01-15,1,0,0,0,0,0,mobile,Android,United States,California,<Other>,<Other>,0.0,1,1,session_only
86672048.6133800686,7455946885,2021-01-18,1,0,0,0,0,0,mobile,Android,New Zealand,(not set),(data deleted),(data deleted),0.0,1,1,session_only
1947856.5253872735,839883178,2021-01-12,1,0,0,0,0,0,desktop,Web,United States,District of Columbia,(direct),(none),0.0,1,1,session_only
98709303.8052820091,3364344774,2021-01-27,1,0,0,0,0,0,mobile,Web,United States,Alabama,<Other>,<Other>,0.0,1,1,session_only
76308847.7057718374,5769953863,2021-01-13,1,0,0,0,0,0,desktop,Web,Mexico,Puebla,(data deleted),(data deleted),0.0,1,1,session_only
63542815.4779199828,5386109978,2021-01-23,1,0,0,0,0,0,desktop,Macintosh,United States,New Mexico,<Other>,<Other>,0.0,1,1,session_only
6108934.1950935099,3436659636,2020-11-20,1,0,0,0,0,0,desktop,Web,United Kingdom,England,google,organic,0.0,1,1,session_only
87676717.7065702075,1102546164,2020-12-14,1,0,0,0,0,0,desktop,Web,Peru,(not set),<Other>,<Other>,0.0,1,1,session_only
7385163302.4274482131,7591136504,2021-01-15,1,1,1,1,1,1,desktop,Macintosh,Belgium,Flanders,(data deleted),(data deleted),0.0,34,6,purchase
6885667.4715451935,3427834317,2020-11-11,1,1,0,0,0,0,desktop,Web,United States,Montana,google,organic,0.0,2,2,view_item
53034102.6782135380,7328820239,2020-12-17,1,0,0,0,0,0,mobile,Web,United States,California,(direct),(none),0.0,1,1,session_only
89273442.6457242958,1338697142,2020-11-21,1,0,0,0,0,0,mobile,Web,United States,Missouri,<Other>,organic,0.0,1,1,session_only
52857103.4478336299,7470943354,2020-12-14,1,0,0,0,0,0,desktop,Macintosh,South Korea,Chungcheongbuk-do,(direct),(none),0.0,1,1,session_only
3302342707.4749204468,5456153741,2020-11-20,1,0,0,0,0,0,desktop,Windows,Canada,Ontario,<Other>,referral,0.0,1,1,session_only
5380322.6711978011,7128969309,2020-12-28,1,0,0,0,0,0,desktop,Macintosh,India,Uttar Pradesh,(direct),(none),0.0,1,1,session_only
78410667.9123833886,4406479153,2020-11-23,1,0,0,0,0,0,desktop,Web,United States,Colorado,<Other>,<Other>,0.0,1,1,session_only
4025020.8896495733,3713149686,2021-01-25,1,0,0,0,0,0,mobile,iOS,United States,Kentucky,google,organic,0.0,1,1,session_only
1113469.1950253831,9698012211,2021-01-04,1,0,0,0,0,0,desktop,Web,United States,California,shop.googlemerchandisestore.com,referral,0.0,1,1,session_only
1379914.0841693697,9348354190,2021-01-28,1,0,0,0,0,0,mobile,Web,United States,Maryland,<Other>,organic,0.0,1,1,session_only
8101268.0425686731,8244707200,2020-11-20,1,1,0,0,0,0,desktop,Web,United States,New Jersey,google,cpc,0.0,10,2,view_item
6923618.6366417372,556384373,2021-01-30,1,1,0,0,0,0,desktop,Web,Canada,Ontario,(direct),(none),0.0,2,2,view_item
3708412.6237914887,8721393024,2021-01-19,1,0,0,0,0,0,mobile,iOS,Singapore,(not set),(direct),(none),0.0,1,1,session_only
11105025.0713455496,4268728681,2020-12-01,1,1,1,1,1,1,mobile,Web,Canada,Ontario,(direct),(none),55.2,46,6,purchase
6315084.4680304987,791300253,2021-01-10,1,1,1,1,1,1,desktop,Web,Canada,Ontario,(direct),(none),63.2,13,6,purchase
42470414.2359053391,5095238644,2020-12-14,1,0,0,0,0,0,desktop,Web,United States,North Carolina,google,organic,0.0,1,1,session_only
6458317.8786160157,748936962,2020-12-24,1,0,0,0,0,0,desktop,Web,United States,Virginia,google,organic,0.0,1,1,session_only
25038897.0487432908,3656581814,2020-11-05,1,0,0,0,0,0,desktop,Web,Canada,Quebec,(direct),(none),0.0,1,1,session_only
27563953.0157833669,1034488151,2020-11-26,1,1,1,0,0,0,desktop,Web,United Kingdom,England,(data deleted),(data deleted),0.0,22,3,add_to_cart
84472952.2545344457,7999790157,2020-11-26,1,0,0,0,0,0,desktop,Macintosh,United States,New York,google,organic,0.0,1,1,session_only
65564413.8573604861,7587221474,2021-01-01,1,0,0,0,0,0,mobile,Web,Indonesia,West Java,google,organic,0.0,1,1,session_only
7156982.1844538803,3969453035,2020-12-28,1,0,0,0,0,0,desktop,Web,United States,Texas,<Other>,<Other>,0.0,1,1,session_only
1033020.5841925327,3499232660,2021-01-06,1,1,0,0,0,0,mobile,Web,United States,Washington,google,organic,0.0,2,2,view_item
3721002.5471706123,9839361965,2021-01-20,1,0,0,0,0,0,mobile,Web,United States,Colorado,<Other>,referral,0.0,1,1,session_only
38067757.0522298514,3973743410,2021-01-20,1,0,0,0,0,0,mobile,Web,United States,Texas,(direct),(none),0.0,1,1,session_only
89522371.5858454887,1169933982,2021-01-15,1,0,0,0,0,0,desktop,Web,Bangladesh,(not set),shop.googlemerchandisestore.com,referral,0.0,1,1,session_only
7679565.5600674345,3979610838,2020-11-07,1,0,0,0,0,0,desktop,Web,India,Delhi,google,organic,0.0,1,1,session_only
89660717.5287840684,7180779191,2021-01-06,1,0,0,0,0,0,mobile,Web,India,Haryana,google,organic,0.0,1,1,session_only
59427000.7305194715,6263261626,2020-12-17,1,1,0,1,1,1,desktop,Web,(not set),(not set),(direct),(none),0.0,9,6,purchase
38440868.1055443918,6733067089,2021-01-29,1,0,0,0,0,0,mobile,iOS,North Macedonia,(not set),(direct),(none),0.0,1,1,session_only
4514883.4105450654,1504962060,2021-01-08,1,0,0,0,0,0,desktop,Web,Mexico,Baja California,<Other>,referral,0.0,1,1,session_only
27335331.0358917431,225853961,2020-11-16,1,0,0,0,0,0,mobile,Android,United States,Washington,google,organic,0.0,1,1,session_only
79733311.4746016001,340412461,2020-12-19,1,0,0,0,0,0,desktop,Web,Turkey,Kocaeli,google,organic,0.0,1,1,session_only
1278360068.4465103378,9368221250,2021-01-08,1,1,1,1,1,1,desktop,Web,United States,New York,(direct),(none),0.0,11,6,purchase
9282839452.2600261026,9834006751,2020-11-02,1,0,0,0,0,0,desktop,Windows,United States,New Jersey,<Other>,referral,0.0,1,1,session_only
86508394.7585294838,6734480899,2021-01-07,1,0,0,0,0,0,mobile,Web,India,Delhi,(direct),(none),0.0,1,1,session_only
23523021.9924468845,842416543,2020-11-05,1,1,0,0,0,0,desktop,Web,(not set),(not set),<Other>,referral,0.0,2,2,view_item
15512052.8875616031,5532287001,2020-11-08,1,0,0,0,0,0,desktop,Web,United States,Virginia,google,organic,0.0,1,1,session_only
46549421.2974959894,8085889874,2020-11-19,1,0,0,0,0,0,desktop,Web,United States,Alabama,google,organic,0.0,1,1,session_only
52889673.0146167781,2935663822,2020-12-21,1,1,0,0,0,0,mobile,Web,United States,Wisconsin,<Other>,referral,0.0,2,2,view_item
2998419674.2377733349,5686617929,2021-01-26,1,0,0,0,0,0,desktop,Windows,Vietnam,Hanoi,<Other>,<Other>,0.0,1,1,session_only
33636503.5000871312,6538410608,2021-01-23,1,1,1,1,1,1,desktop,Web,United States,Massachusetts,google,organic,17.5,41,6,purchase
78094225.2799878219,9835208595,2020-12-31,1,0,0,0,0,0,desktop,Web,United States,Oregon,(direct),(none),0.0,1,1,session_only
34508492.0627164073,3704266408,2020-12-29,1,0,0,0,0,0,desktop,Windows,China,Sichuan,<Other>,organic,0.0,1,1,session_only
78157019.6738084248,9491065882,2020-12-01,1,0,0,0,0,0,mobile,iOS,Japan,Osaka,google,organic,0.0,1,1,session_only
66105263.9129425359,3526545469,2020-11-29,1,0,0,0,0,0,mobile,iOS,El Salvador,San Salvador Department,(direct),(none),0.0,1,1,session_only
2020877755.4551126237,5651635163,2021-01-08,1,1,1,1,0,0,desktop,Web,Canada,British Columbia,(direct),(none),0.0,19,4,begin_checkout
26349497.9641248326,5029022892,2020-12-14,1,0,0,0,0,0,desktop,Web,Taiwan,Taipei City,<Other>,<Other>,0.0,1,1,session_only
24174901.8061519604,8111499382,2020-12-01,1,0,0,0,0,0,desktop,Web,Canada,British Columbia,(direct),(none),0.0,1,1,session_only
1602985.8159730306,4795177100,2020-12-01,1,0,0,0,0,0,desktop,Windows,Palestine,(not set),(direct),(none),0.0,1,1,session_only
1927128.7337729037,3357686275,2021-01-26,1,0,0,0,0,0,desktop,Web,India,Uttarakhand,google,organic,0.0,1,1,session_only
8877714660.0818948986,7853663772,2020-12-14,1,0,0,0,0,0,mobile,Android,United States,Florida,google,organic,0.0,1,1,session_only
24208349.5417351779,9637041648,2021-01-25,1,1,0,0,0,0,desktop,Web,Pakistan,Sindh,<Other>,referral,0.0,2,2,view_item
7266069.5614508732,9214059460,2020-11-14,1,0,0,0,0,0,mobile,Web,United States,Florida,(direct),(none),0.0,1,1,session_only
9051821.6515887662,9663038769,2020-12-26,1,0,0,0,0,0,mobile,iOS,Portugal,Lisbon,google,organic,0.0,1,1,session_only
27754794.4046505931,1908894685,2020-11-24,1,1,0,1,1,1,desktop,<Other>,India,Delhi,google,organic,238.4,9,6,purchase
33588867.7856735153,8163710196,2020-11-29,1,0,0,0,0,0,mobile,Web,India,Madhya Pradesh,(direct),(none),0.0,1,1,session_only
4602632.8640945737,1457263077,2021-01-06,0,1,1,0,0,0,desktop,Windows,United States,California,<Other>,organic,0.0,6,3,add_to_cart
4128094.9165932410,186559389,2021-01-27,1,0,0,0,0,0,desktop,Web,United States,California,google,cpc,0.0,1,1,session_only
25181374.6211338866,9671142216,2021-01-06,1,0,0,0,0,0,desktop,Web,United States,Utah,<Other>,<Other>,0.0,1,1,session_only
65179719.8036633581,7474594702,2020-12-23,1,0,0,0,0,0,mobile,iOS,United States,Kentucky,google,organic,0.0,1,1,session_only
5131850.5678675800,6123123870,2021-01-29,1,1,0,0,0,0,desktop,Web,Israel,Tel Aviv District,(data deleted),(data deleted),0.0,3,2,view_item
86209685.4625865672,8742897141,2020-12-21,1,1,0,0,0,0,mobile,Android,United States,West Virginia,google,organic,0.0,2,2,view_item
4122154.2497282175,184258734,2020-11-20,1,0,0,0,0,0,mobile,Web,Singapore,(not set),<Other>,referral,0.0,1,1,session_only
3605282.2517199936,3711871559,2020-12-29,1,0,0,0,0,0,mobile,iOS,United States,Oklahoma,<Other>,<Other>,0.0,1,1,session_only
39083619.6348036937,6192951000,2020-12-26,1,0,0,0,0,0,mobile,iOS,Bangladesh,(not set),(direct),(none),0.0,1,1,session_only
2209766.2788670255,3141951713,2020-11-21,1,0,0,0,0,0,desktop,Windows,Taiwan,New Taipei City,<Other>,<Other>,0.0,1,1,session_only
7609231.7637237773,4151629600,2021-01-16,1,0,0,0,0,0,desktop,Web,United States,Massachusetts,(direct),(none),0.0,1,1,session_only
1583669.4669902363,8597574480,2020-12-19,1,1,1,1,1,1,desktop,Web,United Kingdom,England,google,organic,46.48,48,6,purchase
6948587.7871115206,1764190934,2021-01-06,1,0,0,0,0,0,mobile,iOS,United States,New York,<Other>,referral,0.0,1,1,session_only
87047667.1042912591,3746299907,2021-01-04,1,1,0,0,0,0,desktop,Web,United States,Indiana,shop.googlemerchandisestore.com,referral,0.0,2,2,view_item
73687295.6049620453,6674477131,2021-01-25,1,0,0,0,0,0,desktop,Web,Spain,Basque Country,google,organic,0.0,1,1,session_only
58202770.9352561653,3802089813,2020-11-14,1,1,0,1,1,1,desktop,Web,Indonesia,Jakarta,shop.googlemerchandisestore.com,referral,0.0,8,6,purchase
70112064.0268704033,7142276583,2020-12-23,1,0,0,0,0,0,mobile,iOS,Peru,(not set),<Other>,referral,0.0,1,1,session_only
12217498.0711440430,6019819574,2020-11-26,1,0,0,0,0,0,desktop,Web,United States,Massachusetts,google,organic,0.0,1,1,session_only
59040525.8723215424,8025696273,2020-12-21,1,1,0,0,0,0,mobile,Web,Turkey,Izmir,(direct),(none),0.0,5,2,view_item
3670016.0667361190,3319131819,2020-11-26,1,0,0,0,0,0,desktop,Macintosh,United States,Georgia,(data deleted),(data deleted),0.0,1,1,session_only
3577806.2578587674,4111829988,2020-12-23,1,1,1,1,1,1,mobile,iOS,United States,California,google,organic,0.0,18,6,purchase
7884294.7941022788,3984566278,2021-01-11,1,0,0,0,0,0,desktop,Windows,Ireland,County Dublin,(direct),(none),0.0,1,1,session_only
5566849.5006100968,6200881612,2020-12-04,1,1,1,0,0,0,mobile,Web,United States,(not set),(data deleted),(data deleted),0.0,12,3,add_to_cart
72965020.0557154407,8222042117,2021-01-29,1,0,0,0,0,0,desktop,Macintosh,United States,Maryland,<Other>,referral,0.0,1,1,session_only
79964492.7086086150,9093078642,2020-11-12,1,1,0,0,0,0,desktop,Web,United States,California,(data deleted),(data deleted),0.0,3,2,view_item
9218872.0099445445,2423612407,2021-01-12,1,0,0,0,0,0,desktop,<Other>,Canada,Alberta,google,organic,0.0,1,1,session_only
67080717.5010855644,1614386747,2020-12-26,1,0,0,0,0,0,desktop,Windows,United States,New York,(direct),(none),0.0,1,1,session_only
17321543.6104652631,5836013698,2020-11-23,1,1,0,1,1,1,desktop,Web,Spain,(not set),<Other>,<Other>,41.6,15,6,purchase
7639756.7980461666,867377423,2021-01-03,1,0,0,0,0,0,mobile,iOS,Portugal,Porto District,shop.googlemerchandisestore.com,referral,0.0,1,1,session_only
3440029.1991469723,9673735809,2020-11-11,1,0,0,0,0,0,mobile,Android,Panama,(not set),google,organic,0.0,1,1,session_only
1936110.4245044285,7130541657,2021-01-15,1,0,0,0,0,0,mobile,Web,United States,California,shop.googlemerchandisestore.com,referral,0.0,1,1,session_only
51578537.1231140281,7443300252,2020-12-01,1,0,0,0,0,0,desktop,Web,United Kingdom,England,google,organic,0.0,1,1,session_only
65984085.7535362057,4458937557,2021-01-25,1,0,0,0,0,0,desktop,Macintosh,France,Occitanie,google,organic,0.0,1,1,session_only
9397545.7933031135,489388599,2020-11-23,1,0,0,0,0,0,mobile,Web,Macao,(not set),(direct),(none),0.0,1,1,session_only
8905278.4801517166,9210174848,2020-12-31,1,0,0,0,0,0,mobile,iOS,United Kingdom,England,<Other>,<Other>,0.0,1,1,session_only
83220045.0904786217,2637712189,2020-12-31,1,0,0,0,0,0,mobile,Web,India,Kerala,google,cpc,0.0,1,1,session_only
70692064.9670791888,8994894915,2021-01-06,1,1,0,0,0,0,desktop,Web,Taiwan,Taiwan Province,<Other>,<Other>,0.0,6,2,view_item
45421650.6526651864,9228021675,2021-01-06,1,1,1,1,1,1,desktop,Web,Canada,Ontario,(data deleted),(data deleted),27.36,46,6,purchase
16667014.0258483496,1047768999,2020-12-31,1,0,0,0,0,0,desktop,<Other>,India,West Bengal,google,organic,0.0,1,1,session_only
7254711.5967336324,9424823632,2020-11-02,1,1,0,0,0,0,desktop,Web,Bahrain,(not set),(data deleted),(data deleted),0.0,4,2,view_item
36921495.1660009263,3272789261,2020-11-20,1,1,0,1,1,1,desktop,Windows,United States,Tennessee,(data deleted),(data deleted),0.0,32,6,purchase
33540915.5637767438,2959028939,2021-01-30,1,0,0,0,0,0,desktop,Windows,France,Grand Est,shop.googlemerchandisestore.com,referral,0.0,1,1,session_only
27961361.3249797185,353403083,2021-01-26,1,1,0,0,0,0,desktop,Web,Canada,Ontario,(direct),(none),0.0,4,2,view_item
7211232.0158634193,289392801,2021-01-07,1,0,0,0,0,0,desktop,Macintosh,Japan,Tokyo,google,cpc,0.0,1,1,session_only
30412970.4259165734,256083938,2020-11-10,1,0,0,0,0,0,mobile,Web,Taiwan,Taipei City,(direct),(none),0.0,1,1,session_only
5516399.8690265209,4403042171,2020-12-19,1,0,0,0,0,0,mobile,iOS,United States,Michigan,(direct),(none),0.0,1,1,session_only
1937656.3309546387,814194161,2020-11-10,1,1,0,0,0,0,mobile,Android,United States,Texas,(direct),(none),0.0,3,2,view_item
8996597.0761649120,4017739469,2021-01-25,1,0,0,0,0,0,mobile,Web,Spain,Madrid,<Other>,<Other>,0.0,1,1,session_only
25012991.8901804186,5921709374,2021-01-20,1,1,0,0,0,0,mobile,Android,United States,California,shop.googlemerchandisestore.com,referral,0.0,2,2,view_item
1674985.6586152838,3632953024,2021-01-27,1,1,0,0,0,0,desktop,Web,United States,New York,<Other>,referral,0.0,4,2,view_item
44810382.7311730027,8732492805,2021-01-04,1,1,1,1,1,1,desktop,Web,United States,California,(direct),(none),13.92,23,6,purchase
58696349.1269263816,7100012919,2021-01-20,1,0,0,0,0,0,desktop,Web,India,Telangana,(direct),(none),0.0,1,1,session_only
7580150.5604995129,2343736644,2020-11-10,1,0,0,0,0,0,desktop,Web,United Kingdom,England,<Other>,<Other>,0.0,1,1,session_only
8252618717.0494009861,7917798158,2021-01-26,1,1,1,1,1,1,desktop,Web,Taiwan,Taipei City,(data deleted),(data deleted),82.16,21,6,purchase
8617197.5670341145,6691821746,2021-01-18,1,0,0,0,0,0,desktop,Web,United States,Alabama,google,organic,0.0,1,1,session_only
45176808.8021622904,9514945462,2020-12-01,1,0,0,0,0,0,mobile,Web,United States,Florida,google,organic,0.0,1,1,session_only
49752710.7266416255,9042060494,2021-01-02,1,1,0,0,0,0,desktop,Web,United States,West Virginia,<Other>,<Other>,0.0,2,2,view_item
2240322.2045692439,5631499917,2020-12-17,1,0,0,0,0,0,mobile,Web,Philippines,Metro Manila,<Other>,<Other>,0.0,1,1,session_only
2462272.6279141882,1241620443,2020-11-08,1,0,0,0,0,0,desktop,Web,India,Kerala,<Other>,<Other>,0.0,1,1,session_only
2784138.6683496903,8120047914,2020-11-26,1,0,0,0,0,0,desktop,Web,Singapore,(not set),google,organic,0.0,1,1,session_only
37001197.7297685782,4721996173,2021-01-19,1,0,0,0,0,0,mobile,Web,United States,Iowa,<Other>,<Other>,0.0,1,1,session_only
61440750.6232755837,2413687207,2020-11-05,1,0,0,0,0,0,desktop,Web,United States,Massachusetts,<Other>,referral,0.0,1,1,session_only
4801595.2384374704,4774020350,2021-01-04,1,0,0,0,0,0,desktop,Macintosh,India,Gujarat,(direct),(none),0.0,1,1,session_only
66466119.7069926813,5419390225,2021-01-30,1,1,0,0,0,0,desktop,Macintosh,United Kingdom,England,(direct),(none),0.0,6,2,view_item
44454431.4398109406,3739507988,2020-11-10,1,1,0,1,1,1,mobile,Android,Turkey,Ankara,(direct),(none),0.0,9,6,purchase
23357362.0938071703,6662623835,2020-12-14,1,0,0,0,0,0,desktop,Web,United States,North Carolina,google,cpc,0.0,1,1,session_only
1856476.2712089866,5047527150,2020-11-24,1,0,0,0,0,0,desktop,Macintosh,India,Delhi,google,organic,0.0,1,1,session_only
1853893.7153304782,3432657629,2021-01-10,1,0,0,0,0,0,desktop,Windows,China,Fujian,(direct),(none),0.0,1,1,session_only
10518484.1096652754,9360622996,2020-12-17,1,0,0,0,0,0,desktop,Web,(not set),(not set),(direct),(none),0.0,1,1,session_only
81985562.2891304104,2968159623,2021-01-01,1,0,0,0,0,0,desktop,Web,Japan,(not set),google,cpc,0.0,1,1,session_only
7094051.3279621213,3978456702,2020-11-11,1,0,0,0,0,0,desktop,Web,United States,Montana,shop.googlemerchandisestore.com,referral,0.0,1,1,session_only
8367976.2920422000,8103580969,2020-12-01,1,0,0,0,0,0,desktop,Web,United States,California,google,organic,0.0,1,1,session_only
1079437.1722196868,1405350935,2021-01-16,1,0,0,0,0,0,desktop,Web,United States,California,google,organic,0.0,1,1,session_only
3184172.5997355264,6302457489,2020-11-11,1,0,0,0,0,0,desktop,Web,United States,New Jersey,google,organic,0.0,1,1,session_only
38584649.5499360391,3247822156,2020-12-31,1,0,0,0,0,0,mobile,iOS,United States,Wisconsin,<Other>,referral,0.0,1,1,session_only
88481456.0318275104,7099115382,2021-01-16,1,0,0,0,0,0,desktop,Web,United States,Washington,(direct),(none),0.0,1,1,session_only
9086402.2580182622,3851186754,2020-12-17,1,0,0,0,0,0,desktop,Web,Switzerland,(not set),google,organic,0.0,1,1,session_only
34116301.2167862940,1512222561,2021-01-23,1,1,1,1,1,1,desktop,Web,United Kingdom,England,google,organic,6.4,10,6,purchase
8171585.5087111268,1632910182,2020-11-11,1,0,0,0,0,0,desktop,Web,United States,Texas,google,organic,0.0,1,1,session_only
15130516.9224389603,1482438116,2021-01-16,1,0,0,0,0,0,desktop,Web,United States,Connecticut,(direct),(none),0.0,1,1,session_only
1077047767.9174573352,1226519324,2021-01-10,1,1,0,0,0,0,mobile,Android,United Kingdom,Wales,shop.googlemerchandisestore.com,referral,0.0,3,2,view_item
7962236632.5094772513,3658184541,2020-11-02,1,0,0,0,0,0,desktop,Web,United States,Arizona,<Other>,<Other>,0.0,1,1,session_only
68134483.0821015383,5038328727,2020-11-19,1,1,0,0,0,0,desktop,Web,Germany,Lower Saxony,google,organic,0.0,2,2,view_item
3112755.7419044695,3706327467,2020-12-26,1,0,0,0,0,0,mobile,Web,United Kingdom,England,(direct),(none),0.0,1,1,session_only
8824683.5367733841,2801663750,2020-12-01,1,0,0,0,0,0,desktop,Web,United Kingdom,England,shop.googlemerchandisestore.com,referral,0.0,1,1,session_only
4323766.2004474829,7837090518,2020-12-23,1,0,0,0,0,0,desktop,Windows,Canada,Ontario,shop.googlemerchandisestore.com,referral,0.0,1,1,session_only
14944612.6050122167,6168416295,2020-11-11,1,0,0,0,0,0,desktop,Web,India,Maharashtra,google,organic,0.0,1,1,session_only
6421233.9651108864,6849922556,2021-01-06,1,0,0,0,0,0,mobile,Android,India,Assam,google,organic,0.0,1,1,session_only
39101062.1305501063,1060482479,2020-11-12,1,0,0,0,0,0,desktop,Web,Germany,Baden-Wurttemberg,google,organic,0.0,1,1,session_only
2004878.6108556142,5235162651,2020-12-04,1,1,1,1,1,1,mobile,Web,United States,California,google,organic,22.72,19,6,purchase
78254790.9564447301,9887758762,2020-11-02,1,1,0,0,0,0,desktop,Windows,United States,Oklahoma,<Other>,referral,0.0,8,2,view_item
5305364.2787310907,2839768932,2020-11-10,1,1,0,1,1,1,mobile,Android,Japan,Hokkaido,<Other>,<Other>,0.0,11,6,purchase
68860940.7522029090,6915500342,2020-11-11,1,1,0,0,0,0,mobile,iOS,Hong Kong,(not set),(direct),(none),0.0,4,2,view_item
73980797.9213947464,7049963595,2020-11-08,1,0,0,0,0,0,desktop,Macintosh,Canada,Ontario,shop.googlemerchandisestore.com,referral,0.0,1,1,session_only
44168394.7171189260,8396682326,2020-12-17,1,0,0,0,0,0,desktop,Macintosh,United States,Florida,google,cpc,0.0,1,1,session_only
21775771.9298968100,9513618418,2020-11-10,1,0,0,0,0,0,mobile,iOS,Germany,Baden-Wurttemberg,<Other>,organic,0.0,1,1,session_only
3547744.2274046628,3339330086,2020-12-24,1,0,0,0,0,0,mobile,Web,United States,California,google,organic,0.0,1,1,session_only
3344059307.3816454822,9391907307,2021-01-29,1,0,0,0,0,0,desktop,Windows,United States,Massachusetts,(direct),(none),0.0,1,1,session_only
6417937.0755743973,6596198185,2020-12-21,1,0,0,0,0,0,desktop,Windows,Canada,Quebec,google,organic,0.0,1,1,session_only
5646762.6577491191,346916529,2020-12-17,1,0,0,0,0,0,desktop,Web,United States,California,google,organic,0.0,1,1,session_only
36456806.9438344521,5755197723,2020-12-19,1,0,0,0,0,0,mobile,Web,Taiwan,Taiwan Province,<Other>,<Other>,0.0,1,1,session_only
1454310.4961202082,9158862692,2021-01-18,1,0,0,0,0,0,mobile,Web,France,Ile-de-France,(data deleted),(data deleted),0.0,1,1,session_only
4096096.3075075026,4236247485,2020-12-28,1,0,0,0,0,0,mobile,Android,Canada,Ontario,<Other>,referral,0.0,1,1,session_only
6569222.0617112823,2625922155,2020-11-20,1,1,0,0,0,0,desktop,Web,(not set),(not set),<Other>,<Other>,0.0,18,2,view_item
94962294.0438437972,2189300643,2020-12-17,1,1,1,0,0,0,mobile,Web,Colombia,Valle del Cauca,(data deleted),(data deleted),0.0,21,3,add_to_cart
78025232.1997308104,6081723954,2020-11-21,1,1,0,0,0,0,mobile,Web,United States,California,google,organic,0.0,2,2,view_item
4005721.7157158179,6288291926,2020-12-01,1,0,0,0,0,0,desktop,Web,India,Telangana,<Other>,referral,0.0,1,1,session_only
8933736.3290954300,3291494111,2021-01-30,1,0,0,0,0,0,desktop,Windows,United States,New Hampshire,shop.googlemerchandisestore.com,referral,0.0,1,1,session_only
44254060.0976017121,3007613460,2020-11-11,1,1,0,1,1,1,desktop,Windows,United States,Arizona,shop.googlemerchandisestore.com,referral,22.4,11,6,purchase
5487332.8586319994,5609541024,2021-01-19,1,1,0,0,0,0,mobile,Android,United States,California,google,organic,0.0,4,2,view_item
26193735.7015779746,8516533643,2021-01-28,0,1,0,1,1,1,desktop,Web,United States,Texas,google,cpc,0.0,9,6,purchase
24113227.8634095063,4453559026,2021-01-08,1,0,0,0,0,0,mobile,Web,Ireland,County Dublin,(direct),(none),0.0,1,1,session_only
6673966.9295460460,7250171255,2020-12-28,1,1,0,0,0,0,desktop,Windows,Canada,Alberta,shop.googlemerchandisestore.com,referral,0.0,26,2,view_item
37650779.3913387298,1740537574,2021-01-06,1,0,0,0,0,0,mobile,Web,United States,Georgia,shop.googlemerchandisestore.com,referral,0.0,1,1,session_only
86026488.9848075903,8969971694,2021-01-19,1,1,1,0,0,0,desktop,Web,India,Odisha,(direct),(none),0.0,3,3,add_to_cart
8806557414.9529324079,3135632335,2020-11-24,1,0,0,0,0,0,desktop,Web,Canada,Manitoba,<Other>,<Other>,0.0,1,1,session_only
6542828.4663704580,1567906169,2020-12-31,1,0,0,0,0,0,desktop,Web,United States,Massachusetts,google,organic,0.0,1,1,session_only
4452315.1960969875,334165966,2020-11-14,1,0,0,0,0,0,desktop,Web,United States,Pennsylvania,google,organic,0.0,1,1,session_only
6788504.6094394607,263857967,2020-12-14,1,0,0,0,0,0,mobile,Web,United States,North Carolina,google,organic,0.0,1,1,session_only
7422624.1740890271,345181210,2020-11-05,1,1,0,1,0,0,mobile,iOS,France,Ile-de-France,google,organic,0.0,7,4,begin_checkout
9211638.7361641307,8537432759,2020-11-19,1,0,0,0,0,0,desktop,Windows,United States,Louisiana,shop.googlemerchandisestore.com,referral,0.0,1,1,session_only
25335884.4954821522,4892885420,2021-01-20,1,1,0,1,1,1,mobile,Web,United States,California,(data deleted),(data deleted),0.0,32,6,purchase
76718727.2985748046,6422703344,2021-01-20,1,0,0,0,0,0,desktop,Web,Peru,(not set),<Other>,<Other>,0.0,1,1,session_only
53978928.6186814117,6732866438,2021-01-15,1,0,0,0,0,0,tablet,iOS,United Kingdom,England,google,organic,0.0,1,1,session_only
3930981.2289069689,7406067049,2020-11-10,1,0,0,0,0,0,desktop,Web,Singapore,(not set),(direct),(none),0.0,1,1,session_only
8403667.3671802777,8946498767,2021-01-19,1,0,0,0,0,0,desktop,Macintosh,Taiwan,Taipei City,google,organic,0.0,1,1,session_only
41604158.3244435187,9502367295,2021-01-06,1,0,0,0,0,0,desktop,Windows,Canada,Alberta,<Other>,<Other>,0.0,1,1,session_only
10589226.8438443160,6455759105,2020-12-01,1,1,0,0,0,0,mobile,Web,United States,Pennsylvania,(direct),(none),0.0,4,2,view_item
294399701.3030378998,7714693531,2021-01-02,1,0,0,0,0,0,mobile,Web,United States,California,<Other>,referral,0.0,1,1,session_only
1907692.6449588008,9517447592,2020-11-19,1,0,0,0,0,0,desktop,Windows,United States,California,<Other>,referral,0.0,1,1,session_only
78628846.7542557302,9104442866,2021-01-19,1,1,0,0,0,0,mobile,Android,United States,Pennsylvania,google,organic,0.0,2,2,view_item
66965573.2855748264,1966383614,2020-11-12,1,0,0,0,0,0,desktop,Web,Canada,Alberta,(data deleted),(data deleted),0.0,1,1,session_only
64846097.2247732845,6993958336,2021-01-28,1,1,1,1,1,1,mobile,Web,South Korea,Seoul,(direct),(none),0.0,39,6,purchase
5645235.6565209882,4224466608,2021-01-19,1,0,0,0,0,0,desktop,Web,France,Ile-de-France,<Other>,referral,0.0,1,1,session_only
37493575.0376020341,9959466500,2020-12-19,1,1,1,1,1,1,desktop,Web,India,Maharashtra,google,organic,20.8,21,6,purchase
6811009.6075657863,3488366281,2021-01-10,1,0,0,0,0,0,mobile,Android,United States,California,google,organic,0.0,1,1,session_only
59500840.3343010528,1439123525,2020-12-17,1,1,1,0,0,0,mobile,Web,United States,Alabama,google,organic,0.0,7,3,add_to_cart
4495086.3430744442,6430640366,2021-01-27,1,1,1,0,0,0,mobile,Web,United States,California,(direct),(none),0.0,4,3,add_to_cart
1461885.0011719997,3843735224,2021-01-28,1,0,0,0,0,0,desktop,Web,France,Ile-de-France,google,cpc,0.0,1,1,session_only
3265404.3545407040,5951415531,2021-01-17,1,0,0,0,0,0,mobile,iOS,Canada,Ontario,google,organic,0.0,1,1,session_only
65089599.8857795756,9776311288,2021-01-26,1,0,0,0,0,0,mobile,Android,Taiwan,Taipei City,(direct),(none),0.0,1,1,session_only
9780096.4438805167,1833254553,2021-01-15,1,1,0,0,0,0,mobile,Android,Canada,Quebec,<Other>,<Other>,0.0,5,2,view_item
40660482.1651382469,5315923015,2020-11-12,1,1,0,0,0,0,mobile,Android,Philippines,Metro Manila,google,organic,0.0,4,2,view_item
91748843.1982893872,3621180860,2020-11-11,1,1,0,1,1,1,mobile,Web,Taiwan,Taipei City,<Other>,organic,0.0,10,6,purchase
3269804.2116461900,8068929941,2020-11-19,1,1,0,1,0,0,desktop,Web,China,Fujian,google,organic,0.0,54,4,begin_checkout
1567824587.4902638124,1392718231,2021-01-04,1,1,0,0,0,0,mobile,iOS,South Africa,Gauteng,<Other>,organic,0.0,3,2,view_item
4789616.5651606218,3867164554,2020-11-19,1,1,0,1,1,1,desktop,Web,United States,California,<Other>,referral,100.8,18,6,purchase
2997595.3773181523,5689976217,2021-01-12,1,0,0,0,0,0,mobile,iOS,United States,Missouri,shop.googlemerchandisestore.com,referral,0.0,1,1,session_only
2636673.7777856869,9464737826,2021-01-04,1,0,0,0,0,0,desktop,Web,United States,Michigan,google,organic,0.0,1,1,session_only
5049679269.2877748576,9750499608,2021-01-09,1,1,1,1,1,1,mobile,Web,Greece,Decentralized Administration of Macedonia and Thrace,<Other>,organic,101.36,89,6,purchase
80854178.9782200466,6921277623,2021-01-12,1,0,0,0,0,0,desktop,Web,United States,New York,<Other>,<Other>,0.0,1,1,session_only
22627848.3877462670,332879312,2020-12-14,1,0,0,0,0,0,desktop,Macintosh,United States,California,(direct),(none),0.0,1,1,session_only
1929866.4697068847,3092829764,2021-01-19,1,0,0,0,0,0,desktop,Windows,United States,Arizona,google,organic,0.0,1,1,session_only
6852576.5788624291,7599751301,2020-12-24,1,0,0,0,0,0,mobile,iOS,Singapore,(not set),(direct),(none),0.0,1,1,session_only
5890870183.0560938525,8568350275,2021-01-07,1,0,0,0,0,0,mobile,iOS,United States,California,(direct),(none),0.0,1,1,session_only
83073965.8395944096,7167710712,2021-01-15,1,0,0,0,0,0,desktop,Web,United States,South Carolina,<Other>,<Other>,0.0,1,1,session_only
63844412.3659435709,3854471274,2020-12-17,1,1,1,1,1,1,desktop,Macintosh,France,Brittany,(data deleted),(data deleted),0.0,8,6,purchase
1617632.9060236551,9796844011,2020-12-29,1,0,0,0,0,0,desktop,Macintosh,United States,California,google,organic,0.0,1,1,session_only
99523506.9095814301,3250597408,2021-01-26,1,0,0,0,0,0,desktop,Web,Brazil,State of Sao Paulo,(direct),(none),0.0,1,1,session_only
26950848.2753147504,9626338740,2020-11-10,1,1,0,1,1,1,mobile,Android,France,Occitanie,<Other>,<Other>,0.0,33,6,purchase
11669433.5190790546,3008435492,2020-11-20,1,1,0,0,0,0,mobile,Android,United States,Illinois,<Other>,<Other>,0.0,4,2,view_item
30934481.4105217810,8355812473,2020-11-10,1,0,0,0,0,0,desktop,Web,United States,California,google,organic,0.0,1,1,session_only
46407029.5523034710,235553202,2020-11-08,1,0,0,0,0,0,desktop,Windows,India,Haryana,<Other>,<Other>,0.0,1,1,session_only
88895450.9779154120,4728647867,2021-01-26,1,1,0,0,0,0,desktop,Macintosh,Singapore,(not set),(direct),(none),0.0,2,2,view_item
50131723.8552639593,4019737179,2020-11-29,1,1,0,1,1,0,desktop,Windows,Malaysia,Federal Territory of Kuala Lumpur,google,organic,0.0,8,5,add_payment
67343417.0262737932,919179145,2020-11-11,1,1,0,0,0,0,mobile,Web,United States,Massachusetts,(direct),(none),0.0,3,2,view_item
6891503.8439387414,8336412038,2020-11-21,1,1,0,0,0,0,mobile,iOS,Austria,Vienna,(direct),(none),0.0,2,2,view_item
61543915.4559964353,8619192562,2020-12-14,1,1,1,1,0,0,desktop,Windows,United States,Virginia,google,organic,0.0,58,4,begin_checkout
34856697.1449129144,2668502645,2021-01-12,1,0,0,0,0,0,tablet,Web,India,Odisha,(direct),(none),0.0,1,1,session_only
68007275.9690587758,400582448,2020-11-29,1,0,0,0,0,0,desktop,Macintosh,United States,Illinois,shop.googlemerchandisestore.com,referral,0.0,1,1,session_only
2963478.7024037423,9291875687,2020-12-21,1,0,0,0,0,0,desktop,Web,United States,Oregon,google,organic,0.0,1,1,session_only
34143819.2128350300,5653272267,2020-12-24,1,0,0,0,0,0,desktop,Macintosh,United States,North Carolina,google,organic,0.0,1,1,session_only
7865574639.4344771018,9224344490,2020-11-16,1,0,0,0,0,0,desktop,<Other>,India,Uttar Pradesh,<Other>,<Other>,0.0,1,1,session_only
3492795725.7570188938,1298688710,2020-12-30,1,0,0,0,0,0,desktop,Web,United States,Arkansas,(direct),(none),0.0,1,1,session_only
6639091.7636670323,5815789640,2021-01-07,1,0,0,0,0,0,desktop,Windows,Singapore,(not set),(direct),(none),0.0,1,1,session_only
5744256.6948855918,5693362986,2021-01-04,1,1,0,0,0,0,mobile,Web,Australia,New South Wales,google,cpc,0.0,2,2,view_item
31784668.3206375341,859207210,2020-12-28,1,0,0,0,0,0,mobile,iOS,United States,Texas,<Other>,<Other>,0.0,1,1,session_only
7943950.0170510912,7505422446,2020-11-05,1,1,0,1,1,1,desktop,Web,United States,California,<Other>,(data deleted),63.2,17,6,purchase
9014105.0683426403,4843080177,2020-12-23,1,1,0,0,0,0,tablet,Android,Canada,Ontario,<Other>,referral,0.0,2,2,view_item
27849359.1629027567,3052388566,2020-12-04,1,1,1,1,1,1,mobile,Android,Japan,Tokyo,google,organic,0.0,10,6,purchase
8959254.9960078050,4711068738,2021-01-07,1,0,0,0,0,0,desktop,Web,United States,Texas,(direct),(none),0.0,1,1,session_only
39535500.1184493320,951885571,2021-01-17,1,0,0,0,0,0,desktop,Web,United States,California,(direct),(none),0.0,1,1,session_only
45881793.2722766262,517226560,2020-11-17,1,0,0,0,0,0,desktop,Macintosh,United States,Texas,google,organic,0.0,1,1,session_only
5568834.0198043803,5365487353,2020-12-14,1,1,1,1,1,1,desktop,Web,United States,California,google,organic,0.0,52,6,purchase
73415226.6468434920,9638214747,2020-12-27,1,0,0,0,0,0,desktop,Web,United States,Georgia,google,organic,0.0,1,1,session_only
8962057252.6685688080,2103644948,2020-12-29,1,0,0,0,0,0,mobile,Web,United States,California,(direct),(none),0.0,1,1,session_only
89411771.3404555108,2522131578,2021-01-16,1,1,0,0,0,0,mobile,Web,Canada,Ontario,google,organic,0.0,2,2,view_item
6590139.6015684924,9033521983,2020-11-14,1,0,0,0,0,0,desktop,Web,United States,Missouri,google,cpc,0.0,1,1,session_only
2855619.9605528546,851164447,2021-01-09,1,1,0,0,0,0,tablet,Web,United States,Washington,(direct),(none),0.0,3,2,view_item
3306115.8511299905,9725408472,2021-01-15,1,0,0,0,0,0,mobile,Web,United States,California,google,organic,0.0,1,1,session_only
3366563.3979375400,3423193862,2020-12-14,1,0,0,0,0,0,desktop,Web,United Kingdom,England,google,organic,0.0,1,1,session_only
40697710.6033467915,2541861552,2021-01-09,1,0,0,0,0,0,mobile,Web,United States,California,<Other>,<Other>,0.0,1,1,session_only
38591450.1390132325,3402990884,2020-11-07,1,0,0,0,0,0,desktop,Web,Poland,Lower Silesian Voivodeship,(data deleted),(data deleted),0.0,1,1,session_only
39751114.6828559916,740906738,2021-01-24,1,0,0,0,0,0,mobile,Web,United States,Michigan,google,organic,0.0,1,1,session_only
70001492.6030949887,5512127495,2020-11-26,1,0,0,0,0,0,mobile,iOS,United States,California,(direct),(none),0.0,1,1,session_only
5579824.0468920577,5089022361,2020-11-02,1,1,0,1,0,0,desktop,Windows,Netherlands,South Holland,shop.googlemerchandisestore.com,referral,0.0,5,4,begin_checkout
72758780.1170510434,5648220876,2020-12-14,1,0,0,0,0,0,mobile,Web,Taiwan,Taichung City,google,organic,0.0,1,1,session_only
1457551.9813423359,7139600516,2020-11-16,1,1,0,1,1,1,desktop,Windows,United States,Connecticut,google,organic,36.62,23,6,purchase
22156575.4740895841,1579100191,2021-01-06,1,0,0,0,0,0,desktop,Web,Peru,(not set),google,organic,0.0,1,1,session_only
3694655.4105454431,7501198154,2020-12-14,1,0,0,0,0,0,desktop,Web,United States,California,google,organic,0.0,1,1,session_only
7690021.0280055700,2946263634,2020-12-14,1,0,0,0,0,0,desktop,Web,Mexico,Mexico City,<Other>,<Other>,0.0,1,1,session_only
32144151.5447010249,838081919,2020-11-26,1,0,0,0,0,0,desktop,Windows,Sweden,Vastra Gotaland County,(data deleted),(data deleted),0.0,1,1,session_only
64627439.7236561943,7555100889,2021-01-31,1,1,0,0,0,0,desktop,Macintosh,United States,Texas,shop.googlemerchandisestore.com,referral,0.0,6,2,view_item
44600574.8051201383,5168006958,2021-01-16,1,1,0,0,0,0,desktop,Web,United States,Massachusetts,google,organic,0.0,2,2,view_item
42463554.1409769202,9587176914,2020-11-11,1,1,0,0,0,0,mobile,Web,Canada,Quebec,google,organic,0.0,2,2,view_item
91746380.0623200645,5970811119,2021-01-30,1,1,1,1,1,1,desktop,Windows,United States,Mississippi,(direct),(none),0.0,17,6,purchase
2346698.7306200948,1578862274,2021-01-06,1,0,0,0,0,0,desktop,Web,United States,Oregon,<Other>,referral,0.0,1,1,session_only
6584532.9228374971,9643629555,2021-01-28,1,0,0,0,0,0,desktop,Web,United States,New York,<Other>,<Other>,0.0,1,1,session_only
3455577.2631152994,4358344983,2021-01-27,1,0,0,0,0,0,desktop,Web,Russia,(not set),shop.googlemerchandisestore.com,referral,0.0,1,1,session_only
2545681.2985666718,2652150775,2021-01-26,1,0,0,0,0,0,desktop,Web,Singapore,(not set),<Other>,referral,0.0,1,1,session_only
4637424.8737005759,1189273991,2021-01-15,1,0,0,0,0,0,mobile,Web,United States,California,<Other>,organic,0.0,1,1,session_only
72772803.2262289842,6445154710,2020-11-12,1,0,0,0,0,0,desktop,Windows,Taiwan,Taipei City,(direct),(none),0.0,1,1,session_only
2302627.6453248997,7475202126,2020-11-26,1,0,0,0,0,0,desktop,Web,Spain,Andalusia,shop.googlemerchandisestore.com,referral,0.0,1,1,session_only
55619936.8437934324,2518394240,2021-01-29,1,1,0,0,0,0,mobile,iOS,United States,Michigan,<Other>,referral,0.0,2,2,view_item
85724638.5445650754,651892546,2021-01-13,1,0,0,0,0,0,mobile,Web,United States,Alabama,<Other>,referral,0.0,1,1,session_only
4781186.5598357658,7018601506,2021-01-11,1,0,0,0,0,0,desktop,<Other>,Ireland,(not set),shop.googlemerchandisestore.com,referral,0.0,1,1,session_only
2124862.5704236333,755890361,2021-01-09,1,0,0,0,0,0,desktop,Web,United States,Florida,(direct),(none),0.0,1,1,session_only
7699467.8259783891,5825859952,2021-01-31,1,0,0,0,0,0,mobile,iOS,United States,Maine,google,organic,0.0,1,1,session_only
46176103.6771818529,3008029463,2020-12-01,1,0,0,0,0,0,desktop,Web,Georgia,Tbilisi,<Other>,<Other>,0.0,1,1,session_only
12921729.7383461315,323112840,2020-11-12,1,1,0,1,1,1,desktop,Windows,South Korea,(not set),google,organic,16.24,27,6,purchase
7120514531.7363655437,6693046947,2020-12-19,1,0,0,0,0,0,mobile,Android,Israel,Tel Aviv District,<Other>,referral,0.0,1,1,session_only
1566834642.5850724108,2360899141,2021-01-01,1,1,0,0,0,0,mobile,Web,India,Chandigarh,<Other>,<Other>,0.0,3,2,view_item
82575462.8746348421,4999929002,2020-11-16,1,0,0,0,0,0,desktop,Windows,United Kingdom,England,<Other>,referral,0.0,1,1,session_only
20874893.0951487835,9590272782,2020-12-01,1,0,0,0,0,0,tablet,Web,India,Uttar Pradesh,<Other>,<Other>,0.0,1,1,session_only
3958686.6087309428,3926587737,2020-11-07,1,1,0,1,1,1,mobile,Web,Hong Kong,(not set),(direct),(none),112.24,10,6,purchase
57985307.5936727130,1983757476,2021-01-08,1,1,1,1,1,1,desktop,Windows,China,(not set),<Other>,<Other>,0.0,11,6,purchase
3030394.7459625087,4186788577,2020-11-16,1,1,0,0,0,0,tablet,Android,United States,Illinois,(data deleted),(data deleted),0.0,5,2,view_item
21127466.2697319204,6624758991,2021-01-27,1,1,1,1,1,1,mobile,Web,Ireland,County Dublin,(data deleted),(data deleted),0.0,21,6,purchase
3733163.6424116574,888103239,2021-01-28,1,0,0,0,0,0,mobile,Android,India,Maharashtra,<Other>,<Other>,0.0,1,1,session_only
2246709.2898933802,4155496331,2020-11-23,1,0,0,0,0,0,tablet,Web,United States,Washington,(direct),(none),0.0,1,1,session_only
5944615.5134978889,9959642439,2021-01-26,1,0,0,0,0,0,desktop,Web,United States,Washington,(direct),(none),0.0,1,1,session_only
22645920.3500139746,6535588063,2020-11-16,1,1,0,0,0,0,mobile,Web,Slovakia,(not set),(direct),(none),0.0,2,2,view_item
8859793.1436966500,3333732782,2020-12-04,1,0,0,0,0,0,desktop,Windows,United States,Arkansas,shop.googlemerchandisestore.com,referral,0.0,1,1,session_only
6407363.3890895262,2957307351,2021-01-20,1,0,0,0,0,0,desktop,Web,India,Andhra Pradesh,google,organic,0.0,1,1,session_only
92097401.2589286702,8540985611,2021-01-29,1,1,0,0,0,0,desktop,<Other>,United States,California,google,organic,0.0,3,2,view_item
47459498.9751209649,9617282502,2020-12-01,1,1,0,0,0,0,mobile,Android,South Korea,Gyeonggi-do,<Other>,<Other>,0.0,2,2,view_item
8409527.0943863328,760732422,2020-12-01,1,0,0,0,0,0,mobile,Android,United States,California,google,organic,0.0,1,1,session_only
83260470.1006563177,3522324568,2020-12-04,1,0,0,0,0,0,desktop,Windows,France,Provence-Alpes-Cote d'Azur,shop.googlemerchandisestore.com,referral,0.0,1,1,session_only
60085200.4374970044,7709005228,2020-11-09,1,0,0,0,0,0,desktop,Windows,Italy,Lazio,<Other>,referral,0.0,1,1,session_only
8585635.4775143067,1693654451,2020-12-19,1,0,0,0,0,0,desktop,Macintosh,United States,South Carolina,<Other>,referral,0.0,1,1,session_only
12051826.1849154815,6862975548,2020-12-01,1,0,0,0,0,0,desktop,Web,United States,New Jersey,(direct),(none),0.0,1,1,session_only
8492174.6583645204,6350400632,2020-11-02,1,0,0,0,0,0,mobile,Web,Spain,Madrid,google,cpc,0.0,1,1,session_only
54060718.8851008531,9744009161,2021-01-06,1,0,0,0,0,0,desktop,<Other>,Canada,Quebec,google,organic,0.0,1,1,session_only
10883514.2666815175,7020981859,2020-12-25,1,0,0,0,0,0,mobile,iOS,Italy,Lombardy,google,organic,0.0,1,1,session_only
5757893.2491027323,6016173220,2020-12-17,1,0,0,0,0,0,mobile,Android,Greece,Attica,(direct),(none),0.0,1,1,session_only
4410217.9231963763,8076038357,2021-01-04,1,0,0,0,0,0,desktop,Web,United States,Maine,<Other>,<Other>,0.0,1,1,session_only
5171848.5405961032,1106393406,2020-11-24,0,1,0,0,0,0,desktop,Web,United States,Georgia,<Other>,referral,0.0,20,2,view_item
6762214.2339623805,9167538491,2021-01-18,1,0,0,0,0,0,mobile,Web,United States,California,(direct),(none),0.0,1,1,session_only
30897329.0719208331,7067364556,2021-01-27,1,0,0,0,0,0,desktop,Windows,Singapore,(not set),shop.googlemerchandisestore.com,referral,0.0,1,1,session_only
3018471.2187154322,5960062788,2020-12-29,1,1,1,1,1,1,desktop,Web,India,Rajasthan,shop.googlemerchandisestore.com,referral,0.0,49,6,purchase
89580147.5635673686,3527784403,2021-01-11,1,0,0,0,0,0,mobile,Web,Mexico,(not set),(direct),(none),0.0,1,1,session_only
71003486.6890058634,8342557744,2021-01-25,1,1,0,0,0,0,desktop,Windows,United States,California,shop.googlemerchandisestore.com,referral,0.0,4,2,view_item
8812811774.2479286529,1133726419,2021-01-15,1,0,0,0,0,0,desktop,Web,Canada,Quebec,(direct),(none),0.0,1,1,session_only
7870244.0927126621,6822202777,2021-01-27,1,1,0,0,0,0,mobile,Android,Pakistan,Punjab,<Other>,<Other>,0.0,3,2,view_item
83845450.1159968756,4387114581,2020-12-19,1,0,0,0,0,0,mobile,Web,Japan,Tokyo,google,organic,0.0,1,1,session_only
2578811.4967255820,6938282186,2021-01-20,1,0,0,0,0,0,mobile,Android,Brazil,State of Sao Paulo,(data deleted),(data deleted),0.0,1,1,session_only
4111570.2340813501,4329796785,2021-01-27,1,0,0,0,0,0,mobile,Web,Poland,Lesser Poland Voivodeship,(direct),(none),0.0,1,1,session_only
4223214.6949168653,267548766,2021-01-17,1,0,0,0,0,0,desktop,Macintosh,Nepal,Central Development Region,google,organic,0.0,1,1,session_only
6920147.1382008785,9777423015,2021-01-27,1,0,0,0,0,0,desktop,Windows,United States,New York,(direct),(none),0.0,1,1,session_only
4113372.8520954019,1946668163,2021-01-19,1,0,0,0,0,0,mobile,Android,Germany,North Rhine-Westphalia,google,organic,0.0,1,1,session_only
31065248.5220305533,9337727536,2021-01-16,1,0,0,0,0,0,desktop,Windows,United States,Texas,google,organic,0.0,1,1,session_only
15978497.4679266162,9427826614,2020-11-05,1,0,0,0,0,0,mobile,Web,United States,California,google,organic,0.0,1,1,session_only
8073082.8951829567,2502794478,2021-01-07,1,1,0,0,0,0,desktop,Web,United States,New Jersey,(direct),(none),0.0,2,2,view_item
6450098.5996036129,4088170510,2020-12-24,1,1,0,0,0,0,desktop,Web,United Kingdom,England,<Other>,<Other>,0.0,5,2,view_item
61176522.5893511623,5008824836,2021-01-13,1,1,1,0,0,0,mobile,iOS,United States,Texas,<Other>,<Other>,0.0,10,3,add_to_cart
90833378.0808366135,9101287654,2021-01-04,1,0,0,0,0,0,mobile,Android,Canada,Ontario,google,organic,0.0,1,1,session_only
9136746.0962384855,1146964444,2020-12-14,1,0,0,0,0,0,mobile,Web,United States,California,google,organic,0.0,1,1,session_only
1412988.8068557331,12491457,2020-11-14,1,0,0,0,0,0,desktop,Macintosh,United States,Virginia,(data deleted),(data deleted),0.0,1,1,session_only
4919352.4609342271,5218237494,2021-01-26,1,1,0,0,0,0,desktop,Web,Canada,Ontario,google,organic,0.0,2,2,view_item
82220640.6657736033,211838742,2020-12-04,1,0,0,0,0,0,mobile,iOS,Italy,Sicily,<Other>,referral,0.0,1,1,session_only
56842056.4074014657,8911695831,2020-11-24,1,1,0,1,1,1,mobile,iOS,Singapore,(not set),<Other>,<Other>,0.0,20,6,purchase
4300510.2200553197,8285415969,2020-12-28,1,0,0,0,0,0,mobile,iOS,Singapore,(not set),<Other>,<Other>,0.0,1,1,session_only
90981147.9148133682,4277735875,2020-11-26,1,0,0,0,0,0,mobile,Web,India,Kerala,google,organic,0.0,1,1,session_only
39238245.9462120501,3689715576,2020-11-21,1,1,0,0,0,0,desktop,<Other>,United States,California,shop.googlemerchandisestore.com,referral,0.0,3,2,view_item
5975878.2574295469,9576706754,2021-01-08,1,1,1,0,0,0,mobile,Web,Malaysia,Federal Territory of Kuala Lumpur,(data deleted),(data deleted),0.0,4,3,add_to_cart
9212976.9456275663,5709723812,2020-11-10,1,0,0,0,0,0,mobile,iOS,Canada,British Columbia,google,organic,0.0,1,1,session_only
8287133.1804926755,7300914807,2021-01-18,1,0,0,0,0,0,mobile,iOS,Kenya,Nairobi County,google,organic,0.0,1,1,session_only
54799941.1985548369,2715499298,2021-01-20,1,1,0,0,0,0,mobile,iOS,Spain,Madrid,<Other>,<Other>,0.0,2,2,view_item
2573531.8399864372,9080424694,2020-12-29,1,0,0,0,0,0,desktop,Web,United States,Pennsylvania,google,organic,0.0,1,1,session_only
2988362.8640818201,4236854226,2021-01-10,1,0,0,0,0,0,desktop,Windows,United States,California,google,organic,0.0,1,1,session_only
5196800073.6703772507,8488300464,2021-01-28,1,0,0,0,0,0,mobile,Web,India,Karnataka,google,organic,0.0,1,1,session_only
84338176.6904506163,6783000312,2020-11-26,1,0,0,0,0,0,desktop,<Other>,United States,New York,google,organic,0.0,1,1,session_only
60652031.0943626235,6690363774,2020-11-02,1,0,0,0,0,0,desktop,Web,United Kingdom,England,<Other>,<Other>,0.0,1,1,session_only
8513189.5937541727,9443049181,2020-12-30,1,0,0,0,0,0,desktop,Macintosh,Canada,British Columbia,google,organic,0.0,1,1,session_only
41741661.3891662437,8835331043,2021-01-28,1,1,0,1,1,1,desktop,Web,United States,Kansas,<Other>,referral,0.0,18,6,purchase
3045202.2232580857,8271354175,2021-01-12,1,0,0,0,0,0,mobile,iOS,Greece,Attica,<Other>,referral,0.0,1,1,session_only
46289221.1810566791,9116176121,2020-11-26,1,0,0,0,0,0,mobile,Android,United States,Indiana,(data deleted),(data deleted),0.0,1,1,session_only
6919601.3556494915,3595224533,2021-01-24,1,0,0,0,0,0,desktop,Web,Ukraine,Kyiv city,<Other>,referral,0.0,1,1,session_only
19640515.5685871046,6533415864,2021-01-17,1,1,0,0,0,0,desktop,Windows,Turkey,(not set),(direct),(none),0.0,2,2,view_item
47629981.2636166951,1636671053,2020-11-23,1,1,0,1,1,1,desktop,Web,United States,California,(direct),(none),0.0,24,6,purchase
6243878.3638757928,6902402307,2021-01-07,1,1,0,0,0,0,mobile,iOS,United States,Kansas,shop.googlemerchandisestore.com,referral,0.0,2,2,view_item
1777298.2426036770,9956806525,2021-01-13,1,0,0,0,0,0,desktop,Web,Germany,Bavaria,(direct),(none),0.0,1,1,session_only
71460810.0916919674,7201803653,2020-12-23,1,1,0,0,0,0,mobile,Web,Taiwan,Taoyuan City,(direct),(none),0.0,7,2,view_item
18596842.5150948860,3266406504,2021-01-13,1,0,0,0,0,0,mobile,Android,Turkey,Istanbul,<Other>,organic,0.0,1,1,session_only
5852798986.3802367798,2451983700,2020-12-29,1,0,0,0,0,0,mobile,Web,Morocco,Casablanca-Settat,(direct),(none),0.0,1,1,session_only
12314217.6511766418,2909196505,2020-11-16,1,1,0,0,0,0,mobile,Web,United States,Tennessee,<Other>,<Other>,0.0,3,2,view_item
23958807.5247117475,1115364134,2021-01-15,1,1,0,0,0,0,desktop,Web,United States,Pennsylvania,google,organic,0.0,10,2,view_item
89849316.9665655720,3374283954,2020-12-25,1,0,0,0,0,0,desktop,<Other>,Taiwan,Taoyuan City,google,cpc,0.0,1,1,session_only
91311869.3028740451,7367288739,2021-01-11,1,1,0,0,0,0,desktop,Web,Canada,Alberta,(direct),(none),0.0,2,2,view_item
7515221.4303230400,7583316768,2020-12-29,1,0,0,0,0,0,mobile,Android,Canada,Quebec,(direct),(none),0.0,1,1,session_only
36789855.5642213185,5454373639,2020-12-31,1,0,0,0,0,0,tablet,iOS,Canada,Quebec,google,organic,0.0,1,1,session_only
1172806.7861109267,8806976758,2020-12-19,1,0,0,0,0,0,desktop,Web,Peru,(not set),(direct),(none),0.0,1,1,session_only
4790890.9991953618,4725011660,2020-12-21,1,0,0,0,0,0,desktop,Web,United States,California,<Other>,<Other>,0.0,1,1,session_only
4318106.4241794617,6569926262,2020-12-17,1,0,0,0,0,0,desktop,Windows,United States,Maryland,shop.googlemerchandisestore.com,referral,0.0,1,1,session_only
16995542.7304104556,9642647118,2020-11-11,1,1,0,1,1,1,mobile,Web,Ukraine,(not set),google,organic,19.2,9,6,purchase
20181466.4437735191,4794611632,2020-12-23,1,1,1,0,0,0,desktop,Web,Canada,Alberta,(direct),(none),0.0,8,3,add_to_cart
9088163699.4247365081,1985565558,2020-11-17,1,0,0,0,0,0,desktop,Windows,Malaysia,Federal Territory of Kuala Lumpur,shop.googlemerchandisestore.com,referral,0.0,1,1,session_only
4540319.8118696621,1496240714,2021-01-20,1,0,0,0,0,0,desktop,Web,United States,Indiana,google,cpc,0.0,1,1,session_only
42629259.1698559556,8875240270,2020-12-24,1,0,0,0,0,0,desktop,Windows,Canada,Quebec,<Other>,<Other>,0.0,1,1,session_only
60678242.8978343203,6889740723,2020-12-04,1,0,0,0,0,0,desktop,Web,United States,California,google,organic,0.0,1,1,session_only
11268989.1546014455,4888852678,2021-01-02,1,0,0,0,0,0,desktop,Web,United States,North Carolina,<Other>,<Other>,0.0,1,1,session_only
1563971021.8752742788,8242107676,2020-12-27,1,0,0,0,0,0,desktop,Web,Mexico,State of Mexico,(direct),(none),0.0,1,1,session_only
895308326.7156716408,6533791513,2020-12-04,1,0,0,0,0,0,mobile,Android,United States,New York,google,organic,0.0,1,1,session_only
8704460.6709457077,9019720264,2021-01-08,1,0,0,0,0,0,desktop,Macintosh,United States,South Carolina,(data deleted),(data deleted),0.0,1,1,session_only
87810524.5527739962,656762109,2020-11-05,1,0,0,0,0,0,desktop,Windows,Turkey,Istanbul,(data deleted),(data deleted),0.0,1,1,session_only
74044026.5406683806,9969344866,2020-12-01,1,0,0,0,0,0,mobile,Android,China,Zhejiang,(data deleted),(data deleted),0.0,1,1,session_only
70859876.5746606109,6231070215,2020-12-29,1,0,0,0,0,0,mobile,Web,United Arab Emirates,Dubai,(direct),(none),0.0,1,1,session_only
50177696.1404920907,6988008898,2021-01-10,1,0,0,0,0,0,desktop,Web,India,Maharashtra,(direct),(none),0.0,1,1,session_only
74290582.8560066183,9898979550,2021-01-12,1,0,0,0,0,0,desktop,Web,India,Andhra Pradesh,google,organic,0.0,1,1,session_only
28671385.3184879688,5854868382,2021-01-04,1,0,0,0,0,0,desktop,Macintosh,United States,Maryland,google,organic,0.0,1,1,session_only
34655282.4074938509,5423972381,2021-01-06,1,0,0,0,0,0,desktop,Web,Czechia,(not set),(direct),(none),0.0,1,1,session_only
21224288.4024829334,6998680443,2020-12-01,1,1,0,0,0,0,desktop,Web,Cyprus,(not set),(direct),(none),0.0,3,2,view_item
4338111.0751610979,4216010707,2020-11-11,1,1,0,1,0,0,mobile,Android,Germany,Berlin,google,organic,0.0,4,4,begin_checkout
1349811.1244559364,3605561048,2020-11-26,1,1,1,1,1,1,mobile,Web,New Zealand,(not set),(direct),(none),75.52,37,6,purchase
6853940.3552112501,7799273521,2020-12-14,1,0,0,0,0,0,mobile,Web,Spain,Castile-La Mancha,<Other>,<Other>,0.0,1,1,session_only
85007597.7435730741,3272129599,2021-01-13,1,0,0,0,0,0,desktop,Windows,Canada,Alberta,(direct),(none),0.0,1,1,session_only
3643845.0217523475,9771727222,2020-11-19,1,0,0,0,0,0,mobile,Web,United States,Pennsylvania,(data deleted),(data deleted),0.0,1,1,session_only
17821477.4735695721,6350272842,2021-01-27,1,1,0,0,0,0,desktop,Web,United States,Texas,(direct),(none),0.0,2,2,view_item
18954300.0486555383,4936997913,2020-12-27,1,1,0,1,1,1,desktop,<Other>,Germany,Baden-Wurttemberg,(data deleted),(data deleted),40.24,13,6,purchase
16237942.3449914568,3734763786,2021-01-26,1,0,0,0,0,0,desktop,Web,Uruguay,(not set),<Other>,<Other>,0.0,1,1,session_only
23873107.9339660683,9955254596,2020-11-14,1,0,0,0,0,0,mobile,Web,Brazil,State of Sao Paulo,(direct),(none),0.0,1,1,session_only
6094273.5702296887,7928800301,2021-01-29,1,1,0,0,0,0,mobile,iOS,Sri Lanka,Western Province,(direct),(none),0.0,2,2,view_item
23996726.6983723834,3573950951,2021-01-13,1,0,0,0,0,0,mobile,Web,United States,Massachusetts,<Other>,referral,0.0,1,1,session_only
11822767.9778483138,8166537888,2021-01-12,1,0,0,0,0,0,desktop,Web,United States,California,<Other>,<Other>,0.0,1,1,session_only
64833909.9223803649,1731540574,2021-01-08,1,0,0,0,0,0,desktop,Web,United States,Nebraska,google,organic,0.0,1,1,session_only
4214467.3014967415,990942091,2021-01-07,1,0,0,0,0,0,mobile,Android,Colombia,Bogota,<Other>,<Other>,0.0,1,1,session_only
5883796.8084142904,2028198813,2020-11-08,1,0,0,0,0,0,desktop,<Other>,India,Gujarat,(direct),(none),0.0,1,1,session_only
51779576.0494425655,4035212692,2021-01-15,1,0,0,0,0,0,mobile,Web,Peru,(not set),google,organic,0.0,1,1,session_only
46183749.1921246488,5357109020,2021-01-19,1,0,0,0,0,0,mobile,Web,United States,Virginia,google,organic,0.0,1,1,session_only
5571303.0980277661,1814206485,2020-12-19,1,0,0,0,0,0,tablet,iOS,United States,New York,(direct),(none),0.0,1,1,session_only
35056998.2883649776,4538971984,2021-01-13,1,0,0,0,0,0,mobile,Web,United States,California,<Other>,<Other>,0.0,1,1,session_only
8265959.4816521030,132356522,2020-11-20,1,0,0,0,0,0,desktop,Web,Denmark,Central Denmark Region,<Other>,referral,0.0,1,1,session_only
8105533.7044598409,7371934772,2020-11-02,1,0,0,0,0,0,desktop,Web,United States,Colorado,google,organic,0.0,1,1,session_only
5354618.4679456217,1974221977,2021-01-31,1,0,0,0,0,0,desktop,Web,United States,California,<Other>,<Other>,0.0,1,1,session_only
4439190.5896418645,2940045157,2020-11-24,1,0,0,0,0,0,desktop,Web,United States,Virginia,(direct),(none),0.0,1,1,session_only
72157459.6523031333,3555699286,2020-11-26,1,0,0,0,0,0,desktop,Web,United States,Missouri,(data deleted),(data deleted),0.0,1,1,session_only
32945687.5012148553,2026831407,2021-01-17,1,0,0,0,0,0,desktop,Web,United States,Virginia,(direct),(none),0.0,1,1,session_only
3980652.4530069190,1865999659,2020-11-12,1,1,0,1,1,1,desktop,Macintosh,United States,California,(direct),(none),56.2,33,6,purchase
39565684.4801118632,6079389793,2020-12-17,1,1,0,0,0,0,desktop,Web,Taiwan,Taipei City,google,organic,0.0,4,2,view_item
92897682.4959350051,4389828623,2020-12-24,1,0,0,0,0,0,desktop,Web,Spain,Andalusia,<Other>,referral,0.0,1,1,session_only
2001654.5886080179,5598464429,2020-12-21,1,0,0,0,0,0,mobile,Android,Poland,Masovian Voivodeship,<Other>,<Other>,0.0,1,1,session_only
4387489.0487549150,4802880084,2020-11-19,1,1,0,0,0,0,desktop,Windows,Turkey,(not set),google,organic,0.0,2,2,view_item
70683118.0178760005,4295082237,2021-01-17,1,0,0,0,0,0,mobile,iOS,United States,Minnesota,google,cpc,0.0,1,1,session_only
8397059.8634946591,1439427589,2020-11-08,1,1,0,1,1,1,mobile,Android,United States,California,(direct),(none),0.0,9,6,purchase
30760022.9820198935,7625789758,2020-12-24,1,0,0,0,0,0,desktop,Web,South Korea,(not set),google,cpc,0.0,1,1,session_only
45002045.2247458876,4301479622,2020-12-01,1,1,0,0,0,0,desktop,Web,United States,Virginia,(direct),(none),0.0,11,2,view_item
89487081.8345997908,7595029508,2021-01-12,1,0,0,0,0,0,mobile,iOS,United States,Colorado,<Other>,<Other>,0.0,1,1,session_only
2418145.6199610855,3429535281,2021-01-27,1,0,0,0,0,0,mobile,Web,Mexico,Baja California,<Other>,referral,0.0,1,1,session_only
44532435.7054117125,8818648062,2021-01-02,1,1,1,0,0,0,desktop,Web,United States,Virginia,<Other>,<Other>,0.0,10,3,add_to_cart
2883705636.0408876232,7481758034,2021-01-06,1,1,0,0,0,0,desktop,Web,Sweden,Stockholm County,(data deleted),(data deleted),0.0,5,2,view_item
32602852.1940719368,7195137484,2020-12-28,1,1,0,0,0,0,desktop,Web,United States,Illinois,google,organic,0.0,2,2,view_item
85182713.1705193060,9173070182,2021-01-04,1,0,0,0,0,0,desktop,Web,United States,Michigan,<Other>,<Other>,0.0,1,1,session_only
88032834.3787101882,7264107440,2021-01-26,1,0,0,0,0,0,desktop,Web,Honduras,(not set),google,organic,0.0,1,1,session_only
32315332.8003058908,9937008708,2020-12-17,1,0,0,0,0,0,mobile,Web,Spain,Galicia,google,organic,0.0,1,1,session_only
46981424.1904502410,9263378497,2021-01-28,1,0,0,0,0,0,mobile,iOS,Lebanon,Beirut Governorate,(direct),(none),0.0,1,1,session_only
7169755.1976452781,5610454112,2021-01-20,1,0,0,0,0,0,tablet,Web,United States,California,google,organic,0.0,1,1,session_only
69112514.4276575294,592333531,2021-01-02,1,0,0,0,0,0,desktop,Windows,Japan,Tokyo,google,organic,0.0,1,1,session_only
2350473622.8179348201,7113686823,2021-01-04,1,0,0,0,0,0,desktop,Web,United States,California,<Other>,<Other>,0.0,1,1,session_only
91524403.7023963405,3611761379,2021-01-07,1,1,0,0,0,0,desktop,Web,Malaysia,Selangor,google,organic,0.0,2,2,view_item
74784448.4735746466,9150852808,2021-01-26,1,1,0,0,0,0,mobile,iOS,United States,California,(data deleted),(data deleted),0.0,3,2,view_item
7671530.2341761178,8319325428,2020-12-27,1,1,0,0,0,0,desktop,Windows,United States,Tennessee,google,organic,0.0,2,2,view_item
5479528.8102227993,2878319516,2020-12-30,1,0,0,0,0,0,desktop,Web,Canada,British Columbia,<Other>,<Other>,0.0,1,1,session_only
57123209.6108715873,5647655814,2020-12-04,1,0,0,0,0,0,desktop,Web,(not set),(not set),(direct),(none),0.0,1,1,session_only
16280194.0273294379,9191126366,2020-11-23,1,0,0,0,0,0,desktop,<Other>,United States,Florida,<Other>,referral,0.0,1,1,session_only
38807944.2775419825,3193429475,2021-01-23,1,1,1,1,1,1,desktop,Macintosh,India,Uttar Pradesh,(data deleted),(data deleted),0.0,20,6,purchase
2350115.5340353045,6044599533,2020-11-19,1,0,0,0,0,0,mobile,iOS,India,Maharashtra,google,organic,0.0,1,1,session_only
62215345.6672920065,6732199547,2021-01-31,1,0,0,0,0,0,mobile,Android,United States,Tennessee,<Other>,referral,0.0,1,1,session_only
89900337.0350452974,8488964175,2021-01-08,1,0,0,0,0,0,mobile,iOS,United States,Virginia,<Other>,referral,0.0,1,1,session_only
12971613.0711770056,8923686778,2021-01-06,1,0,0,0,0,0,mobile,iOS,China,(not set),google,organic,0.0,1,1,session_only
66787047.1916957378,8606399219,2021-01-10,1,1,1,1,1,1,desktop,Web,United States,Connecticut,(data deleted),(data deleted),48.32,68,6,purchase
4704236.7873342396,3777354505,2020-12-29,1,1,0,0,0,0,mobile,Android,Canada,Ontario,(direct),(none),0.0,4,2,view_item
79843046.1808599601,2244628136,2021-01-01,1,0,0,0,0,0,desktop,Web,Taiwan,Taipei City,google,cpc,0.0,1,1,session_only
14901140.5939808986,2512930775,2020-12-28,1,0,0,0,0,0,desktop,<Other>,United States,California,google,organic,0.0,1,1,session_only
47862660.9726528441,8921229770,2020-11-14,1,0,0,0,0,0,desktop,Windows,Brazil,State of Rio Grande do Sul,(direct),(none),0.0,1,1,session_only
78119366.4954012793,4334035069,2020-11-02,1,0,0,0,0,0,desktop,Windows,Turkey,Istanbul,shop.googlemerchandisestore.com,referral,0.0,1,1,session_only
85731654.9540891326,7481804913,2020-12-17,1,0,0,0,0,0,desktop,Web,United States,Mississippi,(direct),(none),0.0,1,1,session_only
34908681.8954454851,1085401456,2021-01-25,1,0,0,0,0,0,desktop,Windows,United Kingdom,Scotland,google,organic,0.0,1,1,session_only
36081120.9781065736,7658294481,2021-01-09,1,1,1,1,1,1,desktop,Web,India,Karnataka,(data deleted),(data deleted),85.2,35,6,purchase
7569771.1547043167,9264623729,2020-12-01,1,0,0,0,0,0,desktop,Web,United States,Washington,<Other>,<Other>,0.0,1,1,session_only
7693673.8022199430,3040556880,2021-01-13,1,1,1,0,0,0,desktop,Macintosh,United States,Massachusetts,(direct),(none),0.0,4,3,add_to_cart
11672419.3962442027,256189190,2021-01-16,1,0,0,0,0,0,desktop,Web,Sri Lanka,Western Province,<Other>,<Other>,0.0,1,1,session_only
1040841.5170265397,8794160642,2020-12-04,1,1,0,0,0,0,mobile,Web,Japan,(not set),(data deleted),(data deleted),0.0,4,2,view_item
89541606.8577627554,7724749489,2020-11-24,1,0,0,0,0,0,mobile,Web,Colombia,Bogota,<Other>,<Other>,0.0,1,1,session_only
2248754.7783173763,8313015886,2021-01-16,1,1,0,1,1,1,desktop,Web,India,Maharashtra,(data deleted),(data deleted),0.0,8,6,purchase
3984709.0806893925,7762617813,2020-11-08,1,0,0,0,0,0,desktop,Web,United Kingdom,Northern Ireland,<Other>,<Other>,0.0,1,1,session_only
10871991.3211860411,8354320810,2020-11-10,1,0,0,0,0,0,desktop,Web,United States,California,google,cpc,0.0,1,1,session_only
5210900.7153494516,193511057,2020-11-14,1,1,0,0,0,0,desktop,Windows,United States,California,(data deleted),(data deleted),0.0,2,2,view_item
6111808.0313655881,591592222,2021-01-20,1,0,0,0,0,0,desktop,Web,India,Delhi,google,organic,0.0,1,1,session_only
4579624.7993134890,9087071394,2020-11-26,1,1,1,1,1,1,desktop,Web,United States,New York,google,organic,0.0,60,6,purchase
78988684.4485103641,2447367964,2020-12-14,1,0,0,0,0,0,desktop,Web,United States,Florida,shop.googlemerchandisestore.com,referral,0.0,1,1,session_only
27016546.9349825311,5445586062,2020-12-31,1,0,0,0,0,0,mobile,Android,India,Maharashtra,<Other>,<Other>,0.0,1,1,session_only
5132269.7731872940,7641925274,2021-01-15,1,0,0,0,0,0,desktop,Web,Canada,Quebec,<Other>,organic,0.0,1,1,session_only
49721681.3385553864,3505876185,2021-01-17,1,0,0,0,0,0,desktop,<Other>,United Kingdom,England,google,organic,0.0,1,1,session_only
15795288.9820596399,4857649201,2020-11-16,1,0,0,0,0,0,desktop,Windows,Australia,New South Wales,google,cpc,0.0,1,1,session_only
47810508.7388089536,2248150644,2020-12-19,1,0,0,0,0,0,desktop,Macintosh,United States,California,google,cpc,0.0,1,1,session_only
9123305447.7023614255,7925246355,2020-12-21,1,1,1,1,1,1,mobile,Web,Malaysia,Federal Territory of Kuala Lumpur,google,cpc,13.6,35,6,purchase
2012186.1895517743,8460646528,2021-01-28,1,0,0,0,0,0,desktop,Web,Malaysia,Federal Territory of Kuala Lumpur,<Other>,<Other>,0.0,1,1,session_only
2221352.0772999791,7914034260,2021-01-13,1,1,0,1,1,1,mobile,Web,United Kingdom,England,google,organic,0.0,10,6,purchase
6449312.3209337460,1786147197,2021-01-29,1,1,0,0,0,0,desktop,Windows,India,West Bengal,(direct),(none),0.0,3,2,view_item
45937414.1356473825,2176053827,2021-01-30,1,1,0,0,0,0,mobile,iOS,Canada,Ontario,google,organic,0.0,2,2,view_item
16646063.2047079110,7680311229,2020-12-21,1,0,0,0,0,0,mobile,Web,United Kingdom,England,<Other>,referral,0.0,1,1,session_only
10219202.1982276568,916379966,2020-11-23,1,0,0,0,0,0,mobile,iOS,(not set),(not set),<Other>,organic,0.0,1,1,session_only
1102351.7969539177,2649833681,2020-11-07,1,1,0,0,0,0,desktop,Web,United States,Washington,(direct),(none),0.0,10,2,view_item
78080881.1713884224,3777813101,2020-11-02,1,0,0,0,0,0,mobile,Android,Lithuania,(not set),<Other>,organic,0.0,1,1,session_only
1157377.2578859967,3898367178,2021-01-12,1,1,1,1,1,1,mobile,iOS,United States,California,(direct),(none),0.0,9,6,purchase
7750159.6505312378,6047344571,2020-11-23,1,1,0,1,1,1,desktop,Windows,United States,New Jersey,shop.googlemerchandisestore.com,referral,76.8,15,6,purchase
35040161.0424879499,2190915510,2020-11-26,1,0,0,0,0,0,desktop,Macintosh,South Korea,Gyeonggi-do,google,organic,0.0,1,1,session_only
83770750.2476477600,238132599,2021-01-07,1,1,0,0,0,0,mobile,iOS,Denmark,Region Zealand,google,organic,0.0,2,2,view_item
4463920.6176858611,2646264811,2021-01-02,1,1,0,0,0,0,tablet,iOS,Indonesia,Jakarta,<Other>,<Other>,0.0,2,2,view_item
4481070.1047655441,7924665954,2021-01-28,1,1,1,1,1,1,mobile,Web,United States,California,shop.googlemerchandisestore.com,referral,0.0,21,6,purchase
83986370.7371906046,3540243404,2020-11-15,1,1,0,0,0,0,mobile,Web,China,Zhejiang,shop.googlemerchandisestore.com,referral,0.0,2,2,view_item
5201673.8764222453,2908230170,2020-11-05,1,0,0,0,0,0,mobile,Web,India,Bihar,(direct),(none),0.0,1,1,session_only
86001023.9234740309,8011423900,2020-11-26,1,0,0,0,0,0,mobile,Web,Canada,Quebec,google,organic,0.0,1,1,session_only
74551378.6678988403,3836058529,2021-01-03,1,0,0,0,0,0,mobile,Web,United States,California,google,organic,0.0,1,1,session_only
77575792.2325423219,6728014543,2020-12-30,1,0,0,0,0,0,desktop,Web,South Korea,Gyeonggi-do,google,organic,0.0,1,1,session_only
84264429.1133470344,7386950152,2020-11-09,1,0,0,0,0,0,mobile,Android,Japan,Saitama,google,organic,0.0,1,1,session_only
63957452.3794803361,8169543986,2020-11-02,1,0,0,0,0,0,desktop,<Other>,Australia,Victoria,<Other>,<Other>,0.0,1,1,session_only
7219615.9655825331,5092910714,2021-01-25,1,0,0,0,0,0,tablet,Android,India,Punjab,<Other>,<Other>,0.0,1,1,session_only
22599953.5165982333,9812676346,2021-01-07,1,0,0,0,0,0,desktop,Web,Indonesia,West Java,(direct),(none),0.0,1,1,session_only
4725337.6976716557,7195493247,2021-01-06,1,0,0,0,0,0,mobile,Web,Canada,British Columbia,google,organic,0.0,1,1,session_only
80259763.7226425588,9314106819,2021-01-03,1,1,0,0,0,0,desktop,Web,United States,Florida,(direct),(none),0.0,5,2,view_item
5190386618.2976718873,6370734826,2021-01-26,1,0,0,0,0,0,desktop,Web,United States,Tennessee,shop.googlemerchandisestore.com,referral,0.0,1,1,session_only
74325446.8307114713,6110709950,2020-11-12,1,1,0,0,0,0,mobile,iOS,United States,District of Columbia,google,organic,0.0,2,2,view_item
4878694.4760905474,465750408,2020-11-17,1,0,0,0,0,0,tablet,Web,Philippines,Calabarzon,google,organic,0.0,1,1,session_only
86978127.5907296352,4197979401,2020-11-10,1,1,0,0,0,0,mobile,Web,United States,New Jersey,<Other>,<Other>,0.0,2,2,view_item
81958519.0683844577,5159507966,2021-01-04,1,0,0,0,0,0,desktop,Web,Canada,Alberta,(direct),(none),0.0,1,1,session_only
73179585.2240232242,7803813086,2021-01-08,1,0,0,0,0,0,mobile,Web,United States,Illinois,google,organic,0.0,1,1,session_only
4672402.3138737151,6925893914,2020-12-27,1,1,0,0,0,0,mobile,Web,Canada,British Columbia,<Other>,referral,0.0,2,2,view_item
41722087.0753204593,7211638079,2020-11-05,0,1,0,0,0,0,tablet,iOS,United States,Colorado,(direct),(none),0.0,3,2,view_item
52440112.0316907601,9192892881,2020-11-21,1,0,0,0,0,0,mobile,iOS,United States,California,(direct),(none),0.0,1,1,session_only
45532925.0508287236,8890590835,2021-01-07,1,0,0,0,0,0,mobile,Android,Brazil,State of Minas Gerais,google,organic,0.0,1,1,session_only
8529299.2767695795,1275068319,2020-11-02,1,0,0,0,0,0,desktop,Web,China,Guangdong Province,google,organic,0.0,1,1,session_only
75836532.4424289656,385370317,2021-01-06,1,0,0,0,0,0,desktop,Web,United States,Louisiana,google,cpc,0.0,1,1,session_only
37070458.0447815579,7476169560,2020-12-04,1,0,0,0,0,0,mobile,Android,India,Karnataka,google,organic,0.0,1,1,session_only
5757945286.1329460199,2115111561,2020-12-20,1,0,0,0,0,0,desktop,Windows,Taiwan,Taiwan Province,shop.googlemerchandisestore.com,referral,0.0,1,1,session_only
7147790.8246030197,5913292254,2021-01-31,1,0,0,0,0,0,desktop,Web,Germany,Bavaria,<Other>,referral,0.0,1,1,session_only
39757920.1092137050,7285537798,2021-01-13,1,0,0,0,0,0,mobile,Web,United States,California,google,organic,0.0,1,1,session_only
73337379.9088498692,508434416,2021-01-10,1,0,0,0,0,0,mobile,Web,Canada,British Columbia,google,organic,0.0,1,1,session_only
373980781.5181325765,4727820292,2020-12-01,1,0,0,0,0,0,desktop,Web,India,Rajasthan,(direct),(none),0.0,1,1,session_only
24839566.9263875841,3488302667,2021-01-06,1,0,0,0,0,0,desktop,Macintosh,United States,Michigan,<Other>,<Other>,0.0,1,1,session_only
61476220.5706681203,6367499162,2020-12-29,1,1,1,1,1,1,desktop,Windows,Canada,Newfoundland and Labrador,(direct),(none),33.3,10,6,purchase
49861936.4839974051,9651236892,2020-11-26,1,0,0,0,0,0,mobile,iOS,United States,Kentucky,google,cpc,0.0,1,1,session_only
92210541.4728409125,8271858610,2021-01-08,1,0,0,0,0,0,desktop,Web,India,Jharkhand,google,organic,0.0,1,1,session_only
2810248.2427040900,9236815416,2021-01-26,1,1,0,0,0,0,mobile,Web,United States,(not set),(direct),(none),0.0,2,2,view_item
6503676.5413398319,2125908121,2020-12-31,1,0,0,0,0,0,desktop,Windows,United States,North Carolina,<Other>,referral,0.0,1,1,session_only
8138982.6406215182,9277949803,2020-11-02,1,0,0,0,0,0,mobile,Web,Japan,(not set),google,organic,0.0,1,1,session_only
6086858.9440406777,523034851,2020-11-09,1,1,0,1,1,1,mobile,Web,India,Tamil Nadu,(direct),(none),22.32,13,6,purchase
18365632.4802834677,27130880,2020-11-05,1,0,0,0,0,0,mobile,Web,United States,Connecticut,shop.googlemerchandisestore.com,referral,0.0,1,1,session_only
9027137.6329539445,7111500366,2021-01-07,1,0,0,0,0,0,mobile,iOS,United States,Florida,google,organic,0.0,1,1,session_only
1072012.7284818935,5777371778,2021-01-07,1,0,0,0,0,0,desktop,Macintosh,United States,Ohio,google,organic,0.0,1,1,session_only
4876835.9267582756,7004150503,2020-12-28,1,1,1,1,1,1,mobile,Web,United States,Georgia,shop.googlemerchandisestore.com,referral,66.4,19,6,purchase
2420409.3741856146,9175257957,2021-01-07,1,1,0,0,0,0,desktop,Web,United States,Indiana,google,organic,0.0,2,2,view_item
5373799.6097004022,3933002318,2020-12-19,1,1,1,1,1,1,mobile,iOS,China,Zhejiang,google,organic,134.4,9,6,purchase
7053336.1797466853,2787603565,2021-01-19,1,0,0,0,0,0,desktop,Windows,Netherlands,Utrecht,shop.googlemerchandisestore.com,referral,0.0,1,1,session_only
72246096.2876146689,1480406126,2021-01-12,1,0,0,0,0,0,mobile,Android,United States,Virginia,(direct),(none),0.0,1,1,session_only
7202588662.4214341792,7839364897,2020-11-10,1,1,0,0,0,0,desktop,Web,United States,California,google,organic,0.0,3,2,view_item
46429324.0978790338,7300659541,2020-12-01,1,0,0,0,0,0,desktop,Web,United States,Texas,<Other>,<Other>,0.0,1,1,session_only
27103217.8938712942,9981259054,2021-01-09,1,0,0,0,0,0,desktop,Web,United Kingdom,England,<Other>,<Other>,0.0,1,1,session_only
44089338.1660215763,8005120930,2020-12-17,1,0,0,0,0,0,desktop,Web,India,Uttar Pradesh,(direct),(none),0.0,1,1,session_only
8992823.6861190347,9324116801,2020-12-26,1,1,0,0,0,0,mobile,Android,United States,Virginia,(direct),(none),0.0,2,2,view_item
6160571.7476726734,5485256869,2021-01-03,1,1,0,0,0,0,mobile,Android,United States,Illinois,shop.googlemerchandisestore.com,referral,0.0,2,2,view_item
64803928.2321699917,5144201490,2020-12-23,1,0,0,0,0,0,desktop,<Other>,Taiwan,Taichung City,(direct),(none),0.0,1,1,session_only
8084774.0214649712,4343151584,2021-01-28,1,0,0,0,0,0,desktop,Web,Hungary,(not set),google,organic,0.0,1,1,session_only
7188332.0995493944,1870757637,2020-11-07,1,0,0,0,0,0,desktop,Macintosh,Pakistan,Punjab,google,organic,0.0,1,1,session_only
5185826.1133417602,6687853796,2021-01-18,1,1,0,0,0,0,mobile,iOS,Pakistan,Punjab,shop.googlemerchandisestore.com,referral,0.0,2,2,view_item
3193256.8446640793,273142902,2021-01-26,1,0,0,0,0,0,mobile,Web,United States,Indiana,google,organic,0.0,1,1,session_only
8743191.3465614160,7405898919,2020-12-31,1,0,0,0,0,0,tablet,Web,Trinidad & Tobago,(not set),google,organic,0.0,1,1,session_only
6715660.0218257098,9874900514,2020-11-23,1,0,0,0,0,0,desktop,Web,United States,Hawaii,google,organic,0.0,1,1,session_only
2641867.9314009131,6973788497,2020-11-17,1,1,1,1,1,1,mobile,iOS,Spain,Catalonia,<Other>,<Other>,0.0,11,6,purchase
4866009.6390371374,411158106,2021-01-12,1,0,0,0,0,0,mobile,iOS,Canada,Nova Scotia,<Other>,referral,0.0,1,1,session_only
4124604.0408794437,7928514819,2021-01-01,1,0,0,0,0,0,desktop,Web,United States,New York,google,cpc,0.0,1,1,session_only
56346984.7674270612,1568096972,2021-01-19,1,0,0,0,0,0,mobile,Android,United States,Maryland,<Other>,referral,0.0,1,1,session_only
18297928.3525944684,4639694563,2021-01-31,1,0,0,0,0,0,mobile,Web,United States,Michigan,google,organic,0.0,1,1,session_only
8079006.6650182195,6113257488,2021-01-20,1,1,0,0,0,0,mobile,Web,United States,Virginia,(direct),(none),0.0,3,2,view_item
4271309.3902775905,7916384168,2020-12-28,1,0,0,0,0,0,mobile,iOS,United States,Georgia,google,organic,0.0,1,1,session_only
32209974.4000515980,5471123869,2020-12-21,1,0,0,0,0,0,desktop,Web,Singapore,(not set),<Other>,<Other>,0.0,1,1,session_only
11223339.0176584085,5653763570,2021-01-04,1,0,0,0,0,0,desktop,Web,United States,Minnesota,<Other>,<Other>,0.0,1,1,session_only
6030522.6567948401,83551024,2020-11-26,1,1,1,1,1,1,desktop,Web,United Kingdom,Scotland,(direct),(none),0.0,6,6,purchase
9151825.9961982419,6811511070,2021-01-25,1,1,0,0,0,0,mobile,Web,United Kingdom,England,google,organic,0.0,3,2,view_item
1115389.7531396748,158115085,2020-12-04,1,0,0,0,0,0,desktop,Web,United States,California,(direct),(none),0.0,1,1,session_only
52862188.5859717541,983175093,2020-11-15,1,0,0,0,0,0,mobile,iOS,United States,California,google,organic,0.0,1,1,session_only
6093770.3470507778,7537614853,2020-12-19,1,0,0,0,0,0,mobile,Web,United States,Texas,<Other>,<Other>,0.0,1,1,session_only
33781777.6665746815,7648816799,2020-11-26,1,0,0,0,0,0,mobile,Android,United States,New York,google,organic,0.0,1,1,session_only
69469018.3258704558,6356489198,2021-01-26,1,0,0,0,0,0,desktop,Windows,Canada,Ontario,(data deleted),(data deleted),0.0,1,1,session_only
63084666.0558928361,8162362739,2020-12-20,1,1,0,0,0,0,mobile,Web,United States,New York,(direct),(none),0.0,4,2,view_item
8601002.6540864774,3688795342,2021-01-03,1,0,0,0,0,0,mobile,Web,United States,Washington,(direct),(none),0.0,1,1,session_only
55323533.7926126864,8749361484,2021-01-31,1,1,1,1,1,1,mobile,Android,United States,Nebraska,<Other>,<Other>,0.0,27,6,purchase
4313991.5465506105,7255342391,2020-12-31,1,0,0,0,0,0,desktop,Web,United States,California,google,organic,0.0,1,1,session_only
1871487.8183074116,8829033025,2020-12-26,1,0,0,0,0,0,mobile,iOS,India,Telangana,google,organic,0.0,1,1,session_only
71858044.9218449613,8682378605,2021-01-11,1,0,0,0,0,0,mobile,Web,United States,Indiana,google,organic,0.0,1,1,session_only
2139665.7982725276,2449054805,2021-01-25,1,0,0,0,0,0,desktop,Macintosh,United States,Washington,(direct),(none),0.0,1,1,session_only
73132480.7262867619,701186219,2021-01-13,1,0,0,0,0,0,tablet,Web,United States,Kentucky,<Other>,referral,0.0,1,1,session_only
2962988.6778635539,1882140203,2021-01-28,1,0,0,0,0,0,mobile,Web,United States,Texas,<Other>,<Other>,0.0,1,1,session_only
8089282.7423057088,4595990879,2020-12-27,1,0,0,0,0,0,mobile,iOS,Poland,Masovian Voivodeship,(direct),(none),0.0,1,1,session_only
4376252.4924303226,6099250418,2021-01-06,1,1,0,0,0,0,tablet,Web,United States,Virginia,(direct),(none),0.0,2,2,view_item
48980456.6541181093,9697775805,2021-01-16,1,0,0,0,0,0,desktop,Web,Argentina,Cordoba,google,cpc,0.0,1,1,session_only
39871236.7308728301,1910329020,2020-11-11,1,0,0,0,0,0,desktop,Web,United States,Massachusetts,(direct),(none),0.0,1,1,session_only
3974295.8659400798,8001811629,2021-01-28,1,0,0,0,0,0,mobile,Android,United States,Washington,<Other>,<Other>,0.0,1,1,session_only
10910761.7851643812,1427784212,2021-01-12,1,0,0,0,0,0,desktop,Windows,United States,Colorado,(direct),(none),0.0,1,1,session_only
41228385.3450536904,3879840988,2020-11-02,1,0,0,0,0,0,desktop,Macintosh,United States,Iowa,<Other>,organic,0.0,1,1,session_only
2342431.3325670252,5808522241,2020-11-24,1,1,0,0,0,0,tablet,Web,United States,Georgia,(direct),(none),0.0,2,2,view_item
6574101.3693723189,3960821965,2020-11-10,1,1,0,0,0,0,mobile,Web,United Kingdom,England,(data deleted),(data deleted),0.0,4,2,view_item
48737705.4382329852,2273666520,2020-12-04,1,1,0,0,0,0,desktop,Web,Netherlands,North Holland,<Other>,<Other>,0.0,3,2,view_item
5005638.5489968792,7111988343,2021-01-19,1,0,0,0,0,0,desktop,Macintosh,China,Sichuan,<Other>,referral,0.0,1,1,session_only
9431683.5830577678,2395369510,2020-11-24,1,1,0,1,1,1,desktop,Windows,United States,North Carolina,(direct),(none),396.8,15,6,purchase
36332602.4774709497,9132722714,2020-12-30,1,0,0,0,0,0,mobile,Web,Italy,Tuscany,(direct),(none),0.0,1,1,session_only
53921117.4381734719,9349253003,2020-11-09,1,0,0,0,0,0,desktop,Macintosh,South Korea,(not set),shop.googlemerchandisestore.com,referral,0.0,1,1,session_only
1597670178.3772628125,3321071730,2021-01-07,1,0,0,0,0,0,desktop,Web,Taiwan,New Taipei City,(direct),(none),0.0,1,1,session_only
20208240.7523578519,8240141314,2020-12-29,1,0,0,0,0,0,desktop,Web,Turkey,Istanbul,<Other>,<Other>,0.0,1,1,session_only
7513084.0150439201,3815204203,2021-01-13,1,0,0,0,0,0,desktop,Web,Hong Kong,(not set),(direct),(none),0.0,1,1,session_only
84224179.2357242150,2005943648,2020-12-01,1,0,0,0,0,0,mobile,Web,United Kingdom,England,<Other>,organic,0.0,1,1,session_only
6798368.3483779796,5918987960,2021-01-10,1,0,0,0,0,0,mobile,Android,France,Nouvelle-Aquitaine,google,organic,0.0,1,1,session_only
82546900.3575770034,3455787579,2021-01-01,0,1,0,0,0,0,desktop,Macintosh,India,Karnataka,<Other>,referral,0.0,2,2,view_item
8063679.3399827185,4848080313,2020-11-12,1,0,0,0,0,0,desktop,Web,Australia,New South Wales,(direct),(none),0.0,1,1,session_only
2935668.6484513593,1414899521,2021-01-28,1,0,0,0,0,0,desktop,Macintosh,United States,Texas,<Other>,<Other>,0.0,1,1,session_only
4691826.5895735104,5830662083,2021-01-18,1,1,0,0,0,0,desktop,Macintosh,Kenya,Nairobi County,(direct),(none),0.0,2,2,view_item
2086930.9588917967,1990500578,2020-11-23,1,0,0,0,0,0,mobile,Web,Singapore,(not set),(direct),(none),0.0,1,1,session_only
28916400.9213822241,2310665130,2021-01-23,1,1,1,1,1,1,desktop,Web,Indonesia,Jakarta,(data deleted),(data deleted),239.04,37,6,purchase
40540195.8828041004,6385806689,2021-01-19,1,0,0,0,0,0,mobile,Android,United States,Florida,<Other>,referral,0.0,1,1,session_only
2096059.7363835654,7545263861,2021-01-02,1,0,0,0,0,0,desktop,Windows,United States,California,shop.googlemerchandisestore.com,referral,0.0,1,1,session_only
3911396958.5537740149,9590177415,2020-11-17,1,0,0,0,0,0,desktop,Web,Peru,(not set),<Other>,referral,0.0,1,1,session_only
1726235.0046036690,4097314337,2021-01-31,1,0,0,0,0,0,desktop,Web,Greece,"Decentralized Administration of Peloponnese, Western Greece and the Ionian",<Other>,referral,0.0,1,1,session_only
1500804.2927105224,6373387575,2020-12-01,1,0,0,0,0,0,desktop,Windows,United States,Alabama,google,organic,0.0,1,1,session_only
9790112.1369406292,5744809404,2021-01-09,1,0,0,0,0,0,desktop,Web,United States,Michigan,<Other>,<Other>,0.0,1,1,session_only
8170585.2797837477,8405728497,2021-01-20,1,1,0,0,0,0,tablet,Web,India,Bihar,google,organic,0.0,2,2,view_item
7568830275.8815915521,4038667357,2021-01-25,1,0,0,0,0,0,mobile,Web,Canada,Ontario,google,organic,0.0,1,1,session_only
23828365.6156790522,1549040129,2021-01-06,1,0,0,0,0,0,desktop,Web,Canada,Quebec,google,organic,0.0,1,1,session_only
2697597254.3552497202,3128561443,2020-11-11,1,0,0,0,0,0,mobile,iOS,United States,New York,google,organic,0.0,1,1,session_only
91419276.5274860211,1360561953,2020-11-09,1,1,0,0,0,0,mobile,Web,United States,Ohio,shop.googlemerchandisestore.com,referral,0.0,2,2,view_item
3948705.0627160002,4016698132,2021-01-16,1,0,0,0,0,0,desktop,Web,France,Provence-Alpes-Cote d'Azur,google,organic,0.0,1,1,session_only
77471087.7036746457,270805965,2021-01-10,1,0,0,0,0,0,desktop,Windows,Singapore,(not set),(direct),(none),0.0,1,1,session_only
56584872.6037003427,7930869000,2021-01-20,1,0,0,0,0,0,desktop,Windows,Spain,Catalonia,google,organic,0.0,1,1,session_only
95391139.6120978599,142084124,2021-01-25,1,0,0,0,0,0,tablet,Web,United States,Texas,(direct),(none),0.0,1,1,session_only
6482684.1553813613,428737746,2020-12-19,1,0,0,0,0,0,mobile,iOS,Colombia,Bogota,(direct),(none),0.0,1,1,session_only
12788974.8184715500,5834101951,2021-01-30,1,1,0,0,0,0,desktop,Web,United States,Minnesota,shop.googlemerchandisestore.com,referral,0.0,4,2,view_item
1404499.2864903117,1007726781,2021-01-18,1,0,0,0,0,0,desktop,Web,Philippines,Metro Manila,(direct),(none),0.0,1,1,session_only
61892567.6708909905,502461555,2021-01-07,1,0,0,0,0,0,desktop,Web,Greece,Attica,(direct),(none),0.0,1,1,session_only
48272617.7372938740,563908457,2020-12-21,1,0,0,0,0,0,tablet,Web,Australia,Queensland,shop.googlemerchandisestore.com,referral,0.0,1,1,session_only
5627599.7380202125,9034310824,2020-12-01,1,0,0,0,0,0,desktop,Web,United States,Florida,(direct),(none),0.0,1,1,session_only
6592860.9968950589,2021062765,2020-12-17,1,1,0,0,0,0,desktop,Web,United States,Massachusetts,<Other>,referral,0.0,2,2,view_item
3591282.5710466002,3251668325,2020-12-04,1,1,1,1,1,1,mobile,Web,United States,Florida,google,organic,0.0,20,6,purchase
2651589.5336918820,2814175820,2020-11-16,1,0,0,0,0,0,desktop,Web,South Korea,Seoul,shop.googlemerchandisestore.com,referral,0.0,1,1,session_only
22200513.8720125196,5146719697,2020-11-24,1,1,0,1,0,0,desktop,Web,United States,Texas,(direct),(none),0.0,5,4,begin_checkout
8350183.1152483959,4123474431,2020-11-23,1,1,0,1,1,0,tablet,Web,United States,Tennessee,google,organic,0.0,6,5,add_payment
15197638.6280507566,6287888662,2021-01-12,1,0,0,0,0,0,mobile,Android,Canada,Alberta,google,organic,0.0,1,1,session_only
7223640.2598571364,9281929053,2020-12-17,1,0,0,0,0,0,mobile,Web,United States,Connecticut,<Other>,<Other>,0.0,1,1,session_only
89727903.7888469000,3421901152,2020-12-30,1,1,1,0,0,0,mobile,Web,United Kingdom,England,google,organic,0.0,3,3,add_to_cart
22878189.9568685478,1564391965,2020-12-01,1,0,0,0,0,0,mobile,iOS,Colombia,Bogota,google,organic,0.0,1,1,session_only
3693093.3303304482,8333661349,2021-01-15,1,0,0,0,0,0,desktop,Web,United States,Kentucky,(direct),(none),0.0,1,1,session_only
3051742.8381790774,6822209600,2020-12-17,1,0,0,0,0,0,mobile,Android,United States,Illinois,google,organic,0.0,1,1,session_only
44200284.5307032834,4794708665,2021-01-20,1,1,1,1,1,1,desktop,Web,United States,Texas,<Other>,<Other>,89.52,48,6,purchase
86764646.1282853842,2700217753,2021-01-02,1,0,0,0,0,0,mobile,iOS,Spain,Madrid,google,cpc,0.0,1,1,session_only
7609728.9758454475,5657619009,2020-11-23,1,0,0,0,0,0,desktop,Windows,United States,Massachusetts,google,organic,0.0,1,1,session_only
57622394.8617426318,1414272064,2021-01-25,1,0,0,0,0,0,mobile,Web,Ireland,County Dublin,<Other>,<Other>,0.0,1,1,session_only
41354815.5396715228,7141884543,2021-01-30,1,1,0,0,0,0,mobile,Web,United Kingdom,England,<Other>,<Other>,0.0,4,2,view_item
8817008.5641636153,1583049178,2021-01-02,1,0,0,0,0,0,desktop,Web,Netherlands,Gelderland,google,organic,0.0,1,1,session_only
2791696.5603792064,8365302084,2021-01-26,1,0,0,0,0,0,mobile,Android,United States,Texas,<Other>,<Other>,0.0,1,1,session_only
40993371.0253660796,306154354,2021-01-17,1,0,0,0,0,0,mobile,Web,United States,Texas,google,organic,0.0,1,1,session_only
57298669.7666538516,1662369825,2020-12-31,1,1,0,0,0,0,mobile,Web,Canada,Quebec,<Other>,referral,0.0,4,2,view_item
8768477028.8637177011,4161499311,2020-11-19,1,0,0,0,0,0,mobile,Android,India,Uttar Pradesh,(data deleted),(data deleted),0.0,1,1,session_only
19247620.5913798025,7418795298,2020-12-01,1,1,0,0,0,0,desktop,Macintosh,United States,Wisconsin,<Other>,organic,0.0,3,2,view_item
16244779.6271795162,7892209272,2020-12-17,1,1,0,1,1,1,mobile,iOS,Canada,Ontario,shop.googlemerchandisestore.com,referral,29.6,21,6,purchase
46638937.9103955671,2495968831,2020-11-05,1,0,0,0,0,0,mobile,iOS,Japan,(not set),<Other>,<Other>,0.0,1,1,session_only
2885700.6166690689,5954535705,2021-01-11,1,0,0,0,0,0,tablet,Web,South Korea,Gyeonggi-do,(direct),(none),0.0,1,1,session_only
4930396.5461821948,7162634387,2020-12-14,1,1,0,1,1,1,mobile,Android,United States,Colorado,<Other>,referral,0.0,11,6,purchase
8109414256.0612610801,6028212654,2021-01-25,1,1,0,0,0,0,desktop,Windows,Peru,(not set),google,organic,0.0,13,2,view_item
96052188.7426746970,9773766613,2020-11-29,1,0,0,0,0,0,desktop,Macintosh,India,Gujarat,shop.googlemerchandisestore.com,referral,0.0,1,1,session_only
2317748.2966718792,7296517547,2020-11-29,1,0,0,0,0,0,mobile,iOS,Indonesia,Jakarta,<Other>,<Other>,0.0,1,1,session_only
7410597.7241496036,5838919465,2020-12-14,1,1,0,0,0,0,desktop,Macintosh,United Kingdom,England,shop.googlemerchandisestore.com,referral,0.0,3,2,view_item
65737031.7908097109,7645742969,2020-11-20,1,0,0,0,0,0,mobile,Web,South Korea,Busan,(data deleted),(data deleted),0.0,1,1,session_only
28330310.0083058801,7264933900,2021-01-09,1,0,0,0,0,0,mobile,iOS,United States,New York,google,organic,0.0,1,1,session_only
3267769.1966956300,6538129706,2020-11-17,1,0,0,0,0,0,desktop,Macintosh,United States,Texas,(direct),(none),0.0,1,1,session_only
62354258.7898338055,6075345589,2021-01-04,1,1,0,0,0,0,desktop,Web,United States,Alabama,google,cpc,0.0,2,2,view_item
88155637.3076180121,5978440084,2020-11-02,1,1,0,1,1,1,desktop,Web,United States,New Jersey,google,organic,0.0,11,6,purchase
7757303.7351523172,7609394265,2020-12-29,1,0,0,0,0,0,mobile,Web,United States,California,google,organic,0.0,1,1,session_only
61827971.7854814766,1524602303,2021-01-15,1,0,0,0,0,0,mobile,iOS,United States,California,(direct),(none),0.0,1,1,session_only
68765362.4595750694,9985233772,2020-11-02,1,1,0,1,1,1,desktop,Web,India,Tamil Nadu,google,organic,55.2,7,6,purchase
52442763.3102020102,2867548969,2021-01-11,0,0,0,0,0,1,mobile,Web,Thailand,Bangkok,(direct),(none),38.4,1,6,purchase
85093126.5834572152,1474218268,2021-01-27,1,1,1,1,1,1,mobile,Android,United States,California,(direct),(none),0.0,11,6,purchase
77038089.9096724223,8533098068,2020-11-11,1,0,0,0,0,0,desktop,Web,United States,Florida,(direct),(none),0.0,1,1,session_only
8706769250.9838749927,1010747008,2020-11-17,1,1,0,1,1,1,desktop,Macintosh,India,Maharashtra,shop.googlemerchandisestore.com,referral,61.5,12,6,purchase
3825646312.0669401381,5264035279,2020-12-28,1,1,0,0,0,0,mobile,Web,France,Provence-Alpes-Cote d'Azur,<Other>,referral,0.0,4,2,view_item
2573730.4258579797,4710908124,2021-01-17,1,1,0,0,0,0,desktop,Web,South Korea,Seoul,shop.googlemerchandisestore.com,referral,0.0,3,2,view_item
91828662.5322574336,8868491530,2021-01-03,1,0,0,0,0,0,desktop,Web,United States,Georgia,<Other>,<Other>,0.0,1,1,session_only
5071314.4785488659,8068004635,2021-01-03,1,0,0,0,0,0,mobile,Web,United States,Virginia,google,organic,0.0,1,1,session_only
84877968.2409032603,8412151883,2021-01-10,1,0,0,0,0,0,mobile,Android,United States,New York,(data deleted),(data deleted),0.0,1,1,session_only
28279703.1772113268,6991988651,2020-11-23,1,0,0,0,0,0,mobile,Web,United States,California,<Other>,referral,0.0,1,1,session_only
3244575.6331287412,5002214514,2020-12-17,1,1,0,0,0,0,mobile,iOS,United States,California,(data deleted),(data deleted),0.0,3,2,view_item
58584026.2798385240,8286933457,2021-01-12,1,1,0,0,0,0,mobile,Web,Sweden,Stockholm County,(direct),(none),0.0,3,2,view_item
50515476.4458758920,3394906113,2021-01-18,1,0,0,0,0,0,desktop,Web,United States,Texas,(direct),(none),0.0,1,1,session_only
3315925.3460635075,3446278169,2021-01-27,1,0,0,0,0,0,desktop,Web,Finland,(not set),google,organic,0.0,1,1,session_only
3200029.8885650216,4565150012,2021-01-02,1,0,0,0,0,0,desktop,Web,United States,California,(direct),(none),0.0,1,1,session_only
5878187.7470043486,6695568109,2020-12-30,1,0,0,0,0,0,desktop,Web,India,Odisha,(data deleted),(data deleted),0.0,1,1,session_only
3922577.9185293554,7439286499,2021-01-08,1,0,0,0,0,0,mobile,iOS,Greece,(not set),shop.googlemerchandisestore.com,referral,0.0,1,1,session_only
2874123.5239938863,5355042609,2020-12-23,1,0,0,0,0,0,mobile,iOS,China,Zhejiang,google,organic,0.0,1,1,session_only
58062779.7051377574,4043289083,2021-01-04,1,1,0,0,0,0,desktop,Web,United States,California,google,organic,0.0,2,2,view_item
36457517.2569856694,5250868769,2021-01-11,1,0,0,0,0,0,desktop,Macintosh,United States,Massachusetts,google,organic,0.0,1,1,session_only
2490104.6468368280,2268021576,2020-11-11,1,1,0,1,1,1,desktop,Macintosh,United States,New Jersey,shop.googlemerchandisestore.com,referral,49.6,36,6,purchase
4829842944.8904869365,4766580930,2021-01-01,1,0,0,0,0,0,mobile,Web,India,Madhya Pradesh,(direct),(none),0.0,1,1,session_only
7542495.0650498283,7926208944,2021-01-28,1,0,0,0,0,0,mobile,Android,Philippines,(not set),google,organic,0.0,1,1,session_only
5487960.8556123193,7034098448,2021-01-31,1,0,0,0,0,0,mobile,Web,Netherlands,South Holland,(direct),(none),0.0,1,1,session_only
19855726.2299414976,6069317949,2020-11-14,1,0,0,0,0,0,mobile,Android,United States,California,(data deleted),(data deleted),0.0,1,1,session_only
3163202141.6710929475,9803224658,2020-11-12,1,0,0,0,0,0,desktop,Web,Malaysia,Federal Territory of Kuala Lumpur,google,cpc,0.0,1,1,session_only
4916963.3057505478,819451814,2020-12-17,1,1,0,0,0,0,mobile,Web,Ireland,County Dublin,<Other>,<Other>,0.0,2,2,view_item
6518925.0707002776,8211388294,2021-01-20,1,0,0,0,0,0,desktop,Web,United States,Ohio,<Other>,referral,0.0,1,1,session_only
50244249.5100204144,850662186,2020-12-01,1,0,0,0,0,0,mobile,Web,Belgium,Wallonia,<Other>,<Other>,0.0,1,1,session_only
34044207.6843308841,5127417112,2020-11-08,1,1,0,1,1,1,mobile,Web,United States,Missouri,shop.googlemerchandisestore.com,referral,104.4,10,6,purchase
45336872.3281971341,3866914259,2020-11-10,1,1,0,1,1,1,desktop,Web,United States,Oregon,google,organic,38.88,8,6,purchase
51166983.1243437023,9013711867,2021-01-09,1,0,0,0,0,0,mobile,Android,Germany,Lower Saxony,<Other>,<Other>,0.0,1,1,session_only
18960265.4171879743,8864640775,2020-11-26,1,0,0,0,0,0,desktop,Web,Italy,Emilia-Romagna,google,organic,0.0,1,1,session_only
78228167.4600092892,3661564713,2020-12-01,1,0,0,0,0,0,mobile,Web,Hong Kong,(not set),google,organic,0.0,1,1,session_only
80305898.7343613350,2402694489,2020-12-17,1,1,0,0,0,0,desktop,Macintosh,Portugal,(not set),shop.googlemerchandisestore.com,referral,0.0,3,2,view_item
21787646.5950635572,9006499771,2021-01-03,1,1,0,0,0,0,mobile,Android,United States,California,(direct),(none),0.0,4,2,view_item
66858028.1043190069,4955310945,2020-11-08,1,0,0,0,0,0,desktop,Web,Belgium,Flanders,<Other>,<Other>,0.0,1,1,session_only
85466117.4844840679,3496362570,2020-12-27,1,0,0,0,0,0,mobile,Android,United States,Virginia,<Other>,organic,0.0,1,1,session_only
87383324.9996770709,2750622836,2020-11-10,1,0,0,0,0,0,mobile,Web,Spain,Catalonia,(direct),(none),0.0,1,1,session_only
24124868.3006404316,4650340845,2020-12-20,1,0,0,0,0,0,mobile,Web,United States,California,(direct),(none),0.0,1,1,session_only
1830509.7621501370,849620404,2020-12-17,1,0,0,0,0,0,desktop,Macintosh,United States,California,google,organic,0.0,1,1,session_only
52611312.0140515113,2162391962,2020-11-08,1,0,0,0,0,0,desktop,Web,United States,Georgia,(direct),(none),0.0,1,1,session_only
8135575.4106679316,7825692242,2021-01-01,1,0,0,0,0,0,desktop,Web,Germany,Saxony,google,organic,0.0,1,1,session_only
12939989.9743366556,5664509532,2021-01-06,1,0,0,0,0,0,mobile,Web,Canada,Alberta,(direct),(none),0.0,1,1,session_only
72822353.5682114592,6475921815,2020-12-21,1,0,0,0,0,0,mobile,Web,United States,Virginia,google,organic,0.0,1,1,session_only
9946043.6725122096,7932949094,2021-01-20,1,0,0,0,0,0,mobile,Web,Canada,Quebec,(direct),(none),0.0,1,1,session_only
7450806.9278139932,1884482487,2020-12-23,1,1,1,1,1,1,mobile,Android,Canada,Ontario,(data deleted),(data deleted),0.0,18,6,purchase
11125966.4013396346,213092278,2020-12-04,1,0,0,0,0,0,mobile,Web,United States,California,<Other>,<Other>,0.0,1,1,session_only
23587807.8444289774,6390649371,2020-12-20,1,1,0,0,0,0,desktop,Macintosh,United States,Kansas,<Other>,referral,0.0,6,2,view_item
40386619.1665258662,2931476752,2020-11-21,1,0,0,0,0,0,mobile,Android,China,Guizhou,(data deleted),(data deleted),0.0,1,1,session_only
77509254.4267307378,8294799729,2020-11-16,1,1,0,0,0,0,desktop,Web,United States,Pennsylvania,(direct),(none),0.0,10,2,view_item
7939085.4811872555,7467450788,2020-11-23,1,1,0,0,0,0,desktop,Web,China,Zhejiang,<Other>,referral,0.0,6,2,view_item
39664725.1941157257,4741480257,2021-01-30,1,0,0,0,0,0,desktop,Web,India,Assam,google,cpc,0.0,1,1,session_only
64040782.7360871770,874397569,2021-01-06,1,0,0,0,0,0,mobile,Android,United States,Colorado,<Other>,referral,0.0,1,1,session_only
36862018.5412164967,3160994313,2021-01-06,1,0,0,0,0,0,desktop,Macintosh,United States,Oklahoma,<Other>,referral,0.0,1,1,session_only
4678503.4901413929,5588838192,2020-11-16,1,0,0,0,0,0,mobile,Web,United Kingdom,Scotland,(direct),(none),0.0,1,1,session_only
13801841.3289751006,361399689,2021-01-26,1,0,0,0,0,0,mobile,Web,United States,California,<Other>,<Other>,0.0,1,1,session_only
55357454.4066623513,946611127,2020-12-01,1,1,1,0,0,0,desktop,Windows,United States,New York,google,organic,0.0,3,3,add_to_cart
6988041666.0422911012,3276590920,2020-11-08,1,0,0,0,0,0,desktop,Web,(not set),(not set),shop.googlemerchandisestore.com,referral,0.0,1,1,session_only
84868240.4309852777,8024274651,2020-11-16,1,1,0,1,1,0,desktop,Web,France,Auvergne-Rhone-Alpes,shop.googlemerchandisestore.com,referral,0.0,9,5,add_payment
4262311.4295641309,7443355872,2021-01-17,1,0,0,0,0,0,desktop,Web,United States,South Carolina,google,organic,0.0,1,1,session_only
4923145.6766681100,5804388370,2020-12-14,1,0,0,0,0,0,mobile,iOS,United States,Alabama,<Other>,<Other>,0.0,1,1,session_only
9130479.2381002735,5330091422,2021-01-10,1,0,0,0,0,0,desktop,Web,United States,Virginia,google,organic,0.0,1,1,session_only
2833785.8096527182,9184991553,2020-11-26,1,0,0,0,0,0,desktop,Web,United States,Florida,(direct),(none),0.0,1,1,session_only
69417763.5948427050,4570613408,2021-01-02,1,0,0,0,0,0,desktop,Macintosh,United States,California,google,organic,0.0,1,1,session_only
8937971.0622775182,7496807395,2020-12-23,1,0,0,0,0,0,mobile,Android,United States,New York,<Other>,referral,0.0,1,1,session_only
57476073.4282531924,8476199220,2020-11-02,1,0,0,0,0,0,desktop,Web,India,Uttar Pradesh,google,organic,0.0,1,1,session_only
4939172.8870684336,2262533982,2021-01-27,1,0,0,0,0,0,mobile,Web,Ukraine,Kyiv city,google,organic,0.0,1,1,session_only
76186742.4050286840,6325198857,2020-12-19,1,0,0,0,0,0,mobile,Android,United States,Arkansas,(direct),(none),0.0,1,1,session_only
14805622.4077164361,8997268683,2020-12-19,1,0,0,0,0,0,desktop,Web,Brazil,State of Espirito Santo,(direct),(none),0.0,1,1,session_only
5644783.0506379578,7247758577,2020-11-07,1,0,0,0,0,0,desktop,Web,France,Auvergne-Rhone-Alpes,google,cpc,0.0,1,1,session_only
3467481.6152824613,7320905589,2021-01-13,1,1,1,0,0,0,mobile,iOS,Greece,Attica,google,organic,0.0,5,3,add_to_cart
11125282.0552594757,1609938273,2020-11-14,1,1,0,0,0,0,desktop,Web,United States,Ohio,<Other>,referral,0.0,3,2,view_item
41689096.3958795492,6676066581,2020-11-24,0,1,0,0,0,0,desktop,Web,United States,California,google,organic,0.0,3,2,view_item
9119214.1088249582,8750640619,2021-01-06,1,1,1,0,0,0,desktop,Web,United States,Virginia,google,organic,0.0,8,3,add_to_cart
8584896.4502280366,2091634624,2020-12-29,1,0,0,0,0,0,mobile,Android,India,Madhya Pradesh,(data deleted),(data deleted),0.0,1,1,session_only
71857424.3677743112,1967474252,2021-01-12,1,0,0,0,0,0,desktop,Windows,Canada,Ontario,shop.googlemerchandisestore.com,referral,0.0,1,1,session_only
8953873.8668899396,7537696170,2020-11-23,1,0,0,0,0,0,mobile,Android,China,Zhejiang,google,organic,0.0,1,1,session_only
82518073.3390468678,3704764959,2020-12-17,1,0,0,0,0,0,mobile,Android,United States,New Jersey,google,organic,0.0,1,1,session_only
558932409.3066394174,2728020740,2020-11-19,1,0,0,0,0,0,desktop,Web,Greece,Decentralized Administration of Attica,google,organic,0.0,1,1,session_only
8639870.1078565782,3877539858,2021-01-16,1,1,0,0,0,0,mobile,iOS,United States,Illinois,(direct),(none),0.0,3,2,view_item
2797665128.5928798240,1057309074,2021-01-04,1,0,0,0,0,0,desktop,Windows,United States,New Jersey,<Other>,organic,0.0,1,1,session_only
42412687.1502100734,9111421862,2020-12-21,1,0,0,0,0,0,desktop,Web,United States,Connecticut,google,cpc,0.0,1,1,session_only
2515944.1940849038,3591536944,2021-01-30,1,0,0,0,0,0,mobile,Android,United States,Maryland,(direct),(none),0.0,1,1,session_only
8728448.2733320622,5942742540,2021-01-23,1,0,0,0,0,0,desktop,Windows,Taiwan,New Taipei City,google,organic,0.0,1,1,session_only
68371476.6919313014,9328379244,2020-12-23,1,1,1,0,0,0,desktop,<Other>,Lithuania,Vilnius County,(data deleted),(data deleted),0.0,21,3,add_to_cart
88648762.1689645974,6631003254,2021-01-25,1,0,0,0,0,0,desktop,Web,India,Telangana,google,organic,0.0,1,1,session_only
7706002.3865140784,7963724025,2020-12-01,1,0,0,0,0,0,mobile,iOS,Russia,Saint Petersburg,<Other>,<Other>,0.0,1,1,session_only
2201383.2119496784,5377349818,2020-11-21,1,0,0,0,0,0,desktop,Web,United States,Georgia,(direct),(none),0.0,1,1,session_only
7905299837.6949942550,2002804870,2020-11-12,1,0,0,0,0,0,desktop,<Other>,United States,California,(data deleted),(data deleted),0.0,1,1,session_only
91965252.4908406054,9556309122,2020-11-26,1,0,0,0,0,0,desktop,Web,Italy,Veneto,(data deleted),(data deleted),0.0,1,1,session_only
80307894.2955789481,9734094209,2020-11-19,1,0,0,0,0,0,mobile,iOS,South Korea,Seoul,(direct),(none),0.0,1,1,session_only
2288139.7719816968,3764903852,2021-01-10,1,0,0,0,0,0,mobile,Web,Italy,(not set),<Other>,<Other>,0.0,1,1,session_only
42875156.6798247224,5896256310,2020-12-26,1,0,0,0,0,0,desktop,Web,Germany,Berlin,google,cpc,0.0,1,1,session_only
72730037.7460390470,5794481837,2020-11-02,1,0,0,0,0,0,desktop,Web,Dominican Republic,(not set),google,organic,0.0,1,1,session_only
1393292.7340025556,7214578955,2020-11-10,1,1,0,1,1,1,desktop,Macintosh,India,Odisha,(direct),(none),183.2,20,6,purchase
1713151.7799105629,1630645609,2021-01-07,1,0,0,0,0,0,mobile,Android,India,Kerala,google,organic,0.0,1,1,session_only
6019310.8138401954,4775122484,2020-11-24,1,0,0,0,0,0,mobile,iOS,Canada,Ontario,(direct),(none),0.0,1,1,session_only
1974600.6735115291,7184190902,2021-01-08,1,1,0,0,0,0,desktop,Web,Spain,Castile and Leon,<Other>,organic,0.0,2,2,view_item
84560285.8703169264,8082977692,2021-01-31,1,0,0,0,0,0,desktop,Macintosh,United States,Missouri,(direct),(none),0.0,1,1,session_only
5637475.4876352117,8538475686,2021-01-09,1,0,0,0,0,0,mobile,Android,United States,Minnesota,google,organic,0.0,1,1,session_only
2724726.1962294602,2525815829,2021-01-16,1,0,0,0,0,0,desktop,Web,Germany,Hamburg,google,cpc,0.0,1,1,session_only
7065707.9184783714,2201074912,2021-01-08,1,0,0,0,0,0,mobile,iOS,United States,(not set),(direct),(none),0.0,1,1,session_only
91787571.9046981579,4850686899,2021-01-30,1,0,0,0,0,0,desktop,Web,India,Kerala,<Other>,<Other>,0.0,1,1,session_only
91598965.9310213770,3738180728,2021-01-12,1,0,0,0,0,0,desktop,Web,Ukraine,Lviv Oblast,google,organic,0.0,1,1,session_only
8213147.0856478895,71167453,2020-11-17,1,0,0,0,0,0,mobile,iOS,United States,North Carolina,google,organic,0.0,1,1,session_only
89760536.1874529884,8897139695,2021-01-15,1,0,0,0,0,0,desktop,Web,Germany,Hessen,shop.googlemerchandisestore.com,referral,0.0,1,1,session_only
88556371.7879566968,2828940525,2021-01-29,1,1,1,1,1,1,mobile,Android,Spain,Catalonia,(direct),(none),0.0,94,6,purchase
88833847.0934993785,2836951501,2021-01-28,1,0,0,0,0,0,desktop,Web,Italy,Campania,(direct),(none),0.0,1,1,session_only
3604746.8460132146,4789902208,2021-01-19,1,0,0,0,0,0,mobile,Web,United States,Pennsylvania,google,cpc,0.0,1,1,session_only
60952845.2415737283,2861485990,2021-01-07,1,1,1,1,1,1,desktop,Macintosh,United States,Massachusetts,google,organic,0.0,21,6,purchase
85278833.2147001522,5129275031,2020-11-09,1,0,0,0,0,0,desktop,Windows,Canada,Ontario,google,organic,0.0,1,1,session_only
37819201.2642346598,4130738013,2020-12-19,1,0,0,0,0,0,desktop,Web,Brazil,State of Ceara,shop.googlemerchandisestore.com,referral,0.0,1,1,session_only
7469265.7907322562,8416984058,2020-12-23,1,0,0,0,0,0,desktop,Web,United States,Florida,(direct),(none),0.0,1,1,session_only
4182254.4394955103,5691515337,2021-01-16,1,1,1,1,1,1,mobile,iOS,China,Zhejiang,<Other>,<Other>,131.04000000000002,73,6,purchase
59559701.7715643657,8134972384,2021-01-19,1,0,0,0,0,0,desktop,Web,United States,Michigan,(data deleted),(data deleted),0.0,1,1,session_only
52763205.9646767640,7792070250,2021-01-28,1,1,0,0,0,0,desktop,Windows,Canada,Quebec,google,organic,0.0,3,2,view_item
72350469.7974540341,7706584413,2020-12-24,1,1,1,1,1,1,desktop,Windows,United States,Indiana,(data deleted),(data deleted),134.92,43,6,purchase
5475132.7702815387,5875165168,2021-01-25,1,0,0,0,0,0,mobile,Android,Denmark,Capital Region of Denmark,google,organic,0.0,1,1,session_only
7034224.0463380934,4553154091,2020-11-08,1,0,0,0,0,0,desktop,Web,United States,Michigan,google,organic,0.0,1,1,session_only
6244236.6278447215,8089261815,2021-01-15,1,1,1,0,0,0,mobile,Web,India,Maharashtra,(direct),(none),0.0,4,3,add_to_cart
28258095.4011690273,2632353743,2020-12-30,1,0,0,0,0,0,desktop,Macintosh,United States,New York,<Other>,<Other>,0.0,1,1,session_only
5711591.4799331450,3915236470,2020-11-29,1,1,1,1,1,1,mobile,iOS,Sri Lanka,(not set),(data deleted),(data deleted),40.4,20,6,purchase
39473968.0723681538,4605201637,2021-01-19,1,0,0,0,0,0,desktop,Windows,United States,Connecticut,<Other>,<Other>,0.0,1,1,session_only
31920026.3651582305,7776231343,2020-11-10,1,0,0,0,0,0,mobile,Android,Palestine,(not set),<Other>,<Other>,0.0,1,1,session_only
22573271.4222469139,8051102422,2020-11-26,1,0,0,0,0,0,desktop,Web,Canada,Quebec,google,organic,0.0,1,1,session_only
47643991.6432442348,8406979127,2020-12-14,1,1,1,1,1,1,mobile,Android,United States,District of Columbia,(direct),(none),0.0,28,6,purchase
4380600.6946853704,7579535399,2020-11-29,1,0,0,0,0,0,tablet,Web,United States,Maryland,(direct),(none),0.0,1,1,session_only
71723112.6543112989,3769069646,2020-11-16,1,1,0,1,1,1,desktop,Web,United States,California,google,organic,46.4,7,6,purchase
4604392.4117941715,4033812748,2021-01-10,1,0,0,0,0,0,mobile,Android,India,Maharashtra,(direct),(none),0.0,1,1,session_only
10790103.5336731351,3488736988,2020-11-17,1,0,0,0,0,0,desktop,Web,United States,Arizona,google,cpc,0.0,1,1,session_only
3286341.7818301859,8081562116,2021-01-07,1,0,0,0,0,0,desktop,Macintosh,Thailand,Bangkok,<Other>,referral,0.0,1,1,session_only
35780853.1691503336,8234767503,2020-12-20,1,0,0,0,0,0,tablet,Web,India,Gujarat,<Other>,<Other>,0.0,1,1,session_only
6869073.4815220345,3929009144,2020-11-02,1,0,0,0,0,0,mobile,Android,United States,Ohio,shop.googlemerchandisestore.com,referral,0.0,1,1,session_only
38327607.7661324480,2117118217,2021-01-09,1,0,0,0,0,0,mobile,Web,Australia,Victoria,<Other>,<Other>,0.0,1,1,session_only
57421704.6473671299,5617400618,2020-11-15,1,0,0,0,0,0,tablet,iOS,Turkey,Antalya,google,organic,0.0,1,1,session_only
46496099.5472619661,9371515937,2021-01-13,1,0,0,0,0,0,mobile,iOS,United States,Virginia,(data deleted),(data deleted),0.0,1,1,session_only
3339298.1512300327,5098797002,2021-01-28,1,0,0,0,0,0,mobile,Android,Canada,Ontario,google,organic,0.0,1,1,session_only
2270051450.2345690896,5577697338,2021-01-25,1,0,0,0,0,0,mobile,Web,Peru,(not set),google,cpc,0.0,1,1,session_only
33751599.2151480384,2696619162,2020-11-23,1,0,0,0,0,0,desktop,Windows,United States,Kansas,(data deleted),(data deleted),0.0,1,1,session_only
20321271.3245155988,8663437633,2021-01-01,1,1,0,0,0,0,mobile,Web,United States,(not set),<Other>,organic,0.0,2,2,view_item
50569879.3752778091,32822315,2020-11-24,1,0,0,0,0,0,desktop,Web,Canada,Quebec,google,organic,0.0,1,1,session_only
7992855.6247382702,4725605995,2020-12-04,1,0,0,0,0,0,mobile,Web,Poland,Masovian Voivodeship,google,organic,0.0,1,1,session_only
78901584.8142955621,725327083,2021-01-27,1,0,0,0,0,0,desktop,Macintosh,United States,New Jersey,shop.googlemerchandisestore.com,referral,0.0,1,1,session_only
9033431.9557498016,5161424323,2021-01-06,1,0,0,0,0,0,mobile,Web,United States,California,google,organic,0.0,1,1,session_only
62368962.6722696819,1606957034,2021-01-13,1,0,0,0,0,0,mobile,Web,Australia,Queensland,<Other>,referral,0.0,1,1,session_only
3386366.9370357327,581209752,2021-01-07,1,0,0,0,0,0,desktop,Web,Peru,(not set),google,cpc,0.0,1,1,session_only
44628583.7912762174,3398560568,2020-12-26,1,0,0,0,0,0,desktop,Web,France,Ile-de-France,<Other>,referral,0.0,1,1,session_only
78869841.0013035250,1851864388,2020-12-27,1,1,0,0,0,0,desktop,Web,Italy,Lazio,shop.googlemerchandisestore.com,referral,0.0,9,2,view_item
21964023.9252455964,3220816307,2020-11-16,1,0,0,0,0,0,mobile,Web,United States,New Jersey,(direct),(none),0.0,1,1,session_only
1497557.2807843832,5215605399,2020-11-23,1,0,0,0,0,0,mobile,Web,United States,California,shop.googlemerchandisestore.com,referral,0.0,1,1,session_only
64415751.8833284088,3716037191,2021-01-30,1,1,1,1,1,1,mobile,Android,United States,North Carolina,(data deleted),(data deleted),0.0,78,6,purchase
79934284.1343945310,4690011512,2020-11-02,1,0,0,0,0,0,desktop,Macintosh,United States,New York,(direct),(none),0.0,1,1,session_only
1396349.3006360955,9953973559,2020-11-23,1,0,0,0,0,0,desktop,Web,Argentina,Buenos Aires,google,organic,0.0,1,1,session_only
7705923.2904301543,1912682294,2020-11-08,1,1,0,0,0,0,desktop,Windows,United States,Texas,(direct),(none),0.0,2,2,view_item
47530893.6393344584,4937383302,2020-12-23,1,0,0,0,0,0,desktop,Windows,United States,Missouri,(data deleted),(data deleted),0.0,1,1,session_only
34851151.7805288077,1327243394,2021-01-26,1,1,0,0,0,0,mobile,iOS,India,Uttar Pradesh,(direct),(none),0.0,2,2,view_item
39752622.4160046781,9528313476,2021-01-26,1,0,0,0,0,0,desktop,Web,United States,Washington,<Other>,referral,0.0,1,1,session_only
2383771.8421659062,5976142223,2020-12-28,1,0,0,0,0,0,mobile,Android,United States,Alabama,google,organic,0.0,1,1,session_only
68200712.6673181472,7672826660,2020-11-12,1,1,0,1,1,1,mobile,Android,United States,New Jersey,<Other>,<Other>,16.48,19,6,purchase
2883325.2245728811,2143408713,2021-01-29,1,0,0,0,0,0,desktop,Web,Singapore,(not set),(data deleted),(data deleted),0.0,1,1,session_only
2723189.3191849952,8582549661,2020-12-19,1,0,0,0,0,0,desktop,Macintosh,United States,California,<Other>,<Other>,0.0,1,1,session_only
2933565.9541430158,6508941629,2021-01-08,1,1,0,1,1,1,desktop,Web,United States,Louisiana,<Other>,<Other>,33.2,15,6,purchase
17252253.5201638868,8570693208,2020-11-20,1,0,0,0,0,0,mobile,iOS,Singapore,(not set),<Other>,referral,0.0,1,1,session_only
86993885.3808772201,1532480561,2020-11-10,1,0,0,0,0,0,mobile,Web,United States,Massachusetts,(direct),(none),0.0,1,1,session_only
5515540.2633291763,5348579295,2020-11-07,1,0,0,0,0,0,desktop,Macintosh,United States,Colorado,google,organic,0.0,1,1,session_only
4233700.3914099232,3649017025,2021-01-08,1,0,0,0,0,0,mobile,Web,Canada,Ontario,(direct),(none),0.0,1,1,session_only
2387737.8440654529,8447568557,2021-01-06,1,1,0,1,1,1,desktop,<Other>,India,Tamil Nadu,<Other>,<Other>,0.0,15,6,purchase
315349934.2323254372,3589915078,2020-12-14,1,1,1,0,0,0,mobile,iOS,United States,Colorado,<Other>,<Other>,0.0,9,3,add_to_cart
4160926.5325051777,9701889819,2021-01-07,1,0,0,0,0,0,mobile,iOS,United States,District of Columbia,google,organic,0.0,1,1,session_only
55129516.4728482135,704430055,2021-01-29,1,0,0,0,0,0,mobile,iOS,Philippines,Metro Manila,(direct),(none),0.0,1,1,session_only
1787178.6790582384,4090256134,2020-11-05,1,0,0,0,0,0,mobile,iOS,United States,California,(data deleted),(data deleted),0.0,1,1,session_only
17357082.8199160044,17891172,2021-01-06,1,0,0,0,0,0,desktop,Web,United States,Oklahoma,(direct),(none),0.0,1,1,session_only
1300101737.4111221435,6230808847,2021-01-18,1,0,0,0,0,0,desktop,Web,United States,Texas,(data deleted),(data deleted),0.0,1,1,session_only
7730730093.8906961693,6812269772,2021-01-15,1,0,0,0,0,0,mobile,Android,United States,California,<Other>,<Other>,0.0,1,1,session_only
7344018.9073718842,8211720199,2021-01-13,1,0,0,0,0,0,desktop,Web,United States,California,<Other>,<Other>,0.0,1,1,session_only
66723218.1389657269,7253287399,2020-12-04,1,0,0,0,0,0,desktop,Web,United States,Missouri,<Other>,referral,0.0,1,1,session_only
86405515.6580505942,8725122475,2021-01-07,1,0,0,0,0,0,desktop,Web,Canada,Ontario,google,organic,0.0,1,1,session_only
64937862.4945386578,3797705941,2020-12-19,1,0,0,0,0,0,desktop,Web,Netherlands,North Holland,google,organic,0.0,1,1,session_only
67510315.9538089046,6840490197,2020-11-08,1,1,0,0,0,0,mobile,Android,United States,California,google,organic,0.0,2,2,view_item
27672883.7917801712,8261440869,2020-12-14,1,1,1,1,1,1,desktop,Web,Mexico,Nuevo Leon,shop.googlemerchandisestore.com,referral,32.08,19,6,purchase
4847262.9660677136,3384523764,2021-01-01,1,0,0,0,0,0,mobile,Web,Canada,(not set),google,organic,0.0,1,1,session_only
6405382.1037659599,7310587649,2021-01-06,1,0,0,0,0,0,mobile,Android,Germany,Saxony,shop.googlemerchandisestore.com,referral,0.0,1,1,session_only
9034209.1225320483,2941199628,2021-01-17,1,0,0,0,0,0,desktop,Web,United States,Texas,(direct),(none),0.0,1,1,session_only
4917234872.8672315730,9959181407,2020-11-02,1,0,0,0,0,0,desktop,Web,United Kingdom,England,<Other>,<Other>,0.0,1,1,session_only
35439454.9566684935,5436144828,2020-11-26,1,0,0,0,0,0,desktop,Web,United States,Pennsylvania,shop.googlemerchandisestore.com,referral,0.0,1,1,session_only
91864995.8582343265,3998570168,2020-12-21,1,1,0,0,0,0,desktop,Windows,India,Tamil Nadu,<Other>,organic,0.0,2,2,view_item
21332967.0593379925,2380810848,2020-11-20,1,0,0,0,0,0,desktop,Windows,United Kingdom,England,google,organic,0.0,1,1,session_only
2527981.0393942960,5741110849,2020-11-12,1,0,0,0,0,0,mobile,iOS,United States,North Carolina,google,organic,0.0,1,1,session_only
30063952.2270104673,2848425389,2021-01-31,1,0,0,0,0,0,mobile,iOS,United States,Arizona,(direct),(none),0.0,1,1,session_only
7747898.3249956127,7959555433,2020-12-01,1,1,0,0,0,0,desktop,Windows,Bulgaria,(not set),<Other>,<Other>,0.0,2,2,view_item
65945722.1365450270,6477856678,2020-11-10,1,0,0,0,0,0,desktop,Windows,United States,Virginia,google,organic,0.0,1,1,session_only
91047558.6565011357,401754778,2020-12-17,1,1,0,0,0,0,desktop,Web,United States,Florida,google,organic,0.0,4,2,view_item
68963303.1783604623,4745900283,2020-12-29,1,0,0,0,0,0,mobile,Android,United Arab Emirates,(not set),<Other>,<Other>,0.0,1,1,session_only
18891584.7891064619,9053993866,2020-12-28,1,1,1,0,0,0,mobile,Web,Oman,Muscat Governorate,google,organic,0.0,27,3,add_to_cart
45449072.6444608851,9157908645,2020-12-25,1,0,0,0,0,0,desktop,Macintosh,United States,Illinois,(direct),(none),0.0,1,1,session_only
38538077.3398709669,4212315754,2021-01-06,1,1,1,1,1,1,desktop,Windows,Spain,Catalonia,(direct),(none),72.08,20,6,purchase
4988889.2625807723,4941699191,2020-12-14,1,0,0,0,0,0,mobile,Web,Czechia,South Moravian Region,<Other>,<Other>,0.0,1,1,session_only
6483943.0646339952,7087832872,2020-11-23,1,0,0,0,0,0,mobile,iOS,United States,West Virginia,google,organic,0.0,1,1,session_only
25746754.1180333849,2414104551,2021-01-29,1,0,0,0,0,0,desktop,Web,Netherlands,Overijssel,google,organic,0.0,1,1,session_only
80500558.3877373359,7331464432,2021-01-18,1,0,0,0,0,0,mobile,iOS,Poland,Lublin Voivodeship,(direct),(none),0.0,1,1,session_only
77167940.0670652506,1088662478,2021-01-19,1,0,0,0,0,0,desktop,Web,United States,New Mexico,<Other>,<Other>,0.0,1,1,session_only
2213964.4175766870,7328392641,2020-11-15,1,0,0,0,0,0,desktop,Macintosh,United States,Illinois,google,organic,0.0,1,1,session_only
88891962.1682974245,5124101989,2020-12-14,1,0,0,0,0,0,mobile,Web,United States,Texas,<Other>,<Other>,0.0,1,1,session_only
46517603.5965167079,386341371,2021-01-16,1,0,0,0,0,0,desktop,Macintosh,United States,Oregon,<Other>,referral,0.0,1,1,session_only
7773727568.7289786395,4893852295,2020-12-24,1,0,0,0,0,0,mobile,iOS,United States,Washington,(direct),(none),0.0,1,1,session_only
8534706.0082053236,1290541418,2020-12-14,1,1,1,0,0,0,mobile,Web,United States,New York,(direct),(none),0.0,9,3,add_to_cart
87802475.1507799579,6078468816,2021-01-16,1,0,0,0,0,0,mobile,Android,United States,California,shop.googlemerchandisestore.com,referral,0.0,1,1,session_only
68316461.9675675943,4290533392,2021-01-13,1,0,0,0,0,0,mobile,iOS,Italy,Piedmont,google,organic,0.0,1,1,session_only
56877415.4555413792,7303775824,2021-01-25,1,0,0,0,0,0,desktop,Web,Greece,Attica,(direct),(none),0.0,1,1,session_only
79656852.6303127937,3801036497,2020-12-01,1,1,0,0,0,0,desktop,Web,Egypt,Cairo Governorate,<Other>,referral,0.0,28,2,view_item
41121521.3382923720,3099925634,2021-01-16,1,0,0,0,0,0,mobile,Web,India,Rajasthan,shop.googlemerchandisestore.com,referral,0.0,1,1,session_only
49767358.7989777229,2817522825,2021-01-02,1,0,0,0,0,0,desktop,Windows,Ireland,County Dublin,(direct),(none),0.0,1,1,session_only
8453548.0907046700,2607474638,2020-11-12,1,0,0,0,0,0,mobile,iOS,United States,Florida,<Other>,<Other>,0.0,1,1,session_only
43961306.4962797049,7859191956,2021-01-13,1,1,0,0,0,0,mobile,Web,Canada,Ontario,(direct),(none),0.0,3,2,view_item
83949924.1518175651,1577964739,2020-11-11,1,0,0,0,0,0,desktop,Web,China,(not set),<Other>,referral,0.0,1,1,session_only
13087869.9928817946,8610838874,2020-11-20,1,0,0,0,0,0,mobile,Web,Germany,North Rhine-Westphalia,(direct),(none),0.0,1,1,session_only
76482212.5201380306,3264884162,2020-11-19,1,0,0,0,0,0,desktop,Web,India,Haryana,<Other>,referral,0.0,1,1,session_only
8546912.2917843054,2573949827,2021-01-17,1,0,0,0,0,0,mobile,Android,South Korea,Gyeonggi-do,<Other>,<Other>,0.0,1,1,session_only
69310757.2717565094,9615051464,2021-01-19,1,0,0,0,0,0,mobile,Android,United Kingdom,Scotland,google,organic,0.0,1,1,session_only
69952182.1272933277,3433609294,2020-12-31,1,0,0,0,0,0,desktop,Windows,Canada,Ontario,google,organic,0.0,1,1,session_only
55498111.3444123520,585493245,2020-12-01,1,0,0,0,0,0,desktop,Web,United States,California,google,organic,0.0,1,1,session_only
33526879.3272382055,1865904554,2020-11-19,1,0,0,0,0,0,mobile,iOS,United States,Alabama,<Other>,referral,0.0,1,1,session_only
87251324.2992073405,2821348180,2021-01-08,1,0,0,0,0,0,desktop,Web,United States,Colorado,google,organic,0.0,1,1,session_only
6999468.1956556255,7900576931,2021-01-19,1,0,0,0,0,0,mobile,iOS,United States,Florida,(direct),(none),0.0,1,1,session_only
7154998627.8876277963,4654252510,2020-11-08,1,1,0,0,0,0,desktop,Web,Czechia,Prague,google,organic,0.0,3,2,view_item
4806044.4204854608,1019316053,2021-01-04,1,0,0,0,0,0,desktop,Windows,Germany,Berlin,google,organic,0.0,1,1,session_only
44745690.8305133901,4616577165,2021-01-13,1,0,0,0,0,0,desktop,Web,Philippines,Metro Manila,google,organic,0.0,1,1,session_only
4224633340.4271464755,3424820524,2021-01-27,1,1,1,0,0,0,desktop,Windows,Brazil,State of Sao Paulo,shop.googlemerchandisestore.com,referral,0.0,4,3,add_to_cart
63831511.8352971233,6635180533,2020-12-20,1,1,0,0,0,0,desktop,Web,United States,Missouri,google,organic,0.0,3,2,view_item
7325700.6683962115,6250946330,2020-11-20,1,0,0,0,0,0,desktop,Web,United States,California,google,organic,0.0,1,1,session_only
2350448.4141410843,7181792314,2021-01-02,1,0,0,0,0,0,desktop,<Other>,United States,Maryland,google,organic,0.0,1,1,session_only
14954741.4851699125,1524901650,2020-11-24,1,1,0,0,0,0,mobile,Android,United Kingdom,(not set),<Other>,referral,0.0,7,2,view_item
1155121.3398721788,1327786356,2021-01-17,1,1,1,0,0,0,mobile,Web,United States,Michigan,<Other>,organic,0.0,20,3,add_to_cart
3492786.4646696179,7424395785,2021-01-12,1,0,0,0,0,0,desktop,Web,India,Telangana,<Other>,referral,0.0,1,1,session_only
2160517.0198621433,5697979243,2020-12-20,1,1,0,0,0,0,mobile,Web,Romania,Bucharest,google,organic,0.0,2,2,view_item
2943683.2426888599,6046994705,2021-01-18,1,1,0,0,0,0,mobile,Web,Singapore,(not set),(direct),(none),0.0,2,2,view_item
2955874.6712931331,2007917752,2021-01-12,1,0,0,0,0,0,desktop,<Other>,Belgium,Flanders,<Other>,referral,0.0,1,1,session_only
3705427989.8949682286,4982162520,2020-11-16,1,0,0,0,0,0,mobile,iOS,Spain,Catalonia,(direct),(none),0.0,1,1,session_only
41930655.1128174119,6713515160,2021-01-25,1,0,0,1,1,1,desktop,Web,United States,Maryland,shop.googlemerchandisestore.com,referral,0.0,6,6,purchase
60660800.2481500231,7394027199,2021-01-16,1,0,0,0,0,0,mobile,Android,Brazil,State of Rio de Janeiro,(direct),(none),0.0,1,1,session_only
5332311.3195046618,7068016906,2020-11-23,1,0,0,0,0,0,desktop,Web,Spain,Catalonia,shop.googlemerchandisestore.com,referral,0.0,1,1,session_only
8651698.9317079892,8881394627,2021-01-30,1,0,0,0,0,0,mobile,iOS,Canada,British Columbia,google,organic,0.0,1,1,session_only
48534868.3755961212,3349536625,2021-01-06,1,0,0,0,0,0,desktop,Macintosh,India,Gujarat,<Other>,referral,0.0,1,1,session_only
46364626.0685792555,3589208657,2021-01-03,1,0,0,0,0,0,desktop,Web,United States,California,google,cpc,0.0,1,1,session_only
8451047.1032795100,6772042817,2021-01-28,1,0,0,0,0,0,mobile,Web,Ukraine,Dnipropetrovsk Oblast,<Other>,<Other>,0.0,1,1,session_only
3827230.3533086822,5095243752,2020-11-11,1,1,0,1,1,1,desktop,Web,United States,Kansas,(direct),(none),71.2,9,6,purchase
6439413.5658181745,1528203131,2021-01-25,1,0,0,0,0,0,mobile,Android,United States,Illinois,google,organic,0.0,1,1,session_only
83122453.5394732985,4176972375,2020-12-17,1,1,1,1,1,1,desktop,Web,United States,Massachusetts,google,organic,37.04,30,6,purchase
8941016.9911512037,9291657022,2020-12-26,1,0,0,0,0,0,desktop,Web,Paraguay,(not set),google,organic,0.0,1,1,session_only
1739571105.5692727677,497745240,2020-12-01,1,1,1,1,1,1,tablet,iOS,Spain,Catalonia,(direct),(none),0.0,22,6,purchase
49566564.8165720876,8464891743,2021-01-01,1,0,0,0,0,0,mobile,Web,(not set),(not set),shop.googlemerchandisestore.com,referral,0.0,1,1,session_only
44946572.9198661489,59963396,2020-12-17,1,0,0,0,0,0,desktop,Macintosh,United States,Virginia,<Other>,referral,0.0,1,1,session_only
72313808.2131229096,8929219803,2020-11-09,1,0,0,0,0,0,mobile,Web,United States,Michigan,(data deleted),(data deleted),0.0,1,1,session_only
50361845.1840834873,2879039041,2020-12-30,1,1,1,1,1,1,mobile,iOS,Indonesia,Jakarta,google,organic,26.72,44,6,purchase
26408696.9088006926,1776641524,2020-11-16,1,0,0,0,0,0,mobile,Web,United States,Maine,(direct),(none),0.0,1,1,session_only
4922964.5921874715,2211285913,2021-01-20,1,1,1,0,0,0,desktop,Windows,United States,Connecticut,(direct),(none),0.0,3,3,add_to_cart
3106779.0237895488,964243180,2020-12-04,1,1,1,1,1,0,mobile,Web,Bangladesh,(not set),shop.googlemerchandisestore.com,referral,0.0,18,5,add_payment
79964492.7086086150,2753596301,2020-11-10,1,1,0,1,1,1,desktop,Web,United States,California,(data deleted),(data deleted),106.4,13,6,purchase
49206991.5927095039,2513649463,2020-11-26,1,1,1,1,0,0,desktop,Macintosh,India,West Bengal,google,organic,0.0,53,4,begin_checkout
74986581.8093247694,2917624115,2021-01-29,1,0,0,0,0,0,desktop,Windows,United States,California,google,organic,0.0,1,1,session_only
3752101.3115057163,8478167426,2020-12-25,1,0,0,0,0,0,desktop,Web,Spain,Catalonia,<Other>,referral,0.0,1,1,session_only
51460580.5033162938,8998500092,2021-01-08,1,0,0,0,0,0,desktop,Web,United States,Illinois,google,organic,0.0,1,1,session_only
38054334.2240709458,3765232557,2020-11-09,1,1,0,1,1,1,mobile,iOS,Finland,(not set),(direct),(none),25.92,27,6,purchase
45860248.7174013394,1297102101,2020-12-29,1,0,0,0,0,0,desktop,Windows,United States,Ohio,(direct),(none),0.0,1,1,session_only
8892695.5653455840,6411710599,2020-11-16,1,0,0,0,0,0,desktop,Windows,United States,Virginia,google,organic,0.0,1,1,session_only
7987433.0547250841,2398504179,2020-11-26,1,0,0,1,1,1,desktop,Web,United States,California,(data deleted),(data deleted),16.24,5,6,purchase
3496430756.4177122146,834567928,2020-12-27,1,0,0,0,0,0,mobile,iOS,Brazil,State of Sao Paulo,google,cpc,0.0,1,1,session_only
1923699.1468813289,5370738934,2020-11-05,1,0,0,0,0,0,mobile,Android,United States,Oregon,google,organic,0.0,1,1,session_only
7351563.6459435483,9549198350,2020-11-20,1,0,0,0,0,0,desktop,Windows,United Kingdom,England,<Other>,referral,0.0,1,1,session_only
85542996.6000405267,6960901283,2020-11-24,1,0,0,0,0,0,mobile,Web,United States,Massachusetts,google,organic,0.0,1,1,session_only
8347954794.5204274411,3818826495,2020-11-10,1,0,0,0,0,0,desktop,Windows,United States,Florida,(direct),(none),0.0,1,1,session_only
60921737.9631062130,8569010486,2021-01-08,1,0,0,0,0,0,mobile,iOS,Canada,Ontario,google,organic,0.0,1,1,session_only
28320793.7923264753,9418297129,2021-01-07,1,0,0,0,0,0,mobile,Web,Taiwan,Taichung City,<Other>,<Other>,0.0,1,1,session_only
2368659.2045064700,7081812421,2020-11-16,1,0,0,0,0,0,mobile,iOS,Japan,Osaka,<Other>,<Other>,0.0,1,1,session_only
8699287.5929519681,363242593,2020-12-01,1,0,0,0,0,0,mobile,iOS,Morocco,Casablanca-Settat,<Other>,<Other>,0.0,1,1,session_only
2080579.7444739445,3158999465,2021-01-07,1,0,0,0,0,0,mobile,Web,India,West Bengal,google,organic,0.0,1,1,session_only
3060385.8652779159,7132209745,2020-11-23,1,1,0,1,1,1,mobile,Web,United States,Maryland,shop.googlemerchandisestore.com,referral,0.0,23,6,purchase
56344883.6301799557,1283483585,2021-01-19,1,0,0,0,0,0,desktop,Web,United States,California,google,organic,0.0,1,1,session_only
8587142.9684010743,528183027,2021-01-17,1,0,0,0,0,0,mobile,iOS,Canada,Ontario,(direct),(none),0.0,1,1,session_only
65854693.7608662831,119470607,2020-11-11,1,1,0,0,0,0,desktop,Web,India,Karnataka,<Other>,<Other>,0.0,21,2,view_item
41113493.4961887026,910729870,2020-11-29,1,0,0,0,0,0,desktop,Web,Switzerland,Canton of Bern,(data deleted),(data deleted),0.0,1,1,session_only
15302055.4978490469,4519177647,2021-01-20,1,1,1,1,1,1,desktop,Web,India,Maharashtra,(direct),(none),0.0,9,6,purchase
8819184.6960188047,4247414392,2020-12-24,1,0,0,0,0,0,mobile,iOS,Australia,New South Wales,google,organic,0.0,1,1,session_only
46713699.8088713367,7297833037,2020-12-30,1,1,1,1,1,1,desktop,Web,United States,Arizona,shop.googlemerchandisestore.com,referral,35.52,23,6,purchase
6449198.2526522279,1785146877,2021-01-23,0,1,0,1,1,1,desktop,Windows,India,Maharashtra,google,organic,354.64,13,6,purchase
2851931.4532123730,9750423897,2020-11-17,1,0,0,0,0,0,desktop,Web,United States,California,google,organic,0.0,1,1,session_only
1839899.3412121915,8884745277,2020-11-02,1,0,0,0,0,0,desktop,Web,United States,California,(direct),(none),0.0,1,1,session_only
29572055.5656079011,3707736930,2021-01-06,1,0,0,0,0,0,mobile,iOS,Canada,Ontario,google,organic,0.0,1,1,session_only
55489422.8191252818,8787354884,2021-01-04,1,0,0,0,0,0,mobile,Web,United States,North Carolina,<Other>,referral,0.0,1,1,session_only
8450407.3713135397,5932480236,2021-01-30,1,0,0,0,0,0,desktop,Web,United States,Hawaii,(direct),(none),0.0,1,1,session_only
91097490.6347038972,2823845358,2020-12-23,1,0,0,0,0,0,mobile,Web,United States,California,google,organic,0.0,1,1,session_only
35346302.6712264398,5465538636,2020-11-02,1,1,0,1,0,0,desktop,Web,Netherlands,South Holland,google,organic,0.0,59,4,begin_checkout
7334049.1500263165,4624950262,2020-11-12,1,0,0,0,0,0,mobile,Web,El Salvador,San Salvador Department,google,organic,0.0,1,1,session_only
2274679.6041875388,4410608794,2020-12-29,1,0,0,0,0,0,desktop,<Other>,Canada,Manitoba,<Other>,referral,0.0,1,1,session_only
50737357.7410300255,120352811,2021-01-28,1,0,0,0,0,0,desktop,Web,Canada,Ontario,<Other>,<Other>,0.0,1,1,session_only
7564275.7556255677,8755580119,2020-11-20,1,1,0,0,0,0,desktop,Web,Taiwan,Taipei City,<Other>,referral,0.0,2,2,view_item
21590807.9258004934,9524408062,2021-01-19,1,1,0,1,1,1,mobile,Web,Ukraine,Kharkiv Oblast,google,organic,0.0,9,6,purchase
2149555.4176497170,9254291580,2021-01-02,1,0,0,0,0,0,mobile,Web,Uruguay,(not set),google,organic,0.0,1,1,session_only
72714450.3046196745,1399214840,2020-11-02,1,0,0,0,0,0,mobile,Android,United Kingdom,England,google,organic,0.0,1,1,session_only
75035001.8057634762,5961906867,2020-12-17,1,1,1,0,0,0,mobile,iOS,United States,California,shop.googlemerchandisestore.com,referral,0.0,17,3,add_to_cart
55393762.6527940741,3828633033,2020-12-28,1,1,1,1,1,1,tablet,Web,United States,Michigan,(direct),(none),30.4,28,6,purchase
1425864.2557775213,3959027700,2020-12-24,1,0,0,0,0,0,mobile,Web,United States,Washington,google,cpc,0.0,1,1,session_only
41256442.5822975147,7148881695,2021-01-27,1,0,0,0,0,0,mobile,iOS,South Korea,Chungcheongnam-do,<Other>,<Other>,0.0,1,1,session_only
88724619.0066435042,1537251116,2020-11-24,1,0,0,0,0,0,desktop,Web,Peru,(not set),google,organic,0.0,1,1,session_only
2861062.9095185420,7868181781,2020-12-25,1,0,0,0,0,0,desktop,Web,United States,Alaska,<Other>,<Other>,0.0,1,1,session_only
4822386.9689421302,7534317473,2020-12-27,0,1,0,0,0,0,desktop,Web,Thailand,Bangkok,shop.googlemerchandisestore.com,referral,0.0,7,2,view_item
1270280.9040724429,8601975283,2020-12-17,1,0,0,0,0,0,mobile,Web,United States,Texas,(direct),(none),0.0,1,1,session_only
88434996.3695074592,8207925587,2020-12-17,1,0,0,0,0,0,desktop,Macintosh,Taiwan,Kaohsiung City,shop.googlemerchandisestore.com,referral,0.0,1,1,session_only
7467250.8411412351,1270745254,2020-11-08,1,0,0,0,0,0,desktop,Web,Indonesia,Jakarta,(direct),(none),0.0,1,1,session_only
85787365.3279428435,7243517700,2021-01-19,1,1,1,1,1,1,desktop,Web,Taiwan,Taiwan Province,<Other>,referral,104.4,20,6,purchase
7228205337.7017500982,3382227553,2020-11-10,1,1,0,1,1,1,mobile,Web,United States,Virginia,google,organic,66.64,15,6,purchase
83091216.7026848565,591888345,2021-01-23,1,0,0,0,0,0,mobile,iOS,Canada,Quebec,google,organic,0.0,1,1,session_only
83728105.6321086277,3581888924,2020-12-27,1,0,0,0,0,0,mobile,iOS,China,(not set),google,organic,0.0,1,1,session_only
83382282.4925561231,8386840413,2021-01-15,1,0,0,0,0,0,desktop,Web,India,Chhattisgarh,(data deleted),(data deleted),0.0,1,1,session_only
46336946.8301777498,1418694080,2020-11-14,1,0,0,0,0,0,mobile,iOS,Turkey,Izmir,<Other>,<Other>,0.0,1,1,session_only
8858535.8796487789,1959947168,2021-01-13,1,0,0,0,0,0,mobile,Web,Poland,(not set),<Other>,<Other>,0.0,1,1,session_only
73678079.0994501902,4543886533,2020-11-24,1,0,0,0,0,0,mobile,Web,United States,Arizona,google,organic,0.0,1,1,session_only
32429069.6861200449,2442614561,2020-11-23,1,0,0,0,0,0,desktop,Web,United States,Massachusetts,(direct),(none),0.0,1,1,session_only
39808926.6339282342,755641988,2020-11-23,1,1,0,0,0,0,mobile,iOS,United States,California,(direct),(none),0.0,2,2,view_item
7932735966.8650742230,4195916207,2020-11-02,1,0,0,0,0,0,desktop,Web,United States,(not set),google,cpc,0.0,1,1,session_only
61727778.8770272387,1065183423,2021-01-12,1,0,0,0,0,0,desktop,Windows,Taiwan,Taipei City,(direct),(none),0.0,1,1,session_only
80504355.5335353331,1172971685,2020-12-14,1,1,0,0,0,0,mobile,Android,Netherlands,South Holland,(direct),(none),0.0,4,2,view_item
60147171.0725834871,8754097573,2020-12-01,1,0,0,0,0,0,desktop,Web,United States,California,google,organic,0.0,1,1,session_only
69000456.3992973582,4219152711,2021-01-10,1,0,0,0,0,0,desktop,Web,France,Ile-de-France,shop.googlemerchandisestore.com,referral,0.0,1,1,session_only
3223494.9288076499,4529692805,2021-01-29,1,0,0,0,0,0,desktop,Web,United States,Massachusetts,<Other>,<Other>,0.0,1,1,session_only
25040095.0670087088,8806289142,2021-01-02,1,1,1,1,1,1,desktop,Web,United States,Illinois,(direct),(none),0.0,38,6,purchase
54988015.9743668208,8168211597,2021-01-31,1,0,0,0,0,0,desktop,<Other>,Vietnam,(not set),google,organic,0.0,1,1,session_only
6622739.1688816914,7494747821,2020-12-29,1,0,0,0,0,0,mobile,iOS,Lithuania,Vilnius County,(direct),(none),0.0,1,1,session_only
6150545.7899709703,1440417076,2020-11-16,1,0,0,0,0,0,mobile,Web,Poland,Masovian Voivodeship,(direct),(none),0.0,1,1,session_only
83254351.5117765284,107804965,2021-01-15,1,0,0,0,0,0,desktop,Macintosh,Mexico,Mexico City,<Other>,referral,0.0,1,1,session_only
75414353.8711779782,6269089349,2021-01-13,1,0,0,0,0,0,desktop,Windows,Belgium,Flanders,<Other>,referral,0.0,1,1,session_only
1104189.1961360907,7412786394,2021-01-02,1,1,0,0,0,0,tablet,iOS,United States,Arizona,google,organic,0.0,4,2,view_item
61684256.2153917969,9683798274,2020-11-19,1,1,0,0,0,0,mobile,Android,Bulgaria,(not set),<Other>,<Other>,0.0,2,2,view_item
26958168.8237852022,5783022128,2021-01-06,1,0,0,0,0,0,mobile,Web,United States,Illinois,google,cpc,0.0,1,1,session_only
29417985.8156438330,4210708844,2021-01-24,1,0,0,0,0,0,desktop,Web,United States,New York,(direct),(none),0.0,1,1,session_only
1926243.6708474632,2916011202,2021-01-08,1,0,0,0,0,0,desktop,Web,United States,Wisconsin,google,cpc,0.0,1,1,session_only
3625400.7342640379,1322203168,2021-01-19,1,0,0,0,0,0,mobile,iOS,Spain,Madrid,<Other>,<Other>,0.0,1,1,session_only
6867779.6634381231,8461802360,2021-01-03,1,0,0,0,0,0,mobile,Web,Turkey,Istanbul,shop.googlemerchandisestore.com,referral,0.0,1,1,session_only
40072037.4881225829,4661118065,2021-01-23,1,1,0,0,0,0,mobile,Android,Italy,Lombardy,<Other>,<Other>,0.0,2,2,view_item
18041971.2018032883,6875247204,2021-01-09,1,0,0,0,0,0,mobile,Android,United States,California,google,organic,0.0,1,1,session_only
36976219.2887687080,8046568517,2020-12-14,1,0,0,0,0,0,mobile,iOS,United States,California,<Other>,<Other>,0.0,1,1,session_only
3562377.3126486322,2692103211,2020-12-14,1,0,0,0,0,0,mobile,Web,Canada,Ontario,google,organic,0.0,1,1,session_only
3454492808.0465773664,7652989038,2020-11-23,1,1,0,0,0,0,desktop,Web,United States,(not set),(direct),(none),0.0,5,2,view_item
91623597.9815103864,2482795769,2020-12-30,1,0,0,0,0,0,desktop,Web,India,West Bengal,google,organic,0.0,1,1,session_only
13616427.0931025412,2185892543,2021-01-18,1,0,0,0,0,0,desktop,Web,United States,Ohio,(direct),(none),0.0,1,1,session_only
8910734.3438423025,4211241478,2020-12-19,1,0,0,0,0,0,desktop,Web,India,Tamil Nadu,<Other>,referral,0.0,1,1,session_only
72417096.6936332629,9283038264,2021-01-26,1,0,0,0,0,0,desktop,Macintosh,Spain,Castile-La Mancha,google,organic,0.0,1,1,session_only
3687587.7087454665,7201540149,2021-01-07,1,1,0,0,0,0,desktop,Web,Germany,Baden-Wurttemberg,(direct),(none),0.0,2,2,view_item
7051324.3923655238,8395961889,2021-01-31,1,1,1,0,0,0,desktop,Macintosh,United States,Texas,google,organic,0.0,17,3,add_to_cart
5603741.6499430343,518628442,2020-11-11,1,0,0,0,0,0,mobile,Web,United States,California,google,organic,0.0,1,1,session_only
9234069.4874293038,1669021316,2021-01-12,1,1,1,1,1,1,mobile,Web,United States,New Mexico,(direct),(none),103.2,18,6,purchase
53072614.6210771899,2919521979,2021-01-11,1,0,0,0,0,0,mobile,iOS,Taiwan,Tainan City,google,organic,0.0,1,1,session_only
78553429.5702169146,1280106471,2020-11-07,1,0,0,0,0,0,desktop,Web,United States,California,google,cpc,0.0,1,1,session_only
3191548.0460061983,5135569288,2020-12-14,1,0,0,0,0,0,desktop,Macintosh,Canada,Ontario,(direct),(none),0.0,1,1,session_only
55556665.7622546730,6275511915,2020-11-23,1,0,0,0,0,0,mobile,Web,Taiwan,Taiwan Province,(direct),(none),0.0,1,1,session_only
78526798.6569774403,4520410510,2020-11-11,1,0,0,0,0,0,desktop,Web,Canada,New Brunswick,<Other>,<Other>,0.0,1,1,session_only
7554751.0761651075,9992818885,2021-01-28,1,0,0,0,0,0,desktop,Web,Canada,Alberta,(direct),(none),0.0,1,1,session_only
56764572.7458022596,1782021678,2020-11-09,1,1,0,0,0,0,desktop,Windows,Turkey,Ankara,(direct),(none),0.0,4,2,view_item
32416854.0836894806,6251240918,2021-01-06,1,0,0,0,0,0,desktop,Windows,Portugal,Lisbon,(data deleted),(data deleted),0.0,1,1,session_only
3833436.4954930818,6327136286,2020-12-04,1,0,0,0,0,0,desktop,Web,Australia,Victoria,<Other>,referral,0.0,1,1,session_only
3388152.7416415006,89810519,2020-12-14,1,1,1,1,1,1,desktop,Web,Spain,Basque Country,shop.googlemerchandisestore.com,referral,51.68,28,6,purchase
78734664.9011042230,6202597877,2020-12-17,1,1,0,0,0,0,desktop,Web,United States,Virginia,(direct),(none),0.0,5,2,view_item
83974189.2537720458,8213695936,2020-11-21,1,0,0,0,0,0,desktop,Web,Sweden,(not set),shop.googlemerchandisestore.com,referral,0.0,1,1,session_only
7294017.9720877593,5797507249,2021-01-07,1,0,0,0,0,0,desktop,Macintosh,United States,Arizona,(direct),(none),0.0,1,1,session_only
30631836.4794437790,8690358456,2021-01-11,1,0,0,0,0,0,mobile,Web,Canada,Quebec,google,cpc,0.0,1,1,session_only
65849644.5997426084,5031393808,2020-11-12,1,0,0,0,0,0,desktop,Web,United States,New York,google,organic,0.0,1,1,session_only
63870271.4353798748,5112402120,2020-12-25,1,0,0,0,0,0,desktop,Web,United States,Texas,shop.googlemerchandisestore.com,referral,0.0,1,1,session_only
1082942.2437039195,3461331020,2021-01-27,1,0,0,0,0,0,desktop,Windows,United States,Indiana,google,cpc,0.0,1,1,session_only
47004845.2465761615,5257997268,2020-12-01,1,0,0,0,0,0,desktop,Web,France,Ile-de-France,<Other>,<Other>,0.0,1,1,session_only
2747587.7909459972,9423191355,2021-01-11,1,0,0,0,0,0,desktop,Web,United States,Minnesota,<Other>,<Other>,0.0,1,1,session_only
49574663.9779356859,6877092677,2020-11-09,1,0,0,0,0,0,desktop,Web,Peru,(not set),google,organic,0.0,1,1,session_only
77419838.9395198381,2724958297,2021-01-04,1,0,0,0,0,0,desktop,Web,United Kingdom,England,google,organic,0.0,1,1,session_only
70677114.7274302430,9553208130,2020-12-30,1,0,0,0,0,0,desktop,Web,United States,Texas,(direct),(none),0.0,1,1,session_only
70154199.6463486692,3403467007,2020-12-28,1,1,0,0,0,0,mobile,iOS,South Korea,Gyeonggi-do,<Other>,referral,0.0,2,2,view_item
59462556.0663576396,7561449026,2021-01-18,1,0,0,0,0,0,desktop,Web,Canada,Ontario,google,cpc,0.0,1,1,session_only
4870927169.0837103349,4819527342,2021-01-11,1,0,0,0,0,0,mobile,Web,India,Uttar Pradesh,google,cpc,0.0,1,1,session_only
73685217.5957698506,6699219539,2020-12-23,1,0,0,0,0,0,mobile,iOS,United States,Delaware,google,organic,0.0,1,1,session_only
4385227.9492153994,8315953807,2021-01-16,1,0,0,0,0,0,desktop,Web,United States,New York,(direct),(none),0.0,1,1,session_only
40342966.7749622362,9909903064,2020-12-29,1,0,0,0,0,0,desktop,Macintosh,United States,Colorado,google,organic,0.0,1,1,session_only
80319861.9515721141,8980947640,2021-01-06,1,0,0,0,0,0,mobile,Web,India,Uttar Pradesh,(direct),(none),0.0,1,1,session_only
57984397.6949479053,3081772955,2021-01-24,1,0,0,0,0,0,desktop,Macintosh,Vietnam,(not set),google,cpc,0.0,1,1,session_only
30931582.7067948051,9632568159,2020-11-29,1,1,0,0,0,0,mobile,iOS,United States,Illinois,google,organic,0.0,2,2,view_item
5460675.7736676573,8234643382,2021-01-11,1,0,0,0,0,0,mobile,Web,United Kingdom,England,google,organic,0.0,1,1,session_only
3911205.2540002913,9704233350,2021-01-18,1,0,0,0,0,0,desktop,Web,United States,Arizona,<Other>,<Other>,0.0,1,1,session_only
58668818.2935370489,8755734681,2021-01-25,1,0,0,0,0,0,desktop,Web,France,Nouvelle-Aquitaine,(direct),(none),0.0,1,1,session_only
4268839.5373532129,6006947082,2020-12-25,1,0,0,0,0,0,mobile,Web,United States,Utah,shop.googlemerchandisestore.com,referral,0.0,1,1,session_only
7249660.5102816723,3290032216,2021-01-04,1,1,0,0,0,0,desktop,Web,Romania,Bucharest,(direct),(none),0.0,2,2,view_item
77092952.0280662839,5889142405,2020-12-28,1,0,0,0,0,0,mobile,iOS,Canada,Ontario,(data deleted),(data deleted),0.0,1,1,session_only
1089178.9103594365,8956885056,2020-12-01,1,1,1,1,1,1,desktop,Macintosh,France,Bourgogne-Franche-Comte,shop.googlemerchandisestore.com,referral,0.0,27,6,purchase
8874417.9656172866,1844077700,2021-01-08,1,0,0,0,0,0,mobile,Web,United States,(not set),(direct),(none),0.0,1,1,session_only
43084392.6309586985,4391991060,2020-12-21,1,1,1,1,1,1,mobile,Web,United States,Arizona,google,organic,40.1,23,6,purchase
60038241.7918073477,463122143,2020-12-21,1,0,0,0,0,0,mobile,iOS,United States,California,google,organic,0.0,1,1,session_only
90684349.3728043394,8332499098,2020-11-26,1,0,0,0,0,0,desktop,Windows,Spain,Madrid,<Other>,<Other>,0.0,1,1,session_only
3762495.7496677226,4383919051,2020-11-15,1,0,0,0,0,0,desktop,Web,Mexico,Guanajuato,(direct),(none),0.0,1,1,session_only
45085403.9429555092,537482419,2020-11-10,1,0,0,0,0,0,mobile,Android,India,Maharashtra,google,organic,0.0,1,1,session_only
7231202.1055688349,2696219643,2021-01-08,1,1,0,0,0,0,mobile,Android,Germany,Rhineland-Palatinate,google,cpc,0.0,2,2,view_item
2708120.9334989707,1968014495,2020-11-10,1,0,0,0,0,0,desktop,Windows,United States,California,(direct),(none),0.0,1,1,session_only
7281488.4141166413,5601882182,2021-01-28,1,1,0,0,0,0,mobile,iOS,Australia,Victoria,google,organic,0.0,2,2,view_item
15446527.2072513623,574067256,2021-01-26,1,1,0,0,0,0,desktop,Web,Iraq,(not set),google,cpc,0.0,2,2,view_item
69720754.8252698676,463586354,2020-11-17,1,0,0,0,0,0,mobile,Web,United States,California,<Other>,<Other>,0.0,1,1,session_only
9571203.8000646152,8520695253,2021-01-19,1,1,1,1,1,0,mobile,Android,United States,Texas,(direct),(none),0.0,45,5,add_payment
6217031.5472157176,3944314840,2020-12-31,1,0,0,0,0,0,mobile,Web,United States,Wisconsin,google,organic,0.0,1,1,session_only
1693668.2512748726,6357092909,2021-01-08,1,0,0,0,0,0,desktop,Web,United Kingdom,England,<Other>,organic,0.0,1,1,session_only
12349265.9498645230,926476001,2020-12-17,1,1,0,0,0,0,mobile,Web,France,Brittany,<Other>,<Other>,0.0,2,2,view_item
66197127.7573900395,2081846234,2020-12-01,1,1,1,0,0,0,mobile,iOS,United States,District of Columbia,google,organic,0.0,58,3,add_to_cart
83641766.2847418990,9427326125,2020-11-11,1,0,0,0,0,0,desktop,Web,France,Ile-de-France,google,organic,0.0,1,1,session_only
3841273.0540448850,8162429157,2021-01-24,1,0,0,0,0,0,mobile,Web,Netherlands,North Holland,google,organic,0.0,1,1,session_only
55832155.4460645435,2321290158,2021-01-29,1,0,0,0,0,0,desktop,Macintosh,Singapore,(not set),(direct),(none),0.0,1,1,session_only
8812532.7923589383,2984743176,2020-12-19,1,0,0,0,0,0,mobile,iOS,United States,Texas,google,organic,0.0,1,1,session_only
64651003.7337355501,3431656930,2020-12-29,1,0,0,0,0,0,desktop,Web,China,Guangdong Province,google,organic,0.0,1,1,session_only
79631767.2912799328,3271167568,2020-11-16,1,0,0,0,0,0,desktop,Web,United States,(not set),<Other>,<Other>,0.0,1,1,session_only
51332772.8222880435,1263441439,2021-01-08,1,0,0,0,0,0,mobile,Web,India,Uttar Pradesh,(data deleted),(data deleted),0.0,1,1,session_only
4366076.9152844983,3721994833,2021-01-17,1,1,0,0,0,0,mobile,Web,Germany,Lower Saxony,google,cpc,0.0,2,2,view_item
31417474.8321346201,5354228186,2021-01-25,1,1,1,1,1,1,mobile,Web,United States,Arizona,(direct),(none),4.64,15,6,purchase
5061277.3604728284,1574791283,2021-01-28,1,1,0,0,0,0,mobile,Web,United States,California,<Other>,<Other>,0.0,2,2,view_item
53032027.6560624094,129860555,2020-11-19,1,0,0,0,0,0,mobile,Web,Ghana,Greater Accra Region,(direct),(none),0.0,1,1,session_only
7846387.5787760281,4271422984,2021-01-25,1,1,1,0,0,0,mobile,Android,United States,Georgia,<Other>,referral,0.0,7,3,add_to_cart
29900234.3599575991,2080653006,2020-12-20,1,0,0,0,0,0,desktop,Web,United States,Georgia,<Other>,referral,0.0,1,1,session_only
59364236.3501978811,3679754256,2021-01-04,1,0,0,0,0,0,mobile,Web,United States,Virginia,google,organic,0.0,1,1,session_only
11956782.7434047020,829816803,2021-01-16,1,0,0,0,0,0,mobile,Web,United States,Texas,google,cpc,0.0,1,1,session_only
6797617.0009337001,9734789309,2020-11-29,1,1,0,0,0,0,desktop,Windows,United States,Massachusetts,(direct),(none),0.0,3,2,view_item
60747063.0818066065,9553720922,2021-01-29,1,0,0,0,0,0,tablet,Web,Japan,Tokyo,google,organic,0.0,1,1,session_only
77748419.6275143445,1625633510,2021-01-06,1,0,0,0,0,0,desktop,Web,Peru,(not set),google,organic,0.0,1,1,session_only
44182965.3611903342,7238136892,2021-01-06,1,0,0,0,0,0,desktop,Windows,Canada,Ontario,<Other>,<Other>,0.0,1,1,session_only
70149691.2443294565,1912066430,2020-12-14,1,1,0,0,0,0,mobile,iOS,South Korea,Gyeonggi-do,<Other>,<Other>,0.0,4,2,view_item
1124473.9081661665,3699979389,2020-11-20,1,1,0,0,0,0,desktop,Web,Canada,Ontario,<Other>,<Other>,0.0,3,2,view_item
1337681.6302198516,1018200299,2020-12-28,1,0,0,0,0,0,desktop,Web,Nigeria,Lagos,<Other>,<Other>,0.0,1,1,session_only
7102582.0012820611,9494298650,2021-01-13,1,0,0,0,0,0,desktop,Web,Singapore,(not set),(direct),(none),0.0,1,1,session_only
2167403.7906456200,9690742579,2020-12-21,1,1,1,1,1,1,desktop,Windows,Germany,(not set),google,organic,269.44,39,6,purchase
6631849.9457804460,7613015868,2021-01-06,1,1,0,0,0,0,desktop,Web,United States,California,shop.googlemerchandisestore.com,referral,0.0,2,2,view_item
32380719.6161110177,5428314634,2020-12-17,1,0,0,0,0,0,desktop,Macintosh,United States,New York,<Other>,<Other>,0.0,1,1,session_only
4947320.1077296382,3988734224,2021-01-20,1,0,0,0,0,0,mobile,Web,United States,Kentucky,<Other>,<Other>,0.0,1,1,session_only
51953381.1365730706,9360783550,2020-12-19,1,1,1,1,0,0,mobile,Android,Croatia,City of Zagreb,google,organic,0.0,38,4,begin_checkout
82033625.3830126516,8033948310,2021-01-06,1,0,0,0,0,0,desktop,Windows,Canada,British Columbia,<Other>,referral,0.0,1,1,session_only
8280161.9877849867,1217135706,2020-11-17,1,1,0,0,0,0,mobile,Web,Spain,(not set),<Other>,<Other>,0.0,4,2,view_item
13159310.9731465817,2075978978,2020-11-12,1,0,0,0,0,0,desktop,Macintosh,(not set),(not set),google,cpc,0.0,1,1,session_only
6628033917.0193794826,1882218487,2020-11-19,1,1,0,1,1,1,mobile,Web,United States,Texas,<Other>,referral,102.4,24,6,purchase
24419414.0464855949,5698038316,2021-01-25,1,1,0,0,0,0,mobile,Web,United States,New Mexico,<Other>,<Other>,0.0,2,2,view_item
47813519.4233457353,3726232125,2020-12-21,0,1,0,0,0,0,mobile,Android,India,Punjab,(data deleted),(data deleted),0.0,4,2,view_item
86882191.3521463352,1068504320,2021-01-16,1,0,0,0,0,0,desktop,Web,France,Nouvelle-Aquitaine,<Other>,organic,0.0,1,1,session_only
6243471.2022673212,6156001596,2020-12-17,1,0,0,0,0,0,desktop,Macintosh,Switzerland,Zurich,<Other>,referral,0.0,1,1,session_only
3720362276.7575117122,8115202031,2021-01-06,1,0,0,0,0,0,desktop,Windows,United States,New York,shop.googlemerchandisestore.com,referral,0.0,1,1,session_only
57463827.3194290222,7465364464,2021-01-28,1,0,0,0,0,0,mobile,Web,Poland,Lower Silesian Voivodeship,google,organic,0.0,1,1,session_only
5546335.5733710756,5283812971,2020-11-08,1,1,0,1,1,1,mobile,iOS,Poland,Silesian Voivodeship,<Other>,<Other>,0.0,15,6,purchase
4369604.3211500677,5621361817,2020-12-17,1,0,0,0,0,0,desktop,Web,Thailand,(not set),shop.googlemerchandisestore.com,referral,0.0,1,1,session_only
91859427.7810170464,7404083537,2021-01-30,1,0,0,0,0,0,mobile,iOS,Singapore,(not set),<Other>,<Other>,0.0,1,1,session_only
80335432.0525493020,1172963760,2020-12-26,1,1,0,0,0,0,desktop,Windows,United States,South Carolina,<Other>,referral,0.0,2,2,view_item
1960440.5412160880,1477173181,2020-12-14,1,0,0,0,0,0,desktop,<Other>,United States,Illinois,(direct),(none),0.0,1,1,session_only
9097338.8125976838,2283418989,2020-12-30,1,1,1,0,0,0,mobile,iOS,United States,New Hampshire,(direct),(none),0.0,4,3,add_to_cart
2887417.5994809571,1448689077,2020-12-29,1,0,0,0,0,0,desktop,Windows,United States,California,google,organic,0.0,1,1,session_only
2604843.7345067266,5455697047,2020-11-19,1,0,0,0,0,0,mobile,Web,Japan,Tokyo,<Other>,organic,0.0,1,1,session_only
4727617.4750740851,2013023166,2020-12-25,1,0,0,0,0,0,desktop,Web,United States,Florida,(direct),(none),0.0,1,1,session_only
78032968.8591248595,3595020029,2020-11-05,1,0,0,0,0,0,mobile,Web,United States,New York,<Other>,<Other>,0.0,1,1,session_only
5244620.2434444586,5390847591,2020-12-26,1,0,0,0,0,0,mobile,iOS,Peru,(not set),shop.googlemerchandisestore.com,referral,0.0,1,1,session_only
27840531.9029885458,175436145,2021-01-06,1,0,0,0,0,0,desktop,Web,Mexico,(not set),google,organic,0.0,1,1,session_only
63171573.8904879509,5662517139,2021-01-18,1,0,0,0,0,0,desktop,Web,India,Madhya Pradesh,google,organic,0.0,1,1,session_only
11268277.5649357552,2570566595,2020-12-04,1,1,1,0,0,0,desktop,Web,France,Ile-de-France,google,organic,0.0,4,3,add_to_cart
3095760.4823879361,9939648492,2020-11-26,1,0,0,0,0,0,mobile,Web,United Kingdom,England,(direct),(none),0.0,1,1,session_only
2206779.8651702338,2439156481,2020-11-15,1,1,0,0,0,0,desktop,Web,United States,California,google,cpc,0.0,2,2,view_item
44198357.6706331343,6915011421,2020-12-04,1,0,0,0,0,0,mobile,iOS,United States,New York,<Other>,referral,0.0,1,1,session_only
2430931.6173812141,4922165050,2020-11-23,1,1,0,1,1,1,desktop,Windows,Netherlands,North Holland,google,organic,64.8,24,6,purchase
11686729.4127365711,8444971552,2021-01-10,1,0,0,0,0,0,desktop,Web,Croatia,City of Zagreb,google,organic,0.0,1,1,session_only
80873329.2285248212,6721249559,2021-01-09,1,0,0,0,0,0,mobile,Android,United States,California,<Other>,<Other>,0.0,1,1,session_only
37084092.9840700214,7590789128,2021-01-31,1,0,0,0,0,0,mobile,Web,China,Shanghai,(direct),(none),0.0,1,1,session_only
58602549.7698108318,1495936980,2021-01-28,1,0,0,0,0,0,mobile,Web,United States,(not set),<Other>,<Other>,0.0,1,1,session_only
86290793.3638163069,4783565017,2021-01-12,1,0,0,0,0,0,desktop,Windows,Singapore,(not set),google,organic,0.0,1,1,session_only
8706120.1458723944,2273933188,2020-11-07,1,0,0,0,0,0,mobile,iOS,France,Ile-de-France,google,organic,0.0,1,1,session_only
87087105.3716872033,1534023526,2020-11-21,1,0,0,0,0,0,desktop,Web,Canada,Alberta,google,organic,0.0,1,1,session_only
5277523.0572675802,5710567836,2020-11-02,1,0,0,0,0,0,mobile,iOS,United Kingdom,England,google,cpc,0.0,1,1,session_only
9236071.5528721397,4930154722,2021-01-11,1,1,0,0,0,0,mobile,iOS,Poland,Masovian Voivodeship,google,organic,0.0,6,2,view_item
56136935.4839413206,4994814567,2020-12-21,1,1,0,1,1,1,desktop,Web,Germany,Bavaria,<Other>,<Other>,0.0,11,6,purchase
86304103.5382235242,7257350284,2021-01-06,1,0,0,0,0,0,mobile,Web,United States,New Jersey,<Other>,referral,0.0,1,1,session_only
4565317088.8669266509,9611792029,2021-01-25,1,0,0,0,0,0,desktop,Web,Italy,Campania,google,organic,0.0,1,1,session_only
48502869.5399929738,9772002351,2021-01-12,1,0,0,0,0,0,mobile,Web,Greece,(not set),<Other>,referral,0.0,1,1,session_only
22651808.8645468043,9279733407,2020-12-04,1,0,0,0,0,0,mobile,iOS,United States,New Jersey,shop.googlemerchandisestore.com,referral,0.0,1,1,session_only
6171433.4572198027,1491556150,2020-12-14,1,1,1,1,1,1,mobile,iOS,United States,California,(direct),(none),10.4,19,6,purchase
3431614.0741551102,1360126277,2021-01-03,1,0,0,0,0,0,mobile,Android,Russia,(not set),<Other>,<Other>,0.0,1,1,session_only
3656065.0020721560,7266055794,2021-01-13,1,0,0,0,0,0,mobile,Web,India,Gujarat,<Other>,<Other>,0.0,1,1,session_only
70285218.9749202013,975309229,2021-01-28,1,0,0,0,0,0,desktop,Web,United States,California,google,organic,0.0,1,1,session_only
73990466.9253242963,5552513721,2020-11-19,1,0,0,0,0,0,desktop,Web,Vietnam,Ho Chi Minh City,(direct),(none),0.0,1,1,session_only
3586267.5418480663,8510880361,2020-12-31,1,0,0,0,0,0,desktop,Web,United States,Virginia,(direct),(none),0.0,1,1,session_only
58104072.2659495100,4702655528,2020-12-04,1,1,1,1,1,1,mobile,Android,(not set),(not set),shop.googlemerchandisestore.com,referral,33.2,15,6,purchase
2563982.7084295364,7944461021,2020-11-29,1,0,0,0,0,0,desktop,Web,Singapore,(not set),<Other>,<Other>,0.0,1,1,session_only
3672202.8230848494,7882041820,2021-01-23,1,0,0,0,0,0,desktop,Macintosh,Russia,Moscow Oblast,shop.googlemerchandisestore.com,referral,0.0,1,1,session_only
1135884.3844671728,1817252492,2020-12-24,1,0,0,0,0,0,mobile,iOS,Turkey,Konya,(direct),(none),0.0,1,1,session_only
87005526.5372162890,3140747010,2021-01-29,1,0,0,0,0,0,mobile,Android,United States,Georgia,google,organic,0.0,1,1,session_only
68323159.1612811581,7544323369,2021-01-20,1,0,0,0,0,0,desktop,Web,India,Uttarakhand,google,organic,0.0,1,1,session_only
2847044.0643995335,5262202461,2021-01-30,1,0,0,0,0,0,desktop,<Other>,China,Guangdong Province,google,organic,0.0,1,1,session_only
54306235.3298427298,9027830790,2020-11-23,1,0,0,0,0,0,desktop,Web,United States,Michigan,google,organic,0.0,1,1,session_only
5691691.0472503292,8151693069,2020-11-23,1,0,0,0,0,0,desktop,Web,Netherlands,Limburg,google,organic,0.0,1,1,session_only
7043375.3230607557,7297972209,2021-01-26,1,0,0,0,0,0,desktop,Web,United States,Texas,shop.googlemerchandisestore.com,referral,0.0,1,1,session_only
63573626.1572966933,9868039982,2020-12-17,1,1,0,0,0,0,mobile,iOS,Taiwan,Taipei City,(direct),(none),0.0,3,2,view_item
4501126.5037605839,820094693,2021-01-04,1,1,0,0,0,0,desktop,Windows,Canada,Manitoba,google,organic,0.0,2,2,view_item
11694396.1150628918,2350205941,2020-12-26,1,0,0,0,0,0,desktop,Web,Ireland,County Dublin,<Other>,referral,0.0,1,1,session_only
1055183.5896656503,1567142818,2021-01-15,1,0,0,0,0,0,desktop,Windows,United States,Idaho,google,organic,0.0,1,1,session_only
24098809.2459260752,1608012380,2021-01-13,1,0,0,0,0,0,mobile,Web,United States,North Carolina,google,organic,0.0,1,1,session_only
7064169.6423816200,695998155,2020-11-15,1,0,0,0,0,0,mobile,Web,United States,New York,<Other>,<Other>,0.0,1,1,session_only
4646626264.8986835290,8381856183,2021-01-30,1,0,0,0,0,0,mobile,Web,United States,Ohio,<Other>,referral,0.0,1,1,session_only
73933024.4122978640,3169489138,2020-12-21,1,0,0,0,0,0,desktop,Macintosh,United States,Utah,(direct),(none),0.0,1,1,session_only
8690038.9682950015,3283186423,2021-01-09,1,0,0,0,0,0,desktop,Web,South Korea,Incheon,google,organic,0.0,1,1,session_only
8506977432.2230781439,1308507921,2020-11-12,1,0,0,0,0,0,desktop,Web,Spain,Catalonia,(data deleted),(data deleted),0.0,1,1,session_only
67182361.3978067378,250355024,2021-01-28,1,0,0,0,0,0,mobile,iOS,United States,California,google,organic,0.0,1,1,session_only
89074248.6735539734,3750516192,2021-01-12,1,0,0,0,0,0,mobile,Web,Czechia,South Moravian Region,(direct),(none),0.0,1,1,session_only
4578340.9072631226,3275505008,2021-01-09,1,0,0,0,0,0,mobile,Web,United States,Minnesota,(direct),(none),0.0,1,1,session_only
4626944.9804501643,4328478804,2020-12-20,1,0,0,0,0,0,mobile,Web,United States,(not set),google,organic,0.0,1,1,session_only
1796324.3704789585,7272975677,2020-12-26,1,0,0,0,0,0,desktop,Web,France,Ile-de-France,google,cpc,0.0,1,1,session_only
5864156.2788871676,5718485992,2020-11-15,1,0,0,0,0,0,desktop,Windows,Hong Kong,(not set),<Other>,<Other>,0.0,1,1,session_only
79944589.6932026672,1311771841,2021-01-06,1,1,1,1,1,1,desktop,Web,Finland,Uusimaa,<Other>,organic,37.1,35,6,purchase
1118229.7467476568,8611100684,2021-01-12,1,1,0,0,0,0,mobile,Web,India,Madhya Pradesh,google,organic,0.0,5,2,view_item
67522359.2848039358,9415285943,2020-11-12,1,1,0,1,1,1,mobile,Web,Netherlands,Utrecht,<Other>,<Other>,169.04,40,6,purchase
7216153.4604823219,2180813976,2021-01-23,1,0,0,0,0,0,tablet,Android,United Kingdom,England,google,organic,0.0,1,1,session_only
1026043.4481623879,9083794581,2021-01-01,1,0,0,0,0,0,desktop,Web,United States,Wisconsin,google,cpc,0.0,1,1,session_only
9204525.0973024172,6158657102,2020-12-20,1,0,0,0,0,0,mobile,Web,Puerto Rico,(not set),<Other>,organic,0.0,1,1,session_only
7470836.1061844194,1715113583,2021-01-20,1,0,0,0,0,0,mobile,Android,United States,New York,(direct),(none),0.0,1,1,session_only
46340842.0953606695,6619393551,2020-12-17,1,1,0,0,0,0,desktop,Web,India,Tamil Nadu,google,organic,0.0,29,2,view_item
1886461.7118430197,9175047240,2020-11-12,1,0,0,0,0,0,tablet,Web,Bangladesh,(not set),google,organic,0.0,1,1,session_only
5527514.0149857813,2813126603,2021-01-23,1,0,0,0,0,0,desktop,Web,United States,Connecticut,<Other>,referral,0.0,1,1,session_only
88036075.5810318173,6845540586,2021-01-06,1,0,0,0,0,0,mobile,Web,United States,Massachusetts,google,organic,0.0,1,1,session_only
5820525.4112921353,2916235233,2020-11-24,1,1,0,1,1,1,mobile,Web,Pakistan,Punjab,(direct),(none),0.0,12,6,purchase
6808865.3088986163,9079074311,2021-01-23,1,1,1,0,0,0,desktop,Windows,India,Maharashtra,<Other>,referral,0.0,3,3,add_to_cart
1234622407.6000767397,9306891991,2020-11-12,1,0,0,0,0,0,mobile,Web,Vietnam,Ho Chi Minh City,(data deleted),(data deleted),0.0,1,1,session_only
17687643.0735161866,4096765506,2020-11-26,1,1,1,1,1,1,desktop,Web,Canada,Ontario,google,organic,47.5,17,6,purchase
4205366.2704658968,8542485948,2021-01-23,0,1,0,1,1,1,desktop,Windows,Indonesia,West Java,(data deleted),(data deleted),32.8,13,6,purchase
44544944.0521979100,1972293497,2021-01-10,1,0,0,0,0,0,desktop,Web,Canada,Ontario,<Other>,referral,0.0,1,1,session_only
8098468.4200566417,6896335429,2020-12-14,1,1,0,0,0,0,mobile,Android,United States,California,google,organic,0.0,3,2,view_item
12664465.5258974924,3531171136,2020-11-02,1,1,0,0,0,0,mobile,Web,Portugal,Lisbon,(direct),(none),0.0,3,2,view_item
3585306.8807456029,6780563406,2021-01-27,1,0,0,0,0,0,desktop,Web,United States,Texas,google,organic,0.0,1,1,session_only
5309497742.4560578847,8907932529,2021-01-26,1,1,1,1,1,1,mobile,Android,Canada,Quebec,(direct),(none),68.16,40,6,purchase
39839492.6875276311,1077959275,2021-01-28,1,1,0,0,0,0,desktop,Web,India,Karnataka,<Other>,referral,0.0,3,2,view_item
8478888.8486003629,3747237925,2020-11-17,1,1,0,0,0,0,desktop,Web,Tunisia,Tunis,shop.googlemerchandisestore.com,referral,0.0,5,2,view_item
4496921.5095128517,7952799645,2020-12-14,1,0,0,0,0,0,desktop,Web,Vietnam,Ho Chi Minh City,(direct),(none),0.0,1,1,session_only
5444270.2196126766,6483555579,2020-12-21,1,0,0,0,0,0,desktop,Web,India,Maharashtra,google,organic,0.0,1,1,session_only
7479212.3712355796,9992806528,2021-01-09,1,0,0,0,0,0,desktop,Web,United States,Virginia,google,organic,0.0,1,1,session_only
2108184.8299640978,9997185513,2021-01-13,1,1,0,0,0,0,mobile,Web,India,Maharashtra,(direct),(none),0.0,2,2,view_item
2042006.9621869558,8945274978,2020-12-01,1,1,1,1,1,1,mobile,Web,Mexico,Nuevo Leon,google,organic,0.0,36,6,purchase
49966723.9744785869,1035597959,2020-11-07,1,0,0,0,0,0,desktop,Web,United States,Massachusetts,(direct),(none),0.0,1,1,session_only
34019817.4715443161,5432963172,2020-11-17,1,0,0,0,0,0,desktop,Macintosh,United States,Tennessee,google,organic,0.0,1,1,session_only
44062346.0988637397,4228339192,2020-11-09,1,0,0,0,0,0,desktop,<Other>,United States,Texas,google,organic,0.0,1,1,session_only
5161167.5252159040,7112838557,2020-11-05,1,0,0,0,0,0,desktop,Windows,United States,California,<Other>,(data deleted),0.0,1,1,session_only
28182246.9243158427,1718808623,2020-11-26,1,1,0,1,1,1,mobile,Web,United States,Illinois,shop.googlemerchandisestore.com,referral,0.0,10,6,purchase
37386221.2819407357,8439396000,2020-12-24,1,0,0,0,0,0,tablet,Web,United States,Florida,(direct),(none),0.0,1,1,session_only
6711216.9064124039,6324192301,2021-01-18,1,0,0,0,0,0,desktop,Web,United Kingdom,England,google,organic,0.0,1,1,session_only
54460599.4507689838,9949184028,2020-11-26,1,0,0,0,0,0,desktop,Web,United States,Nebraska,(data deleted),(data deleted),0.0,1,1,session_only
10567723.3271981326,7406136053,2021-01-18,1,0,0,0,0,0,mobile,Web,Australia,New South Wales,google,organic,0.0,1,1,session_only
15657887.1784767486,691537273,2021-01-20,1,0,0,0,0,0,mobile,iOS,Taiwan,Kaohsiung City,(direct),(none),0.0,1,1,session_only
7329519.5700384325,6951759567,2021-01-02,1,0,0,0,0,0,desktop,Web,China,Guangdong Province,google,organic,0.0,1,1,session_only
2950777815.9016332768,1226374585,2021-01-04,1,0,0,0,0,0,desktop,Web,India,Maharashtra,shop.googlemerchandisestore.com,referral,0.0,1,1,session_only
15857306.9226345392,2165932663,2020-11-02,1,1,0,0,0,0,mobile,iOS,Mexico,Baja California,(direct),(none),0.0,8,2,view_item
63567351.1560279084,6950801323,2021-01-06,1,0,0,0,0,0,desktop,Web,United States,North Carolina,google,organic,0.0,1,1,session_only
8857034.7328471275,5019837965,2021-01-24,1,1,1,1,1,1,desktop,Web,United States,Indiana,shop.googlemerchandisestore.com,referral,20.8,12,6,purchase
70353669.3829821134,2938652784,2020-12-01,1,0,0,0,0,0,mobile,Web,Malaysia,Selangor,shop.googlemerchandisestore.com,referral,0.0,1,1,session_only
4542690.9654303379,6668652444,2021-01-06,1,0,0,0,0,0,desktop,Web,Argentina,Buenos Aires Province,(direct),(none),0.0,1,1,session_only
23728664.8919658348,399146260,2020-12-28,1,0,0,0,0,0,desktop,Windows,United States,Georgia,google,organic,0.0,1,1,session_only
77640762.1622931913,9109858486,2021-01-11,1,1,1,1,1,1,desktop,Web,Canada,Alberta,google,organic,0.0,15,6,purchase
19261365.8352945723,8695726178,2020-11-17,1,0,0,0,0,0,desktop,Web,United States,New Jersey,shop.googlemerchandisestore.com,referral,0.0,1,1,session_only
54690818.6710780062,4636815422,2020-12-30,1,0,0,0,0,0,desktop,Windows,United States,California,google,organic,0.0,1,1,session_only
7203370.7362215350,7287045285,2021-01-09,1,0,0,0,0,0,mobile,Web,India,Karnataka,(direct),(none),0.0,1,1,session_only
31198526.4059757628,617013218,2020-12-01,1,0,0,0,0,0,mobile,iOS,Norway,(not set),(direct),(none),0.0,1,1,session_only
3355070.5489924053,5729484575,2021-01-20,1,0,0,0,0,0,mobile,Web,India,Assam,<Other>,<Other>,0.0,1,1,session_only
74183881.3925475482,5662966008,2020-12-20,1,0,0,0,0,0,desktop,Web,United States,Nebraska,google,organic,0.0,1,1,session_only
72051858.8601691404,6819483050,2021-01-04,1,0,0,0,0,0,desktop,Web,India,Karnataka,shop.googlemerchandisestore.com,referral,0.0,1,1,session_only
8241541.5948253144,3371260551,2020-11-24,1,1,0,0,0,0,desktop,Windows,United States,Georgia,google,organic,0.0,2,2,view_item
21121341.5964335256,4682950295,2020-11-05,1,0,0,0,0,0,desktop,Web,United States,California,<Other>,<Other>,0.0,1,1,session_only
43380523.3300588177,8515924271,2020-11-21,1,1,0,1,0,0,mobile,Web,Taiwan,Taipei City,<Other>,referral,0.0,24,4,begin_checkout
51986505.2747565154,6474452548,2020-11-24,0,1,0,1,1,1,desktop,Web,United States,California,(data deleted),(data deleted),73.28,53,6,purchase
42161722.4774781891,8453285253,2021-01-18,1,0,0,0,0,0,desktop,Web,United States,Ohio,google,cpc,0.0,1,1,session_only
87227255.2585635148,7755588370,2021-01-31,1,1,0,0,0,0,mobile,Web,United States,Texas,google,organic,0.0,2,2,view_item
8727558.5616789982,2969551659,2021-01-30,1,0,0,0,0,0,mobile,iOS,United States,Michigan,(data deleted),(data deleted),0.0,1,1,session_only
3850619.4884836323,6770210158,2020-11-24,1,0,0,0,0,0,mobile,iOS,United States,Georgia,(direct),(none),0.0,1,1,session_only
79594430.7922205796,7435935611,2021-01-10,1,0,0,0,0,0,mobile,Web,Russia,(not set),(direct),(none),0.0,1,1,session_only
1355605220.3307101381,2671054777,2020-11-19,1,1,0,0,0,0,desktop,Windows,United States,Virginia,google,organic,0.0,3,2,view_item
4744559.3823573891,7075492386,2020-11-21,1,0,0,0,0,0,desktop,Web,United States,Texas,google,organic,0.0,1,1,session_only
83148634.6563948348,6924609033,2020-12-24,1,0,0,0,0,0,desktop,<Other>,Canada,Ontario,<Other>,<Other>,0.0,1,1,session_only
5030278.2396798342,6963905047,2020-12-24,1,0,0,0,0,0,mobile,iOS,United Kingdom,England,<Other>,<Other>,0.0,1,1,session_only
84287051.9538602299,3061768379,2020-12-27,1,0,0,0,0,0,desktop,Web,Canada,Ontario,(direct),(none),0.0,1,1,session_only
14185921.8189064703,2130320164,2021-01-03,1,1,1,0,0,0,mobile,Web,United States,New York,google,organic,0.0,7,3,add_to_cart
2116062.6001607789,4380613613,2020-11-29,1,1,0,0,0,0,desktop,Web,Italy,(not set),google,cpc,0.0,2,2,view_item
9193305.6059352143,4419092547,2020-12-20,1,0,0,0,0,0,mobile,Web,Canada,Alberta,<Other>,referral,0.0,1,1,session_only
52209336.9341639080,9175173175,2020-12-17,1,1,0,0,0,0,desktop,Macintosh,United States,Georgia,google,organic,0.0,2,2,view_item
54759184.6936615928,1303849680,2021-01-04,1,0,0,0,0,0,mobile,Web,Hong Kong,(not set),google,organic,0.0,1,1,session_only
39340661.9860193549,5539296503,2020-11-15,1,1,0,0,0,0,desktop,Macintosh,United States,Pennsylvania,shop.googlemerchandisestore.com,referral,0.0,7,2,view_item
11872066.8039488446,9982430863,2020-11-12,1,1,0,0,0,0,mobile,Android,India,West Bengal,(data deleted),(data deleted),0.0,2,2,view_item
17663569.1229629383,9889223226,2020-11-12,1,1,0,1,1,1,desktop,Web,India,West Bengal,google,organic,0.0,10,6,purchase
58602991.2266084354,9079958779,2021-01-18,1,0,0,0,0,0,desktop,Web,Canada,Quebec,shop.googlemerchandisestore.com,referral,0.0,1,1,session_only
734143390.3600516189,7149116016,2021-01-28,1,0,0,0,0,0,mobile,iOS,Iraq,(not set),<Other>,<Other>,0.0,1,1,session_only
7276398.7783138372,6452488235,2020-12-01,1,1,1,1,1,1,desktop,Web,China,Guangdong Province,<Other>,<Other>,0.0,14,6,purchase
5167510.8567259017,5248484795,2020-12-21,1,0,0,0,0,0,mobile,Web,India,Haryana,<Other>,referral,0.0,1,1,session_only
8755644.8398539331,9325719887,2021-01-28,1,1,0,0,0,0,mobile,Android,United States,Illinois,(direct),(none),0.0,4,2,view_item
81336652.6754654041,490365342,2021-01-19,1,1,0,0,0,0,desktop,Web,Netherlands,Utrecht,google,organic,0.0,33,2,view_item
7496581.1759361753,6714196124,2021-01-08,1,0,0,0,0,0,desktop,Windows,United Kingdom,England,(direct),(none),0.0,1,1,session_only
25460739.8722767755,1535107851,2020-12-30,1,0,0,0,0,0,mobile,Web,India,Bihar,google,organic,0.0,1,1,session_only
1638144.4200769207,4201661797,2020-11-21,1,1,0,0,0,0,mobile,Android,United States,Texas,<Other>,referral,0.0,2,2,view_item
7249294.5196553714,115068751,2021-01-08,1,0,0,0,0,0,mobile,Web,United States,Colorado,google,organic,0.0,1,1,session_only
7578795.9716214206,8705669083,2020-11-19,1,1,0,0,0,0,desktop,Web,United States,California,google,cpc,0.0,4,2,view_item
29329921.1682835265,7700069132,2020-11-05,1,1,0,1,1,1,desktop,Web,Canada,Saskatchewan,google,cpc,86.64,25,6,purchase
30049059.8477208800,2346984757,2021-01-09,1,0,0,0,0,0,desktop,Macintosh,India,Gujarat,(direct),(none),0.0,1,1,session_only
4802522.0709697058,4772023325,2020-12-27,1,0,0,0,0,0,desktop,Windows,France,Normandy,shop.googlemerchandisestore.com,referral,0.0,1,1,session_only
78709873.7760479601,6321324807,2021-01-06,1,0,0,0,0,0,desktop,Macintosh,United Kingdom,England,google,organic,0.0,1,1,session_only
5008132.1228114961,6770604237,2021-01-15,1,0,0,0,0,0,mobile,iOS,United States,California,<Other>,<Other>,0.0,1,1,session_only
89012859.1319150111,9826336393,2020-11-07,1,0,0,0,0,0,desktop,Web,United States,Virginia,google,organic,0.0,1,1,session_only
26198028.7264411919,6842172200,2020-12-20,1,0,0,0,0,0,desktop,Web,Canada,Quebec,<Other>,referral,0.0,1,1,session_only
11677998.3685150844,9576485238,2021-01-07,1,1,0,1,1,1,desktop,Web,United States,California,(data deleted),(data deleted),63.2,9,6,purchase
57373992.7962075360,5995936602,2020-11-12,1,0,0,0,0,0,mobile,Web,United States,California,(data deleted),(data deleted),0.0,1,1,session_only
31645810.1799328841,3854592504,2021-01-08,1,0,0,0,0,0,mobile,iOS,Poland,Masovian Voivodeship,<Other>,<Other>,0.0,1,1,session_only
9196917.7838219956,1170759111,2021-01-29,1,1,1,1,1,1,mobile,iOS,Poland,Lower Silesian Voivodeship,<Other>,<Other>,0.0,29,6,purchase
15299972.2598962510,5364743650,2021-01-29,1,1,0,0,0,0,desktop,Web,India,Karnataka,<Other>,referral,0.0,2,2,view_item
13514937.5999371679,897480873,2021-01-30,1,0,0,0,0,0,desktop,Web,South Korea,Gyeongsangnam-do,(data deleted),(data deleted),0.0,1,1,session_only
18205351.2340926909,6771329580,2020-12-26,1,0,0,0,0,0,desktop,Web,Cambodia,Phnom Penh,google,organic,0.0,1,1,session_only
53846627.4168481938,6410839820,2020-11-29,1,1,0,0,0,0,mobile,Android,United States,Hawaii,shop.googlemerchandisestore.com,referral,0.0,2,2,view_item
90407770.5616441496,5658499778,2021-01-02,1,0,0,0,0,0,desktop,Windows,Taiwan,Taichung City,google,organic,0.0,1,1,session_only
58834667.2703972369,5822436194,2021-01-27,1,0,0,0,0,0,tablet,Web,Poland,Greater Poland Voivodeship,<Other>,referral,0.0,1,1,session_only
11301072.7545471382,3768467225,2020-12-29,1,0,0,0,0,0,mobile,Web,United States,Michigan,google,organic,0.0,1,1,session_only
6233024.2036450431,1449849455,2020-12-28,1,1,0,0,0,0,mobile,Android,United States,Delaware,(direct),(none),0.0,2,2,view_item
3499904921.2135457198,5830492623,2020-12-14,1,0,0,0,0,0,mobile,iOS,Colombia,Bogota,google,organic,0.0,1,1,session_only
5309917.0657664906,4169808571,2020-11-05,1,0,0,0,0,0,desktop,Web,United States,(not set),<Other>,<Other>,0.0,1,1,session_only
6000736.0323524507,1085915639,2020-12-20,0,1,0,0,0,0,mobile,Android,Indonesia,(not set),shop.googlemerchandisestore.com,referral,0.0,2,2,view_item
8323308.9192996389,7334783025,2020-11-23,1,0,0,0,0,0,mobile,Web,United States,Rhode Island,<Other>,<Other>,0.0,1,1,session_only
1236310.1115500164,1661379051,2021-01-15,1,1,0,0,0,0,desktop,Web,Taiwan,New Taipei City,shop.googlemerchandisestore.com,referral,0.0,2,2,view_item
2026680.8960866540,3422002194,2020-12-01,1,0,0,0,0,0,desktop,Web,Australia,New South Wales,shop.googlemerchandisestore.com,referral,0.0,1,1,session_only
8309008.7586093827,4074898782,2020-12-17,1,0,0,0,0,0,desktop,Macintosh,United States,Missouri,(direct),(none),0.0,1,1,session_only
25430280.4299758495,80284205,2020-12-20,1,1,0,0,0,0,mobile,Web,Singapore,(not set),<Other>,<Other>,0.0,6,2,view_item
29180769.8822209290,2555080830,2021-01-17,1,0,0,0,0,0,desktop,Windows,Mexico,Veracruz,google,organic,0.0,1,1,session_only
7844487.6014180652,5390507995,2020-11-16,1,0,0,0,0,0,mobile,iOS,India,Karnataka,(direct),(none),0.0,1,1,session_only
37153323.3486084846,9595578977,2021-01-13,1,0,0,0,0,0,desktop,Web,United States,Tennessee,<Other>,<Other>,0.0,1,1,session_only
9549207.6199490185,211829790,2020-12-26,1,0,0,0,0,0,mobile,Web,India,Delhi,shop.googlemerchandisestore.com,referral,0.0,1,1,session_only
90683843.9181054269,3999696960,2020-12-28,1,1,1,0,0,0,desktop,Web,Philippines,Metro Manila,(direct),(none),0.0,6,3,add_to_cart
21637996.8854305430,2379678923,2020-12-25,1,0,0,0,0,0,mobile,iOS,Turkey,(not set),<Other>,<Other>,0.0,1,1,session_only
50534669.9556319506,5937696478,2021-01-19,1,1,0,0,0,0,mobile,iOS,Spain,Andalusia,<Other>,<Other>,0.0,2,2,view_item
2155647.5373862902,6571748863,2021-01-07,1,0,0,0,0,0,desktop,Windows,United States,Ohio,shop.googlemerchandisestore.com,referral,0.0,1,1,session_only
4413591.1890262517,6587544202,2020-12-20,1,0,0,0,0,0,mobile,Web,United States,Pennsylvania,google,organic,0.0,1,1,session_only
78631807.7396893364,9329522525,2020-11-21,1,0,0,0,0,0,desktop,Macintosh,Sweden,Stockholm County,<Other>,referral,0.0,1,1,session_only
55787885.3029484602,2518542233,2020-11-14,1,1,0,0,0,0,mobile,iOS,Indonesia,Jakarta,(direct),(none),0.0,2,2,view_item
6370605.3533225386,3484061917,2021-01-06,1,0,0,0,0,0,mobile,Web,Indonesia,Jakarta,<Other>,referral,0.0,1,1,session_only
21643716.8767641105,1616710288,2020-12-14,1,1,0,0,0,0,desktop,Web,Brazil,State of Santa Catarina,<Other>,<Other>,0.0,3,2,view_item
8742362.5739636099,9863881931,2021-01-10,1,0,0,0,0,0,mobile,Web,Malaysia,Federal Territory of Kuala Lumpur,(direct),(none),0.0,1,1,session_only
4212887.1242233673,202151533,2021-01-28,1,0,0,0,0,0,desktop,Web,United States,Michigan,google,organic,0.0,1,1,session_only
31903614.8832440737,189774935,2020-12-17,1,1,0,1,1,1,desktop,Windows,United States,Washington,shop.googlemerchandisestore.com,referral,0.0,13,6,purchase
64557701.8238235387,2104429180,2021-01-25,1,1,0,0,0,0,desktop,Web,United States,Idaho,(data deleted),(data deleted),0.0,2,2,view_item
7919134.3643446209,4303272851,2020-11-12,1,0,0,0,0,0,desktop,Web,Vietnam,(not set),(data deleted),(data deleted),0.0,1,1,session_only
61602383.6850225018,6010877336,2021-01-23,1,0,0,0,0,0,mobile,Web,United States,Illinois,google,organic,0.0,1,1,session_only
2505645.7799851724,6492017653,2021-01-08,1,0,0,0,0,0,mobile,Android,Spain,Catalonia,<Other>,referral,0.0,1,1,session_only
37348277.3778348202,2308415584,2020-12-17,1,0,0,0,0,0,desktop,Web,United States,Utah,<Other>,referral,0.0,1,1,session_only
5409148.2144221402,9949694707,2021-01-18,1,1,0,0,0,0,desktop,Macintosh,United States,Texas,<Other>,referral,0.0,2,2,view_item
90544735.0149811314,1727924436,2021-01-08,1,1,1,1,1,1,desktop,Windows,France,Auvergne-Rhone-Alpes,(direct),(none),0.0,33,6,purchase
11549175.4812589954,9216453846,2021-01-17,1,0,0,0,0,0,desktop,Web,Italy,Apulia,<Other>,<Other>,0.0,1,1,session_only
2195306.2495333511,6880818926,2021-01-15,1,0,0,0,0,0,desktop,Web,Peru,(not set),google,organic,0.0,1,1,session_only
8409802.3139389758,9803765826,2021-01-04,1,0,0,0,0,0,desktop,Windows,Switzerland,St. Gallen,<Other>,referral,0.0,1,1,session_only
23583232.1791384912,4737951591,2021-01-18,1,0,0,0,0,0,desktop,Web,United States,California,<Other>,<Other>,0.0,1,1,session_only
3271001.8186954384,1215093152,2020-11-10,1,1,0,0,0,0,mobile,Web,United States,New Jersey,google,organic,0.0,2,2,view_item
5893087.6233194905,8597761443,2020-12-28,1,0,0,0,0,0,desktop,<Other>,United States,Virginia,google,organic,0.0,1,1,session_only
12306432.7939489449,7889525316,2020-12-04,1,0,0,0,0,0,mobile,Android,Italy,Campania,(data deleted),(data deleted),0.0,1,1,session_only
45921305.2732915391,8270243357,2020-11-10,1,1,0,0,0,0,desktop,<Other>,United States,Kentucky,<Other>,<Other>,0.0,2,2,view_item
28841695.5258300464,9655412919,2020-11-26,1,1,0,0,0,0,mobile,Web,Germany,Bavaria,<Other>,<Other>,0.0,2,2,view_item
5778164.3889773317,5921169179,2020-11-09,1,0,0,0,0,0,desktop,<Other>,United States,Georgia,(direct),(none),0.0,1,1,session_only
2811619.1066963196,1982802153,2021-01-09,1,0,0,0,0,0,desktop,Web,United States,California,(direct),(none),0.0,1,1,session_only
91315599.4575189701,7896409005,2021-01-08,1,1,1,0,0,0,mobile,iOS,India,Uttar Pradesh,(data deleted),(data deleted),0.0,3,3,add_to_cart
7142636.0025478373,8684353196,2020-12-20,1,0,0,0,0,0,tablet,Android,Hong Kong,(not set),<Other>,referral,0.0,1,1,session_only
3169195.7953388839,8602481949,2021-01-03,1,0,0,0,0,0,desktop,Web,Canada,Quebec,shop.googlemerchandisestore.com,referral,0.0,1,1,session_only
80041864.0490284375,2568612811,2020-11-16,1,1,0,1,1,1,tablet,Web,Czechia,South Moravian Region,(direct),(none),33.8,20,6,purchase
90403807.8821482902,2829018331,2020-12-01,1,1,0,0,0,0,mobile,Web,Ireland,County Dublin,google,organic,0.0,2,2,view_item
5326752.0333570762,1505351502,2020-11-24,1,1,0,1,1,0,mobile,Android,United States,California,google,organic,0.0,5,5,add_payment
6819222.3977728196,8102756353,2021-01-07,1,1,0,0,0,0,desktop,Windows,United States,(not set),google,organic,0.0,5,2,view_item
1671649.6373000094,2565986272,2020-12-23,1,0,0,0,0,0,mobile,Web,United States,Pennsylvania,google,cpc,0.0,1,1,session_only
55527143.2607320034,1914928338,2020-12-17,1,0,0,0,0,0,desktop,Macintosh,France,Ile-de-France,(direct),(none),0.0,1,1,session_only
11778095.4777845088,9722008291,2020-11-15,1,0,0,0,0,0,desktop,Web,United States,California,(direct),(none),0.0,1,1,session_only
6948012.9754264018,3315126743,2020-12-14,1,1,0,1,1,1,mobile,iOS,United States,California,<Other>,referral,83.2,40,6,purchase
2466243.9411004607,2083667777,2021-01-09,1,0,0,0,0,0,desktop,Windows,Thailand,(not set),(direct),(none),0.0,1,1,session_only
84335033.3224004792,6465998098,2020-12-04,1,0,0,0,0,0,desktop,Windows,United States,Texas,<Other>,<Other>,0.0,1,1,session_only
84638363.0079408381,4479276309,2021-01-04,1,0,0,0,0,0,desktop,Web,United States,(not set),google,organic,0.0,1,1,session_only
61312024.6452985815,1646945206,2021-01-06,1,0,0,0,0,0,desktop,Windows,United Kingdom,England,google,organic,0.0,1,1,session_only
20277552.1459762172,1962101749,2020-12-20,1,0,0,0,0,0,desktop,Web,United States,California,(data deleted),(data deleted),0.0,1,1,session_only
60304773.1030019476,7499060072,2020-12-28,1,1,0,1,1,1,mobile,Web,United States,New York,google,organic,0.0,26,6,purchase
2433029.8618132062,816582342,2020-11-09,1,0,0,0,0,0,desktop,Web,Germany,North Rhine-Westphalia,shop.googlemerchandisestore.com,referral,0.0,1,1,session_only
66139592.8255034069,3689494199,2021-01-19,1,0,0,0,0,0,desktop,Web,Spain,Catalonia,google,organic,0.0,1,1,session_only
76395841.6081861658,3948045623,2021-01-25,1,0,0,0,0,0,desktop,Windows,United States,California,google,organic,0.0,1,1,session_only
7708147.3020368138,772784105,2020-11-12,1,0,0,0,0,0,desktop,Macintosh,United States,New York,shop.googlemerchandisestore.com,referral,0.0,1,1,session_only
6843784881.9346077077,9214679653,2020-12-29,1,0,0,0,0,0,desktop,Windows,Canada,Ontario,<Other>,<Other>,0.0,1,1,session_only
8026395.1865002498,2184759363,2021-01-26,1,1,0,0,0,0,desktop,Web,Canada,Quebec,<Other>,organic,0.0,2,2,view_item
54192045.1349815191,6402044389,2020-11-23,1,0,0,0,0,0,tablet,Web,India,Uttar Pradesh,<Other>,<Other>,0.0,1,1,session_only
88620478.1321479802,6681913121,2020-12-31,1,0,0,0,0,0,desktop,Web,Ecuador,(not set),<Other>,<Other>,0.0,1,1,session_only
1735324.3249399275,7785713401,2020-12-29,1,0,0,0,0,0,desktop,Web,United States,Wisconsin,shop.googlemerchandisestore.com,referral,0.0,1,1,session_only
4192301.4126714035,6801577542,2021-01-02,1,0,0,0,0,0,mobile,iOS,United States,New York,google,organic,0.0,1,1,session_only
7668287.6909784405,4368423921,2020-11-16,1,1,0,1,1,1,desktop,Web,United States,New York,google,organic,38.4,7,6,purchase
4159300753.9493082725,7823172,2021-01-07,1,0,0,0,0,0,desktop,Windows,Switzerland,Zurich,(direct),(none),0.0,1,1,session_only
18112008.3072210510,3873048936,2020-11-21,1,0,0,0,0,0,mobile,iOS,India,Bihar,google,cpc,0.0,1,1,session_only
12497301.7498735828,1413624733,2021-01-23,1,0,0,0,0,0,desktop,Web,Portugal,Lisbon,<Other>,referral,0.0,1,1,session_only
27745531.7667744750,7263816610,2020-11-26,1,1,0,0,0,0,mobile,Web,United States,Kansas,<Other>,organic,0.0,2,2,view_item
90293446.4495371348,1914115437,2020-12-17,1,0,0,0,0,0,mobile,iOS,India,Maharashtra,google,organic,0.0,1,1,session_only
46416001.0424810423,5457348962,2020-11-10,1,1,0,0,0,0,desktop,Web,United States,Texas,<Other>,organic,0.0,3,2,view_item
85261113.1115647359,7860446354,2020-11-05,1,0,0,0,0,0,mobile,Web,Peru,(not set),(direct),(none),0.0,1,1,session_only
77984632.8954034440,8729973188,2021-01-09,1,0,0,0,0,0,desktop,Web,Turkey,(not set),(direct),(none),0.0,1,1,session_only
2481861.7771149000,7049574775,2021-01-10,1,1,0,0,0,0,mobile,iOS,United States,Arizona,(direct),(none),0.0,5,2,view_item
65628883.5027931894,8550716712,2021-01-11,1,0,0,0,0,0,mobile,Web,India,Odisha,(direct),(none),0.0,1,1,session_only
58898763.2704789701,1999987952,2021-01-13,1,0,0,0,0,0,desktop,Web,Germany,North Rhine-Westphalia,(direct),(none),0.0,1,1,session_only
5157888.7472869085,4969127937,2020-12-24,1,1,1,1,1,1,desktop,Web,United States,California,(data deleted),(data deleted),0.0,40,6,purchase
8043096.1910676743,2742879245,2020-11-10,1,0,0,0,0,0,desktop,Web,United Kingdom,England,<Other>,<Other>,0.0,1,1,session_only
83398159.0204417727,2311430107,2020-12-17,1,0,0,0,0,0,mobile,iOS,Netherlands,Limburg,(direct),(none),0.0,1,1,session_only
33144575.6116247832,1149120472,2021-01-15,1,0,0,0,0,0,tablet,Web,Sri Lanka,Western Province,shop.googlemerchandisestore.com,referral,0.0,1,1,session_only
87920149.1864141782,4293989643,2020-11-24,1,0,0,0,0,0,desktop,Macintosh,Canada,Ontario,(direct),(none),0.0,1,1,session_only
80080856.6497002185,5635550437,2020-12-29,1,0,0,0,0,0,desktop,Web,Spain,Catalonia,shop.googlemerchandisestore.com,referral,0.0,1,1,session_only
23126586.2204605338,3111771195,2020-12-27,1,0,0,0,0,0,tablet,iOS,United States,Ohio,shop.googlemerchandisestore.com,referral,0.0,1,1,session_only
89444977.6651561866,2383228133,2021-01-29,1,0,0,0,0,0,desktop,Web,United Kingdom,England,google,organic,0.0,1,1,session_only
1581756.3252748534,382472438,2020-11-26,1,0,0,0,0,0,mobile,Android,Canada,Nova Scotia,google,organic,0.0,1,1,session_only
7812695.2978266856,1645307206,2020-11-23,1,1,0,0,0,0,desktop,Web,Canada,British Columbia,(direct),(none),0.0,2,2,view_item
38376657.3354293787,1772467150,2020-12-17,1,0,0,0,0,0,desktop,Windows,Spain,Madrid,<Other>,<Other>,0.0,1,1,session_only
8794192.7023078028,6150072235,2020-11-23,1,0,0,0,0,0,desktop,Web,Ireland,County Cork,(direct),(none),0.0,1,1,session_only
5155006.8683332448,5282377894,2021-01-13,1,0,0,0,0,0,desktop,Web,United Kingdom,Scotland,google,organic,0.0,1,1,session_only
31975975.9569710134,9895174332,2021-01-12,1,0,0,0,0,0,desktop,Web,United States,New York,<Other>,<Other>,0.0,1,1,session_only
1728989.8019338259,661692275,2020-12-14,1,0,0,0,0,0,desktop,Web,Switzerland,Vaud,google,organic,0.0,1,1,session_only
1458425576.6925822912,1272719632,2020-12-04,1,1,0,0,0,0,desktop,Web,United States,New York,google,organic,0.0,4,2,view_item
9095232.2378756239,2545235437,2021-01-28,1,0,0,0,0,0,desktop,Web,New Zealand,Auckland,<Other>,<Other>,0.0,1,1,session_only
9167507238.6048592510,4336508234,2020-12-23,1,0,0,0,0,0,desktop,Web,Brazil,State of Santa Catarina,<Other>,referral,0.0,1,1,session_only
4997326.4756259004,3965614287,2020-12-23,1,1,0,1,1,1,mobile,Web,Spain,Valencian Community,google,organic,19.2,8,6,purchase
37225948.5057818407,5200905567,2020-12-14,1,0,0,0,0,0,desktop,Web,Australia,Western Australia,shop.googlemerchandisestore.com,referral,0.0,1,1,session_only
90041311.2041537480,5024898400,2020-11-19,1,0,0,0,0,0,desktop,Web,United States,Massachusetts,google,organic,0.0,1,1,session_only
4820962.3302746255,2308847792,2020-11-10,1,0,0,0,0,0,desktop,Web,United States,California,shop.googlemerchandisestore.com,referral,0.0,1,1,session_only
39091489.0228629593,501201465,2020-12-21,1,0,0,0,0,0,desktop,Web,United States,Virginia,shop.googlemerchandisestore.com,referral,0.0,1,1,session_only
88834950.9187575343,4737099642,2021-01-25,1,0,0,0,0,0,mobile,Android,South Korea,Gyeonggi-do,(direct),(none),0.0,1,1,session_only
4040287.7226508684,573837624,2021-01-24,1,1,1,1,1,1,mobile,Android,Netherlands,North Brabant,google,organic,0.0,32,6,purchase
1136990.2710054131,6346716008,2021-01-08,1,0,0,0,0,0,mobile,iOS,United States,Massachusetts,<Other>,referral,0.0,1,1,session_only
55002300.9025496492,8632358441,2021-01-20,1,1,1,1,1,1,desktop,Web,United States,Massachusetts,<Other>,<Other>,17.6,22,6,purchase
46990014.9380825367,5452507228,2020-12-21,1,0,0,0,0,0,mobile,Android,India,Uttar Pradesh,<Other>,referral,0.0,1,1,session_only
85868485.0505051146,5489812044,2020-11-07,1,0,0,0,0,0,desktop,Web,Switzerland,Zurich,(data deleted),(data deleted),0.0,1,1,session_only
50400500.4232950772,3971234421,2021-01-27,1,0,0,0,0,0,desktop,Web,United States,Ohio,google,organic,0.0,1,1,session_only
78818033.3639621599,7405586434,2021-01-25,1,0,0,0,0,0,desktop,Macintosh,United States,District of Columbia,google,organic,0.0,1,1,session_only
48701037.5324879547,6405764223,2020-11-19,1,1,0,0,0,0,mobile,iOS,United States,Connecticut,google,organic,0.0,2,2,view_item
85359676.8060209084,199477074,2020-12-04,1,0,0,0,0,0,desktop,Web,India,Kerala,(data deleted),(data deleted),0.0,1,1,session_only
76734207.4984595139,2885854882,2020-12-26,1,0,0,0,0,0,desktop,Web,(not set),(not set),google,organic,0.0,1,1,session_only
5060728.9783435828,2425255657,2021-01-11,1,1,0,0,0,0,desktop,Web,United States,Connecticut,shop.googlemerchandisestore.com,referral,0.0,4,2,view_item
5465595.1199766759,1015419412,2021-01-17,1,0,0,0,0,0,mobile,iOS,Canada,Ontario,google,organic,0.0,1,1,session_only
83380787.6338088119,5395901739,2020-11-16,1,0,0,0,0,0,desktop,Web,India,Maharashtra,<Other>,referral,0.0,1,1,session_only
12693346.1870514136,6934495524,2021-01-17,1,0,0,0,0,0,desktop,Web,United States,Georgia,<Other>,<Other>,0.0,1,1,session_only
14670836.5443476050,7752339743,2021-01-20,1,1,0,1,1,1,mobile,iOS,United States,Texas,(data deleted),(data deleted),92.8,14,6,purchase
41904869.3591068741,2675277152,2021-01-30,1,0,0,0,0,0,desktop,Web,United States,California,google,organic,0.0,1,1,session_only
9716006.0072211311,6926420363,2021-01-29,1,1,0,0,0,0,desktop,Macintosh,United States,Maryland,google,organic,0.0,2,2,view_item
60067158.9754150018,1604787392,2021-01-20,1,1,0,0,0,0,desktop,Windows,United States,Florida,<Other>,referral,0.0,3,2,view_item
75611414.7949596702,3341410954,2020-11-20,1,1,0,1,1,1,mobile,Web,United States,New Jersey,(direct),(none),0.0,17,6,purchase
4320938.1446655819,6807311512,2020-11-11,1,1,0,0,0,0,mobile,iOS,Canada,Ontario,google,organic,0.0,2,2,view_item
78091932.1682067766,7191331350,2021-01-20,1,1,1,1,1,1,desktop,Windows,Italy,Campania,(data deleted),(data deleted),95.44,41,6,purchase
44498429.4359432354,3481471911,2021-01-04,1,1,1,0,0,0,mobile,Android,United States,Iowa,(direct),(none),0.0,3,3,add_to_cart
1466611317.1423034266,2759920738,2021-01-04,1,0,0,0,0,0,mobile,Android,United States,Virginia,(direct),(none),0.0,1,1,session_only
5773693.3114460108,4239621709,2021-01-17,1,0,0,0,0,0,desktop,Web,Taiwan,Taiwan Province,(direct),(none),0.0,1,1,session_only
7429262443.7447060717,1650270595,2020-11-24,1,0,0,0,0,0,desktop,Macintosh,India,Uttar Pradesh,google,organic,0.0,1,1,session_only
24466258.8329158546,8383815064,2020-12-28,1,0,0,0,0,0,mobile,iOS,United States,Massachusetts,(direct),(none),0.0,1,1,session_only
6936445.4784435164,7238177087,2020-12-20,1,1,0,0,0,0,desktop,Web,United States,California,google,organic,0.0,3,2,view_item
89656866.9555704885,329776561,2020-11-20,1,0,0,0,0,0,desktop,Macintosh,United States,California,(data deleted),(data deleted),0.0,1,1,session_only
44084568.7911238384,5539920535,2020-12-17,1,0,0,0,0,0,desktop,Windows,Pakistan,Punjab,google,organic,0.0,1,1,session_only
1174292.5811368445,5027591430,2020-12-14,1,0,0,0,0,0,mobile,Web,Colombia,(not set),(direct),(none),0.0,1,1,session_only
6825956.4082785376,3723322888,2021-01-25,1,1,1,0,0,0,desktop,Web,United States,Tennessee,google,organic,0.0,7,3,add_to_cart
10942596.2476960799,5157902958,2020-12-24,1,0,0,0,0,0,desktop,Macintosh,United States,California,(direct),(none),0.0,1,1,session_only
86423744.5958204957,1868286601,2021-01-06,1,0,0,0,0,0,desktop,Windows,United Arab Emirates,Dubai,<Other>,referral,0.0,1,1,session_only
89102618.6235603958,8934153449,2020-12-21,1,0,0,0,0,0,desktop,Web,Italy,Veneto,<Other>,<Other>,0.0,1,1,session_only
8032548.0714369306,9803126724,2020-11-24,1,0,0,0,0,0,desktop,Web,United States,Tennessee,google,cpc,0.0,1,1,session_only
82415899.8544340476,1824751986,2020-11-24,1,0,0,0,0,0,mobile,Web,United States,Michigan,<Other>,<Other>,0.0,1,1,session_only
6596790.8631154198,1708635038,2020-12-04,1,0,0,0,0,0,desktop,Web,Mexico,(not set),google,cpc,0.0,1,1,session_only
23198225.8638553423,4354698681,2021-01-04,1,0,0,0,0,0,desktop,Windows,United States,California,google,organic,0.0,1,1,session_only
88006628.9247410450,5842464554,2020-11-02,1,1,0,1,0,0,desktop,Web,United States,New York,(direct),(none),0.0,60,4,begin_checkout
7540555757.1737834338,3597045464,2021-01-07,1,0,0,0,0,0,desktop,Web,United States,Florida,<Other>,referral,0.0,1,1,session_only
84164695.9377083921,3476660969,2021-01-08,1,1,0,1,1,1,desktop,Web,United States,California,<Other>,<Other>,47.5,8,6,purchase
18314847.0680589744,6392681528,2020-11-17,1,0,0,0,0,0,mobile,iOS,Trinidad & Tobago,(not set),shop.googlemerchandisestore.com,referral,0.0,1,1,session_only
58752341.0735594333,466459847,2020-11-29,1,0,0,0,0,0,mobile,Web,Australia,Victoria,<Other>,<Other>,0.0,1,1,session_only
1295660.4756624412,9027603556,2021-01-19,1,0,0,0,0,0,mobile,Web,Mexico,Mexico City,<Other>,<Other>,0.0,1,1,session_only
7252836.8915637789,5601127802,2021-01-06,1,0,0,0,0,0,desktop,Web,United States,Texas,google,organic,0.0,1,1,session_only
87308948.0266554093,1816946184,2020-11-12,1,0,0,0,0,0,desktop,Macintosh,South Africa,(not set),google,cpc,0.0,1,1,session_only
7979098.3662381495,9682146591,2020-12-31,1,0,0,0,0,0,desktop,Web,Brazil,Federal District,(direct),(none),0.0,1,1,session_only
15075039.5964168032,3765191818,2021-01-16,1,0,0,0,0,0,mobile,Web,Belgium,Flanders,shop.googlemerchandisestore.com,referral,0.0,1,1,session_only
6589602.5080017146,9138359029,2020-12-04,1,1,0,0,0,0,desktop,Windows,United States,Georgia,(direct),(none),0.0,3,2,view_item
59828151.9201641647,6438904615,2020-12-30,1,0,0,0,0,0,desktop,Windows,United States,Arkansas,(direct),(none),0.0,1,1,session_only
7664453.5580596206,5607547426,2020-11-29,1,0,0,0,0,0,mobile,Web,United States,Georgia,<Other>,<Other>,0.0,1,1,session_only
1927314.3450112313,8054406150,2020-11-07,1,0,0,0,0,0,mobile,iOS,India,Karnataka,google,organic,0.0,1,1,session_only
75828138.3690884503,4000375570,2021-01-16,1,1,0,0,0,0,mobile,iOS,Chile,Santiago Metropolitan Region,(direct),(none),0.0,4,2,view_item
79437846.7966348856,8758704398,2020-12-17,1,1,1,1,1,1,mobile,Android,India,Gujarat,(direct),(none),139.12,84,6,purchase
1561053.3911726952,22759485,2021-01-03,1,0,0,0,0,0,mobile,Web,United States,California,(data deleted),(data deleted),0.0,1,1,session_only
3094246.4261048676,3763800888,2021-01-25,1,0,0,0,0,0,desktop,Web,Mexico,Nuevo Leon,<Other>,<Other>,0.0,1,1,session_only
1776605.7004443972,3139297948,2021-01-27,1,0,0,0,0,0,desktop,Web,Taiwan,Taipei City,google,organic,0.0,1,1,session_only
35652546.0591198877,1673585173,2020-12-30,1,0,0,0,0,0,mobile,iOS,India,Telangana,google,organic,0.0,1,1,session_only
2883951084.4043536280,9610684976,2021-01-08,1,1,0,0,0,0,mobile,iOS,India,Maharashtra,google,organic,0.0,2,2,view_item
3268862.3173694017,4151275426,2021-01-30,1,1,1,1,1,1,mobile,Web,United States,Pennsylvania,shop.googlemerchandisestore.com,referral,0.0,21,6,purchase
8217812.4276383724,1383292729,2020-11-24,1,0,0,0,0,0,desktop,Macintosh,Mexico,Mexico City,google,organic,0.0,1,1,session_only
7908833187.1306112361,5854282547,2020-11-08,1,0,0,0,0,0,mobile,iOS,Canada,Ontario,(direct),(none),0.0,1,1,session_only
52947618.3294329442,5070437387,2021-01-16,1,0,0,0,0,0,mobile,Web,Canada,Ontario,google,organic,0.0,1,1,session_only
31930639.5400543202,2167528119,2021-01-24,1,0,0,0,0,0,desktop,Web,France,Ile-de-France,google,cpc,0.0,1,1,session_only
67909244.6842964439,4640742602,2020-12-26,1,0,0,0,0,0,mobile,iOS,India,Rajasthan,(direct),(none),0.0,1,1,session_only
5002787.9583537280,9980240695,2020-11-24,1,1,0,1,1,1,mobile,Web,Taiwan,Taiwan Province,(data deleted),(data deleted),0.0,12,6,purchase
50963639.3470804719,389198107,2020-11-24,1,0,0,0,0,0,desktop,Web,Canada,Saskatchewan,(direct),(none),0.0,1,1,session_only
6917429.1078971419,854071682,2020-11-24,1,0,0,0,0,0,desktop,Web,Chile,Santiago Metropolitan Region,<Other>,referral,0.0,1,1,session_only
82790046.1686536183,597908335,2020-11-26,1,1,1,1,1,1,mobile,Android,United States,California,(direct),(none),0.0,19,6,purchase
1196539.3932621343,3077749999,2020-11-08,1,1,0,1,0,0,mobile,Web,United States,California,google,organic,0.0,5,4,begin_checkout
82999978.4791149714,4629941358,2020-12-04,1,0,0,0,0,0,tablet,Web,United States,California,shop.googlemerchandisestore.com,referral,0.0,1,1,session_only
3430501.9672601405,4447960354,2021-01-07,1,0,0,0,0,0,desktop,Web,South Korea,Gyeonggi-do,(direct),(none),0.0,1,1,session_only
55497666.7579830001,675633851,2020-11-26,1,1,0,0,0,0,mobile,Web,Australia,Queensland,google,organic,0.0,2,2,view_item
14723709.6955508493,126049585,2020-12-30,1,0,0,0,0,0,desktop,Windows,United States,Illinois,<Other>,referral,0.0,1,1,session_only
47809082.2700865658,2868353846,2020-12-19,1,1,0,1,1,1,desktop,Macintosh,Poland,Masovian Voivodeship,<Other>,<Other>,0.0,11,6,purchase
6514495.3148941594,6692695249,2020-11-05,1,0,0,0,0,0,desktop,Web,Spain,Andalusia,google,cpc,0.0,1,1,session_only
10011413.7444663505,6495587862,2020-11-02,1,0,0,0,0,0,desktop,Web,United States,Alabama,google,organic,0.0,1,1,session_only
71051654.7452617272,5116145098,2021-01-08,1,0,0,0,0,0,desktop,Web,United States,Virginia,(direct),(none),0.0,1,1,session_only
78490246.9506243725,6276461297,2020-11-11,1,0,0,0,0,0,desktop,Web,India,Tamil Nadu,google,organic,0.0,1,1,session_only
48556200.5751042361,8879788143,2021-01-09,1,0,0,0,0,0,desktop,Web,United States,Texas,(direct),(none),0.0,1,1,session_only
14431379.1668120073,4669355305,2020-12-04,1,1,0,0,0,0,mobile,Web,United States,California,<Other>,<Other>,0.0,2,2,view_item
2349749.6508625488,3606005923,2021-01-04,1,1,0,0,0,0,desktop,Web,Italy,Lazio,google,organic,0.0,3,2,view_item
74440244.4887081877,2915888237,2021-01-28,1,1,0,0,0,0,tablet,iOS,India,Karnataka,google,organic,0.0,2,2,view_item
61145313.5871571070,5831679932,2020-12-01,1,1,1,1,1,1,mobile,Web,Israel,Tel Aviv District,(direct),(none),38.4,23,6,purchase
6015585.2071151024,7424877162,2020-11-20,1,0,0,0,0,0,mobile,Web,Switzerland,Zurich,(direct),(none),0.0,1,1,session_only
51855284.6091510135,2536932616,2020-11-29,1,1,0,0,0,0,desktop,Windows,United States,California,google,organic,0.0,2,2,view_item
18940314.4887481623,7907740082,2020-12-21,1,0,0,0,0,0,mobile,Web,United States,Georgia,<Other>,<Other>,0.0,1,1,session_only
57777677.3880608044,9760771412,2020-12-04,1,0,0,0,0,0,tablet,iOS,Philippines,Metro Manila,(direct),(none),0.0,1,1,session_only
1767954.2053321950,4571649166,2020-12-20,1,0,0,0,0,0,desktop,Web,France,Provence-Alpes-Cote d'Azur,shop.googlemerchandisestore.com,referral,0.0,1,1,session_only
9286017.0464223784,3958007841,2020-11-29,1,0,0,0,0,0,desktop,Web,United States,California,google,organic,0.0,1,1,session_only
30379457.4597466225,8738404095,2021-01-11,1,1,0,0,0,0,desktop,Macintosh,Mexico,Mexico City,<Other>,<Other>,0.0,2,2,view_item
5991243.4330628197,4569932187,2021-01-19,1,0,0,0,0,0,desktop,Windows,United States,Wisconsin,(direct),(none),0.0,1,1,session_only
1883892.0303821881,4719507828,2021-01-09,1,0,0,0,0,0,mobile,Web,Canada,Quebec,google,organic,0.0,1,1,session_only
8385674.5946850628,8155579824,2020-12-19,1,0,0,0,0,0,tablet,Web,United States,(not set),<Other>,<Other>,0.0,1,1,session_only
6029891.3575227962,9093069228,2020-11-14,1,1,0,0,0,0,desktop,Web,India,Odisha,<Other>,<Other>,0.0,2,2,view_item
1477673.1682973285,2258516530,2021-01-20,1,1,1,1,1,1,mobile,Web,Malaysia,Johor,google,cpc,0.0,15,6,purchase
5497705.0483176805,7882026431,2020-12-21,1,0,0,0,0,0,mobile,Web,United States,Florida,<Other>,organic,0.0,1,1,session_only
52270471.7322294360,1348303628,2021-01-24,1,0,0,0,0,0,desktop,Web,Denmark,Central Denmark Region,<Other>,<Other>,0.0,1,1,session_only
31317913.8007637256,3802331612,2020-11-08,1,0,0,0,0,0,mobile,Android,China,Guangdong Province,(direct),(none),0.0,1,1,session_only
56887567.4719799125,9836953525,2021-01-20,1,0,0,0,0,0,desktop,Web,United States,Arizona,google,organic,0.0,1,1,session_only
3680421.4213771360,3877038449,2020-11-20,1,1,0,1,1,1,desktop,Web,India,Rajasthan,(direct),(none),92.64,25,6,purchase
4001242.9347395929,7380864529,2020-12-30,1,0,0,0,0,0,desktop,Web,United States,New York,google,organic,0.0,1,1,session_only
81665806.3052434557,7320304914,2021-01-12,1,0,0,0,0,0,desktop,Windows,United States,Pennsylvania,<Other>,referral,0.0,1,1,session_only
44708922.7227171753,9639475829,2021-01-20,1,0,0,0,0,0,desktop,Windows,United States,Virginia,shop.googlemerchandisestore.com,referral,0.0,1,1,session_only
75861618.0475891126,7968689626,2020-12-20,1,0,0,0,0,0,desktop,Web,India,Karnataka,(data deleted),(data deleted),0.0,1,1,session_only
18574166.5670947032,7624089347,2020-12-24,1,1,0,1,1,1,desktop,Macintosh,Australia,New South Wales,(data deleted),(data deleted),0.0,37,6,purchase
8992749.5867986999,9774984055,2020-12-25,1,1,1,1,1,1,mobile,iOS,United States,California,<Other>,referral,0.0,14,6,purchase
2075347418.2056431132,4940171900,2020-11-02,1,1,0,0,0,0,desktop,Web,India,Madhya Pradesh,<Other>,referral,0.0,5,2,view_item
2764830.9452028643,3812524245,2020-11-12,1,0,0,0,0,0,desktop,Macintosh,Hungary,Budapest,google,organic,0.0,1,1,session_only
81889373.4973255310,2827383986,2021-01-16,1,0,0,0,0,0,desktop,Web,United Kingdom,England,<Other>,referral,0.0,1,1,session_only
14639815.5446076171,3025450481,2020-12-04,1,0,0,0,0,0,mobile,Web,United States,Virginia,(direct),(none),0.0,1,1,session_only
3442489.8686924691,3539921203,2020-11-21,1,1,0,1,1,1,mobile,Web,United States,California,<Other>,referral,0.0,6,6,purchase
8634278.2723187365,306204742,2020-11-26,1,0,0,0,0,0,mobile,Web,Canada,Quebec,google,organic,0.0,1,1,session_only
8902065.3904170498,709611851,2020-11-20,1,0,0,0,0,0,mobile,Web,Hong Kong,(not set),<Other>,<Other>,0.0,1,1,session_only
6584092.0294181008,9389754552,2020-11-26,1,0,0,0,0,0,desktop,Web,Japan,(not set),<Other>,<Other>,0.0,1,1,session_only
22194564.4339209513,2573001539,2021-01-25,1,0,0,0,0,0,desktop,<Other>,United States,Pennsylvania,<Other>,<Other>,0.0,1,1,session_only
39940508.4423744968,3635942531,2020-11-02,1,0,0,0,0,0,mobile,iOS,Canada,Quebec,(data deleted),(data deleted),0.0,1,1,session_only
1700149.7886974810,9351333471,2020-11-15,1,0,0,0,0,0,desktop,Macintosh,United States,Iowa,google,organic,0.0,1,1,session_only
87100826.2061583108,5139037756,2020-11-11,1,1,0,1,1,1,mobile,Web,India,Maharashtra,(data deleted),(data deleted),604.8,10,6,purchase
59752367.8653126615,5663511299,2021-01-24,1,0,0,0,0,0,mobile,Web,Mexico,(not set),<Other>,referral,0.0,1,1,session_only
74346213.5153564024,6410776337,2021-01-15,1,0,0,0,0,0,mobile,iOS,Canada,Ontario,shop.googlemerchandisestore.com,referral,0.0,1,1,session_only
7576757.5213068778,4025599498,2020-11-08,1,1,0,0,0,0,desktop,Web,United States,Ohio,<Other>,referral,0.0,3,2,view_item
9034579.2386727358,1487054847,2020-11-29,1,0,0,0,0,0,desktop,Web,Brazil,State of Sao Paulo,(data deleted),(data deleted),0.0,1,1,session_only
9171363.4652716922,8988058044,2020-12-17,1,1,0,0,0,0,desktop,Web,United States,District of Columbia,shop.googlemerchandisestore.com,referral,0.0,2,2,view_item
1216066.8046547245,3908510403,2021-01-15,1,0,0,0,0,0,mobile,Android,United States,New Jersey,<Other>,<Other>,0.0,1,1,session_only
26519562.2001786042,4322408391,2020-12-21,1,1,1,1,1,1,desktop,Web,Japan,Tokyo,<Other>,organic,36.56,47,6,purchase
9508464.7057545548,7463007183,2021-01-25,1,0,0,0,0,0,mobile,Web,United States,Virginia,google,organic,0.0,1,1,session_only
6257536998.9870260084,5447121138,2020-11-12,1,0,0,0,0,0,desktop,Web,Israel,Tel Aviv District,<Other>,<Other>,0.0,1,1,session_only
1501294.5196815693,5547004740,2020-12-29,1,0,0,0,0,0,desktop,Macintosh,Romania,(not set),(direct),(none),0.0,1,1,session_only
5379051.4217596849,2317083212,2020-12-23,1,1,1,1,1,1,mobile,iOS,Pakistan,Sindh,google,organic,29.6,20,6,purchase
59685076.8997503121,6128617569,2020-12-25,1,0,0,0,0,0,mobile,Android,India,Delhi,(direct),(none),0.0,1,1,session_only
29381027.1692753380,6067217246,2020-12-25,1,0,0,0,0,0,desktop,Web,United Kingdom,England,(direct),(none),0.0,1,1,session_only
15474082.8873067764,7297517929,2020-12-01,1,0,0,0,0,0,desktop,Windows,United States,Florida,google,organic,0.0,1,1,session_only
61780520.2072520264,8061571603,2020-11-29,1,0,0,0,0,0,desktop,Web,Turkey,Istanbul,<Other>,referral,0.0,1,1,session_only
61747314.6213948375,1705470589,2021-01-09,1,0,0,0,0,0,desktop,Web,United States,Illinois,google,organic,0.0,1,1,session_only
7660782.0946158731,8511312516,2020-12-21,1,0,0,0,0,0,mobile,Android,Poland,(not set),<Other>,<Other>,0.0,1,1,session_only
86694551.9723184524,1380655233,2021-01-26,1,1,0,0,0,0,desktop,Macintosh,(not set),(not set),(direct),(none),0.0,2,2,view_item
23087602.6538997339,3571066788,2021-01-26,1,0,0,0,0,0,mobile,iOS,Switzerland,Zurich,(data deleted),(data deleted),0.0,1,1,session_only
5983009.7119136524,2073719573,2020-12-19,1,1,1,1,1,1,mobile,Web,United States,Wisconsin,(direct),(none),0.0,13,6,purchase
37550778.8915617379,2821356716,2020-11-09,1,0,0,0,0,0,mobile,iOS,United States,Illinois,(direct),(none),0.0,1,1,session_only
2517601.1792959754,2913856808,2021-01-11,1,1,0,0,0,0,desktop,Macintosh,Turkey,Istanbul,(direct),(none),0.0,2,2,view_item
6555825.9356561277,4446322328,2020-12-29,1,0,0,0,0,0,mobile,Web,Japan,Chiba,<Other>,referral,0.0,1,1,session_only
43139770.9421518497,9668125942,2020-11-19,1,0,0,0,0,0,mobile,iOS,United States,Virginia,shop.googlemerchandisestore.com,referral,0.0,1,1,session_only
5472252.1286319184,1818278470,2020-11-19,1,1,0,0,0,0,desktop,Windows,United States,Massachusetts,<Other>,<Other>,0.0,3,2,view_item
25633378.1133836718,8383368036,2020-12-28,1,1,1,1,1,1,desktop,Web,United States,Washington,google,organic,294.4,64,6,purchase
2162596.8395322819,6007169078,2020-11-16,1,0,0,0,0,0,desktop,Web,India,Gujarat,<Other>,<Other>,0.0,1,1,session_only
6192312.8387861398,1089529077,2020-11-26,1,0,0,0,0,0,mobile,Web,India,Maharashtra,google,organic,0.0,1,1,session_only
73497675.9720954301,7784964324,2021-01-11,1,1,1,1,1,1,mobile,Web,United Kingdom,England,(direct),(none),0.0,18,6,purchase
6251161.1012465458,7732408261,2021-01-31,1,1,1,1,1,0,desktop,Web,Canada,Ontario,<Other>,<Other>,0.0,26,5,add_payment
95727543.9093855692,3207513524,2021-01-11,1,0,0,0,0,0,desktop,Web,United States,California,(direct),(none),0.0,1,1,session_only
15852287.9911231282,4285550883,2020-12-14,1,0,0,0,0,0,mobile,Web,India,Karnataka,<Other>,<Other>,0.0,1,1,session_only
54013779.7785620582,5595159940,2021-01-30,1,0,0,0,0,0,desktop,Macintosh,United Kingdom,England,google,organic,0.0,1,1,session_only
5871829.7425898931,5614449589,2020-11-12,1,0,0,0,0,0,desktop,Web,Canada,Ontario,(direct),(none),0.0,1,1,session_only
53811695.8084112616,5527797632,2020-12-31,1,0,0,0,0,0,desktop,Windows,United States,Texas,<Other>,<Other>,0.0,1,1,session_only
78478358.7519376110,2579052811,2021-01-07,1,0,0,0,0,0,mobile,Android,United States,Hawaii,(direct),(none),0.0,1,1,session_only
64911190.9613511227,6902265424,2020-11-19,1,0,0,0,0,0,desktop,Web,United States,Minnesota,(direct),(none),0.0,1,1,session_only
13436986.4435256631,3887971393,2020-12-25,1,0,0,0,0,0,desktop,Windows,Ireland,(not set),<Other>,referral,0.0,1,1,session_only
3422147.9803144383,6543545528,2020-12-14,1,0,0,0,0,0,mobile,Web,Mexico,Mexico City,<Other>,referral,0.0,1,1,session_only
2069557.5121651845,1764994201,2020-12-17,1,0,0,0,0,0,desktop,Web,United States,Ohio,<Other>,referral,0.0,1,1,session_only
81173090.3241705390,7110304493,2020-12-19,1,0,0,0,0,0,mobile,Web,United States,Michigan,(direct),(none),0.0,1,1,session_only
4090592.3763536389,1489354276,2021-01-10,1,0,0,0,0,0,desktop,Web,United States,Florida,google,cpc,0.0,1,1,session_only
2347424.2112259476,2803453826,2020-12-17,1,0,0,0,0,0,desktop,Windows,Germany,Berlin,google,organic,0.0,1,1,session_only
16667014.0258483496,3333713965,2021-01-19,1,0,0,0,0,0,desktop,<Other>,India,West Bengal,shop.googlemerchandisestore.com,referral,0.0,1,1,session_only
1928695.7162504410,9445619328,2021-01-08,1,1,1,1,1,0,mobile,Web,Luxembourg,(not set),(direct),(none),0.0,10,5,add_payment
38187742.3289920481,1749388798,2020-12-25,1,0,0,0,0,0,tablet,Android,Indonesia,North Sumatra,<Other>,<Other>,0.0,1,1,session_only
61822327.8389296333,153279666,2020-11-08,1,0,0,0,0,0,mobile,Web,United States,California,<Other>,<Other>,0.0,1,1,session_only
48907950.3864926902,2484073030,2020-11-24,1,1,0,1,1,1,mobile,Web,India,Telangana,shop.googlemerchandisestore.com,referral,83.36,42,6,purchase
2239149.8751416921,7425219251,2020-12-21,1,1,0,0,0,0,mobile,Android,Singapore,(not set),(direct),(none),0.0,4,2,view_item
32058713.7813036499,8959553265,2020-11-02,1,1,0,0,0,0,desktop,Web,Spain,Galicia,shop.googlemerchandisestore.com,referral,0.0,3,2,view_item
77742634.8828855115,3727242361,2020-12-31,1,0,0,0,0,0,mobile,Web,South Korea,Seoul,(direct),(none),0.0,1,1,session_only
57276316.2288195402,9306052203,2020-12-23,1,0,0,0,0,0,desktop,Web,United States,Georgia,<Other>,organic,0.0,1,1,session_only
91518233.2791103693,2243068640,2020-11-02,1,1,0,1,1,1,mobile,Android,Canada,Quebec,(direct),(none),156.56,50,6,purchase
76239377.1271611188,9582634505,2021-01-04,1,0,0,0,0,0,mobile,iOS,Poland,Masovian Voivodeship,google,organic,0.0,1,1,session_only
8894384.6946047322,9555688386,2020-11-17,1,0,0,0,0,0,desktop,Web,United States,California,(direct),(none),0.0,1,1,session_only
8726938961.1831812745,7923438372,2021-01-11,1,0,0,0,0,0,desktop,Macintosh,United States,California,(direct),(none),0.0,1,1,session_only
78485345.8336413974,3444805667,2021-01-08,1,0,0,0,0,0,desktop,Web,India,Telangana,(direct),(none),0.0,1,1,session_only
27946137.0947598548,2380778044,2020-11-02,1,1,0,0,0,0,desktop,Windows,Canada,Ontario,google,cpc,0.0,5,2,view_item
5182806.9637090640,7885421688,2020-11-21,1,0,0,0,0,0,desktop,Windows,United States,California,google,organic,0.0,1,1,session_only
88746697.3716637387,980366191,2020-12-14,1,0,0,0,0,0,tablet,Web,United States,Colorado,google,organic,0.0,1,1,session_only
69932044.5609591929,8862636411,2021-01-13,1,1,1,0,0,0,mobile,Web,Colombia,Antioquia,(direct),(none),0.0,10,3,add_to_cart
2603715.5567367727,9542530971,2021-01-25,1,0,0,0,0,0,desktop,Macintosh,United States,South Carolina,(direct),(none),0.0,1,1,session_only
10370953.0742596222,2476826609,2020-11-11,1,0,0,0,0,0,desktop,Web,United States,Virginia,google,organic,0.0,1,1,session_only
22108833.6220967563,9443124226,2021-01-12,1,0,0,0,0,0,desktop,Web,Canada,Ontario,google,organic,0.0,1,1,session_only
6962622.4843368487,8207894027,2021-01-11,1,0,0,0,0,0,desktop,Web,Canada,Quebec,google,cpc,0.0,1,1,session_only
18436850.1563814150,7452435580,2020-11-02,1,0,0,0,0,0,desktop,Macintosh,United States,Wyoming,google,organic,0.0,1,1,session_only
5733944.3268809423,4339515106,2020-11-24,1,0,0,0,0,0,mobile,Web,Australia,New South Wales,<Other>,referral,0.0,1,1,session_only
7718071.5751716639,31967784,2020-11-09,1,0,0,0,0,0,desktop,Web,United States,California,google,organic,0.0,1,1,session_only
4202240.1647915108,6195321554,2020-11-02,1,1,0,0,0,0,desktop,Web,Singapore,(not set),<Other>,referral,0.0,3,2,view_item
25013749.8180436077,1698872939,2021-01-07,1,1,0,0,0,0,desktop,Windows,Canada,Ontario,google,organic,0.0,2,2,view_item
71569261.6020311131,8697862594,2021-01-28,1,1,1,1,1,1,mobile,Android,United States,California,<Other>,referral,0.0,28,6,purchase
3705310.7343046464,6076679019,2020-11-21,1,0,0,0,0,0,mobile,Web,United States,Georgia,google,organic,0.0,1,1,session_only
3286911.2008303378,9048708493,2020-12-14,1,1,1,1,0,0,desktop,Web,Turkey,Izmir,<Other>,referral,0.0,38,4,begin_checkout
7697006.3589509310,5415690848,2020-12-29,1,0,0,0,0,0,mobile,Android,Croatia,City of Zagreb,<Other>,organic,0.0,1,1,session_only
30417409.8641351789,3756147743,2021-01-11,1,1,0,0,0,0,mobile,Web,India,Telangana,google,organic,0.0,4,2,view_item
22711124.0978243862,2938305126,2020-11-23,1,0,0,0,0,0,desktop,Macintosh,United States,Virginia,(direct),(none),0.0,1,1,session_only
6769616.3141363649,6082653013,2021-01-31,1,0,0,0,0,0,desktop,Web,United States,Louisiana,google,cpc,0.0,1,1,session_only
42386100.5348272273,4336044977,2021-01-06,1,0,0,0,0,0,desktop,Macintosh,Serbia,(not set),(direct),(none),0.0,1,1,session_only
68282681.0504456010,4525532583,2020-11-08,1,0,0,0,0,0,mobile,Android,United States,Texas,(direct),(none),0.0,1,1,session_only
45187816.7222186556,9160268187,2020-11-23,1,0,0,0,0,0,mobile,Web,India,Gujarat,google,organic,0.0,1,1,session_only
3972772.8510399976,7692375206,2021-01-10,1,1,1,0,0,0,mobile,Web,India,Gujarat,(direct),(none),0.0,5,3,add_to_cart
30670907.4997360482,7210360451,2021-01-11,1,0,0,0,0,0,mobile,Web,United States,Virginia,google,organic,0.0,1,1,session_only
70692121.7269545367,9876925199,2020-12-25,1,0,0,0,0,0,desktop,Windows,United States,California,<Other>,<Other>,0.0,1,1,session_only
6851718.1736386849,4085299350,2021-01-06,1,0,0,0,0,0,desktop,Macintosh,India,Delhi,google,organic,0.0,1,1,session_only
78152654.6014180652,7478109111,2020-11-16,1,0,0,0,0,0,mobile,Web,Indonesia,East Java,(direct),(none),0.0,1,1,session_only
64297003.0675052074,5975085728,2020-12-20,1,0,0,0,0,0,desktop,Web,United States,California,<Other>,referral,0.0,1,1,session_only
28560842.4161724005,4778625141,2020-11-07,1,0,0,0,0,0,mobile,iOS,United States,Louisiana,google,organic,0.0,1,1,session_only
24851481.7725366123,8900387034,2020-11-23,1,1,0,0,0,0,desktop,Web,Canada,Ontario,google,organic,0.0,2,2,view_item
73398530.5874928957,3854998839,2020-11-24,1,0,0,0,0,0,mobile,Android,Hong Kong,(not set),(direct),(none),0.0,1,1,session_only
5178120.6450305610,2702368668,2020-11-19,1,0,0,0,0,0,desktop,Web,United States,California,google,organic,0.0,1,1,session_only
4285173.0566058301,1394624282,2021-01-24,1,1,0,0,0,0,desktop,Web,Israel,Tel Aviv District,shop.googlemerchandisestore.com,referral,0.0,2,2,view_item
40944107.7453628066,1244882776,2021-01-15,1,1,0,0,0,0,desktop,Windows,United States,Indiana,<Other>,referral,0.0,3,2,view_item
1163793.0125195288,9610912421,2020-12-21,1,0,0,0,0,0,desktop,<Other>,United States,Nebraska,(data deleted),(data deleted),0.0,1,1,session_only
66981107.6275848264,5761689362,2020-12-21,1,1,1,1,1,1,mobile,Web,United States,Massachusetts,(direct),(none),0.0,21,6,purchase
5864333.9723265679,7363947112,2020-11-24,1,0,0,0,0,0,mobile,Web,United States,California,shop.googlemerchandisestore.com,referral,0.0,1,1,session_only
1587754.2157731656,7542414220,2020-11-09,1,1,0,1,1,1,desktop,Macintosh,United States,California,<Other>,organic,98.08,12,6,purchase
89832202.3468582667,5183661908,2020-11-19,1,0,0,0,0,0,mobile,Web,United States,California,(direct),(none),0.0,1,1,session_only
66553101.3918274166,4387404369,2021-01-01,1,0,0,0,0,0,desktop,Web,India,Uttar Pradesh,google,organic,0.0,1,1,session_only
1764822.2657323984,3899742164,2020-12-29,1,0,0,0,0,0,mobile,Web,(not set),(not set),<Other>,<Other>,0.0,1,1,session_only
1919069.6696361236,854459857,2021-01-30,1,0,0,0,0,0,tablet,iOS,Germany,North Rhine-Westphalia,(direct),(none),0.0,1,1,session_only
50814617.8468653752,7934822021,2020-12-21,1,0,0,0,0,0,desktop,Web,United States,Washington,<Other>,referral,0.0,1,1,session_only
26440919.4863542704,5673153012,2020-11-19,1,1,0,0,0,0,mobile,Web,Germany,Hessen,google,organic,0.0,3,2,view_item
5502112.0184769802,1221594038,2020-12-01,1,0,0,1,1,1,mobile,Web,Czechia,Prague,(data deleted),(data deleted),35.2,5,6,purchase
1678004.9029250603,8856674482,2020-12-30,1,1,1,1,1,1,desktop,Web,France,Ile-de-France,(data deleted),(data deleted),0.0,27,6,purchase
69638633.0204480275,4431357677,2020-11-09,1,0,0,0,0,0,desktop,<Other>,United States,Maryland,google,organic,0.0,1,1,session_only
80907591.0801018629,4362073724,2020-11-08,1,1,0,0,0,0,desktop,Web,Brazil,State of Sao Paulo,(direct),(none),0.0,3,2,view_item
50428744.0884531495,8765705375,2020-11-02,1,0,0,0,0,0,desktop,Windows,Indonesia,North Sumatra,google,organic,0.0,1,1,session_only
2365980.2818968577,3612021144,2020-12-01,1,1,1,1,1,1,desktop,Web,Mexico,Mexico City,google,organic,0.0,36,6,purchase
6063039.8634371767,5553365221,2021-01-10,1,0,0,0,0,0,desktop,Web,Canada,Alberta,google,organic,0.0,1,1,session_only
59968205.8635290213,5214995289,2020-11-17,1,0,0,0,0,0,mobile,iOS,United States,Indiana,google,organic,0.0,1,1,session_only
87445039.6887281170,5006358502,2020-12-23,1,0,0,0,0,0,mobile,Web,Singapore,(not set),<Other>,<Other>,0.0,1,1,session_only
25424639.0841961982,14053098,2020-12-30,1,0,0,0,0,0,mobile,iOS,United Kingdom,England,<Other>,<Other>,0.0,1,1,session_only
7022305.6223532956,2476510086,2020-11-21,1,0,0,0,0,0,desktop,Macintosh,United Kingdom,England,<Other>,<Other>,0.0,1,1,session_only
1228841.8219581253,5911580228,2021-01-13,1,0,0,0,0,0,mobile,Web,India,Karnataka,(direct),(none),0.0,1,1,session_only
2731814.6039278562,1960811688,2021-01-25,1,0,0,0,0,0,desktop,Web,Egypt,Alexandria Governorate,shop.googlemerchandisestore.com,referral,0.0,1,1,session_only
35573805.6023879964,5614445654,2021-01-03,1,0,0,0,0,0,desktop,Macintosh,United States,New York,google,organic,0.0,1,1,session_only
5790855.5024192883,7056297623,2021-01-11,1,0,0,0,0,0,mobile,iOS,United States,Massachusetts,(direct),(none),0.0,1,1,session_only
2465265.7243532891,9047958671,2021-01-31,1,1,1,1,1,1,mobile,Android,United States,North Carolina,google,organic,0.0,25,6,purchase
7266638.6349544036,3828842583,2020-12-14,1,0,0,0,0,0,mobile,iOS,United States,California,shop.googlemerchandisestore.com,referral,0.0,1,1,session_only
5451712.2973780093,9166705820,2021-01-29,1,1,0,0,0,0,desktop,Web,United States,California,google,organic,0.0,2,2,view_item
43625068.4869026530,6071198216,2020-11-24,1,0,0,0,0,0,desktop,Web,United States,Utah,google,organic,0.0,1,1,session_only
16706346.2791314167,1894865110,2021-01-27,1,0,0,0,0,0,desktop,Windows,United States,California,google,organic,0.0,1,1,session_only
67380116.9687341321,3290537356,2020-11-10,1,0,0,0,0,0,mobile,Web,United States,Pennsylvania,google,organic,0.0,1,1,session_only
16689513.1119163090,8525850165,2021-01-23,1,0,0,0,0,0,tablet,Web,United States,Ohio,<Other>,organic,0.0,1,1,session_only
4475395.6264111080,4328627173,2020-11-14,1,0,0,0,0,0,desktop,Macintosh,Jordan,Amman Governorate,google,organic,0.0,1,1,session_only
84008873.5002670579,9807872635,2020-11-02,1,1,0,1,0,0,desktop,Web,Poland,(not set),google,organic,0.0,5,4,begin_checkout
78892165.4882605581,7529358687,2021-01-07,1,0,0,0,0,0,tablet,iOS,United States,North Carolina,google,organic,0.0,1,1,session_only
31917807.8393726206,5181259538,2020-12-21,1,0,0,0,0,0,mobile,Web,Japan,Kanagawa,<Other>,<Other>,0.0,1,1,session_only
5677502.2363207936,8992109690,2020-11-05,1,0,0,0,0,0,desktop,Web,Romania,(not set),(direct),(none),0.0,1,1,session_only
78066553.2607364220,7053828985,2021-01-17,1,0,0,0,0,0,mobile,Web,Germany,Baden-Wurttemberg,<Other>,referral,0.0,1,1,session_only
8551943.6480010015,5080784117,2021-01-08,1,0,0,0,0,0,desktop,Macintosh,Spain,Catalonia,<Other>,<Other>,0.0,1,1,session_only
29519442.1811924761,7308738298,2021-01-10,1,0,0,0,0,0,mobile,Web,Israel,Tel Aviv District,google,organic,0.0,1,1,session_only
24164594.4598368539,3450253543,2020-11-20,1,1,1,1,1,1,mobile,iOS,Turkey,(not set),(direct),(none),168.96,68,6,purchase
77450182.6590593728,2169054742,2021-01-11,1,0,0,0,0,0,desktop,Web,India,Haryana,(data deleted),(data deleted),0.0,1,1,session_only
87807387.0682085901,3767699286,2020-11-24,1,0,0,0,0,0,mobile,Web,United States,Utah,shop.googlemerchandisestore.com,referral,0.0,1,1,session_only
3588145.4733649280,7539257319,2020-12-04,1,1,0,0,0,0,mobile,iOS,South Korea,Seoul,(direct),(none),0.0,2,2,view_item
22901924.3418916669,5473531556,2021-01-06,1,0,0,0,0,0,mobile,iOS,Brazil,State of Sao Paulo,google,organic,0.0,1,1,session_only
79299706.3500942935,5814094843,2020-11-11,1,0,0,0,0,0,desktop,Macintosh,United States,California,(direct),(none),0.0,1,1,session_only
72228851.5428274841,4613760320,2021-01-31,1,0,0,0,0,0,mobile,Web,(not set),(not set),google,organic,0.0,1,1,session_only
5916792.4168873796,1733593564,2021-01-25,1,0,0,0,0,0,mobile,Web,Singapore,(not set),(direct),(none),0.0,1,1,session_only
37225160.4699171251,4805613138,2020-11-21,1,0,0,0,0,0,mobile,Web,India,Uttar Pradesh,google,organic,0.0,1,1,session_only
52806599.8863814991,3815608908,2020-11-07,1,0,0,0,0,0,mobile,Web,United States,Minnesota,<Other>,<Other>,0.0,1,1,session_only
82219918.5709340741,490166454,2021-01-06,1,1,1,0,0,0,desktop,Windows,India,Maharashtra,google,organic,0.0,3,3,add_to_cart
59818332.8764968905,9204611551,2020-12-19,1,0,0,0,0,0,mobile,iOS,United Kingdom,(not set),<Other>,referral,0.0,1,1,session_only
42500386.4732094143,5108755640,2021-01-11,1,0,0,0,0,0,desktop,Windows,United Kingdom,England,google,cpc,0.0,1,1,session_only
57876617.1076494575,9009167695,2021-01-27,1,1,1,0,0,0,mobile,Web,Canada,Alberta,google,cpc,0.0,3,3,add_to_cart
40073340.7794376474,8179170892,2020-11-24,1,1,0,1,1,1,mobile,Web,India,Delhi,(direct),(none),0.0,13,6,purchase
57209339.9584388726,3344489620,2020-11-23,1,1,0,0,0,0,mobile,Web,China,Shanghai,google,cpc,0.0,2,2,view_item
21973692.5206759745,3201311249,2020-11-26,1,0,0,0,0,0,desktop,<Other>,Israel,Tel Aviv District,google,organic,0.0,1,1,session_only
32410523.9484702804,5553477106,2020-12-31,1,1,0,0,0,0,desktop,Web,Switzerland,(not set),google,organic,0.0,3,2,view_item
6808865.3088986163,808654977,2021-01-23,1,0,0,0,0,0,desktop,Windows,India,Maharashtra,shop.googlemerchandisestore.com,referral,0.0,1,1,session_only
7143423.8811618894,2680191270,2021-01-11,1,0,0,0,0,0,desktop,Web,United States,New Jersey,<Other>,referral,0.0,1,1,session_only
22711124.0978243862,5718200473,2020-11-23,1,0,0,0,0,0,desktop,Macintosh,United States,Virginia,(data deleted),(data deleted),0.0,1,1,session_only
60450763.2500202347,2110129154,2020-12-01,1,1,0,0,0,0,desktop,Web,United States,Alabama,(direct),(none),0.0,2,2,view_item
29603164.0181634078,3763793830,2021-01-06,1,0,0,0,0,0,mobile,Web,United States,California,google,organic,0.0,1,1,session_only
8816092.1909013039,2500053709,2021-01-29,1,0,0,0,0,0,desktop,Web,Sweden,Vastra Gotaland County,google,organic,0.0,1,1,session_only
14571584.4401311912,7882974626,2020-11-26,1,0,0,0,0,0,mobile,iOS,United States,California,google,cpc,0.0,1,1,session_only
67582037.7984408948,1855389026,2020-11-29,1,0,0,0,0,0,desktop,Windows,Mexico,State of Mexico,<Other>,referral,0.0,1,1,session_only
62870862.7844706387,8488036912,2020-12-17,1,0,0,0,0,0,desktop,Windows,Peru,(not set),(direct),(none),0.0,1,1,session_only
73546904.9193263338,1401917080,2021-01-19,1,0,0,0,0,0,desktop,Web,Turkey,Istanbul,google,organic,0.0,1,1,session_only
82013427.6249744706,3517644640,2021-01-12,1,0,0,0,0,0,mobile,iOS,United States,New Jersey,(direct),(none),0.0,1,1,session_only
4851625040.2920812505,8594416496,2021-01-23,1,0,0,0,0,0,desktop,Web,United States,Massachusetts,google,organic,0.0,1,1,session_only
5379701.5397772915,1001257745,2020-11-05,1,0,0,0,0,0,desktop,Web,United States,Wisconsin,google,organic,0.0,1,1,session_only
6916622.2799758790,6960178557,2020-11-02,1,1,0,0,0,0,mobile,Web,Singapore,(not set),(direct),(none),0.0,3,2,view_item
1534773.3101496826,8122702140,2020-11-02,1,1,0,1,1,1,mobile,Android,Canada,Quebec,(data deleted),(data deleted),236.39999999999998,125,6,purchase
3153287.0062501676,5130875229,2020-11-11,1,0,0,0,0,0,mobile,Web,China,Henan,google,cpc,0.0,1,1,session_only
7132638.9049857200,7370696607,2020-11-14,1,0,0,0,0,0,desktop,Web,United States,Virginia,google,organic,0.0,1,1,session_only
7012429.3134765906,55713610,2020-12-19,1,0,0,0,0,0,desktop,Web,Indonesia,East Java,shop.googlemerchandisestore.com,referral,0.0,1,1,session_only
7511130.0377407893,7696415978,2020-11-05,1,0,0,0,0,0,desktop,Web,India,Kerala,(data deleted),(data deleted),0.0,1,1,session_only
8382716.7821890315,3131121842,2020-11-20,1,1,0,0,0,0,desktop,Web,United States,Arizona,<Other>,referral,0.0,12,2,view_item
88625524.2316546489,5832664882,2020-12-17,1,0,0,0,0,0,desktop,Windows,Israel,Tel Aviv District,<Other>,organic,0.0,1,1,session_only
7780154.7358043955,9198059131,2020-11-29,1,0,0,0,0,0,mobile,Web,France,Ile-de-France,google,organic,0.0,1,1,session_only
14088684.2142223756,7521386429,2020-12-24,1,0,0,0,0,0,mobile,Web,Canada,Ontario,shop.googlemerchandisestore.com,referral,0.0,1,1,session_only
2801437.9338344135,3566071468,2020-12-30,1,0,0,0,0,0,mobile,iOS,United States,California,google,organic,0.0,1,1,session_only
17385016.4008504174,3129498477,2020-12-04,1,0,0,0,0,0,desktop,Web,(not set),(not set),shop.googlemerchandisestore.com,referral,0.0,1,1,session_only
1436160445.2610957442,4733479448,2020-11-20,1,1,0,1,0,0,desktop,Web,United States,California,google,organic,0.0,59,4,begin_checkout
8568055.9222041922,2884944922,2021-01-06,1,0,0,0,0,0,mobile,Android,Sweden,Stockholm County,<Other>,organic,0.0,1,1,session_only
79552863.6748585021,1667563365,2021-01-20,1,0,0,0,0,0,desktop,Web,United States,New York,(direct),(none),0.0,1,1,session_only
3342175.6611020542,5112796180,2020-12-29,1,0,0,0,0,0,mobile,iOS,United States,Arkansas,google,organic,0.0,1,1,session_only
23166767.0998170699,1093126615,2021-01-09,1,0,0,0,0,0,desktop,Web,United States,New Jersey,<Other>,referral,0.0,1,1,session_only
3551530.0816904923,3463399621,2020-12-21,1,0,0,0,0,0,mobile,iOS,United Kingdom,England,(direct),(none),0.0,1,1,session_only
17809571.4308076628,8810936097,2020-12-04,1,1,1,1,1,1,mobile,iOS,Peru,(not set),(data deleted),(data deleted),0.0,21,6,purchase
6452031.7513884529,3804800571,2020-11-19,1,0,0,0,0,0,mobile,Web,Switzerland,Vaud,(data deleted),(data deleted),0.0,1,1,session_only
7444738.1628568512,2202149960,2020-11-21,1,0,0,0,0,0,desktop,Web,United States,Minnesota,<Other>,organic,0.0,1,1,session_only
13154499.1696007134,1251157771,2021-01-15,1,0,0,0,0,0,mobile,iOS,United Kingdom,England,google,cpc,0.0,1,1,session_only
33770974.2916341943,2527456415,2020-11-24,1,0,0,0,0,0,mobile,Android,United States,Massachusetts,(data deleted),(data deleted),0.0,1,1,session_only
37567373.0394049260,5406739763,2020-12-29,1,1,0,1,1,1,desktop,Windows,Italy,Lombardy,(direct),(none),0.0,20,6,purchase
34312038.6901091807,2426697737,2021-01-27,1,0,0,0,0,0,desktop,Macintosh,United States,New York,(direct),(none),0.0,1,1,session_only
68215820.1895496228,5173751284,2020-11-17,1,0,0,0,0,0,desktop,Windows,United States,Washington,(direct),(none),0.0,1,1,session_only
6699241.8135651413,7860608653,2021-01-13,1,0,0,0,0,0,desktop,Web,Singapore,(not set),google,organic,0.0,1,1,session_only
21066256.5935150988,3670453220,2020-11-12,1,0,0,0,0,0,desktop,Web,United States,Virginia,google,organic,0.0,1,1,session_only
2431445.2980201296,6481896690,2021-01-26,1,1,0,0,0,0,desktop,Web,Turkey,Istanbul,(data deleted),(data deleted),0.0,7,2,view_item
2003912.9760669661,4267319853,2020-11-29,1,1,1,1,1,1,desktop,Web,Romania,(not set),shop.googlemerchandisestore.com,referral,110.56,19,6,purchase
49307563.9750471606,7495982511,2021-01-04,1,0,0,0,0,0,desktop,Web,India,Tamil Nadu,google,organic,0.0,1,1,session_only
6280682.0192389307,976904083,2021-01-03,1,0,0,0,0,0,desktop,Web,United States,(not set),<Other>,referral,0.0,1,1,session_only
5900427.5201777475,1152076775,2021-01-16,1,0,0,0,0,0,desktop,Web,United States,New Jersey,google,organic,0.0,1,1,session_only
1994928.3165965060,197768693,2020-11-23,1,1,0,0,0,0,desktop,Web,Ireland,(not set),google,cpc,0.0,2,2,view_item
58450699.9592181104,7217948583,2020-12-21,1,0,0,0,0,0,desktop,Web,Poland,Kuyavian-Pomeranian Voivodeship,(direct),(none),0.0,1,1,session_only
1160488.2375923167,2309154775,2021-01-01,1,1,1,1,1,1,desktop,Windows,Portugal,(not set),(direct),(none),304.6,127,6,purchase
25642334.4283261106,5031903478,2020-12-31,1,0,0,0,0,0,desktop,Web,Canada,Quebec,<Other>,referral,0.0,1,1,session_only
28155107.4937647306,1348082641,2021-01-20,1,1,1,1,1,1,mobile,Android,United States,North Carolina,google,organic,24.8,27,6,purchase
30312191.6775721340,4196671839,2021-01-15,1,0,0,0,0,0,mobile,Web,United States,California,<Other>,referral,0.0,1,1,session_only
25832542.2680031876,5701609499,2020-11-14,1,0,0,0,0,0,mobile,Web,China,Sichuan,(data deleted),(data deleted),0.0,1,1,session_only
6014175.5622400169,2353911532,2021-01-15,1,1,0,0,0,0,desktop,Macintosh,Canada,Ontario,<Other>,<Other>,0.0,4,2,view_item
57009428.9470883081,3344071284,2020-12-31,1,0,0,0,0,0,mobile,iOS,United States,Washington,google,organic,0.0,1,1,session_only
7902595.9149749973,696993797,2020-11-14,1,0,0,0,0,0,desktop,Web,United States,California,google,organic,0.0,1,1,session_only
26361440.8619429750,2734821826,2021-01-26,0,1,1,1,1,0,mobile,Web,Croatia,City of Zagreb,<Other>,<Other>,0.0,18,5,add_payment
50264907.6315911120,9603400379,2020-12-14,1,0,0,0,0,0,desktop,Web,Georgia,Tbilisi,(data deleted),(data deleted),0.0,1,1,session_only
4749103.5432921768,3434127135,2021-01-24,1,1,0,0,0,0,desktop,Windows,India,Uttar Pradesh,<Other>,referral,0.0,3,2,view_item
27352896.6866789614,6145304532,2020-12-28,1,0,0,0,0,0,tablet,iOS,United Kingdom,England,shop.googlemerchandisestore.com,referral,0.0,1,1,session_only
3983506.1713515274,533199329,2021-01-20,1,0,0,0,0,0,mobile,Web,United States,Illinois,google,organic,0.0,1,1,session_only
3119339.9819684998,5388806460,2020-11-26,1,0,0,0,0,0,mobile,Web,Spain,Basque Country,<Other>,<Other>,0.0,1,1,session_only
65969883.1195288265,4394580192,2021-01-04,1,0,0,0,0,0,mobile,iOS,United States,Oregon,google,organic,0.0,1,1,session_only
4049138.7669889286,1028334565,2021-01-08,1,0,0,0,0,0,desktop,Web,Canada,Ontario,shop.googlemerchandisestore.com,referral,0.0,1,1,session_only
53956987.2790972958,4005532996,2020-12-25,1,0,0,0,0,0,desktop,Web,India,Delhi,(direct),(none),0.0,1,1,session_only
92077650.3454810590,1358972243,2020-11-08,1,0,0,0,0,0,desktop,Web,United States,Arizona,google,organic,0.0,1,1,session_only
68354605.6374374184,6699492856,2020-11-21,1,0,0,0,0,0,mobile,Web,Turkey,Ankara,google,organic,0.0,1,1,session_only
43930190.6916774543,9201070039,2020-11-17,1,1,0,1,1,1,desktop,Macintosh,United States,Nebraska,<Other>,organic,154.4,20,6,purchase
5197481.1595466936,9869544852,2021-01-17,1,0,0,0,0,0,mobile,Web,Romania,(not set),shop.googlemerchandisestore.com,referral,0.0,1,1,session_only
34198178.4391134272,4155296406,2021-01-06,1,0,0,0,0,0,desktop,Web,Singapore,(not set),<Other>,organic,0.0,1,1,session_only
6886231.8528325340,5104910013,2020-12-19,1,1,0,0,0,0,mobile,Web,United States,Texas,(direct),(none),0.0,2,2,view_item
45453535.9621313407,2567023202,2020-11-16,1,1,0,1,1,0,desktop,Web,Ireland,County Dublin,(direct),(none),0.0,33,5,add_payment
3297828.6158145278,9219136889,2020-12-17,1,1,0,0,0,0,desktop,Macintosh,United States,Arkansas,(direct),(none),0.0,2,2,view_item
31671501.3778594070,8626192286,2021-01-13,1,0,0,0,0,0,mobile,Web,United States,Pennsylvania,(data deleted),(data deleted),0.0,1,1,session_only
8124421.3990115018,2499287111,2020-11-29,1,0,0,0,0,0,mobile,iOS,United States,New Jersey,<Other>,<Other>,0.0,1,1,session_only
57463998.8777637362,6836914776,2020-12-01,1,1,0,0,0,0,desktop,<Other>,Brazil,State of Sao Paulo,google,organic,0.0,3,2,view_item
36065984.6715099263,6283073892,2020-11-02,1,0,0,0,0,0,desktop,Web,United States,Minnesota,(direct),(none),0.0,1,1,session_only
20299935.0805298265,9710114497,2020-12-26,1,0,0,0,0,0,mobile,Android,India,Uttar Pradesh,google,organic,0.0,1,1,session_only
89028091.6324638468,8387709716,2020-11-17,1,0,0,0,0,0,desktop,Web,United States,Kentucky,<Other>,referral,0.0,1,1,session_only
11588739.7547633833,9011510557,2020-11-11,1,1,0,0,0,0,mobile,Web,Italy,Emilia-Romagna,(direct),(none),0.0,5,2,view_item
21318629.0907024730,6092243983,2020-12-01,1,1,0,0,0,0,desktop,Macintosh,United States,Connecticut,(direct),(none),0.0,3,2,view_item
25336012.2159487552,1442137276,2020-12-14,1,0,0,0,0,0,desktop,Windows,United States,Virginia,google,organic,0.0,1,1,session_only
79083189.5507574462,1178017767,2020-12-27,1,1,1,1,1,1,desktop,Web,United States,Kansas,(data deleted),(data deleted),43.6,16,6,purchase
5889127.2930637035,4982084585,2020-12-01,1,1,0,0,0,0,desktop,Web,Germany,Rhineland-Palatinate,google,organic,0.0,2,2,view_item
4214890.8064065759,2977874765,2020-11-10,1,0,0,0,0,0,mobile,Web,United States,California,(direct),(none),0.0,1,1,session_only
11419524.8577880593,9108414900,2020-11-02,1,0,0,0,0,0,desktop,Web,Canada,British Columbia,<Other>,<Other>,0.0,1,1,session_only
8657020.3812626703,9327285407,2021-01-31,1,0,0,0,0,0,desktop,Web,Brazil,State of Rio de Janeiro,(direct),(none),0.0,1,1,session_only
9066436857.8524957066,8553003213,2020-12-14,1,1,0,0,0,0,desktop,Windows,Canada,Ontario,(direct),(none),0.0,3,2,view_item
27374712.1778739721,3057110537,2021-01-08,1,0,0,0,0,0,desktop,Web,United States,California,<Other>,<Other>,0.0,1,1,session_only
63628947.7075047634,8289090673,2020-11-21,1,0,0,0,0,0,desktop,Web,India,West Bengal,(direct),(none),0.0,1,1,session_only
8421226.7062358168,1554996446,2020-11-10,1,0,0,0,0,0,mobile,Web,Russia,(not set),google,organic,0.0,1,1,session_only
38096813.2738010975,7367889314,2021-01-07,1,0,0,0,0,0,mobile,iOS,China,(not set),(direct),(none),0.0,1,1,session_only
56639356.0756555846,4044716834,2020-12-14,1,0,0,0,0,0,desktop,Web,Canada,British Columbia,(direct),(none),0.0,1,1,session_only
4214140.6727654428,247666837,2020-11-10,1,0,0,0,0,0,desktop,Web,South Korea,Chungcheongbuk-do,(direct),(none),0.0,1,1,session_only
5074142.3659585447,7024079002,2021-01-10,1,0,0,0,0,0,mobile,Web,Pakistan,Sindh,<Other>,<Other>,0.0,1,1,session_only
9472467.1656937415,7504773156,2021-01-08,0,1,0,1,1,1,desktop,Macintosh,United Kingdom,England,(data deleted),(data deleted),0.0,9,6,purchase
53889855.0751313944,3797152735,2020-11-10,1,1,0,1,0,0,desktop,Windows,United States,Arizona,shop.googlemerchandisestore.com,referral,0.0,5,4,begin_checkout
32196545.6051402045,7100900172,2020-11-23,1,0,0,0,0,0,desktop,Windows,United States,Washington,google,organic,0.0,1,1,session_only
3984891.0076885264,1447773711,2020-12-01,1,1,0,0,0,0,desktop,Windows,Canada,Ontario,(data deleted),(data deleted),0.0,3,2,view_item
72489305.6422062250,4053516736,2021-01-26,1,0,0,0,0,0,desktop,Windows,United States,New Jersey,shop.googlemerchandisestore.com,referral,0.0,1,1,session_only
65466957.9062895577,8545676045,2020-12-31,1,1,1,0,0,0,mobile,Web,Bulgaria,(not set),google,cpc,0.0,3,3,add_to_cart
43153491.0795412334,5902488913,2020-11-19,1,0,0,0,0,0,desktop,Web,United States,Illinois,<Other>,referral,0.0,1,1,session_only
5414889.7446504870,5629297571,2021-01-13,1,0,0,0,0,0,desktop,Web,United States,Massachusetts,google,organic,0.0,1,1,session_only
6065075.7970371647,5709928254,2020-11-10,1,0,0,0,0,0,desktop,Web,India,Jammu and Kashmir,(direct),(none),0.0,1,1,session_only
5552405.6557773503,8408958948,2021-01-28,1,1,1,0,0,0,desktop,Web,United States,Pennsylvania,shop.googlemerchandisestore.com,referral,0.0,10,3,add_to_cart
35567910.7129702482,7248873210,2021-01-06,1,0,0,0,0,0,desktop,Web,Canada,Ontario,(direct),(none),0.0,1,1,session_only
1808851906.8653850570,7269838857,2020-11-21,1,0,0,0,0,0,desktop,Windows,United States,California,(direct),(none),0.0,1,1,session_only
69350520.5340885976,8389780907,2021-01-13,1,0,0,0,0,0,desktop,Windows,United States,Washington,shop.googlemerchandisestore.com,referral,0.0,1,1,session_only
6150769.8134733672,8080072279,2021-01-19,1,1,0,0,0,0,mobile,Web,Germany,Brandenburg,<Other>,referral,0.0,2,2,view_item
12024949.0365738562,6503961611,2021-01-16,1,1,1,1,1,1,desktop,Windows,Canada,Alberta,google,organic,110.4,9,6,purchase
43291026.5802372374,2960982140,2021-01-29,1,0,0,0,0,0,tablet,Web,Saudi Arabia,Riyadh Province,<Other>,referral,0.0,1,1,session_only
3493364.7573653188,7243489082,2020-11-26,1,0,0,0,0,0,desktop,Web,South Korea,Daegu,<Other>,referral,0.0,1,1,session_only
89517168.1965913087,6628689710,2020-11-24,0,1,0,1,1,1,mobile,Web,United States,Texas,(direct),(none),95.68,11,6,purchase
14250550.1505507456,8027246382,2020-12-31,1,0,0,0,0,0,mobile,Web,Bangladesh,(not set),<Other>,<Other>,0.0,1,1,session_only
13043200.8424953018,6613040521,2020-11-09,1,1,0,1,1,1,desktop,Web,United States,Washington,<Other>,referral,46.4,7,6,purchase
7918032.8498804968,547162624,2020-11-10,1,0,0,0,0,0,mobile,Web,United States,Ohio,<Other>,organic,0.0,1,1,session_only
6008823.1847315490,1180225985,2021-01-08,1,0,0,0,0,0,desktop,Web,United States,Florida,(direct),(none),0.0,1,1,session_only
30945952.4847016118,4660754401,2020-11-26,1,0,0,0,0,0,desktop,Windows,United Kingdom,England,(direct),(none),0.0,1,1,session_only
4894078.6166673508,188970073,2021-01-11,1,0,0,0,0,0,desktop,Web,Saudi Arabia,Makkah Province,shop.googlemerchandisestore.com,referral,0.0,1,1,session_only
3694841583.6163831188,2457820978,2020-11-21,1,0,0,0,0,0,desktop,Web,United States,Illinois,<Other>,organic,0.0,1,1,session_only
27132978.8614883550,972765540,2021-01-27,1,0,0,0,0,0,mobile,Web,United States,Texas,(direct),(none),0.0,1,1,session_only
81930153.6799698118,644357833,2021-01-11,1,1,0,0,0,0,desktop,Windows,United States,Mississippi,google,organic,0.0,2,2,view_item
35362039.9520785750,7498179295,2021-01-31,1,0,0,0,0,0,mobile,Web,United States,Alabama,<Other>,<Other>,0.0,1,1,session_only
62604065.1206723739,2729353173,2021-01-25,1,0,0,0,0,0,desktop,Web,India,Uttar Pradesh,google,organic,0.0,1,1,session_only
33107457.6096708500,5339396148,2020-11-16,1,0,0,0,0,0,desktop,Windows,Spain,Madrid,<Other>,<Other>,0.0,1,1,session_only
74726040.7425826934,9586570212,2021-01-30,1,0,0,0,0,0,desktop,Macintosh,Spain,Catalonia,(data deleted),(data deleted),0.0,1,1,session_only
2522139.8383510968,9071488868,2021-01-29,1,1,1,1,1,1,mobile,Web,China,Zhejiang,(data deleted),(data deleted),0.0,102,6,purchase
13481862.1958216514,8703557949,2021-01-12,1,0,0,0,0,0,mobile,Android,United States,Virginia,google,organic,0.0,1,1,session_only
2907641990.2099864530,6950281303,2020-11-10,1,0,0,0,0,0,mobile,Web,South Korea,(not set),(direct),(none),0.0,1,1,session_only
69557637.7461362411,6432952993,2021-01-18,1,0,0,0,0,0,desktop,Web,India,Tamil Nadu,google,organic,0.0,1,1,session_only
2062661.3372591240,754408494,2020-12-14,1,0,0,0,0,0,desktop,Web,Poland,Greater Poland Voivodeship,(data deleted),(data deleted),0.0,1,1,session_only
87311665.3321678982,6496957525,2020-12-26,1,0,0,0,0,0,mobile,iOS,United States,New Jersey,google,organic,0.0,1,1,session_only
3460668.4719249655,708537881,2020-11-24,1,0,0,0,0,0,mobile,Web,United States,California,(direct),(none),0.0,1,1,session_only
64061408.3525209345,2680933405,2020-11-12,1,0,0,0,0,0,desktop,Web,Canada,Quebec,<Other>,organic,0.0,1,1,session_only
44546067.0576823511,8978506565,2021-01-23,1,1,1,1,1,1,mobile,Android,Greece,Attica,(direct),(none),0.0,13,6,purchase
15640264.9217435232,9811107044,2020-11-16,1,0,0,0,0,0,desktop,Macintosh,Canada,Ontario,google,organic,0.0,1,1,session_only
63899133.1256357731,879938701,2021-01-04,1,0,0,0,0,0,desktop,Windows,United States,Georgia,google,organic,0.0,1,1,session_only
1548692.6501039432,7934532374,2020-11-26,1,0,0,0,0,0,mobile,Android,Sri Lanka,Western Province,<Other>,<Other>,0.0,1,1,session_only
6840148.4069051946,1756878379,2020-12-24,1,1,0,0,0,0,mobile,Web,United States,Mississippi,google,cpc,0.0,2,2,view_item
5666607.1119714072,81311845,2020-12-17,1,0,0,0,0,0,desktop,Web,United States,California,google,organic,0.0,1,1,session_only
86729292.3362643681,3633795003,2021-01-28,1,1,0,0,0,0,desktop,Web,United States,California,<Other>,<Other>,0.0,3,2,view_item
7404175.6199490185,6173182157,2020-12-26,1,1,1,0,0,0,mobile,Web,El Salvador,San Salvador Department,google,organic,0.0,25,3,add_to_cart
84460063.9157664098,982816867,2020-12-29,1,0,0,0,0,0,mobile,Web,Ireland,County Dublin,google,organic,0.0,1,1,session_only
75028687.4248867877,2365763969,2020-12-01,1,0,0,0,0,0,desktop,Windows,United States,Oregon,(direct),(none),0.0,1,1,session_only
7523171.6192840802,6808326513,2021-01-04,1,0,0,0,0,0,mobile,iOS,Taiwan,Taipei City,(direct),(none),0.0,1,1,session_only
1772610.2535570925,1372760907,2020-11-16,1,1,0,1,1,1,desktop,Macintosh,France,Auvergne-Rhone-Alpes,(direct),(none),0.0,18,6,purchase
1388850.6910081499,7430281266,2021-01-19,1,1,1,1,1,0,mobile,Android,United States,Virginia,<Other>,<Other>,0.0,29,5,add_payment
83277671.9456919130,9116843037,2021-01-19,1,0,0,0,0,0,mobile,Web,Indonesia,Jakarta,<Other>,<Other>,0.0,1,1,session_only
8735747.5391513797,3947519513,2020-11-14,1,1,0,1,1,0,desktop,Web,United States,Florida,(data deleted),(data deleted),0.0,12,5,add_payment
14422109.7732380457,9089647958,2021-01-15,1,0,0,0,0,0,desktop,Web,Nigeria,Lagos,<Other>,referral,0.0,1,1,session_only
2864662.3206169188,709095965,2021-01-19,1,1,0,0,0,0,desktop,Web,United States,Missouri,google,organic,0.0,2,2,view_item
86701922.2178584659,40376725,2020-12-21,1,1,1,0,0,0,desktop,Web,United States,Virginia,<Other>,referral,0.0,5,3,add_to_cart
32569544.0645581012,9517258971,2020-12-29,1,0,0,0,0,0,desktop,Windows,United States,Alabama,(direct),(none),0.0,1,1,session_only
4722139423.8893482884,7180913664,2020-12-19,1,0,0,0,0,0,desktop,Macintosh,United States,Michigan,google,organic,0.0,1,1,session_only
5189753359.6196965833,1836818211,2021-01-04,1,0,0,0,0,0,mobile,Web,Germany,Berlin,<Other>,<Other>,0.0,1,1,session_only
54784516.5729110982,9032944000,2020-11-29,1,0,0,0,0,0,desktop,Web,United States,Georgia,google,organic,0.0,1,1,session_only
7668507.8642518004,19494359,2021-01-24,1,1,0,0,0,0,desktop,Windows,India,Maharashtra,(direct),(none),0.0,3,2,view_item
1004545.8016952581,1472239785,2021-01-13,1,0,0,0,0,0,desktop,<Other>,United States,Illinois,(direct),(none),0.0,1,1,session_only
24141072.7588671596,6404300499,2021-01-28,1,0,0,0,0,0,desktop,Web,China,Sichuan,<Other>,referral,0.0,1,1,session_only
30964024.4422825349,2028751198,2021-01-18,1,0,0,0,0,0,desktop,Web,United Kingdom,England,<Other>,<Other>,0.0,1,1,session_only
5828817.3324464689,9612530703,2021-01-03,1,0,0,0,0,0,mobile,Web,Canada,Ontario,(direct),(none),0.0,1,1,session_only
63638688.3951935756,5915583406,2021-01-19,1,0,0,0,0,0,mobile,Android,United States,(not set),<Other>,referral,0.0,1,1,session_only
88112826.4283753088,4246062674,2021-01-20,1,0,0,0,0,0,mobile,Web,United States,California,google,organic,0.0,1,1,session_only
7644155580.3915602822,7511752343,2020-11-23,1,1,0,1,1,1,mobile,Android,Canada,Quebec,shop.googlemerchandisestore.com,referral,27.2,9,6,purchase
7693976.4003416825,3841022251,2021-01-31,1,0,0,0,0,0,desktop,Web,Canada,Ontario,google,organic,0.0,1,1,session_only
5783867.4264077171,7334037964,2021-01-08,1,0,0,0,0,0,desktop,Web,United States,Virginia,google,organic,0.0,1,1,session_only
65710102.8016713185,6865307037,2020-11-23,1,0,0,0,0,0,desktop,Web,United States,Virginia,google,organic,0.0,1,1,session_only
29160077.7135192361,1712044439,2020-11-09,1,0,0,0,0,0,desktop,Web,Saudi Arabia,Makkah Province,(data deleted),(data deleted),0.0,1,1,session_only
77760604.4160821049,5015488064,2021-01-07,1,1,0,0,0,0,desktop,Windows,United States,New Jersey,google,organic,0.0,5,2,view_item
52831592.7542557302,9104442866,2021-01-20,1,1,0,0,0,0,desktop,Web,United States,North Carolina,(direct),(none),0.0,2,2,view_item
7617302.1700022876,7768670228,2020-11-15,1,0,0,0,0,0,mobile,Android,United States,Texas,<Other>,organic,0.0,1,1,session_only
58234029.0722348975,9952850240,2020-12-17,1,1,1,1,1,1,desktop,Web,India,Andhra Pradesh,google,cpc,0.0,13,6,purchase
1588020.6200588338,3250479776,2020-11-19,1,0,0,0,0,0,desktop,Web,Germany,North Rhine-Westphalia,(direct),(none),0.0,1,1,session_only
51647319.4554390836,3934320504,2021-01-01,1,0,0,0,0,0,desktop,Macintosh,United States,Oregon,google,cpc,0.0,1,1,session_only
4623067895.2559540550,6152490194,2020-11-02,1,0,0,0,0,0,desktop,Web,India,Telangana,(direct),(none),0.0,1,1,session_only
39893673.9313689271,2553162830,2021-01-20,1,1,0,0,0,0,desktop,Web,India,Rajasthan,google,organic,0.0,10,2,view_item
4808186.2033160499,7952778490,2020-11-12,1,1,0,1,1,1,desktop,Web,United States,District of Columbia,<Other>,<Other>,16.24,13,6,purchase
78710713.2392067740,7840105764,2020-11-23,1,1,0,1,1,1,mobile,Web,United States,Virginia,google,organic,245.44,28,6,purchase
23031266.6000061672,9895057875,2020-12-17,1,0,0,0,0,0,desktop,Macintosh,United States,Michigan,google,organic,0.0,1,1,session_only
66428933.8277765488,5234050002,2020-11-24,1,1,0,1,0,0,desktop,Web,United States,Connecticut,(direct),(none),0.0,56,4,begin_checkout
74920023.9473610801,608147719,2021-01-10,1,0,0,0,0,0,desktop,Web,United States,California,<Other>,organic,0.0,1,1,session_only
20162447.1381540366,2640539030,2021-01-17,1,0,0,0,0,0,desktop,Web,United States,Illinois,<Other>,<Other>,0.0,1,1,session_only
76109889.7182261720,7883915125,2021-01-26,1,1,0,0,0,0,desktop,Windows,United States,Michigan,(direct),(none),0.0,3,2,view_item
7144083.6604693097,433099136,2021-01-30,1,0,0,0,0,0,mobile,Web,Canada,Ontario,<Other>,referral,0.0,1,1,session_only
91132250.4562511387,9696236587,2021-01-06,1,0,0,0,0,0,desktop,Web,Mexico,State of Mexico,google,organic,0.0,1,1,session_only
25923639.4408580283,1491018350,2020-11-14,1,0,0,0,0,0,desktop,Macintosh,India,Rajasthan,(direct),(none),0.0,1,1,session_only
64958064.7165509249,4748270390,2020-11-29,1,1,0,0,0,0,desktop,Web,United States,Virginia,(direct),(none),0.0,3,2,view_item
2669648.9668250553,4235498446,2020-11-10,1,1,0,0,0,0,desktop,Web,Australia,New South Wales,google,organic,0.0,9,2,view_item
8656307.3466769926,5526789982,2020-11-02,1,1,0,0,0,0,tablet,Windows,United States,California,google,organic,0.0,2,2,view_item
60985517.7484822392,7713740064,2020-11-12,1,0,0,0,0,0,desktop,Web,Italy,Campania,google,organic,0.0,1,1,session_only
3927918131.6242559285,1937156681,2021-01-27,1,0,0,0,0,0,desktop,Windows,India,West Bengal,google,organic,0.0,1,1,session_only
7385163302.4274482131,612824662,2021-01-09,1,1,0,0,0,0,desktop,Macintosh,Belgium,Flanders,google,organic,0.0,7,2,view_item
13256635.0921964659,5096560916,2021-01-07,1,0,0,0,0,0,mobile,iOS,France,Auvergne-Rhone-Alpes,google,organic,0.0,1,1,session_only
3885884.6589289557,660719803,2021-01-19,1,0,0,0,0,0,desktop,Web,Canada,Alberta,google,organic,0.0,1,1,session_only
27809942.4068972955,8717180396,2020-11-20,1,0,0,0,0,0,mobile,iOS,United States,Nevada,google,organic,0.0,1,1,session_only
2039126.6383271583,999294586,2021-01-03,1,1,0,0,0,0,mobile,Web,South Korea,Incheon,(direct),(none),0.0,5,2,view_item
22917594.1892450525,8155580424,2020-12-17,1,0,0,0,0,0,desktop,Web,Germany,Bavaria,shop.googlemerchandisestore.com,referral,0.0,1,1,session_only
67010091.5216134372,1193428453,2020-12-19,1,0,0,0,0,0,mobile,Web,United States,Illinois,shop.googlemerchandisestore.com,referral,0.0,1,1,session_only
6684878.2307517066,192303307,2021-01-17,1,0,0,0,0,0,desktop,Web,United Kingdom,England,(direct),(none),0.0,1,1,session_only
10448614.0159976185,7584783888,2020-12-24,1,0,0,0,0,0,desktop,Web,Netherlands,Flevoland,google,organic,0.0,1,1,session_only
55206908.7924042908,5771303959,2021-01-06,1,0,0,0,0,0,desktop,Windows,United Kingdom,England,google,organic,0.0,1,1,session_only
2004185.1906451181,9655556577,2021-01-11,1,1,0,0,0,0,mobile,Web,Belgium,Flanders,<Other>,referral,0.0,3,2,view_item
6745386.1222406584,7495810358,2020-12-19,1,0,0,0,0,0,desktop,Macintosh,Japan,Tokyo,google,organic,0.0,1,1,session_only
8302900.3221298882,6250693238,2020-11-26,1,0,0,0,0,0,desktop,Windows,Poland,(not set),<Other>,<Other>,0.0,1,1,session_only
1881574068.6102383126,41836169,2020-11-10,1,0,0,0,0,0,desktop,Web,India,Uttar Pradesh,google,organic,0.0,1,1,session_only
91109666.7984590171,9174790910,2021-01-01,1,0,0,0,0,0,desktop,<Other>,Pakistan,Sindh,google,organic,0.0,1,1,session_only
52215888.0002877548,3016926660,2020-12-23,1,0,0,0,0,0,desktop,Windows,United States,Virginia,google,organic,0.0,1,1,session_only
6225175.3634484618,3777810271,2021-01-27,1,0,0,0,0,0,desktop,Web,Canada,Quebec,google,organic,0.0,1,1,session_only
4754611.4821604438,918765567,2020-11-16,1,0,0,0,0,0,mobile,iOS,India,Chandigarh,(data deleted),(data deleted),0.0,1,1,session_only
67449396.3412921871,7777082060,2020-12-17,1,1,0,0,0,0,mobile,Web,United States,New York,(direct),(none),0.0,3,2,view_item
8893563.4035865627,6362858649,2020-12-31,1,0,0,0,0,0,desktop,Windows,United States,California,google,organic,0.0,1,1,session_only
7354903.5832060693,2215155294,2020-11-16,1,1,0,0,0,0,mobile,Web,United States,California,<Other>,<Other>,0.0,7,2,view_item
10424399.2814942711,1754235628,2021-01-07,1,0,0,0,0,0,desktop,Web,United States,New York,(direct),(none),0.0,1,1,session_only
9142790.6469687387,3252022798,2020-11-11,1,1,0,1,1,1,mobile,Web,(not set),(not set),(direct),(none),59.8,10,6,purchase
22105167.8767744188,5515385798,2021-01-29,1,1,0,0,0,0,desktop,Web,United States,(not set),google,organic,0.0,4,2,view_item
48744841.7970633179,1552102305,2021-01-10,1,0,0,0,0,0,mobile,Web,Italy,(not set),(direct),(none),0.0,1,1,session_only
70349937.2665409732,5641568407,2021-01-30,1,0,0,0,0,0,desktop,Windows,India,Chandigarh,<Other>,<Other>,0.0,1,1,session_only
24895520.6227011888,9288678666,2020-12-30,1,1,1,0,0,0,desktop,Web,France,Brittany,google,cpc,0.0,5,3,add_to_cart
6499725.8903180053,5000087939,2020-11-15,1,0,0,0,0,0,desktop,Web,United States,California,(direct),(none),0.0,1,1,session_only
7379992.4349215921,5583148287,2021-01-15,1,0,0,0,0,0,mobile,Web,Latvia,Riga,google,cpc,0.0,1,1,session_only
67787940.4014282201,6213426822,2020-11-20,1,0,0,0,0,0,desktop,Web,Canada,Alberta,(data deleted),(data deleted),0.0,1,1,session_only
22747613.6306010094,51200373,2021-01-26,1,1,1,1,1,1,desktop,Windows,United States,Pennsylvania,(data deleted),(data deleted),0.0,15,6,purchase
47088642.2965314025,2884015090,2020-11-20,1,0,0,0,0,0,mobile,iOS,Italy,Friuli-Venezia Giulia,google,organic,0.0,1,1,session_only
72802175.6468037816,8017577848,2021-01-20,1,0,0,0,0,0,mobile,iOS,India,Odisha,(direct),(none),0.0,1,1,session_only
97746721.6935790264,6864595001,2020-12-23,1,0,0,0,0,0,desktop,Web,Israel,Center District,<Other>,<Other>,0.0,1,1,session_only
1795984.8678863985,6174272420,2021-01-10,1,0,0,0,0,0,desktop,Web,United States,New Jersey,(direct),(none),0.0,1,1,session_only
4098052.5117868666,4218325044,2021-01-06,1,0,0,0,0,0,desktop,Web,South Korea,Gyeonggi-do,(direct),(none),0.0,1,1,session_only
90008487.2262064205,8074292544,2021-01-30,1,0,0,0,0,0,desktop,Windows,France,Ile-de-France,google,cpc,0.0,1,1,session_only
19547218.7102622443,5069464312,2021-01-27,1,0,0,0,0,0,desktop,Web,United States,Virginia,google,cpc,0.0,1,1,session_only
2959336862.2977979017,5488806701,2020-12-14,1,0,0,0,0,0,desktop,Web,United States,Ohio,(direct),(none),0.0,1,1,session_only
56154504.2013350643,2624808255,2020-11-23,1,0,0,0,0,0,mobile,Web,India,Bihar,<Other>,organic,0.0,1,1,session_only
85202682.4502794233,2102611648,2021-01-15,1,0,0,0,0,0,mobile,Android,United States,Massachusetts,google,organic,0.0,1,1,session_only
20394489.5566163330,735193447,2020-12-31,1,0,0,0,0,0,mobile,Web,United States,Alaska,<Other>,referral,0.0,1,1,session_only
4433268.5096723471,122732565,2020-12-20,1,0,0,0,0,0,mobile,iOS,United States,California,<Other>,<Other>,0.0,1,1,session_only
5909011.4211835926,3078964142,2020-11-20,1,0,0,0,0,0,mobile,Web,France,Auvergne-Rhone-Alpes,google,organic,0.0,1,1,session_only
4454561.9633147930,3082856821,2020-11-16,1,0,0,0,0,0,desktop,Web,United States,Connecticut,google,cpc,0.0,1,1,session_only
46498029.6663367477,8316951653,2020-12-26,1,1,0,0,0,0,mobile,iOS,South Korea,Gyeonggi-do,(direct),(none),0.0,2,2,view_item
32155934.9505078476,1820623875,2021-01-12,1,0,0,0,0,0,desktop,Web,United States,New Jersey,google,organic,0.0,1,1,session_only
4991337.3568375790,6426244516,2021-01-17,1,0,0,0,0,0,desktop,Web,Sweden,Skane County,google,organic,0.0,1,1,session_only
21799049.7285324527,1804254707,2020-11-10,1,1,0,1,0,0,desktop,Macintosh,Canada,Ontario,(data deleted),(data deleted),0.0,3,4,begin_checkout
70890906.1784265451,5416005096,2020-12-20,1,1,0,1,1,1,mobile,Android,United Kingdom,England,(data deleted),(data deleted),0.0,13,6,purchase
57710011.7753767060,4385568216,2021-01-19,1,1,0,0,0,0,mobile,Android,United States,Colorado,google,organic,0.0,9,2,view_item
74715141.3252970276,927550237,2020-11-17,1,0,0,0,0,0,desktop,Macintosh,Hong Kong,(not set),<Other>,<Other>,0.0,1,1,session_only
63192630.3880831036,7001603483,2021-01-20,1,0,0,0,0,0,desktop,Web,Spain,Canary Islands,<Other>,<Other>,0.0,1,1,session_only
74546001.3718778256,2358984404,2020-11-17,1,1,1,1,1,1,desktop,Web,Czechia,Prague,(direct),(none),0.0,24,6,purchase
4992999.1096131806,962309029,2021-01-10,1,0,0,0,0,0,desktop,Windows,United States,California,(direct),(none),0.0,1,1,session_only
3280374.0706643500,9429229160,2021-01-04,1,0,0,0,0,0,desktop,Macintosh,United States,New Hampshire,<Other>,referral,0.0,1,1,session_only
1279294.6044256895,7016733214,2020-12-25,1,0,0,0,0,0,desktop,Windows,United Kingdom,England,<Other>,<Other>,0.0,1,1,session_only
91013020.5949828722,6962721497,2020-11-02,1,1,0,0,0,0,desktop,Web,India,Gujarat,shop.googlemerchandisestore.com,referral,0.0,2,2,view_item
60671469.8143467650,9027164374,2021-01-08,1,0,0,0,0,0,mobile,Web,Japan,(not set),(direct),(none),0.0,1,1,session_only
2892612.4402874865,3082504565,2020-12-31,1,0,0,0,0,0,desktop,Macintosh,United States,Texas,<Other>,referral,0.0,1,1,session_only
82116817.7684758107,340927816,2020-11-20,1,1,0,0,0,0,desktop,Web,United States,California,<Other>,<Other>,0.0,17,2,view_item
8191726.8344238716,4496716410,2020-11-16,1,0,0,0,0,0,desktop,Windows,Australia,Western Australia,google,organic,0.0,1,1,session_only
41665345.2194465219,8052635540,2021-01-02,1,0,0,0,0,0,mobile,iOS,France,Ile-de-France,google,organic,0.0,1,1,session_only
1442069.6242784327,1489529113,2020-12-29,1,1,0,0,0,0,desktop,Windows,United States,Virginia,google,cpc,0.0,3,2,view_item
62445213.9249448121,9123930022,2020-12-14,1,0,0,0,0,0,tablet,Web,United States,California,(direct),(none),0.0,1,1,session_only
3446930.5609062544,1605215881,2021-01-23,1,1,0,0,0,0,mobile,Web,United States,Pennsylvania,google,organic,0.0,7,2,view_item
72353428.7494932314,8145644326,2021-01-19,1,0,0,0,0,0,mobile,iOS,Poland,Greater Poland Voivodeship,<Other>,<Other>,0.0,1,1,session_only
27949816.8738693016,1661242083,2020-11-17,1,0,0,0,0,0,mobile,Web,United States,Ohio,shop.googlemerchandisestore.com,referral,0.0,1,1,session_only
38672696.4006569102,256062002,2021-01-18,1,0,0,0,0,0,mobile,Web,United States,Texas,google,organic,0.0,1,1,session_only
81659237.2860961954,5552635345,2021-01-20,1,0,0,0,0,0,mobile,Web,Germany,Berlin,google,organic,0.0,1,1,session_only
2878824.2995422909,3631392274,2021-01-12,1,0,0,0,0,0,desktop,Web,United States,Pennsylvania,(direct),(none),0.0,1,1,session_only
8907926.8871454632,6948588048,2021-01-19,1,0,0,0,0,0,mobile,Android,United States,Texas,(direct),(none),0.0,1,1,session_only
41917796.6403465234,5322518236,2021-01-01,1,0,0,0,0,0,desktop,Web,Hong Kong,(not set),(direct),(none),0.0,1,1,session_only
74312636.9618105622,2715369421,2020-11-23,1,0,0,0,0,0,mobile,iOS,Sweden,Stockholm County,google,organic,0.0,1,1,session_only
61634643.0784249779,2098884200,2021-01-03,1,1,0,0,0,0,desktop,Web,United States,California,shop.googlemerchandisestore.com,referral,0.0,2,2,view_item
88257379.6902829125,5424752606,2021-01-08,1,0,0,0,0,0,mobile,Web,France,Ile-de-France,(data deleted),(data deleted),0.0,1,1,session_only
3401634.7797207113,1005576243,2020-12-23,1,1,1,1,0,0,mobile,Android,United States,Nevada,google,cpc,0.0,15,4,begin_checkout
46718997.4589691577,2039248855,2020-12-28,1,0,0,0,0,0,desktop,Web,(not set),(not set),shop.googlemerchandisestore.com,referral,0.0,1,1,session_only
7731767.3806782267,1807578321,2020-12-27,1,0,0,0,0,0,desktop,Web,United States,California,google,organic,0.0,1,1,session_only
55543744.6020957016,2043894089,2021-01-03,1,1,0,0,0,0,desktop,Web,(not set),(not set),<Other>,<Other>,0.0,2,2,view_item
76246306.1239994911,3051459519,2020-11-09,1,0,0,0,0,0,mobile,Web,Ecuador,Pichincha,google,organic,0.0,1,1,session_only
8254020.9974609452,1947469069,2020-12-24,1,0,0,0,0,0,mobile,Web,United States,Michigan,google,organic,0.0,1,1,session_only
46470302.1626695987,6715926099,2021-01-20,1,0,0,0,0,0,mobile,Android,Canada,British Columbia,google,organic,0.0,1,1,session_only
58766274.1198833585,1489365853,2021-01-13,1,0,0,0,0,0,desktop,Web,United States,Washington,(direct),(none),0.0,1,1,session_only
84813844.5115844012,8835798519,2020-12-28,1,0,0,0,0,0,desktop,<Other>,United States,Florida,(direct),(none),0.0,1,1,session_only
3100816.1944775933,2028712095,2020-12-29,1,0,0,0,0,0,desktop,Windows,United States,California,(direct),(none),0.0,1,1,session_only
41242837.8400218667,3116971837,2021-01-06,1,0,0,0,0,0,mobile,Web,United States,Arizona,google,organic,0.0,1,1,session_only
57966618.4492876538,6111405262,2020-12-14,1,1,1,1,1,1,desktop,Windows,Canada,Ontario,google,organic,34.72,27,6,purchase
41565948.4443734350,8247888464,2020-12-17,1,0,0,0,0,0,mobile,iOS,United States,Maryland,<Other>,referral,0.0,1,1,session_only
71675321.7996665252,8802796828,2021-01-20,1,0,0,0,0,0,mobile,iOS,Indonesia,(not set),google,organic,0.0,1,1,session_only
66837805.6895530750,4866158048,2020-12-25,1,0,0,0,0,0,desktop,Windows,United States,Oklahoma,google,organic,0.0,1,1,session_only
42190699.7153315079,394330015,2021-01-12,1,0,0,0,0,0,desktop,Macintosh,United States,California,(direct),(none),0.0,1,1,session_only
4664260.3422863552,2256694717,2020-12-30,1,0,0,0,0,0,mobile,iOS,United States,New York,shop.googlemerchandisestore.com,referral,0.0,1,1,session_only
3021459.5242381277,6214023017,2021-01-18,1,0,0,0,0,0,desktop,Web,Canada,Quebec,google,organic,0.0,1,1,session_only
10231443.4934008499,8865342727,2021-01-07,1,1,0,0,0,0,desktop,Web,(not set),(not set),shop.googlemerchandisestore.com,referral,0.0,3,2,view_item
49774198.5232041399,9494843064,2021-01-16,1,0,0,0,0,0,desktop,Web,Poland,Masovian Voivodeship,<Other>,<Other>,0.0,1,1,session_only
30523866.9030434749,5442456471,2020-12-26,1,0,0,0,0,0,desktop,Web,Singapore,(not set),<Other>,<Other>,0.0,1,1,session_only
13061534.5657515415,5657797232,2020-11-20,1,0,0,0,0,0,mobile,Android,India,Rajasthan,(direct),(none),0.0,1,1,session_only
86001023.9234740309,9327034416,2021-01-28,1,0,0,0,0,0,mobile,Web,Canada,Quebec,google,organic,0.0,1,1,session_only
29041907.3754524274,3629083885,2020-11-26,1,1,0,0,0,0,mobile,iOS,Ghana,Greater Accra Region,<Other>,organic,0.0,2,2,view_item
57499982.4479614398,3357834769,2020-12-14,1,1,1,1,1,1,mobile,iOS,Canada,Manitoba,<Other>,<Other>,105.6,42,6,purchase
3500369.3069244227,7323603287,2020-12-27,1,0,0,0,0,0,desktop,Web,United States,North Carolina,(direct),(none),0.0,1,1,session_only
6928616.2284594156,4871968763,2020-11-10,1,0,0,0,0,0,desktop,Web,Canada,Quebec,(direct),(none),0.0,1,1,session_only
8828429.0526073745,933962264,2020-11-24,1,1,0,0,0,0,desktop,Macintosh,United States,California,google,organic,0.0,2,2,view_item
20369253.1433460115,4507722975,2020-11-21,1,0,0,0,0,0,desktop,Web,Indonesia,Special Region of Yogyakarta,<Other>,organic,0.0,1,1,session_only
65726465.5774469023,9215277649,2020-12-23,1,0,0,0,0,0,desktop,Web,India,Maharashtra,(direct),(none),0.0,1,1,session_only
52754160.8004080039,4142817907,2021-01-09,1,1,0,0,0,0,mobile,Web,Sri Lanka,Western Province,google,organic,0.0,2,2,view_item
48198174.0421034126,543705920,2021-01-27,1,0,0,0,0,0,desktop,Web,United Kingdom,England,google,organic,0.0,1,1,session_only
2977558.8968834325,2850092601,2021-01-07,1,0,0,0,0,0,desktop,Web,United States,Maryland,(data deleted),(data deleted),0.0,1,1,session_only
77052125.0799530822,8839449085,2021-01-02,1,1,1,1,1,1,desktop,Web,United States,New York,google,organic,63.2,71,6,purchase
68109766.5192898921,2591705127,2021-01-09,1,0,0,0,0,0,mobile,iOS,United States,California,shop.googlemerchandisestore.com,referral,0.0,1,1,session_only
78398884.1440629191,7994362462,2020-12-28,1,0,0,0,0,0,mobile,Web,Spain,Aragon,<Other>,referral,0.0,1,1,session_only
5816885.1590889854,9920432121,2021-01-15,1,0,0,0,0,0,mobile,iOS,Japan,Kanagawa,<Other>,<Other>,0.0,1,1,session_only
25162917.8331956917,2391014230,2020-11-08,1,0,0,0,0,0,mobile,Web,Spain,Andalusia,<Other>,<Other>,0.0,1,1,session_only
5422083.5342902833,2347329724,2020-12-30,1,0,0,0,0,0,mobile,Android,Sweden,Vastra Gotaland County,shop.googlemerchandisestore.com,referral,0.0,1,1,session_only
10329225.7969363339,8464926939,2021-01-25,1,0,0,0,0,0,desktop,Web,United States,Virginia,google,organic,0.0,1,1,session_only
3342706.3837138628,4692073071,2020-12-26,1,0,0,0,0,0,desktop,Web,India,Maharashtra,<Other>,<Other>,0.0,1,1,session_only
60556871.9816826273,3789396535,2020-12-23,1,0,0,0,0,0,desktop,Web,India,Uttar Pradesh,<Other>,referral,0.0,1,1,session_only
68363473.1810231051,5017222585,2020-12-31,1,0,0,0,0,0,mobile,Web,United States,Virginia,(direct),(none),0.0,1,1,session_only
6818835.4535383534,3504904338,2020-11-16,1,0,0,0,0,0,desktop,Web,India,Bihar,(direct),(none),0.0,1,1,session_only
5767763.7293485976,2530811861,2021-01-19,1,0,0,0,0,0,mobile,Web,Canada,Quebec,google,organic,0.0,1,1,session_only
51527072.9853431341,2646941807,2020-12-20,1,0,0,0,0,0,mobile,Web,United States,Wisconsin,<Other>,<Other>,0.0,1,1,session_only
5637989.4614023165,394537612,2020-11-17,1,0,0,0,0,0,desktop,<Other>,United States,Maryland,google,organic,0.0,1,1,session_only
58276929.6976032342,9367251954,2021-01-07,1,0,0,0,0,0,desktop,Web,United States,Mississippi,<Other>,<Other>,0.0,1,1,session_only
3593865.9590725279,1924159757,2021-01-17,1,0,0,0,0,0,desktop,Windows,United Arab Emirates,Abu Dhabi,google,organic,0.0,1,1,session_only
25503653.9289627832,4965243421,2020-11-19,1,0,0,0,0,0,mobile,Web,United Kingdom,England,<Other>,referral,0.0,1,1,session_only
6641768.4055103884,8786912451,2020-12-14,1,0,0,0,0,0,mobile,iOS,United States,Florida,(direct),(none),0.0,1,1,session_only
3315001.8554374473,8216609530,2021-01-31,1,0,0,0,0,0,desktop,Web,United States,Virginia,(direct),(none),0.0,1,1,session_only
3049352.6580922232,3748796549,2020-11-26,1,1,0,0,0,0,mobile,Android,Argentina,(not set),(direct),(none),0.0,2,2,view_item
7280971.0792272419,3372025562,2020-11-26,1,0,0,0,0,0,mobile,Android,United States,Washington,(direct),(none),0.0,1,1,session_only
55795512.5087892606,9556064659,2020-11-07,1,1,0,1,1,1,desktop,Web,South Korea,Gyeonggi-do,google,organic,11.2,39,6,purchase
1536815.2441122247,9378042126,2021-01-11,1,1,0,0,0,0,mobile,Web,United States,Maryland,<Other>,referral,0.0,2,2,view_item
49193609.5981257612,4377280083,2020-12-19,1,1,1,1,0,0,desktop,Windows,United States,Illinois,shop.googlemerchandisestore.com,referral,0.0,11,4,begin_checkout
3663889.6627811535,7864958210,2020-11-23,1,0,0,0,0,0,desktop,Web,Hong Kong,(not set),<Other>,<Other>,0.0,1,1,session_only
7174889.4833203560,1810260497,2021-01-30,1,0,0,0,0,0,desktop,Web,New Zealand,Auckland,google,organic,0.0,1,1,session_only
34789302.6826492562,6286061824,2020-12-27,1,0,0,0,0,0,desktop,Web,Hungary,Budapest,google,organic,0.0,1,1,session_only
26820122.2940850014,219766194,2020-11-12,1,1,0,0,0,0,mobile,iOS,Singapore,(not set),<Other>,<Other>,0.0,3,2,view_item
1264048.3409319388,6308752273,2021-01-10,1,0,0,0,0,0,mobile,iOS,Mexico,Sonora,<Other>,organic,0.0,1,1,session_only
44631933.4911762376,5234976920,2020-12-30,1,0,0,0,0,0,desktop,Web,United States,Illinois,google,organic,0.0,1,1,session_only
3183763.4268072115,2170489877,2020-11-21,1,0,0,0,0,0,mobile,Web,Ireland,County Dublin,(direct),(none),0.0,1,1,session_only
13360026.3487488697,9755323835,2021-01-25,1,1,0,0,0,0,mobile,Android,United States,New York,google,organic,0.0,2,2,view_item
3728034.7421262430,7571716225,2021-01-01,1,0,0,0,0,0,desktop,Windows,United States,Tennessee,google,organic,0.0,1,1,session_only
58148487.4094807129,4271330867,2020-11-05,1,0,0,0,0,0,mobile,Web,Brazil,State of Santa Catarina,(direct),(none),0.0,1,1,session_only
8933403499.2989687468,7368807238,2021-01-03,1,1,0,0,0,0,desktop,Web,India,Gujarat,(direct),(none),0.0,2,2,view_item
30582383.6405415487,8459553191,2021-01-31,1,0,0,0,0,0,desktop,Web,United States,New York,(direct),(none),0.0,1,1,session_only
24406682.9633239471,3345769501,2021-01-24,1,0,0,0,0,0,desktop,Windows,United States,California,google,organic,0.0,1,1,session_only
2393917.6157336532,3771424883,2021-01-25,1,1,0,0,0,0,desktop,Web,United States,Kentucky,shop.googlemerchandisestore.com,referral,0.0,2,2,view_item
8065463844.9330702989,3089261689,2021-01-13,1,0,0,0,0,0,mobile,Android,United States,Colorado,google,cpc,0.0,1,1,session_only
2145702.3346455915,8226566527,2020-11-08,1,1,0,0,0,0,mobile,Android,United States,Alabama,<Other>,<Other>,0.0,3,2,view_item
1143326.3802607977,159302157,2020-12-01,1,0,0,0,0,0,mobile,Web,Canada,Ontario,google,organic,0.0,1,1,session_only
2156411.1295689880,5131001957,2020-12-20,1,0,0,0,0,0,desktop,Web,United States,California,(direct),(none),0.0,1,1,session_only
61118967.8056730478,9038796364,2021-01-17,1,1,1,1,1,1,desktop,Web,United States,Virginia,google,organic,0.0,19,6,purchase
8282862.0893034618,7177067673,2020-11-10,1,0,0,0,0,0,desktop,Web,India,Telangana,<Other>,<Other>,0.0,1,1,session_only
32754141.4759198485,3480155745,2020-12-14,1,0,0,0,0,0,mobile,iOS,Thailand,Bangkok,(data deleted),(data deleted),0.0,1,1,session_only
7983151.6007078465,9528336324,2021-01-12,1,1,0,0,0,0,desktop,Web,Taiwan,Tainan City,(data deleted),(data deleted),0.0,3,2,view_item
55794893.2503288537,371755036,2020-12-27,1,0,0,0,0,0,mobile,Web,United States,California,<Other>,organic,0.0,1,1,session_only
88035553.7600629117,8640304625,2020-12-04,1,1,0,0,0,0,desktop,Windows,India,Uttarakhand,<Other>,<Other>,0.0,2,2,view_item
3516878869.4786804605,3119286903,2021-01-29,1,0,0,0,0,0,mobile,iOS,United States,Virginia,<Other>,<Other>,0.0,1,1,session_only
40348393.4105152800,9810079551,2021-01-15,1,0,0,0,0,0,desktop,Macintosh,Canada,Saskatchewan,google,organic,0.0,1,1,session_only
24437568.6964105853,4168145303,2021-01-25,1,0,0,0,0,0,desktop,Web,United Kingdom,Scotland,(direct),(none),0.0,1,1,session_only
6112176882.5497379571,9167880348,2020-11-23,1,1,0,1,1,1,mobile,Web,China,Zhejiang,google,organic,159.2,53,6,purchase
39137417.0342877861,914388745,2020-12-29,1,0,0,0,0,0,mobile,iOS,France,Provence-Alpes-Cote d'Azur,google,organic,0.0,1,1,session_only
3042993.9624460807,757388617,2020-12-26,1,0,0,0,0,0,desktop,Web,Indonesia,Jakarta,google,organic,0.0,1,1,session_only
8587133.6561131610,8794401968,2021-01-28,1,0,0,0,0,0,desktop,Web,United States,California,<Other>,<Other>,0.0,1,1,session_only
8180003.1007682591,5253131289,2020-11-29,1,0,0,0,0,0,mobile,iOS,Netherlands,South Holland,google,cpc,0.0,1,1,session_only
5397648.9657283446,9599862263,2021-01-29,1,0,0,0,0,0,mobile,iOS,Brazil,(not set),shop.googlemerchandisestore.com,referral,0.0,1,1,session_only
3498151.1079353788,8156277288,2020-12-30,1,0,0,0,0,0,mobile,iOS,United States,Georgia,(direct),(none),0.0,1,1,session_only
13078989.4791704495,7666803770,2021-01-15,1,0,0,0,0,0,tablet,iOS,Philippines,Central Luzon,google,organic,0.0,1,1,session_only
4812195.8904100708,451933315,2020-12-01,1,1,1,1,0,0,mobile,Android,Italy,Lombardy,google,cpc,0.0,6,4,begin_checkout
87645037.5558501894,5709997969,2021-01-17,1,1,0,0,0,0,mobile,Android,United Kingdom,England,shop.googlemerchandisestore.com,referral,0.0,3,2,view_item
71230332.1496517484,8184437618,2020-11-02,1,0,0,0,0,0,desktop,Web,United States,Ohio,(direct),(none),0.0,1,1,session_only
5231685.3783438383,660144732,2021-01-16,1,0,0,0,0,0,desktop,Windows,Germany,Berlin,(direct),(none),0.0,1,1,session_only
74053461.8216676856,4188260759,2021-01-27,1,0,0,0,0,0,desktop,Web,United States,Ohio,google,organic,0.0,1,1,session_only
53379384.0448742187,7196026158,2020-11-10,1,1,0,1,1,1,desktop,Macintosh,United States,Illinois,google,organic,200.16,26,6,purchase
3773680.0032218065,522458971,2020-11-02,1,0,0,0,0,0,desktop,Windows,United States,Illinois,google,organic,0.0,1,1,session_only
40075823.1782842775,5963080583,2021-01-10,1,0,0,0,0,0,mobile,Android,India,Delhi,<Other>,<Other>,0.0,1,1,session_only
88570651.6363021133,711718052,2021-01-26,1,0,0,0,0,0,mobile,iOS,Germany,Hamburg,google,organic,0.0,1,1,session_only
24274337.4452611466,7210031464,2020-12-04,1,1,0,0,0,0,mobile,Android,Sweden,Stockholm County,(direct),(none),0.0,3,2,view_item
3575930.8419793744,4596213776,2020-11-20,1,0,0,0,0,0,mobile,Android,Canada,Ontario,<Other>,<Other>,0.0,1,1,session_only
4786822.1438326419,5754218690,2020-11-11,1,0,0,0,0,0,mobile,Web,United States,California,shop.googlemerchandisestore.com,referral,0.0,1,1,session_only
91755929.7143778768,7254813528,2021-01-20,1,0,0,0,0,0,desktop,Windows,United States,Texas,(direct),(none),0.0,1,1,session_only
69280717.2106694009,6388051780,2020-11-24,1,0,0,0,0,0,desktop,Web,Portugal,Lisbon,<Other>,referral,0.0,1,1,session_only
48868878.2653698077,3490360945,2020-11-21,1,0,0,0,0,0,desktop,Windows,United States,California,(data deleted),(data deleted),0.0,1,1,session_only
5017866.7188862500,7107618266,2021-01-18,1,0,0,0,0,0,desktop,Windows,United States,Virginia,google,organic,0.0,1,1,session_only
61541926.5638754768,3984301425,2020-12-26,1,0,0,0,0,0,desktop,Web,United States,Pennsylvania,google,organic,0.0,1,1,session_only
12291446.3815334458,3931110143,2020-11-17,1,1,1,1,1,1,mobile,Web,United States,Massachusetts,(direct),(none),202.64,35,6,purchase
17022340.1975304018,8071360707,2021-01-29,1,0,0,0,0,0,mobile,Web,India,Punjab,shop.googlemerchandisestore.com,referral,0.0,1,1,session_only
34360015.5039813275,1913799770,2020-11-14,1,1,0,0,0,0,desktop,<Other>,United States,Massachusetts,<Other>,<Other>,0.0,8,2,view_item
6356842.3006062389,3231774936,2021-01-28,1,0,0,0,0,0,desktop,Web,United States,California,<Other>,<Other>,0.0,1,1,session_only
48868878.2653698077,3693384848,2020-11-26,1,1,0,1,0,0,desktop,Windows,United States,California,google,organic,0.0,5,4,begin_checkout
29489964.5133140871,5116890695,2020-11-20,1,0,0,0,0,0,desktop,Macintosh,Indonesia,West Java,<Other>,referral,0.0,1,1,session_only
71867114.8068978273,7280147136,2021-01-15,1,1,0,0,0,0,tablet,iOS,United States,Michigan,(direct),(none),0.0,2,2,view_item
9526479.6072077598,6566409215,2021-01-04,1,0,0,0,0,0,mobile,Web,India,Uttar Pradesh,google,organic,0.0,1,1,session_only
41507980.5913855250,4635728581,2021-01-11,1,0,0,0,0,0,mobile,Android,India,Maharashtra,<Other>,<Other>,0.0,1,1,session_only
32388217.7876777951,8059271256,2020-12-28,1,0,0,0,0,0,desktop,Web,United States,California,(direct),(none),0.0,1,1,session_only
8663841.7201295631,9785670995,2020-12-01,1,1,0,0,0,0,desktop,<Other>,United Kingdom,England,google,cpc,0.0,2,2,view_item
8326622.9031752672,6554572928,2020-11-07,1,0,0,0,0,0,desktop,Web,United States,Michigan,google,organic,0.0,1,1,session_only
60538593.9403940467,2501313082,2020-11-09,1,0,0,0,0,0,desktop,Web,United States,Massachusetts,google,organic,0.0,1,1,session_only
19635307.5030278517,9415068204,2021-01-31,1,0,0,0,0,0,mobile,Android,India,Delhi,google,organic,0.0,1,1,session_only
6458970907.8471489621,9231789405,2021-01-18,1,0,0,0,0,0,desktop,Web,Canada,Ontario,shop.googlemerchandisestore.com,referral,0.0,1,1,session_only
7638626.6903353029,6880568297,2020-11-24,1,1,0,1,1,1,mobile,Android,France,Hauts-de-France,google,organic,0.0,7,6,purchase
38943505.3778489892,6872208709,2021-01-19,1,0,0,0,0,0,desktop,Web,United States,Georgia,shop.googlemerchandisestore.com,referral,0.0,1,1,session_only
68905261.4405849389,179113840,2020-11-17,1,0,0,0,0,0,desktop,Web,Canada,Ontario,<Other>,<Other>,0.0,1,1,session_only
61625892.3016715581,1442634059,2020-12-21,1,0,0,0,0,0,desktop,Web,United States,Utah,(direct),(none),0.0,1,1,session_only
12635392.6392715364,807646030,2020-12-17,1,1,1,1,1,1,desktop,Web,United States,Texas,(direct),(none),0.0,9,6,purchase
71616522.2401481200,6863108215,2021-01-18,1,0,0,0,0,0,desktop,Web,United States,Texas,(direct),(none),0.0,1,1,session_only
42068426.3611053080,3036272245,2020-11-05,1,0,0,0,0,0,desktop,Web,South Korea,Incheon,google,organic,0.0,1,1,session_only
68953366.1344952249,1000806798,2021-01-06,1,0,0,0,0,0,desktop,Web,United States,Georgia,google,organic,0.0,1,1,session_only
7475009.9007379454,4502088212,2021-01-11,1,1,0,0,0,0,desktop,Web,Brazil,Federal District,<Other>,organic,0.0,5,2,view_item
41995462.4594829184,671223339,2021-01-06,1,0,0,0,0,0,desktop,Web,United States,Virginia,google,organic,0.0,1,1,session_only
3644316.7658874295,641701554,2021-01-15,1,0,0,0,0,0,desktop,Web,India,Maharashtra,(direct),(none),0.0,1,1,session_only
33980109.7547737400,6881748777,2021-01-28,1,0,0,0,0,0,mobile,Web,India,Karnataka,<Other>,<Other>,0.0,1,1,session_only
37657350.9876173824,4454658823,2021-01-27,1,1,0,1,1,1,mobile,Web,Japan,Kanagawa,(direct),(none),0.0,19,6,purchase
86738498.5104743148,9753113185,2020-11-29,1,0,0,0,0,0,mobile,Android,Turkey,(not set),<Other>,<Other>,0.0,1,1,session_only
62880606.2537132571,3524652669,2020-12-27,1,0,0,0,0,0,mobile,Web,Switzerland,Zurich,(direct),(none),0.0,1,1,session_only
86440549.7808758216,4183728062,2020-12-04,1,0,0,0,0,0,desktop,Macintosh,Singapore,(not set),google,cpc,0.0,1,1,session_only
4707239.1008432127,3093668434,2020-11-20,1,1,0,1,1,1,mobile,Web,Netherlands,North Brabant,(data deleted),(data deleted),120.48,19,6,purchase
20930870.5932342155,1996322856,2021-01-06,1,0,0,0,0,0,mobile,iOS,Canada,Saskatchewan,<Other>,organic,0.0,1,1,session_only
36794743.0115266107,6115001783,2020-11-24,1,1,0,1,1,1,mobile,Android,India,Haryana,(data deleted),(data deleted),383.6,59,6,purchase
27923098.4328604342,1498056278,2020-12-17,1,0,0,0,0,0,desktop,Web,United States,Kentucky,<Other>,organic,0.0,1,1,session_only
27418646.3699270723,1640217844,2020-11-29,1,0,0,0,0,0,desktop,Windows,Brazil,State of Sao Paulo,(direct),(none),0.0,1,1,session_only
7458872.1182134048,7610453240,2020-12-20,1,0,0,0,0,0,mobile,Android,United States,California,<Other>,<Other>,0.0,1,1,session_only
2007867.8957787066,4239107269,2021-01-01,1,0,0,0,0,0,mobile,iOS,Canada,Quebec,google,organic,0.0,1,1,session_only
73478648.4870101641,1884761081,2020-12-27,1,1,1,1,1,1,mobile,iOS,Brazil,State of Rio de Janeiro,(direct),(none),195.58,110,6,purchase
12712324.7587783551,8245436182,2020-12-26,1,0,0,0,0,0,tablet,iOS,United States,Illinois,<Other>,referral,0.0,1,1,session_only
4640413.4490070034,8595512136,2020-12-28,1,0,0,0,0,0,mobile,Web,Canada,Ontario,google,organic,0.0,1,1,session_only
3897779830.6502047416,4919900244,2021-01-15,1,0,0,0,0,0,desktop,Web,United States,California,(direct),(none),0.0,1,1,session_only
27034076.6322700183,5978897692,2020-11-23,1,1,0,1,0,0,mobile,iOS,Canada,Quebec,<Other>,referral,0.0,12,4,begin_checkout
60429812.3330497226,9246546238,2021-01-31,1,0,0,0,0,0,desktop,Web,United States,Arizona,(data deleted),(data deleted),0.0,1,1,session_only
1432848.5254052622,2742509261,2020-11-24,1,0,0,0,0,0,desktop,Windows,Mexico,State of Mexico,google,cpc,0.0,1,1,session_only
89221742.7335893073,6121032149,2020-12-30,1,0,0,0,0,0,desktop,Web,United States,New York,(direct),(none),0.0,1,1,session_only
1491413.8013111665,9484764302,2021-01-20,1,0,0,0,0,0,desktop,Web,South Korea,Seoul,<Other>,<Other>,0.0,1,1,session_only
78305447.9700390417,4847439113,2021-01-06,1,0,0,0,0,0,desktop,Web,United States,Oregon,(data deleted),(data deleted),0.0,1,1,session_only
3042231.7412834376,9048529948,2021-01-09,1,0,0,0,0,0,desktop,Web,United States,California,google,cpc,0.0,1,1,session_only
8074414.8798957969,1534776493,2021-01-27,1,0,0,0,0,0,desktop,Web,United States,California,(direct),(none),0.0,1,1,session_only
36739370.0292324923,3034032135,2021-01-09,1,1,0,0,0,0,mobile,Web,Peru,(not set),(direct),(none),0.0,2,2,view_item
2262992.9877181614,275779054,2021-01-13,1,0,0,0,0,0,desktop,Web,China,Zhejiang,google,organic,0.0,1,1,session_only
58589058.4272443419,8792802514,2021-01-09,1,0,0,0,0,0,mobile,Android,Israel,Tel Aviv District,(data deleted),(data deleted),0.0,1,1,session_only
7070789.2674902201,937380516,2020-12-14,1,0,0,0,0,0,desktop,Web,United States,Tennessee,<Other>,<Other>,0.0,1,1,session_only
8984303.8948942435,7209486466,2021-01-23,1,0,0,0,0,0,desktop,Web,United States,California,<Other>,organic,0.0,1,1,session_only
23825177.5587701776,220342603,2021-01-16,1,0,0,0,0,0,desktop,Web,Morocco,Casablanca-Settat,(direct),(none),0.0,1,1,session_only
40528024.5349383168,7051929364,2020-11-20,1,0,0,0,0,0,desktop,Web,United States,California,(direct),(none),0.0,1,1,session_only
71668877.5355512058,3213940062,2021-01-13,1,1,0,0,0,0,mobile,Web,Canada,Ontario,(direct),(none),0.0,2,2,view_item
7617819.9461340449,5920831429,2020-12-01,1,1,0,0,0,0,mobile,iOS,Netherlands,Overijssel,google,organic,0.0,2,2,view_item
5291489790.8309097387,3637972522,2020-12-21,1,0,0,0,0,0,mobile,Android,Hong Kong,(not set),<Other>,referral,0.0,1,1,session_only
58494000.3106433806,3428607681,2021-01-23,1,1,1,1,1,1,desktop,Macintosh,Netherlands,North Holland,shop.googlemerchandisestore.com,referral,0.0,20,6,purchase
72729185.0932866146,7177996373,2020-11-26,1,0,0,0,0,0,desktop,Windows,China,Zhejiang,<Other>,<Other>,0.0,1,1,session_only
2552499.2967992898,2587831723,2021-01-19,1,0,0,0,0,0,mobile,Android,India,Maharashtra,shop.googlemerchandisestore.com,referral,0.0,1,1,session_only
6931781.3283642694,958292062,2020-11-14,1,0,0,0,0,0,mobile,Web,Canada,British Columbia,google,organic,0.0,1,1,session_only
40003351.7678877308,9389964985,2021-01-11,1,0,0,0,0,0,mobile,Android,Canada,British Columbia,<Other>,referral,0.0,1,1,session_only
7817853.9092303469,5288281991,2021-01-12,1,0,0,0,0,0,desktop,Web,India,Punjab,google,organic,0.0,1,1,session_only
81148878.5005422600,1874650922,2021-01-31,1,0,0,0,0,0,mobile,Web,United States,Virginia,google,organic,0.0,1,1,session_only
4632179.0092812439,841207046,2021-01-30,1,1,0,0,0,0,mobile,Web,Hong Kong,(not set),google,organic,0.0,2,2,view_item
91961916.5648856449,4611045845,2020-11-09,1,0,0,0,0,0,mobile,Web,Taiwan,Taipei City,(direct),(none),0.0,1,1,session_only
1034924.6134685361,6522151802,2021-01-31,1,0,0,0,0,0,mobile,Web,United States,Massachusetts,(direct),(none),0.0,1,1,session_only
7336508.2758654851,3409945129,2021-01-07,1,0,0,0,0,0,mobile,iOS,Israel,Tel Aviv District,google,organic,0.0,1,1,session_only
15658096.1291022424,241090065,2020-11-12,1,0,0,0,0,0,desktop,Web,United States,Pennsylvania,shop.googlemerchandisestore.com,referral,0.0,1,1,session_only
1945168.4922762513,5988338505,2020-12-01,1,0,0,0,0,0,desktop,Windows,India,Karnataka,google,cpc,0.0,1,1,session_only
3825230.4942769139,7753154615,2020-11-23,1,0,0,0,0,0,desktop,Web,Spain,Andalusia,google,cpc,0.0,1,1,session_only
1621120.1060958458,5066734325,2020-12-17,1,1,0,1,1,0,mobile,Web,United States,Florida,google,organic,0.0,21,5,add_payment
48558335.2828166622,5611691951,2021-01-06,1,0,0,0,0,0,desktop,Web,United States,Illinois,google,organic,0.0,1,1,session_only
6871753.5053914208,3975851238,2020-12-23,1,1,0,0,0,0,desktop,Web,Canada,Quebec,google,organic,0.0,3,2,view_item
39447924.7392393021,5269860041,2021-01-01,1,0,0,0,0,0,mobile,iOS,United States,California,google,cpc,0.0,1,1,session_only
78235113.1949728105,593881420,2020-12-17,1,1,0,0,0,0,desktop,Macintosh,United States,California,google,organic,0.0,3,2,view_item
6762751.1457396079,8239757341,2020-12-26,1,0,0,0,0,0,mobile,Android,Canada,Ontario,(direct),(none),0.0,1,1,session_only
43256322.4959025607,2635357964,2020-12-17,1,0,0,0,0,0,mobile,Web,Australia,Victoria,(data deleted),(data deleted),0.0,1,1,session_only
21858425.3816901357,651272920,2021-01-27,1,1,0,0,0,0,mobile,Web,India,Kerala,google,organic,0.0,3,2,view_item
33603920.0747297524,7886904253,2020-12-14,1,0,0,0,0,0,desktop,Windows,Mexico,Mexico City,<Other>,referral,0.0,1,1,session_only
60701579.7129330676,2476091804,2021-01-31,1,1,0,0,0,0,desktop,Web,United Kingdom,England,<Other>,referral,0.0,3,2,view_item
1685178.0670336190,3857973186,2020-11-23,1,1,0,0,0,0,mobile,Web,United States,Virginia,shop.googlemerchandisestore.com,referral,0.0,3,2,view_item
56617518.1047058197,7439932765,2020-12-27,1,0,0,0,0,0,desktop,<Other>,United States,Texas,(direct),(none),0.0,1,1,session_only
7087497059.2441082427,5331144955,2020-11-19,1,0,0,0,0,0,desktop,Web,United States,Minnesota,shop.googlemerchandisestore.com,referral,0.0,1,1,session_only
59283995.2508616440,5100026066,2020-11-26,1,1,1,1,1,1,desktop,Web,United States,Florida,<Other>,referral,290.56,78,6,purchase
2822376668.6015658564,4488101441,2020-12-21,1,0,0,0,0,0,desktop,Web,Argentina,Buenos Aires Province,google,organic,0.0,1,1,session_only
38798081.5670456693,7529811034,2021-01-15,1,0,0,0,0,0,desktop,Windows,United States,Maryland,google,organic,0.0,1,1,session_only
5075861.7333288674,104880678,2020-12-21,1,1,1,0,0,0,mobile,iOS,United States,California,(direct),(none),0.0,21,3,add_to_cart
10875916.9078442771,8738176289,2020-12-23,1,1,0,0,0,0,desktop,Web,United Kingdom,England,<Other>,<Other>,0.0,2,2,view_item
7040025.2601642957,3812072037,2020-11-05,1,1,0,1,0,0,mobile,Android,United Kingdom,England,<Other>,<Other>,0.0,35,4,begin_checkout
32858298.6274773155,2598590910,2020-11-24,1,1,0,1,0,0,mobile,Android,Canada,Ontario,google,organic,0.0,56,4,begin_checkout
3468839.0008738473,2315302295,2020-12-24,1,0,0,0,0,0,desktop,Windows,Canada,Ontario,<Other>,<Other>,0.0,1,1,session_only
8668790.9649839067,6080929785,2021-01-28,1,0,0,0,0,0,mobile,Web,United States,Texas,<Other>,<Other>,0.0,1,1,session_only
40378692.3970489000,3827627000,2020-12-20,1,0,0,0,0,0,desktop,Windows,United States,Texas,(direct),(none),0.0,1,1,session_only
7853014.6443293956,7871006806,2021-01-19,1,1,0,0,0,0,desktop,Web,United States,California,(direct),(none),0.0,2,2,view_item
58051580.1831268483,323056025,2020-11-12,1,0,0,0,0,0,desktop,Web,India,Bihar,google,cpc,0.0,1,1,session_only
7131649.3920222312,7102312296,2020-11-09,1,0,0,0,0,0,desktop,Web,India,Madhya Pradesh,<Other>,<Other>,0.0,1,1,session_only
74471143.6170035309,2827926567,2020-12-17,1,0,0,0,0,0,desktop,Windows,United States,Missouri,google,organic,0.0,1,1,session_only
3735289.9837184983,5184747474,2021-01-06,1,0,0,0,0,0,mobile,Web,Japan,Tokyo,google,organic,0.0,1,1,session_only
82564320.7443590544,2250824685,2021-01-17,1,0,0,0,0,0,desktop,Web,Canada,Alberta,google,organic,0.0,1,1,session_only
58176539.8596234172,9943468057,2020-12-04,1,0,0,0,0,0,mobile,Web,United States,Virginia,(direct),(none),0.0,1,1,session_only
1926697.9498144661,8187322747,2020-11-02,1,0,0,0,0,0,desktop,Web,India,Uttar Pradesh,google,organic,0.0,1,1,session_only
68557009.6959463400,6718198334,2020-12-20,1,0,0,0,0,0,mobile,Web,Canada,Quebec,(direct),(none),0.0,1,1,session_only
75294747.2712173356,3696093702,2020-11-17,1,0,0,0,0,0,mobile,iOS,United States,Texas,google,organic,0.0,1,1,session_only
6132362.7873572171,2873222948,2021-01-23,1,1,0,0,0,0,desktop,Web,United States,Washington,<Other>,<Other>,0.0,2,2,view_item
7764123.6730142467,3320630806,2021-01-31,1,0,0,0,0,0,desktop,Web,Germany,Baden-Wurttemberg,google,organic,0.0,1,1,session_only
43259288.5905790888,6905356135,2020-12-04,1,1,1,1,1,1,desktop,Macintosh,El Salvador,San Salvador Department,<Other>,<Other>,52.8,89,6,purchase
12557240.6917222125,5084640480,2020-11-10,1,1,0,1,1,1,mobile,iOS,China,Zhejiang,google,organic,79.8,18,6,purchase
68008847.1017469833,3383516262,2021-01-25,1,1,1,1,1,1,mobile,Android,Iceland,Capital Region,google,organic,0.0,21,6,purchase
85826410.6864709677,3763596368,2020-12-17,1,0,0,0,0,0,desktop,Web,United States,California,(direct),(none),0.0,1,1,session_only
29446453.0592592079,8610319885,2021-01-17,1,0,0,0,0,0,desktop,Web,(not set),(not set),(data deleted),(data deleted),0.0,1,1,session_only
54818265.6577214045,6472015239,2020-12-19,1,1,1,1,1,1,mobile,Android,Spain,Madrid,(data deleted),(data deleted),35.28,31,6,purchase
2741451.5279899293,2697714658,2020-12-27,1,0,0,0,0,0,mobile,iOS,Poland,Masovian Voivodeship,shop.googlemerchandisestore.com,referral,0.0,1,1,session_only
48044552.6837290370,7704007810,2020-12-19,1,0,0,0,0,0,mobile,Android,Egypt,Giza Governorate,<Other>,<Other>,0.0,1,1,session_only
4124084.5428115504,1372363005,2020-12-21,1,0,0,0,0,0,desktop,Windows,United States,Texas,google,organic,0.0,1,1,session_only
83407493.3311405572,2571818859,2021-01-08,1,0,0,0,0,0,mobile,iOS,United States,Massachusetts,google,organic,0.0,1,1,session_only
56252464.3481846934,1327590903,2020-12-25,1,0,0,0,0,0,mobile,Android,United States,Wisconsin,google,organic,0.0,1,1,session_only
8960311.5644298530,5064375737,2020-12-26,1,1,0,0,0,0,desktop,Windows,Singapore,(not set),<Other>,<Other>,0.0,3,2,view_item
2595381.0667623867,9250426349,2021-01-25,1,1,0,0,0,0,mobile,Web,United States,Wisconsin,google,organic,0.0,2,2,view_item
64146635.7607769981,2004298392,2020-12-27,1,0,0,0,0,0,desktop,Web,United States,Virginia,<Other>,referral,0.0,1,1,session_only
46234784.3243120445,9463645984,2020-12-04,1,0,0,0,0,0,mobile,iOS,Japan,(not set),(direct),(none),0.0,1,1,session_only
1795391.4211469750,1317325983,2020-12-28,1,0,0,0,0,0,desktop,Web,United States,Kansas,google,organic,0.0,1,1,session_only
73023226.5520081541,3202395925,2020-12-28,1,0,0,0,0,0,desktop,Web,United Kingdom,Scotland,(direct),(none),0.0,1,1,session_only
7642597280.7630528604,5017115014,2020-11-26,1,0,0,0,0,0,desktop,Web,United States,Massachusetts,(direct),(none),0.0,1,1,session_only
21411361.7312817563,1561584553,2021-01-19,1,0,0,0,0,0,mobile,iOS,United States,California,(data deleted),(data deleted),0.0,1,1,session_only
71819949.6499350719,9825217603,2021-01-26,1,0,0,0,0,0,desktop,Web,India,Maharashtra,google,organic,0.0,1,1,session_only
57864724.9300877057,3077648052,2020-12-04,1,0,0,0,0,0,desktop,Web,Brazil,State of Sao Paulo,<Other>,organic,0.0,1,1,session_only
2353041.1837186416,8218985159,2020-11-08,1,0,0,1,1,1,mobile,iOS,United States,Texas,google,organic,0.0,4,6,purchase
5216629.5530468973,4615069458,2020-11-23,1,1,0,1,1,1,mobile,Web,United States,Pennsylvania,<Other>,<Other>,0.0,10,6,purchase
3552685.6575218868,1895650914,2021-01-19,1,0,0,0,0,0,mobile,Web,Germany,Berlin,google,organic,0.0,1,1,session_only
44233902.6218133729,4247791462,2020-12-25,1,0,0,0,0,0,desktop,Windows,India,Madhya Pradesh,<Other>,organic,0.0,1,1,session_only
6674001.5292469171,9689312802,2020-11-11,1,0,0,0,0,0,mobile,Web,United States,California,google,organic,0.0,1,1,session_only
51410136.1949353834,6016768049,2021-01-17,1,0,0,0,0,0,desktop,Web,United States,Illinois,shop.googlemerchandisestore.com,referral,0.0,1,1,session_only
894546523.5888746326,8318545261,2021-01-29,1,0,0,0,0,0,desktop,Web,Sri Lanka,(not set),google,organic,0.0,1,1,session_only
87309086.2918836936,8897485460,2020-11-23,1,0,0,0,0,0,mobile,iOS,Vietnam,Hanoi,(direct),(none),0.0,1,1,session_only
854337003.0414462964,9069990115,2021-01-07,1,0,0,0,0,0,desktop,Web,United States,New York,google,organic,0.0,1,1,session_only
7261995701.1342474458,9688582550,2021-01-16,1,1,0,1,0,0,mobile,Web,United States,Mississippi,(direct),(none),0.0,14,4,begin_checkout
3108750.4491772106,5208585616,2021-01-06,1,0,0,0,0,0,desktop,Web,Poland,Lower Silesian Voivodeship,google,organic,0.0,1,1,session_only
42410673.9516546116,7440660861,2020-12-25,1,0,0,0,0,0,desktop,Web,United States,Louisiana,(direct),(none),0.0,1,1,session_only
65685129.5553572397,5871243797,2020-11-11,1,0,0,0,0,0,desktop,Windows,Peru,(not set),google,cpc,0.0,1,1,session_only
59143831.9503640778,7763466285,2021-01-13,1,0,0,0,0,0,desktop,Macintosh,United States,Arizona,(direct),(none),0.0,1,1,session_only
42862637.3961876783,2794299194,2021-01-20,1,1,1,0,0,0,mobile,iOS,France,Hauts-de-France,<Other>,<Other>,0.0,5,3,add_to_cart
1621001.3588687879,6507565274,2020-11-23,1,0,0,0,0,0,desktop,Windows,Lithuania,(not set),google,organic,0.0,1,1,session_only
4551240.9280013850,949939906,2020-12-20,1,0,0,0,0,0,desktop,Web,United States,Texas,(direct),(none),0.0,1,1,session_only
3301114.0239266313,6378395283,2021-01-13,1,0,0,0,0,0,mobile,Android,United Arab Emirates,Abu Dhabi,google,organic,0.0,1,1,session_only
67807678.9160923734,7856229866,2021-01-20,1,0,0,0,0,0,desktop,Web,Turkey,(not set),<Other>,referral,0.0,1,1,session_only
60975873.0130450843,6065338338,2021-01-19,1,0,0,0,0,0,mobile,Android,United States,New Jersey,<Other>,referral,0.0,1,1,session_only
8667702861.3831575171,1391160563,2020-11-10,1,0,0,0,0,0,desktop,Windows,China,Zhejiang,<Other>,organic,0.0,1,1,session_only
40958008.1198428807,2653022208,2020-12-28,1,0,0,0,0,0,desktop,Windows,Denmark,Capital Region of Denmark,google,organic,0.0,1,1,session_only
65747928.3010700156,709227501,2021-01-18,1,0,0,0,0,0,desktop,Web,United States,South Carolina,shop.googlemerchandisestore.com,referral,0.0,1,1,session_only
84868240.4309852777,8287081599,2020-11-16,1,1,1,1,1,1,desktop,Web,France,Auvergne-Rhone-Alpes,<Other>,<Other>,58.32,22,6,purchase
58445110.4081768065,5949430968,2020-12-28,1,0,0,0,0,0,desktop,Web,United States,California,(direct),(none),0.0,1,1,session_only
56117200.0605192109,6934838106,2020-12-28,1,0,0,0,0,0,mobile,Android,United Kingdom,England,(direct),(none),0.0,1,1,session_only
58475430.4369569839,1578052269,2021-01-11,1,0,0,0,0,0,desktop,Web,United States,Maryland,google,organic,0.0,1,1,session_only
80047077.0997283381,7270860366,2020-11-26,1,1,0,0,0,0,desktop,Web,Canada,Ontario,google,organic,0.0,2,2,view_item
25972460.6462199512,9438035890,2020-12-26,1,0,0,0,0,0,mobile,Web,United States,California,google,organic,0.0,1,1,session_only
72148744.2683495387,5893036549,2021-01-06,1,0,0,0,0,0,desktop,Windows,United States,Florida,<Other>,<Other>,0.0,1,1,session_only
6871303.9502275363,7255649166,2020-11-12,1,0,0,0,0,0,mobile,Android,United States,California,google,organic,0.0,1,1,session_only
7490577.3109438223,8945760614,2021-01-30,1,0,0,0,0,0,desktop,Windows,United States,Texas,google,organic,0.0,1,1,session_only
65782197.8433802096,3688979567,2021-01-02,1,0,0,0,0,0,mobile,Android,Canada,Ontario,(direct),(none),0.0,1,1,session_only
9019607.6531684611,2013665207,2021-01-08,1,0,0,0,0,0,desktop,Web,Sweden,Vastra Gotaland County,<Other>,<Other>,0.0,1,1,session_only
4379471.9309589986,2927865167,2021-01-18,1,0,0,0,0,0,mobile,Web,Malaysia,Federal Territory of Kuala Lumpur,shop.googlemerchandisestore.com,referral,0.0,1,1,session_only
11445727.3804872984,3266544600,2020-11-05,1,0,0,0,0,0,desktop,Web,United States,New Jersey,shop.googlemerchandisestore.com,referral,0.0,1,1,session_only
69620412.3278109209,8394806184,2020-12-27,1,0,0,0,0,0,desktop,<Other>,India,Maharashtra,(direct),(none),0.0,1,1,session_only
20029943.2206280194,1355309703,2021-01-18,1,0,0,0,0,0,desktop,Windows,United States,Missouri,google,organic,0.0,1,1,session_only
33106626.8639468261,1917066081,2021-01-12,1,0,0,0,0,0,desktop,Web,Spain,(not set),(direct),(none),0.0,1,1,session_only
2336107393.1160537682,855597702,2021-01-16,1,0,0,0,0,0,desktop,Macintosh,Turkey,(not set),<Other>,<Other>,0.0,1,1,session_only
7327635.2799181407,1859812531,2020-12-01,1,0,0,0,0,0,desktop,Web,Japan,Tokyo,(direct),(none),0.0,1,1,session_only
44235893.8278520011,2764739061,2020-11-24,1,0,0,0,0,0,desktop,Web,Japan,Kanagawa,<Other>,referral,0.0,1,1,session_only
2492671.6872376428,6176072320,2020-12-23,1,1,1,0,0,0,desktop,Web,United States,New York,google,organic,0.0,5,3,add_to_cart
57381136.6213782150,3120910934,2021-01-15,1,0,0,0,0,0,desktop,Macintosh,India,Chandigarh,(direct),(none),0.0,1,1,session_only
3771530.9299123293,7149215561,2021-01-09,1,0,0,0,0,0,desktop,Macintosh,United States,California,<Other>,<Other>,0.0,1,1,session_only
87783631.7181333086,4633721157,2020-11-17,1,1,1,1,1,1,desktop,Windows,United States,Texas,<Other>,referral,29.6,9,6,purchase
66043059.1949519904,9766004655,2021-01-12,1,0,0,0,0,0,desktop,Macintosh,United States,Massachusetts,google,organic,0.0,1,1,session_only
38818138.4459795365,5355323081,2021-01-18,1,0,0,0,0,0,desktop,Web,United States,Georgia,google,organic,0.0,1,1,session_only
2495031.0023544808,9244965048,2020-11-24,1,1,0,0,0,0,desktop,<Other>,United States,Florida,(direct),(none),0.0,2,2,view_item
6241582.2129336766,3033265675,2021-01-08,1,0,0,0,0,0,desktop,Web,France,Ile-de-France,google,organic,0.0,1,1,session_only
13643573.2820100902,4524058377,2021-01-24,1,0,0,0,0,0,desktop,Web,United States,Maine,shop.googlemerchandisestore.com,referral,0.0,1,1,session_only
5068183.2177090456,6709780705,2021-01-30,1,1,0,0,0,0,desktop,Web,France,Nouvelle-Aquitaine,google,cpc,0.0,3,2,view_item
42934794.2275970788,8962457417,2021-01-15,1,0,0,0,0,0,desktop,Web,United States,New York,google,organic,0.0,1,1,session_only
8799143.2300124111,2857029218,2020-11-11,1,0,0,0,0,0,desktop,Web,United States,Texas,google,organic,0.0,1,1,session_only
75068603.7568594213,5648984514,2020-12-01,1,1,0,0,0,0,mobile,iOS,Canada,Ontario,google,cpc,0.0,2,2,view_item
60574231.3928664355,7007121320,2021-01-15,1,0,0,0,0,0,desktop,Web,United States,Virginia,google,organic,0.0,1,1,session_only
52210620.1780037088,6183614092,2020-12-26,1,0,0,0,0,0,desktop,Web,China,Beijing,(direct),(none),0.0,1,1,session_only
8009474.8915806960,4471850994,2020-11-10,1,1,0,0,0,0,mobile,Android,China,(not set),<Other>,organic,0.0,2,2,view_item
20065214.7368995642,420061623,2021-01-13,1,1,0,0,0,0,desktop,Web,United States,Virginia,<Other>,<Other>,0.0,4,2,view_item
8565260.3733534488,6210186693,2021-01-04,1,0,0,0,0,0,desktop,Windows,United States,California,google,organic,0.0,1,1,session_only
8446628.7934654084,9931943774,2021-01-07,1,0,0,0,0,0,desktop,Windows,Japan,Hyogo,<Other>,<Other>,0.0,1,1,session_only
88247721.7982968859,515964830,2020-11-23,1,1,0,0,0,0,desktop,Web,Russia,Moscow,<Other>,<Other>,0.0,2,2,view_item
8821994.8989066639,1724167303,2020-12-25,1,0,0,0,0,0,mobile,Android,Canada,Ontario,google,organic,0.0,1,1,session_only
46775612.9017748368,320885763,2021-01-19,1,0,0,0,0,0,desktop,Web,Hong Kong,(not set),(direct),(none),0.0,1,1,session_only
24851443.3743003581,7295962713,2021-01-17,1,0,0,0,0,0,desktop,Macintosh,United States,Massachusetts,shop.googlemerchandisestore.com,referral,0.0,1,1,session_only
10700017.8640712777,8543410409,2020-11-20,1,0,0,0,0,0,mobile,Web,United States,Florida,google,organic,0.0,1,1,session_only
52718746.8909996325,3816665270,2021-01-07,1,0,0,0,0,0,mobile,Web,Poland,(not set),google,organic,0.0,1,1,session_only
45706706.5720842074,839795403,2020-11-20,1,0,0,0,0,0,desktop,Windows,United States,Texas,(direct),(none),0.0,1,1,session_only
41871312.3799713416,9270981086,2020-11-26,1,0,0,0,0,0,mobile,Android,United States,Pennsylvania,<Other>,referral,0.0,1,1,session_only
54648935.7091893977,5068711402,2021-01-20,1,0,0,0,0,0,desktop,Web,Colombia,(not set),<Other>,referral,0.0,1,1,session_only
1647443.2667828920,1479176009,2021-01-20,1,1,1,1,1,1,mobile,Android,Canada,Quebec,shop.googlemerchandisestore.com,referral,113.2,18,6,purchase
44899244.9390172030,9856375494,2020-11-17,1,0,0,0,0,0,mobile,Web,Singapore,(not set),shop.googlemerchandisestore.com,referral,0.0,1,1,session_only
40858438.6822938539,6442368447,2020-11-23,1,1,0,1,1,1,desktop,<Other>,Canada,British Columbia,shop.googlemerchandisestore.com,referral,114.88,11,6,purchase
86303764.5305119034,5848099620,2020-11-19,1,0,0,0,0,0,desktop,Windows,United States,Oregon,shop.googlemerchandisestore.com,referral,0.0,1,1,session_only
29722472.5922190973,4664424228,2020-12-25,1,0,0,0,0,0,desktop,Windows,Canada,Alberta,google,cpc,0.0,1,1,session_only
2741162987.4385717137,4866604707,2021-01-18,1,0,0,0,0,0,desktop,Web,United States,Indiana,shop.googlemerchandisestore.com,referral,0.0,1,1,session_only
8286984.2754023690,9072502509,2021-01-29,1,0,0,0,0,0,desktop,Web,India,Tamil Nadu,(data deleted),(data deleted),0.0,1,1,session_only
20443809.0009453147,1882147044,2021-01-30,1,0,0,0,0,0,desktop,Web,Poland,Lower Silesian Voivodeship,(direct),(none),0.0,1,1,session_only
8012373206.6009900392,3134309509,2020-12-19,1,0,0,0,0,0,desktop,<Other>,United States,Oregon,google,organic,0.0,1,1,session_only
27701936.3565936806,1449342819,2020-11-16,1,1,0,1,1,1,mobile,Web,Slovakia,(not set),shop.googlemerchandisestore.com,referral,211.44,27,6,purchase
8087334.7015269466,7659222249,2020-11-16,1,1,0,1,0,0,mobile,Android,Poland,(not set),shop.googlemerchandisestore.com,referral,0.0,7,4,begin_checkout
12086542.1185056000,3170226929,2020-12-25,1,1,0,0,0,0,desktop,Web,United States,Connecticut,shop.googlemerchandisestore.com,referral,0.0,2,2,view_item
84534898.7989426950,6766980500,2020-12-19,1,1,0,1,1,1,desktop,Web,United States,Texas,(direct),(none),42.08,12,6,purchase
38480607.6594415821,2932825766,2020-11-24,1,0,0,0,0,0,mobile,iOS,(not set),(not set),<Other>,<Other>,0.0,1,1,session_only
26756513.2830157565,2102718365,2020-12-26,1,0,0,0,0,0,mobile,iOS,Israel,Tel Aviv District,google,organic,0.0,1,1,session_only
2460823.7085878512,2276717675,2020-12-20,1,0,0,0,0,0,mobile,Web,United States,Texas,<Other>,<Other>,0.0,1,1,session_only
92361008.4342769443,9668752576,2020-12-26,1,0,0,0,0,0,desktop,Web,United States,Illinois,(direct),(none),0.0,1,1,session_only
3028876.9867254514,5433526078,2021-01-04,1,0,0,0,0,0,desktop,Windows,India,Gujarat,google,organic,0.0,1,1,session_only
3049691.0991541078,7942095027,2021-01-08,1,0,0,0,0,0,mobile,Android,Canada,Ontario,google,organic,0.0,1,1,session_only
5798842.3922639602,6753603457,2020-12-14,1,1,1,1,1,1,mobile,Android,Netherlands,South Holland,(data deleted),(data deleted),0.0,75,6,purchase
25701107.1438149182,1133064027,2020-11-17,1,0,0,0,0,0,desktop,Windows,United States,Massachusetts,(data deleted),(data deleted),0.0,1,1,session_only
7992239.6745155663,7452169299,2020-11-08,1,0,0,0,0,0,desktop,Macintosh,Singapore,(not set),google,organic,0.0,1,1,session_only
34335534.7292302447,1856000794,2020-11-05,1,1,0,0,0,0,mobile,Web,(not set),(not set),google,organic,0.0,3,2,view_item
5913167.6285208357,4233830328,2020-11-02,1,1,0,1,0,0,mobile,Android,United States,Wisconsin,google,organic,0.0,14,4,begin_checkout
34991580.2875914513,4563126840,2021-01-06,1,0,0,0,0,0,mobile,iOS,United States,California,google,cpc,0.0,1,1,session_only
1782793.2474851352,2694783452,2020-11-26,1,0,0,0,0,0,desktop,Macintosh,Denmark,Central Denmark Region,<Other>,<Other>,0.0,1,1,session_only
76777046.2832050887,4534975263,2020-12-31,1,1,0,0,0,0,mobile,iOS,Taiwan,Taipei City,<Other>,referral,0.0,2,2,view_item
1343802755.0817635144,858687847,2021-01-30,1,0,0,0,0,0,desktop,Web,United States,Virginia,google,organic,0.0,1,1,session_only
1770311.8078784345,6968316658,2021-01-17,1,0,0,0,0,0,desktop,Web,United States,Delaware,(direct),(none),0.0,1,1,session_only
86114989.2478401210,2441128215,2020-11-15,1,0,0,0,0,0,desktop,Web,United States,Florida,google,organic,0.0,1,1,session_only
75946438.5225154555,3455371746,2020-11-09,1,1,0,1,1,1,mobile,iOS,United States,Florida,google,organic,70.4,16,6,purchase
8135504.3913130201,8745932687,2021-01-15,1,1,0,0,0,0,desktop,Web,United States,Oregon,(direct),(none),0.0,2,2,view_item
33249122.0720596771,5395112168,2020-11-23,1,0,0,0,0,0,desktop,Web,France,Auvergne-Rhone-Alpes,(data deleted),(data deleted),0.0,1,1,session_only
30129092.4306136996,1938144312,2020-11-16,1,0,0,0,0,0,mobile,iOS,United States,California,google,organic,0.0,1,1,session_only
4431709.6561288297,132683092,2020-11-21,1,1,0,0,0,0,desktop,Web,India,Gujarat,google,organic,0.0,5,2,view_item
49645398.2648138082,5471102259,2020-11-15,1,0,0,0,0,0,mobile,Web,Canada,Ontario,(direct),(none),0.0,1,1,session_only
48292437.1733965427,45594969,2021-01-29,1,1,0,0,0,0,mobile,Web,United States,Pennsylvania,google,organic,0.0,2,2,view_item
88222270.9472516386,908744164,2021-01-29,1,0,0,0,0,0,desktop,Web,United States,Pennsylvania,<Other>,<Other>,0.0,1,1,session_only
4696848.9032557040,4271447918,2020-11-12,1,0,0,0,0,0,desktop,Windows,Poland,Masovian Voivodeship,<Other>,<Other>,0.0,1,1,session_only
28868604.5255674759,835954138,2021-01-16,1,1,0,0,0,0,desktop,Macintosh,Poland,Podkarpackie Voivodeship,google,organic,0.0,2,2,view_item
53604732.5683113602,1581281504,2021-01-03,1,0,0,0,0,0,desktop,Macintosh,India,Telangana,<Other>,referral,0.0,1,1,session_only
36329340.4705493445,7510166375,2020-11-09,1,0,0,0,0,0,desktop,Macintosh,United States,New Hampshire,(direct),(none),0.0,1,1,session_only
79961703.4755468239,6555379811,2020-11-26,1,1,1,0,0,0,mobile,Web,Azerbaijan,(not set),(direct),(none),0.0,4,3,add_to_cart
79579853.0520588965,2479077936,2020-12-21,1,0,0,0,0,0,desktop,Macintosh,United States,Tennessee,google,organic,0.0,1,1,session_only
25559255.0473451895,4633850083,2021-01-26,1,1,1,1,1,1,mobile,iOS,Taiwan,Taipei City,<Other>,referral,0.0,31,6,purchase
76817994.2636233270,8583459118,2020-12-23,1,0,0,0,0,0,mobile,Web,Japan,Tokyo,shop.googlemerchandisestore.com,referral,0.0,1,1,session_only
5045631.7777273481,7748361364,2020-11-29,1,0,0,0,0,0,tablet,Web,United States,Texas,google,organic,0.0,1,1,session_only
7502344.2580450526,2273935628,2021-01-13,1,0,0,0,0,0,desktop,Macintosh,Japan,Aichi,google,cpc,0.0,1,1,session_only
27573236.3215287293,4506845005,2020-11-17,1,0,0,0,0,0,desktop,Web,India,Rajasthan,(direct),(none),0.0,1,1,session_only
82573497.6736006028,7477349300,2021-01-02,1,1,1,1,0,0,mobile,Web,Germany,North Rhine-Westphalia,google,organic,0.0,14,4,begin_checkout
64880421.8238932820,1705859916,2021-01-02,1,0,0,0,0,0,desktop,Web,India,West Bengal,google,organic,0.0,1,1,session_only
30950814.8301890292,1109234922,2020-12-17,1,0,0,0,0,0,mobile,iOS,India,Maharashtra,(direct),(none),0.0,1,1,session_only
7648407.9975315819,490382228,2020-11-09,1,1,0,0,0,0,desktop,<Other>,Indonesia,Jakarta,<Other>,referral,0.0,13,2,view_item
8917935.1425632001,938397284,2020-12-29,1,0,0,0,0,0,desktop,Web,United States,Minnesota,(direct),(none),0.0,1,1,session_only
10961655.9325327116,6714651402,2021-01-15,1,1,0,0,0,0,mobile,Web,United States,New Jersey,<Other>,<Other>,0.0,24,2,view_item
50546952.1039923649,4220006559,2020-11-29,1,1,1,1,1,1,tablet,Web,United States,Ohio,shop.googlemerchandisestore.com,referral,0.0,27,6,purchase
2152457.6056766391,996363364,2021-01-06,1,0,0,0,0,0,desktop,Macintosh,United States,California,(direct),(none),0.0,1,1,session_only
2020763.8525120198,8624733761,2020-11-17,1,1,0,0,0,0,mobile,Web,Argentina,(not set),<Other>,referral,0.0,5,2,view_item
71481692.9398764105,5207613421,2021-01-07,1,0,0,0,0,0,desktop,Windows,United Kingdom,England,<Other>,referral,0.0,1,1,session_only
72912372.7248709644,9946478769,2020-11-07,1,0,0,0,0,0,desktop,Macintosh,Taiwan,New Taipei City,google,organic,0.0,1,1,session_only
38959026.2537060723,5416150225,2020-12-24,1,1,0,0,0,0,desktop,Macintosh,Canada,Ontario,shop.googlemerchandisestore.com,referral,0.0,2,2,view_item
3111676283.5909814874,8829480812,2020-12-14,1,1,1,1,1,1,desktop,Web,United States,New York,shop.googlemerchandisestore.com,referral,0.0,17,6,purchase
72844678.6681340441,9162078933,2020-11-21,1,0,0,0,0,0,mobile,iOS,Canada,British Columbia,(direct),(none),0.0,1,1,session_only
4778758.3279480170,3946581004,2020-11-11,1,1,0,0,0,0,desktop,Web,United States,California,shop.googlemerchandisestore.com,referral,0.0,2,2,view_item
4037423.6082334680,2799238093,2020-12-23,1,0,0,0,0,0,mobile,Android,United States,California,(direct),(none),0.0,1,1,session_only
85716576.8249146042,341146209,2021-01-12,1,0,0,0,0,0,mobile,Web,Taiwan,Taiwan Province,(direct),(none),0.0,1,1,session_only
8773999.9454802341,7088180096,2020-11-14,1,0,0,0,0,0,mobile,Web,Taiwan,Taipei City,shop.googlemerchandisestore.com,referral,0.0,1,1,session_only
2234705.7666778871,139952797,2020-11-23,1,0,0,0,0,0,mobile,iOS,Canada,Ontario,(direct),(none),0.0,1,1,session_only
91533304.1648766419,9185454888,2020-12-24,1,0,0,0,0,0,desktop,Web,Greece,Attica,google,organic,0.0,1,1,session_only
36338711.4360965003,3449327916,2021-01-18,1,0,0,0,0,0,mobile,Web,United Kingdom,England,google,organic,0.0,1,1,session_only
73192066.2035987823,6390458549,2020-11-07,1,0,0,0,0,0,mobile,Web,Netherlands,Utrecht,<Other>,referral,0.0,1,1,session_only
4334937.9107658358,1476089515,2021-01-13,1,0,0,0,0,0,desktop,Web,India,Bihar,google,organic,0.0,1,1,session_only
2473911976.1208734277,610855263,2020-12-17,1,0,0,0,0,0,desktop,Windows,Belgium,Flanders,<Other>,<Other>,0.0,1,1,session_only
34333842.6790047667,6728035279,2021-01-09,1,0,0,0,0,0,desktop,Macintosh,Indonesia,(not set),<Other>,organic,0.0,1,1,session_only
19117333.1761276022,2487052517,2021-01-25,1,0,0,0,0,0,desktop,Web,India,West Bengal,google,organic,0.0,1,1,session_only
81198122.5578650191,6022101926,2020-11-17,1,0,0,0,0,0,mobile,Web,Brazil,State of Sao Paulo,shop.googlemerchandisestore.com,referral,0.0,1,1,session_only
74378957.8999211909,5954912844,2020-12-25,1,0,0,0,0,0,desktop,Windows,India,Gujarat,(direct),(none),0.0,1,1,session_only
94819320.9416773970,467822030,2020-11-15,1,0,0,0,0,0,desktop,Web,United States,New York,google,organic,0.0,1,1,session_only
3969439.5207432694,6011677702,2020-12-19,1,0,0,0,0,0,desktop,Web,United States,South Carolina,<Other>,referral,0.0,1,1,session_only
76806389.7795679525,7399295797,2020-12-26,1,0,0,0,0,0,desktop,<Other>,United States,North Carolina,google,organic,0.0,1,1,session_only
72981331.5994689360,573183410,2020-11-24,1,0,0,0,0,0,desktop,Web,Spain,Madrid,google,organic,0.0,1,1,session_only
70649405.1890540910,2210997288,2020-12-14,1,0,0,0,0,0,desktop,Web,United States,Iowa,shop.googlemerchandisestore.com,referral,0.0,1,1,session_only
63233084.4606859918,5892011266,2020-12-28,1,1,0,0,0,0,mobile,Web,United States,Texas,(data deleted),(data deleted),0.0,6,2,view_item
90771784.3738383493,7819983001,2020-11-09,1,0,0,0,0,0,desktop,Web,Sweden,(not set),(direct),(none),0.0,1,1,session_only
28002314.5015145639,7663413075,2021-01-29,1,0,0,0,0,0,desktop,Web,United States,Texas,<Other>,<Other>,0.0,1,1,session_only
3125533.8207332044,318829102,2021-01-06,1,1,1,0,0,0,desktop,Web,France,Ile-de-France,(direct),(none),0.0,3,3,add_to_cart
89910495.4982137265,6489411842,2020-12-01,1,0,0,0,0,0,desktop,Web,United States,Missouri,(direct),(none),0.0,1,1,session_only
16804526.6655257843,9130730424,2021-01-11,1,0,0,0,0,0,desktop,Web,Mexico,Mexico City,google,organic,0.0,1,1,session_only
4378005.2122298043,5349571973,2020-12-20,1,0,0,0,0,0,mobile,Android,United States,California,<Other>,<Other>,0.0,1,1,session_only
2017477.1040193002,3583951985,2020-11-08,1,0,0,0,0,0,mobile,iOS,United States,California,<Other>,<Other>,0.0,1,1,session_only
75128938.7718415343,3510801542,2020-11-21,0,1,0,0,0,0,mobile,Web,Canada,Alberta,google,organic,0.0,1,2,view_item
7595334.9974662449,3006827642,2020-11-23,1,0,0,0,0,0,mobile,Android,United Kingdom,England,google,organic,0.0,1,1,session_only
32939795.6395594077,1032168980,2020-12-19,1,1,0,0,0,0,desktop,Windows,Canada,Quebec,google,cpc,0.0,2,2,view_item
63351977.3748222899,8524359599,2020-11-10,1,0,0,0,0,0,desktop,Web,United Kingdom,England,<Other>,referral,0.0,1,1,session_only
17895690.8822116621,552916346,2020-12-28,1,0,0,0,0,0,tablet,iOS,Romania,(not set),google,cpc,0.0,1,1,session_only
22294669.5431324045,8714395403,2021-01-11,1,0,0,0,0,0,desktop,<Other>,United States,California,google,organic,0.0,1,1,session_only
4278125.9978657185,1556652829,2021-01-23,1,0,0,0,0,0,desktop,Windows,Hong Kong,(not set),(direct),(none),0.0,1,1,session_only
2935529.3266558678,7028093246,2020-12-21,1,0,0,0,0,0,mobile,Web,Netherlands,North Holland,google,organic,0.0,1,1,session_only
85003419.2312046048,3701634592,2020-11-08,1,1,0,0,0,0,mobile,Web,United States,New York,(direct),(none),0.0,3,2,view_item
2834143.6238972372,2297518838,2020-12-31,1,0,0,0,0,0,mobile,iOS,United Kingdom,England,google,cpc,0.0,1,1,session_only
6097158.7268557896,8646190777,2020-11-17,1,0,0,0,0,0,mobile,Web,United States,Alabama,<Other>,referral,0.0,1,1,session_only
74652962.4372743359,7747324714,2021-01-06,1,0,0,0,0,0,desktop,Web,Spain,(not set),google,organic,0.0,1,1,session_only
7743963.7242600477,2159980590,2020-12-27,1,0,0,0,0,0,mobile,Web,United States,California,google,organic,0.0,1,1,session_only
9197294868.2289383071,4540365269,2020-12-26,1,0,0,0,0,0,desktop,Windows,Taiwan,Taipei City,<Other>,<Other>,0.0,1,1,session_only
6415180.4233759965,1435586391,2021-01-03,1,0,0,0,0,0,mobile,Android,Austria,(not set),<Other>,referral,0.0,1,1,session_only
44428575.3745902666,9268484524,2020-12-25,1,0,0,0,0,0,desktop,Web,Peru,(not set),google,organic,0.0,1,1,session_only
35574982.7243870450,2047377805,2020-11-29,1,1,0,0,0,0,desktop,Windows,Taiwan,New Taipei City,<Other>,<Other>,0.0,2,2,view_item
58818718.5938422308,2780407350,2020-12-04,1,1,1,1,0,0,desktop,Web,(not set),(not set),google,organic,0.0,6,4,begin_checkout
4192269.7480560648,6220573779,2020-11-20,1,0,0,0,0,0,desktop,Windows,Russia,Moscow Oblast,shop.googlemerchandisestore.com,referral,0.0,1,1,session_only
58646678.8023908761,7092591367,2020-12-24,1,0,0,0,0,0,desktop,<Other>,India,Tamil Nadu,google,organic,0.0,1,1,session_only
70328613.1312126472,4700345918,2021-01-18,1,1,0,0,0,0,desktop,Web,India,Madhya Pradesh,<Other>,referral,0.0,6,2,view_item
65904468.2920700958,1832061531,2020-11-14,1,1,0,0,0,0,desktop,Web,India,Gujarat,shop.googlemerchandisestore.com,referral,0.0,12,2,view_item
87132902.6814376352,6901750912,2020-11-26,1,0,0,0,0,0,mobile,Android,United States,Texas,shop.googlemerchandisestore.com,referral,0.0,1,1,session_only
4034536.6750071636,8658283193,2021-01-16,1,0,0,0,0,0,desktop,Web,United States,Texas,(direct),(none),0.0,1,1,session_only
58350081.9428565346,247283826,2020-12-30,1,1,0,1,1,1,desktop,Macintosh,Chile,Santiago Metropolitan Region,google,organic,43.2,18,6,purchase
35544667.0156500224,4861890296,2021-01-20,1,0,0,0,0,0,desktop,Web,United States,Nebraska,(direct),(none),0.0,1,1,session_only
23792238.5841347874,2264932643,2020-11-17,1,0,0,0,0,0,desktop,Web,Italy,Lombardy,google,organic,0.0,1,1,session_only
28645774.3483388693,2057230118,2021-01-27,1,0,0,0,0,0,mobile,Web,United States,California,<Other>,referral,0.0,1,1,session_only
7882871.7685721551,9915819291,2021-01-19,1,0,0,0,0,0,desktop,Web,India,Karnataka,shop.googlemerchandisestore.com,referral,0.0,1,1,session_only
29260151.5516321903,2745779819,2020-11-24,1,1,0,0,0,0,desktop,Web,Turkey,Istanbul,<Other>,referral,0.0,2,2,view_item
2884152188.9848456767,3683387207,2020-11-26,1,1,1,0,0,0,desktop,Web,United States,Louisiana,shop.googlemerchandisestore.com,referral,0.0,6,3,add_to_cart
48451730.7815257349,3415654348,2020-11-11,1,0,0,0,0,0,desktop,Web,Israel,Tel Aviv District,google,organic,0.0,1,1,session_only
6043993.3313731359,1317468461,2021-01-12,1,0,0,0,0,0,mobile,iOS,United States,District of Columbia,shop.googlemerchandisestore.com,referral,0.0,1,1,session_only
6897445.1210745247,687406441,2020-11-07,1,1,0,1,1,1,desktop,Windows,Singapore,(not set),google,organic,0.0,11,6,purchase
7912653.2370373847,4399254960,2021-01-12,1,1,1,1,1,1,desktop,Web,India,Maharashtra,<Other>,<Other>,101.6,27,6,purchase
31505509.4611364817,2424649826,2021-01-15,1,0,0,0,0,0,mobile,Android,United States,Nebraska,google,organic,0.0,1,1,session_only
21028720.1645617095,444298161,2021-01-31,1,0,0,0,0,0,desktop,Web,United States,Massachusetts,<Other>,referral,0.0,1,1,session_only
3480188.7920702987,251005415,2020-11-11,1,1,0,0,0,0,desktop,Web,Saudi Arabia,Riyadh Province,google,organic,0.0,2,2,view_item
50708087.9368832748,2335142419,2020-11-09,1,0,0,0,0,0,tablet,Web,United States,California,google,organic,0.0,1,1,session_only
41745342.7729680200,7791557379,2020-12-19,1,0,0,0,0,0,desktop,Web,France,Ile-de-France,google,organic,0.0,1,1,session_only
64883957.0963682868,4289822288,2021-01-08,1,0,0,0,0,0,desktop,Windows,Sweden,Vastra Gotaland County,shop.googlemerchandisestore.com,referral,0.0,1,1,session_only
1111132.9981909734,906779894,2020-12-23,1,0,0,0,0,0,desktop,Web,Germany,North Rhine-Westphalia,<Other>,referral,0.0,1,1,session_only
49882860.4695240275,35622327,2020-12-04,1,0,0,0,0,0,desktop,Web,United States,California,google,organic,0.0,1,1,session_only
4707239.1008432127,461560015,2020-12-29,1,1,1,0,0,0,desktop,Windows,Netherlands,North Brabant,<Other>,referral,0.0,6,3,add_to_cart
7701594.8656010428,7370116808,2020-12-17,1,0,0,0,0,0,mobile,Android,South Korea,Seoul,(direct),(none),0.0,1,1,session_only
37134797.0718983343,9969784833,2021-01-01,1,0,0,0,0,0,desktop,Windows,United States,California,google,organic,0.0,1,1,session_only
2751392.3732879456,9063489908,2020-12-01,1,0,0,0,0,0,desktop,Web,France,Grand Est,<Other>,<Other>,0.0,1,1,session_only
58597500.2012935931,6881033506,2021-01-04,1,0,0,0,0,0,desktop,Web,United States,Georgia,google,organic,0.0,1,1,session_only
1405049.6223660087,3156185727,2020-11-23,1,1,0,1,1,1,mobile,Web,United States,Texas,(data deleted),(data deleted),110.4,26,6,purchase
41585036.7755318867,4129918024,2021-01-01,1,0,0,0,0,0,desktop,Windows,Canada,British Columbia,<Other>,<Other>,0.0,1,1,session_only
7843268.1920998386,5363070032,2021-01-18,1,0,0,0,0,0,desktop,Web,United States,New Jersey,<Other>,<Other>,0.0,1,1,session_only
42192376.5030496472,994255865,2021-01-01,1,0,0,0,0,0,desktop,Web,United Kingdom,England,google,organic,0.0,1,1,session_only
5343716.6042555342,954488903,2021-01-28,1,0,0,0,0,0,desktop,Web,United States,Georgia,(direct),(none),0.0,1,1,session_only
4713342.9749426713,484260907,2021-01-06,1,0,0,0,0,0,desktop,Macintosh,United States,New York,google,organic,0.0,1,1,session_only
5470652.8014965140,6625799861,2020-12-17,1,0,0,0,0,0,mobile,Web,United States,Nebraska,(data deleted),(data deleted),0.0,1,1,session_only
2446628.8281399167,8989706725,2021-01-24,1,0,0,0,0,0,mobile,Web,India,Maharashtra,shop.googlemerchandisestore.com,referral,0.0,1,1,session_only
6936597.3570433966,8500071228,2020-12-21,1,0,0,0,0,0,mobile,Web,Malaysia,Johor,<Other>,<Other>,0.0,1,1,session_only
1754837.5948599968,8082364943,2021-01-24,1,0,0,0,0,0,desktop,Windows,India,Gujarat,(direct),(none),0.0,1,1,session_only
4096199612.9029614021,8586459141,2020-11-17,1,0,0,0,0,0,desktop,Web,India,West Bengal,(direct),(none),0.0,1,1,session_only
2062387.3094002263,3962498664,2020-12-01,1,0,0,0,0,0,desktop,Macintosh,Spain,Catalonia,google,organic,0.0,1,1,session_only
47146085.2237440409,2626211388,2020-11-11,1,1,0,0,0,0,desktop,Windows,Belgium,Flanders,google,organic,0.0,3,2,view_item
89575667.0384358877,7077778607,2020-12-31,1,0,0,0,0,0,desktop,Web,United States,Oregon,google,organic,0.0,1,1,session_only
89113386.1625710343,2144355812,2021-01-19,1,0,0,0,0,0,desktop,Web,India,Jharkhand,google,organic,0.0,1,1,session_only
2128409.3248782249,1086121694,2020-11-16,1,1,0,0,0,0,mobile,iOS,Turkey,Istanbul,google,cpc,0.0,4,2,view_item
87312449.0137922095,1515367691,2020-11-02,1,0,0,0,0,0,desktop,Macintosh,Canada,Ontario,shop.googlemerchandisestore.com,referral,0.0,1,1,session_only
2375146169.9424697470,4674085101,2020-12-26,1,0,0,0,0,0,desktop,Windows,Thailand,(not set),google,organic,0.0,1,1,session_only
34982447.4165150737,3767799622,2020-11-02,1,0,0,0,0,0,mobile,Web,United States,Ohio,<Other>,organic,0.0,1,1,session_only
24054150.7785240986,1780430110,2020-11-07,1,0,0,0,0,0,mobile,iOS,United States,Ohio,google,cpc,0.0,1,1,session_only
5660861.5127997083,3840641441,2021-01-28,1,0,0,0,0,0,desktop,Windows,India,Maharashtra,google,organic,0.0,1,1,session_only
1248602.4330377635,1288615726,2020-11-20,1,0,0,0,0,0,mobile,iOS,India,Uttar Pradesh,google,organic,0.0,1,1,session_only
2491878.2610080046,1481378616,2020-11-12,1,0,0,0,0,0,desktop,Web,Poland,Lesser Poland Voivodeship,<Other>,<Other>,0.0,1,1,session_only
62742874.5999694073,2846248352,2020-11-19,1,1,0,0,0,0,mobile,Android,India,Rajasthan,google,organic,0.0,2,2,view_item
5117788.2822512519,552649816,2020-12-01,1,1,0,0,0,0,mobile,iOS,United States,Texas,<Other>,organic,0.0,2,2,view_item
6700430.7002901735,6228040584,2021-01-30,1,0,0,0,0,0,desktop,Web,India,Bihar,<Other>,<Other>,0.0,1,1,session_only
69118484.2237880099,4142550916,2021-01-15,1,0,0,0,0,0,mobile,Web,United States,Texas,google,organic,0.0,1,1,session_only
3635385557.6755348266,2296049827,2021-01-03,1,0,0,0,0,0,mobile,Web,Germany,Hamburg,google,organic,0.0,1,1,session_only
37817310.4174611724,7088298613,2020-11-26,1,1,0,0,0,0,mobile,Web,Japan,Tokyo,(direct),(none),0.0,2,2,view_item
1513222.1542392261,7721202189,2020-12-20,1,1,1,1,1,1,desktop,Web,Kuwait,Hawalli Governorate,<Other>,<Other>,81.6,43,6,purchase
28375804.9292022776,232696734,2021-01-29,1,0,0,0,0,0,mobile,Web,United States,Georgia,google,cpc,0.0,1,1,session_only
8210963653.2914875913,7570223009,2021-01-06,1,0,0,0,0,0,desktop,Macintosh,United States,Washington,google,organic,0.0,1,1,session_only
24825219.5088031747,4086147642,2021-01-17,1,0,0,0,0,0,mobile,iOS,United States,Virginia,google,cpc,0.0,1,1,session_only
67251653.8910982513,7167195257,2020-12-17,1,1,0,0,0,0,mobile,Web,United States,California,shop.googlemerchandisestore.com,referral,0.0,2,2,view_item
78271750.1180904610,5546263518,2020-11-26,1,0,0,0,0,0,desktop,Web,France,Nouvelle-Aquitaine,google,organic,0.0,1,1,session_only
60392998.6197989877,7559837259,2020-12-04,1,0,0,0,0,0,mobile,Web,United States,California,google,organic,0.0,1,1,session_only
50662347.1170432164,7321815298,2020-12-21,1,0,0,0,0,0,desktop,Web,Turkey,Bursa,(direct),(none),0.0,1,1,session_only
14954882.1519018213,4203634940,2020-12-29,1,0,0,0,0,0,desktop,Web,United Kingdom,Wales,google,organic,0.0,1,1,session_only
50434024.5137906098,3625066989,2020-11-29,1,0,0,0,0,0,mobile,iOS,United States,Texas,(direct),(none),0.0,1,1,session_only
45641074.5638033825,9735396232,2020-11-11,1,0,0,0,0,0,desktop,Web,United States,Idaho,<Other>,referral,0.0,1,1,session_only
66116104.6014673199,526460590,2020-11-17,1,1,0,0,0,0,mobile,iOS,Vietnam,(not set),(direct),(none),0.0,5,2,view_item
90559227.9849552621,6869304069,2020-11-29,1,0,0,0,0,0,mobile,Android,Canada,Nova Scotia,<Other>,referral,0.0,1,1,session_only
54304674.7871573964,9840683142,2021-01-08,1,0,0,0,0,0,desktop,Web,India,Rajasthan,google,organic,0.0,1,1,session_only
4403816.5046754919,9048922862,2020-12-19,1,0,0,0,0,0,mobile,Web,United States,Massachusetts,<Other>,referral,0.0,1,1,session_only
3935361.9558986224,1405776084,2021-01-19,1,0,0,0,0,0,mobile,iOS,Ukraine,Kyiv city,<Other>,<Other>,0.0,1,1,session_only
6480083.9347658697,7153618680,2020-11-16,1,0,0,0,0,0,desktop,Web,United States,Minnesota,google,organic,0.0,1,1,session_only
6488582.8788491425,1063176897,2020-11-21,1,1,0,1,1,1,tablet,Android,China,Guizhou,google,organic,322.4,30,6,purchase
31117011.6430817120,1817255952,2020-12-20,1,0,0,0,0,0,mobile,Web,United States,California,<Other>,referral,0.0,1,1,session_only
11656828.9553756329,1284159926,2021-01-13,1,0,0,0,0,0,desktop,Macintosh,Australia,New South Wales,google,organic,0.0,1,1,session_only
9032627499.4855042972,7033573904,2020-12-14,1,0,0,0,0,0,desktop,Web,United States,Michigan,(direct),(none),0.0,1,1,session_only
4183659.3054745759,5653218967,2020-12-01,1,0,0,0,0,0,desktop,Web,United States,Texas,shop.googlemerchandisestore.com,referral,0.0,1,1,session_only
14321491.7494285425,7152105490,2020-12-24,1,0,0,0,0,0,mobile,Android,United States,California,(data deleted),(data deleted),0.0,1,1,session_only
77272125.5817662237,108546556,2020-12-31,1,0,0,0,0,0,mobile,iOS,United States,California,<Other>,<Other>,0.0,1,1,session_only
2130146.9583457671,9926450471,2021-01-23,1,0,0,0,0,0,desktop,Web,United States,California,<Other>,<Other>,0.0,1,1,session_only
49023744.3870043277,36772841,2020-11-11,1,0,0,0,0,0,mobile,Web,United States,(not set),google,organic,0.0,1,1,session_only
42053770.6135674326,6926889579,2020-12-31,1,0,0,0,0,0,desktop,Windows,United States,New Jersey,(direct),(none),0.0,1,1,session_only
69605017.4459499221,2177470811,2021-01-06,1,0,0,0,0,0,mobile,Web,India,Maharashtra,(direct),(none),0.0,1,1,session_only
90197407.6635841321,1767029856,2021-01-09,1,1,0,1,1,1,desktop,Web,Hong Kong,(not set),<Other>,referral,0.0,8,6,purchase
8214419.5616416952,8022842653,2020-11-15,1,0,0,0,0,0,mobile,iOS,United States,California,google,organic,0.0,1,1,session_only
14058582.9385029369,5510943841,2021-01-10,1,0,0,0,0,0,desktop,Windows,United States,Washington,(direct),(none),0.0,1,1,session_only
6619170.5624736679,7402295769,2021-01-11,1,0,0,0,0,0,mobile,Web,Italy,Lombardy,(direct),(none),0.0,1,1,session_only
2344220.0847755322,6688691521,2020-11-20,1,1,0,0,0,0,mobile,iOS,Ireland,County Dublin,google,organic,0.0,2,2,view_item
1992772.4801066033,9756491782,2020-12-26,1,0,0,0,0,0,desktop,Web,United States,Oregon,<Other>,<Other>,0.0,1,1,session_only
2364862.0108372853,3641845198,2020-12-27,1,1,1,1,1,1,mobile,iOS,United States,Massachusetts,<Other>,referral,13.6,13,6,purchase
79564658.2503298793,7996487742,2020-12-29,1,0,0,0,0,0,tablet,Web,United States,Texas,<Other>,<Other>,0.0,1,1,session_only
8443673.5549377180,7131185101,2020-11-14,1,1,0,0,0,0,mobile,iOS,United States,Georgia,(direct),(none),0.0,4,2,view_item
8825900.1712499695,8325210986,2021-01-23,1,0,0,0,0,0,mobile,iOS,Canada,Quebec,google,organic,0.0,1,1,session_only
80093081.2921557911,7976120280,2021-01-31,1,0,0,0,0,0,desktop,<Other>,Japan,Tokyo,<Other>,referral,0.0,1,1,session_only
6186346.8484586422,6017846041,2020-12-21,1,0,0,0,0,0,mobile,Android,Singapore,(not set),google,cpc,0.0,1,1,session_only
8292508.2728920265,1346935972,2020-11-21,1,0,0,0,0,0,mobile,Android,United States,Arkansas,<Other>,referral,0.0,1,1,session_only
4433894.3172342999,5347567940,2021-01-04,1,0,0,0,0,0,mobile,Web,United Kingdom,England,(direct),(none),0.0,1,1,session_only
2548639.6153956564,9021652810,2021-01-06,1,0,0,0,0,0,mobile,Android,Vietnam,(not set),<Other>,<Other>,0.0,1,1,session_only
4284012110.1513080712,2015713357,2020-11-24,1,1,0,0,0,0,desktop,Web,India,Tamil Nadu,(direct),(none),0.0,3,2,view_item
87047667.1042912591,5358392223,2021-01-01,1,1,0,1,1,1,desktop,Web,United States,Indiana,(data deleted),(data deleted),27.2,38,6,purchase
8158543.6540505727,3915939067,2020-12-01,1,0,0,0,0,0,mobile,Android,United States,California,<Other>,organic,0.0,1,1,session_only
7003165.0310219457,1633729442,2021-01-28,1,0,0,0,0,0,desktop,Web,India,West Bengal,<Other>,referral,0.0,1,1,session_only
2546743.6536115684,8286051258,2021-01-07,1,0,0,0,0,0,desktop,<Other>,India,Himachal Pradesh,google,organic,0.0,1,1,session_only
29749240.0738511684,5672689206,2021-01-13,1,0,0,0,0,0,desktop,Web,United States,Georgia,<Other>,<Other>,0.0,1,1,session_only
1113859.4674464911,8354339586,2020-12-01,1,0,0,0,0,0,mobile,Android,United States,Ohio,(direct),(none),0.0,1,1,session_only
1477041.7908991291,3050461671,2021-01-29,1,1,0,0,0,0,mobile,Web,Australia,New South Wales,google,organic,0.0,3,2,view_item
32483191.9433076790,5943018935,2021-01-02,1,0,0,0,0,0,mobile,Web,India,Uttar Pradesh,(direct),(none),0.0,1,1,session_only
57293549.2990345753,1030187455,2020-11-21,1,1,0,0,0,0,mobile,iOS,Panama,(not set),(data deleted),(data deleted),0.0,5,2,view_item
5944298.3088612394,3033082379,2020-11-26,1,1,1,1,0,0,desktop,Macintosh,Mexico,Jalisco,google,organic,0.0,8,4,begin_checkout
4119630.8705270140,8920068789,2021-01-08,1,0,0,0,0,0,mobile,Web,France,Auvergne-Rhone-Alpes,<Other>,referral,0.0,1,1,session_only
23690402.5184398465,9071758988,2020-11-26,1,0,0,0,0,0,mobile,Android,Turkey,Ankara,google,organic,0.0,1,1,session_only
6851718.1736386849,4351517307,2021-01-07,1,0,0,0,0,0,desktop,Macintosh,India,Delhi,(data deleted),(data deleted),0.0,1,1,session_only
72319567.3911121169,281721809,2021-01-03,1,0,0,0,0,0,desktop,Macintosh,India,Haryana,<Other>,referral,0.0,1,1,session_only
8612523.5691343236,1238042205,2020-12-27,1,0,0,0,0,0,desktop,Macintosh,United States,Virginia,google,organic,0.0,1,1,session_only
3181496.7346485529,5472045270,2020-11-09,1,0,0,0,0,0,mobile,Web,(not set),(not set),(direct),(none),0.0,1,1,session_only
2800783.2546082465,7350229544,2021-01-04,1,0,0,0,0,0,mobile,iOS,United States,Washington,(direct),(none),0.0,1,1,session_only
41386621.7647347605,3517307280,2020-12-23,1,0,0,0,0,0,mobile,iOS,United States,Wisconsin,google,organic,0.0,1,1,session_only
6955629.3520724045,3952838983,2020-11-19,1,0,0,0,0,0,desktop,Macintosh,United States,Nevada,<Other>,<Other>,0.0,1,1,session_only
7929372.2001523429,2131045561,2020-12-21,1,0,0,0,0,0,desktop,Web,United States,Idaho,google,organic,0.0,1,1,session_only
6951490.1144829713,1859182068,2021-01-19,1,0,0,0,0,0,mobile,Web,United States,New York,google,organic,0.0,1,1,session_only
72898030.9820303172,6417381478,2020-11-09,1,0,0,0,0,0,mobile,Android,United States,Georgia,(direct),(none),0.0,1,1,session_only
65555494.3594092580,5137814400,2020-12-21,1,0,0,0,0,0,mobile,Web,Bulgaria,(not set),shop.googlemerchandisestore.com,referral,0.0,1,1,session_only
3092032.0917940267,4263802700,2020-12-28,1,0,0,0,0,0,mobile,Web,United States,Massachusetts,google,organic,0.0,1,1,session_only
5328562.4430515149,5856663550,2020-11-19,1,0,0,0,0,0,desktop,Web,India,Maharashtra,google,organic,0.0,1,1,session_only
36642290.3968931400,3070661559,2020-12-24,1,0,0,0,0,0,mobile,Web,Taiwan,Taoyuan City,<Other>,referral,0.0,1,1,session_only
6864665.5183741497,8095850359,2021-01-28,1,0,0,0,0,0,desktop,Windows,China,Beijing,<Other>,organic,0.0,1,1,session_only
5693782.6121515739,630894881,2020-12-01,1,0,0,0,0,0,desktop,<Other>,India,Telangana,shop.googlemerchandisestore.com,referral,0.0,1,1,session_only
3474592.6618293765,6308963065,2020-11-17,1,1,0,0,0,0,desktop,Windows,Sri Lanka,Western Province,google,organic,0.0,2,2,view_item
11609079.4531877164,266764561,2020-12-19,1,0,0,0,0,0,desktop,Windows,India,Telangana,google,organic,0.0,1,1,session_only
45784371.2607844528,413772133,2021-01-06,1,0,0,0,0,0,mobile,Web,Canada,British Columbia,<Other>,<Other>,0.0,1,1,session_only
25532505.0593058427,752074044,2020-11-07,1,0,0,0,0,0,desktop,Windows,United States,Georgia,shop.googlemerchandisestore.com,referral,0.0,1,1,session_only
2471913.6234753662,9507264758,2020-12-17,1,0,0,0,0,0,mobile,iOS,United States,California,(direct),(none),0.0,1,1,session_only
52590962.8833598914,2546696305,2020-12-14,1,1,0,0,0,0,desktop,Web,Canada,Quebec,(direct),(none),0.0,4,2,view_item
86215791.0181932205,4391391971,2020-11-10,1,1,0,0,0,0,tablet,Web,Canada,Quebec,google,organic,0.0,3,2,view_item
29570964.3192916968,4413056015,2021-01-13,1,1,1,1,1,1,desktop,Web,United States,Nebraska,(data deleted),(data deleted),68.1,32,6,purchase
42757986.4437297384,5385962407,2021-01-12,1,0,0,0,0,0,mobile,Web,United States,Michigan,(direct),(none),0.0,1,1,session_only
87236532.7272974240,2282234500,2020-12-04,1,0,0,0,0,0,desktop,<Other>,Egypt,(not set),(direct),(none),0.0,1,1,session_only
4446241.1480016588,6780969130,2021-01-11,1,0,0,0,0,0,mobile,Web,(not set),(not set),google,organic,0.0,1,1,session_only
56499542.2196405586,5130679893,2021-01-28,1,0,0,0,0,0,mobile,Web,Canada,Ontario,(direct),(none),0.0,1,1,session_only
7489031.2997561781,8272398316,2020-11-20,1,0,0,0,0,0,desktop,Web,United States,California,google,organic,0.0,1,1,session_only
1197904.3906610310,8878638525,2020-12-14,1,0,0,0,0,0,mobile,Web,Canada,Ontario,(direct),(none),0.0,1,1,session_only
6702475.0589010203,3978839833,2020-12-19,1,0,0,0,0,0,desktop,Windows,China,Guangdong Province,(direct),(none),0.0,1,1,session_only
79194354.8403749496,8106749075,2021-01-27,1,1,1,1,1,1,desktop,Web,United States,Florida,google,organic,0.0,19,6,purchase
8482670.7866027030,9470413386,2020-11-23,1,0,0,0,0,0,desktop,Web,United States,New York,<Other>,<Other>,0.0,1,1,session_only
7541637.9928995259,658745710,2020-11-26,1,0,0,0,0,0,mobile,Web,India,Maharashtra,<Other>,<Other>,0.0,1,1,session_only
8237831.2171038398,5277215927,2020-11-17,1,1,0,0,0,0,mobile,iOS,United States,Ohio,google,organic,0.0,12,2,view_item
69488699.9177779404,8400195846,2021-01-25,1,0,0,0,0,0,mobile,Android,United States,Missouri,(direct),(none),0.0,1,1,session_only
21470371.6327794674,1085448069,2021-01-18,1,1,0,0,0,0,desktop,Web,United States,Wisconsin,(direct),(none),0.0,2,2,view_item
67851259.3281347742,4272565743,2020-11-16,1,0,0,0,0,0,desktop,Macintosh,United Arab Emirates,Dubai,<Other>,<Other>,0.0,1,1,session_only
2669141.5183853869,1779723268,2020-12-23,1,0,0,0,0,0,desktop,Web,Spain,Basque Country,(direct),(none),0.0,1,1,session_only
5697698188.3565739522,3694964070,2021-01-20,1,1,0,0,0,0,mobile,iOS,Slovakia,(not set),google,organic,0.0,2,2,view_item
7596028.7667465857,7287895944,2020-12-28,1,0,0,0,0,0,desktop,<Other>,United States,Connecticut,google,organic,0.0,1,1,session_only
73297587.5191593971,9902670138,2021-01-09,1,1,0,0,0,0,desktop,Windows,India,Maharashtra,<Other>,referral,0.0,2,2,view_item
8806438.6876908711,9582647095,2021-01-24,1,1,0,0,0,0,desktop,Windows,India,Tamil Nadu,google,organic,0.0,2,2,view_item
9940601.1834838239,223194007,2020-11-11,1,0,0,0,0,0,mobile,iOS,Canada,Quebec,google,organic,0.0,1,1,session_only
10845266.7600980965,8511284620,2021-01-02,1,1,1,1,0,0,desktop,Web,Singapore,(not set),google,organic,0.0,6,4,begin_checkout
41872628.9123536919,7415194228,2021-01-01,1,1,1,0,0,0,desktop,<Other>,Russia,(not set),google,organic,0.0,5,3,add_to_cart
46670010.1201316960,5455964090,2020-12-14,1,0,0,0,0,0,tablet,iOS,United States,Mississippi,shop.googlemerchandisestore.com,referral,0.0,1,1,session_only
6493335629.5375274868,7352533156,2020-11-05,1,0,0,0,0,0,mobile,Android,Germany,North Rhine-Westphalia,<Other>,referral,0.0,1,1,session_only
17057560.9469428128,4529785082,2020-12-30,1,0,0,0,0,0,desktop,Windows,Australia,New South Wales,google,organic,0.0,1,1,session_only
5491361.0195779864,6990508643,2021-01-26,1,0,0,0,0,0,mobile,iOS,Malaysia,Federal Territory of Kuala Lumpur,<Other>,<Other>,0.0,1,1,session_only
7700838.7001560366,2807718679,2021-01-02,1,0,0,0,0,0,mobile,iOS,Canada,Ontario,shop.googlemerchandisestore.com,referral,0.0,1,1,session_only
17657050.8185800027,3534627769,2020-11-23,1,0,0,0,0,0,desktop,Macintosh,Canada,British Columbia,google,organic,0.0,1,1,session_only
76351372.0280848449,8679961765,2020-11-05,1,0,0,0,0,0,mobile,Android,United States,Texas,<Other>,<Other>,0.0,1,1,session_only
8858256.1478944555,5041522343,2021-01-13,1,0,0,0,0,0,mobile,Android,India,Karnataka,<Other>,<Other>,0.0,1,1,session_only
8332713.2081920225,7628971570,2021-01-16,1,1,1,0,0,0,mobile,Web,Ireland,County Dublin,<Other>,organic,0.0,5,3,add_to_cart
5930657.9156460159,9529018251,2021-01-17,1,0,0,0,0,0,desktop,<Other>,Belgium,Brussels,(direct),(none),0.0,1,1,session_only
97950097.5837353470,8118526592,2020-12-17,1,1,0,0,0,0,desktop,Web,India,Karnataka,<Other>,<Other>,0.0,2,2,view_item
78226194.9080715808,250033215,2021-01-16,1,0,0,0,0,0,tablet,Web,India,Chandigarh,<Other>,<Other>,0.0,1,1,session_only
66112847.9211867285,4414294566,2021-01-03,1,1,0,0,0,0,desktop,Windows,United States,California,<Other>,<Other>,0.0,2,2,view_item
75489130.1515225684,6433861609,2020-12-29,0,1,0,0,0,0,desktop,Web,United Kingdom,England,<Other>,<Other>,0.0,2,2,view_item
10191806.1695388571,4015047508,2020-12-01,1,1,0,0,0,0,desktop,Windows,Hong Kong,(not set),<Other>,referral,0.0,2,2,view_item
1680165.7007832899,5742466842,2021-01-13,1,1,0,0,0,0,mobile,Android,China,(not set),<Other>,organic,0.0,2,2,view_item
4896831.5663851681,9023610750,2020-11-23,1,1,0,0,0,0,desktop,Web,Australia,Queensland,<Other>,<Other>,0.0,3,2,view_item
70100887.7507410200,6701362974,2021-01-16,1,1,0,0,0,0,desktop,Web,Netherlands,North Holland,(data deleted),(data deleted),0.0,2,2,view_item
90351773.0646860963,9124268404,2020-12-21,1,0,0,0,0,0,desktop,Macintosh,United Kingdom,Wales,google,organic,0.0,1,1,session_only
6254692.3835144699,8856746063,2021-01-02,1,0,0,0,0,0,desktop,Web,Portugal,Porto District,(direct),(none),0.0,1,1,session_only
6670122091.4622753239,838889214,2020-12-30,1,1,1,1,1,1,mobile,Web,United Kingdom,England,shop.googlemerchandisestore.com,referral,48.6,42,6,purchase
9119332.2159861838,5257267293,2021-01-23,1,0,0,0,0,0,mobile,Android,United States,Ohio,<Other>,<Other>,0.0,1,1,session_only
27629887.3392698493,3815347089,2021-01-15,1,0,0,0,0,0,desktop,Web,Romania,Bucharest,google,cpc,0.0,1,1,session_only
3460874.8567473017,1409439893,2020-11-17,1,0,0,0,0,0,desktop,Web,United States,Illinois,(data deleted),(data deleted),0.0,1,1,session_only
2565543.6797435747,4170937108,2021-01-09,1,0,0,0,0,0,desktop,Web,Canada,Ontario,google,organic,0.0,1,1,session_only
1691807.5538274983,148145040,2021-01-27,1,1,1,0,0,0,desktop,Web,Peru,(not set),(direct),(none),0.0,4,3,add_to_cart
6593389.1203076097,9339977639,2021-01-06,1,1,0,0,0,0,desktop,Web,France,Hauts-de-France,google,organic,0.0,2,2,view_item
83848314.6770781430,5545326288,2021-01-06,1,0,0,0,0,0,desktop,Web,United States,Georgia,<Other>,referral,0.0,1,1,session_only
81632350.4358345762,5607764338,2020-12-17,1,1,0,1,1,1,desktop,Web,United States,Ohio,<Other>,referral,207.20000000000002,42,6,purchase
42642498.1212303916,4203200969,2020-11-29,1,0,0,0,0,0,mobile,iOS,United States,Virginia,google,organic,0.0,1,1,session_only
5786591.4211581183,5953397062,2020-11-17,1,0,0,0,0,0,desktop,Web,United States,Alabama,<Other>,<Other>,0.0,1,1,session_only
71632144.7108043639,9451410730,2021-01-16,1,0,0,0,0,0,desktop,Web,United States,New Jersey,<Other>,referral,0.0,1,1,session_only
5069477.3861817004,9160425392,2020-11-09,1,0,0,0,0,0,desktop,Web,Canada,British Columbia,(data deleted),(data deleted),0.0,1,1,session_only
1764822.2657323984,5373274154,2021-01-15,1,0,0,0,0,0,mobile,Web,(not set),(not set),(direct),(none),0.0,1,1,session_only
1143092.2423096838,541263346,2020-12-17,1,0,0,0,0,0,desktop,Macintosh,(not set),(not set),(direct),(none),0.0,1,1,session_only
3776054.3479849754,4798593466,2020-11-15,1,1,0,1,1,1,desktop,<Other>,France,Ile-de-France,google,organic,0.0,8,6,purchase
48713927.3135258219,8529503678,2020-11-23,1,0,0,0,0,0,desktop,Macintosh,United States,Arizona,(data deleted),(data deleted),0.0,1,1,session_only
11386559.2057691366,4827649125,2020-12-19,1,0,0,0,0,0,mobile,Web,United States,Connecticut,(data deleted),(data deleted),0.0,1,1,session_only
8296983.8333659982,814104743,2020-11-17,1,0,0,0,0,0,mobile,Web,Singapore,(not set),(direct),(none),0.0,1,1,session_only
7183266.2214994674,842873574,2021-01-28,1,0,0,0,0,0,desktop,Web,United States,Utah,<Other>,<Other>,0.0,1,1,session_only
32916097.5740142276,3032523853,2021-01-12,1,1,0,0,0,0,desktop,Macintosh,United States,Illinois,shop.googlemerchandisestore.com,referral,0.0,5,2,view_item
79531208.8165107823,880073673,2020-11-10,1,1,0,0,0,0,mobile,iOS,United Kingdom,England,google,cpc,0.0,3,2,view_item
6286945.8147515443,9608521438,2020-11-26,1,0,0,0,0,0,desktop,Web,Canada,Ontario,google,cpc,0.0,1,1,session_only
6042838.9454466916,4726307448,2020-11-26,1,1,0,0,0,0,desktop,Windows,Poland,Lesser Poland Voivodeship,google,organic,0.0,2,2,view_item
33747918.2209169240,3239610883,2020-12-27,1,0,0,0,0,0,desktop,Windows,United States,Texas,google,organic,0.0,1,1,session_only
5214424753.3397130789,5100371841,2021-01-02,1,1,0,0,0,0,mobile,Web,Hong Kong,(not set),google,organic,0.0,2,2,view_item
95870680.5300978571,408995277,2021-01-07,1,0,0,0,0,0,desktop,Windows,United States,South Carolina,(direct),(none),0.0,1,1,session_only
63475563.3647733918,2030182528,2020-11-11,1,0,0,0,0,0,desktop,Windows,United States,California,<Other>,referral,0.0,1,1,session_only
64971316.9848603770,1569395232,2021-01-09,1,0,0,0,0,0,mobile,iOS,Costa Rica,(not set),google,organic,0.0,1,1,session_only
53706118.3111812570,5460009621,2021-01-31,1,0,0,0,0,0,desktop,Web,United States,Florida,<Other>,referral,0.0,1,1,session_only
59807406.0150320493,2787689342,2021-01-02,1,0,0,0,0,0,desktop,Web,Germany,North Rhine-Westphalia,google,organic,0.0,1,1,session_only
7934277.0182914385,9828265403,2021-01-17,1,0,0,0,0,0,desktop,Windows,Germany,Hessen,shop.googlemerchandisestore.com,referral,0.0,1,1,session_only
7918606.9457006199,8048977759,2020-12-24,1,1,1,1,0,0,mobile,Web,Canada,New Brunswick,<Other>,organic,0.0,6,4,begin_checkout
1519926.3023490716,4769747703,2021-01-23,1,0,0,0,0,0,desktop,Web,India,Telangana,(direct),(none),0.0,1,1,session_only
38928687.4882582900,5336664448,2020-12-21,1,0,0,0,0,0,desktop,Web,France,Ile-de-France,google,organic,0.0,1,1,session_only
12213703.3562085871,4171401500,2020-12-25,1,1,1,1,1,1,desktop,Web,United States,California,google,organic,0.0,13,6,purchase
27840021.8314117637,9928890471,2020-11-29,1,1,0,0,0,0,desktop,Windows,India,Maharashtra,google,cpc,0.0,3,2,view_item
3433812.6311488975,6813911447,2020-12-30,1,0,0,0,0,0,desktop,Web,Spain,Andalusia,google,organic,0.0,1,1,session_only
5842357.9196754147,4080712728,2020-11-15,1,0,0,0,0,0,desktop,Web,Ireland,County Dublin,google,organic,0.0,1,1,session_only
75294747.2712173356,6900576632,2020-11-24,1,1,0,1,1,1,mobile,iOS,United States,Texas,(data deleted),(data deleted),0.0,20,6,purchase
42890230.2436916859,9828949256,2020-12-20,1,0,0,0,0,0,desktop,Web,South Korea,Gyeongsangbuk-do,google,organic,0.0,1,1,session_only
5707727.8343681091,7052256585,2021-01-30,1,0,0,0,0,0,mobile,Web,United States,New Jersey,(direct),(none),0.0,1,1,session_only
3215821.6575020475,2789734735,2021-01-27,1,1,0,0,0,0,mobile,Android,United Kingdom,England,(direct),(none),0.0,2,2,view_item
4551510.7987464722,384576483,2021-01-27,1,0,0,0,0,0,desktop,Web,United States,California,google,organic,0.0,1,1,session_only
56227678.8896930135,4475111340,2021-01-04,1,0,0,0,0,0,desktop,Web,India,Punjab,(direct),(none),0.0,1,1,session_only
8648965.0593959127,1306652611,2021-01-08,1,0,0,0,0,0,mobile,Web,United States,California,(direct),(none),0.0,1,1,session_only
7908976.4669268982,4245151221,2021-01-10,1,0,0,0,0,0,desktop,Web,Myanmar (Burma),Yangon Region,google,organic,0.0,1,1,session_only
15173599.5458116579,3563152860,2021-01-04,1,0,0,0,0,0,desktop,Web,United States,California,(direct),(none),0.0,1,1,session_only
2102264116.8528805635,4846355283,2021-01-18,1,0,0,0,0,0,desktop,Web,Kenya,Nairobi County,<Other>,<Other>,0.0,1,1,session_only
8426237.1240367555,6966055306,2021-01-24,1,0,0,0,0,0,mobile,Web,United States,California,(direct),(none),0.0,1,1,session_only
16155597.9846906900,9491210660,2020-12-17,1,1,1,0,0,0,mobile,Android,Netherlands,North Holland,google,organic,0.0,4,3,add_to_cart
6615105.4327920307,5673438094,2021-01-16,1,0,0,0,0,0,desktop,Macintosh,Canada,Ontario,google,organic,0.0,1,1,session_only
5820769.2126830378,5301683048,2021-01-25,1,1,0,1,1,1,mobile,Android,Portugal,Lisbon,google,cpc,0.0,14,6,purchase
1326758.7777405296,2202352869,2021-01-23,1,0,0,0,0,0,desktop,Web,Japan,Tokyo,<Other>,referral,0.0,1,1,session_only
5725707.5519486145,2386344931,2020-12-27,1,0,0,0,0,0,mobile,Web,United States,Pennsylvania,(direct),(none),0.0,1,1,session_only
7101841.8884258216,7708728996,2021-01-09,1,0,0,0,0,0,desktop,Macintosh,United States,New York,<Other>,referral,0.0,1,1,session_only
51846510.1480323523,8040291985,2020-11-08,1,0,0,0,0,0,desktop,Web,Italy,Friuli-Venezia Giulia,(data deleted),(data deleted),0.0,1,1,session_only
57065333.7001768225,9540920037,2021-01-06,1,1,1,1,1,1,desktop,Macintosh,Spain,Castile-La Mancha,google,organic,294.4,62,6,purchase
73347340.2924582017,533244034,2020-12-04,1,0,0,0,0,0,desktop,Windows,Puerto Rico,San Juan,(direct),(none),0.0,1,1,session_only
49913269.7158721660,1559887178,2021-01-16,1,0,0,0,0,0,desktop,Macintosh,United States,California,<Other>,<Other>,0.0,1,1,session_only
14850102.5657431714,165561588,2020-11-11,1,0,0,0,0,0,desktop,Windows,United States,Washington,(direct),(none),0.0,1,1,session_only
15049646.2908531482,522319387,2021-01-09,1,0,0,0,0,0,mobile,iOS,United States,California,google,organic,0.0,1,1,session_only
68167582.6711089134,2661888296,2020-11-05,1,0,0,0,0,0,mobile,iOS,United States,North Carolina,(direct),(none),0.0,1,1,session_only
77958242.3312380506,3200720606,2021-01-16,1,0,0,0,0,0,mobile,Android,India,Gujarat,shop.googlemerchandisestore.com,referral,0.0,1,1,session_only
57765203.7319757552,6982579533,2021-01-28,1,0,0,0,0,0,desktop,Web,United States,New Jersey,(data deleted),(data deleted),0.0,1,1,session_only
50417810.4448097321,4024474059,2021-01-15,1,1,0,0,0,0,mobile,Android,India,Telangana,(direct),(none),0.0,3,2,view_item
40194347.9450906420,1749714503,2020-11-21,1,0,0,0,0,0,desktop,Web,Taiwan,Taipei City,google,organic,0.0,1,1,session_only
33737665.5718864109,6009633438,2020-11-17,1,0,0,0,0,0,desktop,Windows,India,Rajasthan,google,organic,0.0,1,1,session_only
7900243.6096503066,5283370250,2020-12-14,1,0,0,0,0,0,desktop,Windows,India,Maharashtra,shop.googlemerchandisestore.com,referral,0.0,1,1,session_only
39502838.4962698933,6598206343,2020-12-28,1,0,0,0,0,0,desktop,Web,Saudi Arabia,Makkah Province,google,cpc,0.0,1,1,session_only
73764537.5709732771,3740546978,2021-01-26,1,0,0,0,0,0,desktop,Web,China,Shanghai,shop.googlemerchandisestore.com,referral,0.0,1,1,session_only
27572737.9169276259,4148191202,2020-12-14,1,0,0,0,0,0,mobile,Web,United States,California,(direct),(none),0.0,1,1,session_only
37371640.5355597248,2809078393,2020-12-28,1,0,0,0,0,0,mobile,Web,Canada,Alberta,(direct),(none),0.0,1,1,session_only
5820333.9332715565,6740082338,2020-11-14,1,1,0,0,0,0,mobile,Web,Spain,Canary Islands,(data deleted),(data deleted),0.0,4,2,view_item
56976672.8656775635,7134079191,2021-01-04,1,0,0,0,0,0,desktop,Web,United States,North Carolina,<Other>,<Other>,0.0,1,1,session_only
22753922.9124622984,2161989160,2021-01-15,1,1,1,1,1,1,tablet,iOS,United Kingdom,England,shop.googlemerchandisestore.com,referral,0.0,14,6,purchase
90093630.3092505100,2294644297,2020-11-20,1,0,0,0,0,0,mobile,iOS,United States,Texas,google,organic,0.0,1,1,session_only
10805244.8453969076,6862236108,2020-11-17,1,0,0,0,0,0,mobile,Web,Uruguay,(not set),<Other>,organic,0.0,1,1,session_only
56256937.0054808991,8616391996,2020-11-17,1,0,0,0,0,0,mobile,Web,Azerbaijan,(not set),google,organic,0.0,1,1,session_only
76734054.2559853959,991082842,2021-01-17,1,0,0,0,0,0,desktop,Web,United Kingdom,England,<Other>,<Other>,0.0,1,1,session_only
275117362.7887261717,7447571914,2021-01-17,1,0,0,0,0,0,desktop,Web,Poland,Masovian Voivodeship,google,organic,0.0,1,1,session_only
37901263.3941909697,5818253709,2020-11-24,1,1,0,0,0,0,desktop,Web,Canada,Quebec,(data deleted),(data deleted),0.0,8,2,view_item
8506606037.9168034409,2758481935,2020-11-19,1,0,0,0,0,0,desktop,Web,United States,(not set),google,organic,0.0,1,1,session_only
2412953.3535729750,4322375471,2020-12-21,1,0,0,0,0,0,desktop,Web,Spain,Basque Country,google,organic,0.0,1,1,session_only
8633002.3339270787,629800272,2020-12-26,1,1,0,0,0,0,desktop,Windows,United States,Utah,(data deleted),(data deleted),0.0,2,2,view_item
50145448.3536454252,7494392170,2020-12-28,1,0,0,0,0,0,mobile,Web,Ireland,County Dublin,google,organic,0.0,1,1,session_only
3042373.8332023868,2296600913,2021-01-28,1,0,0,0,0,0,desktop,Web,Argentina,Buenos Aires Province,shop.googlemerchandisestore.com,referral,0.0,1,1,session_only
4685899.1832589091,6839232821,2020-11-17,1,0,0,0,0,0,mobile,iOS,Sweden,Skane County,google,organic,0.0,1,1,session_only
7285094.3315181313,6693529376,2020-12-14,1,1,0,0,0,0,mobile,Web,United States,California,google,organic,0.0,3,2,view_item
4807139.4242653870,4617408990,2020-12-01,1,0,0,0,0,0,desktop,Web,Poland,Masovian Voivodeship,google,organic,0.0,1,1,session_only
3573859.5414578440,7795598129,2021-01-28,1,0,0,0,0,0,desktop,Web,United States,Tennessee,shop.googlemerchandisestore.com,referral,0.0,1,1,session_only
51376908.3692624370,868434878,2020-11-24,1,0,0,0,0,0,desktop,Web,United States,Pennsylvania,<Other>,referral,0.0,1,1,session_only
4374509.1932615782,3428160282,2020-11-09,1,0,0,0,0,0,desktop,Web,Sweden,Stockholm County,google,organic,0.0,1,1,session_only
5197226601.2914201409,2804876802,2020-11-16,1,0,0,0,0,0,desktop,Windows,Colombia,Bogota,google,organic,0.0,1,1,session_only
41855500.2667406670,8424444503,2021-01-31,1,0,0,0,0,0,mobile,Web,United States,California,shop.googlemerchandisestore.com,referral,0.0,1,1,session_only
9261324.5206542641,3947112797,2020-12-30,1,0,0,0,0,0,desktop,Web,United States,South Carolina,<Other>,<Other>,0.0,1,1,session_only
81429598.2376334336,3631174322,2020-11-05,1,0,0,0,0,0,mobile,Android,United States,California,google,organic,0.0,1,1,session_only
74734193.7758505889,151014946,2020-11-14,1,1,0,0,0,0,mobile,Web,United States,Massachusetts,shop.googlemerchandisestore.com,referral,0.0,2,2,view_item
12756877.8859932195,4602057972,2020-12-26,1,0,0,0,0,0,desktop,Web,Egypt,Cairo Governorate,(direct),(none),0.0,1,1,session_only
65981934.2556071338,5210172836,2020-11-16,1,0,0,0,0,0,desktop,Web,India,West Bengal,shop.googlemerchandisestore.com,referral,0.0,1,1,session_only
54411003.7851013941,3888710956,2021-01-15,1,0,0,0,0,0,mobile,iOS,Mexico,Puebla,<Other>,referral,0.0,1,1,session_only
54020595.7981911227,7739569384,2020-11-16,1,0,0,0,0,0,desktop,Web,Spain,Catalonia,google,cpc,0.0,1,1,session_only
54586852.6337836504,9410677099,2020-11-24,1,0,0,0,0,0,mobile,Android,South Korea,Seoul,<Other>,<Other>,0.0,1,1,session_only
89991753.7218047802,6823420501,2021-01-20,1,0,0,0,0,0,desktop,Windows,India,Maharashtra,<Other>,<Other>,0.0,1,1,session_only
24390067.7154104169,9954272643,2021-01-06,1,1,1,1,1,1,mobile,Android,(not set),(not set),<Other>,<Other>,35.2,15,6,purchase
48796817.5470194720,8510131078,2020-11-16,1,0,0,0,0,0,desktop,Macintosh,Poland,Masovian Voivodeship,google,organic,0.0,1,1,session_only
10421380.5952368263,5459890676,2020-11-26,1,0,0,0,0,0,desktop,Web,Netherlands,North Holland,(direct),(none),0.0,1,1,session_only
37312730.1216270172,8111847613,2020-11-24,1,1,0,1,1,1,tablet,Web,United States,Georgia,<Other>,<Other>,0.0,12,6,purchase
46939462.8141237209,584607906,2021-01-31,1,0,0,0,0,0,desktop,Macintosh,United States,Virginia,<Other>,referral,0.0,1,1,session_only
54688310.8635917702,2868487366,2020-12-01,1,1,0,1,1,1,desktop,Web,Austria,Vienna,google,organic,0.0,6,6,purchase
20535143.3316163376,122412832,2021-01-20,1,0,0,0,0,0,mobile,Web,Canada,British Columbia,(direct),(none),0.0,1,1,session_only
44131920.3866116221,9041848901,2020-12-26,1,0,0,0,0,0,desktop,Web,France,Brittany,google,organic,0.0,1,1,session_only
4397452007.5124352642,5482413892,2021-01-16,1,0,0,0,0,0,mobile,iOS,United States,Wisconsin,<Other>,<Other>,0.0,1,1,session_only
1240027.2365274456,906622427,2021-01-27,1,0,0,0,0,0,desktop,Macintosh,United States,Kansas,(direct),(none),0.0,1,1,session_only
10654376.8319195314,9943729566,2021-01-19,1,0,0,0,0,0,mobile,Web,Taiwan,Kaohsiung City,google,organic,0.0,1,1,session_only
91719952.3430360124,2635787666,2021-01-16,1,0,0,0,0,0,desktop,Web,United Kingdom,England,<Other>,<Other>,0.0,1,1,session_only
16981408.8856707324,6372095,2020-12-29,1,0,0,0,0,0,mobile,iOS,United States,California,google,organic,0.0,1,1,session_only
42583182.3977693374,4085307961,2021-01-17,1,0,0,0,0,0,mobile,Android,United Kingdom,England,(direct),(none),0.0,1,1,session_only
83440194.9798548503,1589750723,2021-01-03,1,1,0,0,0,0,mobile,Web,Belgium,Flanders,<Other>,<Other>,0.0,2,2,view_item
8841929.3065903999,9850763226,2020-12-27,1,0,0,0,0,0,desktop,Macintosh,Slovakia,(not set),shop.googlemerchandisestore.com,referral,0.0,1,1,session_only
66913143.5379490723,3615674673,2020-12-04,1,1,0,1,1,1,desktop,Web,United States,Utah,google,organic,0.0,12,6,purchase
28478867.6261563311,3451480593,2020-11-21,1,0,0,0,0,0,desktop,Web,United States,New Jersey,google,organic,0.0,1,1,session_only
8111346.5626015909,6965136447,2021-01-18,1,0,0,0,0,0,mobile,Android,United States,Texas,<Other>,<Other>,0.0,1,1,session_only
43760880.5395401293,1777883017,2021-01-09,1,1,0,0,0,0,mobile,iOS,Malaysia,Federal Territory of Kuala Lumpur,<Other>,<Other>,0.0,10,2,view_item
47752213.7724563416,5738011906,2020-12-28,1,0,0,0,0,0,desktop,Web,United States,Virginia,shop.googlemerchandisestore.com,referral,0.0,1,1,session_only
502676065.9676538156,8793399962,2020-11-26,1,0,0,0,0,0,desktop,Web,Singapore,(not set),(direct),(none),0.0,1,1,session_only
12674621.7774676145,9867745343,2021-01-12,1,0,0,0,0,0,desktop,Windows,Israel,Tel Aviv District,shop.googlemerchandisestore.com,referral,0.0,1,1,session_only
2924215.0352437879,7751667076,2021-01-07,1,0,0,0,0,0,desktop,Windows,India,Telangana,google,organic,0.0,1,1,session_only
4096987732.9749116248,9142250856,2020-11-29,1,0,0,0,0,0,tablet,Web,Spain,(not set),(direct),(none),0.0,1,1,session_only
10516738.9196783575,4630684261,2021-01-25,1,0,0,0,0,0,mobile,iOS,United States,Texas,google,organic,0.0,1,1,session_only
6776858.9336992817,9802121912,2020-12-31,1,0,0,0,0,0,desktop,Web,United States,New York,shop.googlemerchandisestore.com,referral,0.0,1,1,session_only
46530495.9755666412,5549730319,2021-01-26,1,0,0,0,0,0,desktop,Windows,China,(not set),(direct),(none),0.0,1,1,session_only
6964593.9570090150,5557619091,2020-11-10,1,0,0,0,0,0,desktop,Macintosh,China,Beijing,(direct),(none),0.0,1,1,session_only
49020482.3041830216,5415921926,2020-11-09,1,0,0,0,0,0,mobile,iOS,United States,Washington,(direct),(none),0.0,1,1,session_only
7507976.5767064405,6145896745,2021-01-26,1,0,0,0,0,0,desktop,Web,United Kingdom,England,google,organic,0.0,1,1,session_only
85726769.2612385245,2186369088,2020-11-24,1,0,0,0,0,0,desktop,Web,United States,California,<Other>,<Other>,0.0,1,1,session_only
8198656760.2909982661,4725266808,2020-11-20,1,0,0,0,0,0,desktop,Web,United States,Missouri,google,organic,0.0,1,1,session_only
10634312.8939954074,433764769,2020-11-26,1,0,0,0,0,0,mobile,Web,France,Grand Est,google,organic,0.0,1,1,session_only
21101420.4449841146,814944271,2020-12-29,1,1,0,1,1,1,desktop,Windows,United States,California,(data deleted),(data deleted),19.2,12,6,purchase
5765443.6627800591,2641214848,2020-12-20,1,0,0,0,0,0,mobile,Web,France,Auvergne-Rhone-Alpes,(direct),(none),0.0,1,1,session_only
11458556.9945962775,1059713503,2021-01-18,1,0,0,0,0,0,tablet,Android,Hong Kong,(not set),google,organic,0.0,1,1,session_only
1439927.0145685301,9844610442,2020-11-26,1,1,0,1,1,1,mobile,iOS,Ireland,County Dublin,<Other>,organic,0.0,9,6,purchase
21401805.7822381718,1766823859,2020-12-04,1,1,0,0,0,0,desktop,Web,China,Zhejiang,(direct),(none),0.0,3,2,view_item
1028167.1226079449,1900503855,2021-01-04,1,0,0,0,0,0,mobile,Android,United States,California,google,organic,0.0,1,1,session_only
83521436.7128222099,6559690899,2021-01-27,1,0,0,0,0,0,mobile,Web,United States,Maryland,google,organic,0.0,1,1,session_only
71695409.5867074267,9222311144,2020-11-24,1,1,0,0,0,0,mobile,Web,United States,California,<Other>,organic,0.0,6,2,view_item
42555946.5321096406,9371451679,2021-01-26,1,0,0,0,0,0,desktop,Web,United States,Kentucky,<Other>,<Other>,0.0,1,1,session_only
3086114.9548976153,1454355953,2021-01-04,1,0,0,0,0,0,desktop,Macintosh,United States,Georgia,(direct),(none),0.0,1,1,session_only
7838725.4269957032,4178260150,2021-01-08,1,0,0,0,0,0,desktop,Web,United States,Illinois,google,organic,0.0,1,1,session_only
25253412.9555804685,5341799554,2021-01-19,1,0,0,0,0,0,desktop,Windows,United States,Virginia,(direct),(none),0.0,1,1,session_only
25989050.3210858077,6221578713,2021-01-13,1,0,0,0,0,0,desktop,Web,Canada,Ontario,(direct),(none),0.0,1,1,session_only
67004170.9507362020,6218573470,2021-01-18,1,0,0,0,0,0,mobile,Web,United States,Virginia,google,cpc,0.0,1,1,session_only
6150889.0237914748,9666969284,2021-01-12,1,0,0,0,0,0,mobile,Web,Germany,Berlin,<Other>,<Other>,0.0,1,1,session_only
23092615.9141031141,4454755296,2021-01-07,1,0,0,0,0,0,desktop,Web,Indonesia,North Sumatra,google,organic,0.0,1,1,session_only
84150088.9656225007,9072405457,2020-11-11,1,0,0,0,0,0,desktop,Web,United States,California,google,organic,0.0,1,1,session_only
7811904.4932396925,2337234800,2020-11-26,1,0,0,0,0,0,desktop,Web,India,Telangana,google,organic,0.0,1,1,session_only
4243738.7818893155,3632173484,2021-01-19,1,0,0,0,0,0,mobile,Web,Thailand,Bangkok,(direct),(none),0.0,1,1,session_only
89318072.4893797110,4314097282,2021-01-30,1,0,0,0,0,0,mobile,Web,United States,Virginia,<Other>,referral,0.0,1,1,session_only
52831158.0589015955,7365136004,2020-11-16,1,0,0,0,0,0,mobile,Android,Canada,British Columbia,shop.googlemerchandisestore.com,referral,0.0,1,1,session_only
57596310.8634465845,8510011986,2021-01-01,1,0,0,0,0,0,mobile,Android,Croatia,City of Zagreb,(direct),(none),0.0,1,1,session_only
61070408.2537441957,301578912,2020-12-31,1,0,0,0,0,0,desktop,Windows,Spain,Catalonia,(direct),(none),0.0,1,1,session_only
5733105.3802389909,658761584,2020-11-17,1,0,0,0,0,0,mobile,Web,Albania,(not set),<Other>,referral,0.0,1,1,session_only
2363958.1301112997,2013286802,2020-11-26,1,0,0,0,0,0,desktop,Windows,United States,Massachusetts,(direct),(none),0.0,1,1,session_only
6201619.1740197229,3871708379,2021-01-02,1,0,0,0,0,0,desktop,Web,Taiwan,Taipei City,google,organic,0.0,1,1,session_only
1485472.4390061373,7526325224,2021-01-01,1,0,0,0,0,0,mobile,Web,South Korea,Seoul,<Other>,organic,0.0,1,1,session_only
1096204.3430350292,6564790103,2021-01-24,1,0,0,0,0,0,mobile,Android,United States,Florida,<Other>,<Other>,0.0,1,1,session_only
7085455.5699222672,1635234523,2020-11-16,1,0,0,0,0,0,tablet,Web,Norway,(not set),<Other>,(data deleted),0.0,1,1,session_only
8706398835.0322792005,1280938763,2020-12-17,1,0,0,0,0,0,desktop,Web,India,Gujarat,(direct),(none),0.0,1,1,session_only
6026730.6686797414,8441912627,2020-12-14,1,0,0,0,0,0,desktop,Web,Italy,Lazio,<Other>,<Other>,0.0,1,1,session_only
2458745.4322907336,8078757493,2020-11-29,1,0,0,0,0,0,mobile,Android,United States,Illinois,(direct),(none),0.0,1,1,session_only
3041557.0130977309,2748312711,2020-12-20,1,0,0,0,0,0,mobile,Android,United States,Arkansas,google,cpc,0.0,1,1,session_only
4775555.5569199969,3437512844,2020-11-17,1,0,0,0,0,0,desktop,Windows,United States,California,google,organic,0.0,1,1,session_only
13579810.1173886784,7757286931,2020-11-02,1,0,0,0,0,0,mobile,Web,United States,Massachusetts,(direct),(none),0.0,1,1,session_only
5558636854.8197664606,3107422541,2021-01-07,1,0,0,0,0,0,desktop,Web,United States,Ohio,google,organic,0.0,1,1,session_only
1474506.7113206172,2243010868,2021-01-16,1,0,0,0,0,0,desktop,Web,India,Punjab,google,organic,0.0,1,1,session_only
62471068.8171956734,5720306693,2021-01-30,1,0,0,0,0,0,mobile,Web,United States,California,(direct),(none),0.0,1,1,session_only
61577291.2144566004,8961924492,2020-11-20,1,1,0,1,1,1,mobile,Web,United States,California,shop.googlemerchandisestore.com,referral,212.16,17,6,purchase
29591648.2698391557,8075540636,2020-12-04,1,0,0,0,0,0,mobile,iOS,United States,California,google,organic,0.0,1,1,session_only
77549622.2429351550,200664790,2021-01-27,1,0,0,0,0,0,desktop,Macintosh,France,Ile-de-France,google,organic,0.0,1,1,session_only
52442144.4450275648,3382601743,2021-01-17,1,0,0,0,0,0,mobile,iOS,South Korea,Busan,google,organic,0.0,1,1,session_only
61071422.5941085887,6976468509,2020-12-28,1,0,0,0,0,0,desktop,Web,United States,California,<Other>,<Other>,0.0,1,1,session_only
64053070.6628635682,6701741933,2021-01-12,1,0,0,0,0,0,mobile,iOS,United States,Illinois,shop.googlemerchandisestore.com,referral,0.0,1,1,session_only
1842421.2707936144,2940392070,2021-01-10,1,0,0,0,0,0,desktop,Web,India,Rajasthan,google,organic,0.0,1,1,session_only
7305312.0773204883,2188238727,2020-11-19,1,1,0,1,1,1,mobile,Android,United States,Texas,(direct),(none),190.24,30,6,purchase
82190694.5470721134,618368467,2021-01-13,1,0,0,0,0,0,mobile,Web,Palestine,(not set),<Other>,organic,0.0,1,1,session_only
45980539.4694376144,1627967568,2020-12-28,1,0,0,0,0,0,desktop,Macintosh,Canada,Manitoba,<Other>,<Other>,0.0,1,1,session_only
49881347.4671695133,4718098508,2020-12-20,1,0,0,0,0,0,desktop,Web,United States,Montana,shop.googlemerchandisestore.com,referral,0.0,1,1,session_only
3284820.7346655271,7306317953,2021-01-30,1,0,0,0,0,0,mobile,Web,United States,Indiana,(direct),(none),0.0,1,1,session_only
32145085.3770288849,3805099080,2021-01-04,1,0,0,0,0,0,desktop,Web,Taiwan,Kaohsiung City,(direct),(none),0.0,1,1,session_only
18522436.3663338943,7767209496,2021-01-04,1,0,0,0,0,0,mobile,Web,India,Uttar Pradesh,(direct),(none),0.0,1,1,session_only
11872066.8039488446,5793397452,2020-11-10,1,0,0,0,0,0,mobile,Android,India,West Bengal,shop.googlemerchandisestore.com,referral,0.0,1,1,session_only
68941732.6003009969,1439964796,2020-11-05,1,0,0,0,0,0,desktop,Web,Brazil,State of Rio de Janeiro,google,organic,0.0,1,1,session_only
9370789.0483969876,7624658055,2020-11-20,1,0,0,0,0,0,desktop,Windows,France,Ile-de-France,(direct),(none),0.0,1,1,session_only
8113486.0489748372,8396090165,2021-01-20,1,0,0,0,0,0,desktop,Web,Canada,Ontario,<Other>,organic,0.0,1,1,session_only
32328904.6840270281,5841338771,2020-11-10,1,1,0,1,1,0,mobile,Android,Mexico,Mexico City,(data deleted),(data deleted),0.0,7,5,add_payment
72981786.2558660172,6619658354,2021-01-02,1,0,0,0,0,0,desktop,Web,Canada,Ontario,<Other>,organic,0.0,1,1,session_only
38320109.8187731397,7622829813,2020-12-21,1,1,0,0,0,0,mobile,Web,India,Karnataka,(direct),(none),0.0,2,2,view_item
4666603.7670416007,1584442982,2021-01-06,1,0,0,0,0,0,desktop,Web,United States,Connecticut,(direct),(none),0.0,1,1,session_only
6102451.8870930885,9483980452,2021-01-16,1,0,0,0,0,0,desktop,Web,United States,Virginia,google,organic,0.0,1,1,session_only
7306429.7971653380,4381799772,2021-01-20,1,0,0,0,0,0,desktop,Web,India,Delhi,<Other>,<Other>,0.0,1,1,session_only
57025267.5454524283,8843840195,2020-12-01,1,0,0,0,0,0,desktop,Web,United States,California,google,organic,0.0,1,1,session_only
6154557.6954354795,9864513897,2021-01-03,1,0,0,0,0,0,mobile,Web,China,Zhejiang,google,organic,0.0,1,1,session_only
59333237.6483436211,2824524324,2020-11-23,1,0,0,0,0,0,desktop,Macintosh,United States,California,(data deleted),(data deleted),0.0,1,1,session_only
17739280.5771323010,5732232472,2021-01-24,1,0,0,0,0,0,mobile,Web,Netherlands,Utrecht,(direct),(none),0.0,1,1,session_only
3091066.5291876540,4321368924,2021-01-07,1,0,0,0,0,0,tablet,Web,United States,Arizona,google,organic,0.0,1,1,session_only
93315165.2705291590,1233003140,2020-11-07,1,0,0,0,0,0,mobile,Web,India,Tamil Nadu,<Other>,<Other>,0.0,1,1,session_only
6912901.9401550902,2942266212,2020-12-24,1,0,0,0,0,0,mobile,Web,United States,California,google,organic,0.0,1,1,session_only
28470678.0042997785,3492849927,2021-01-24,1,0,0,0,0,0,mobile,Web,United States,California,google,organic,0.0,1,1,session_only
2190489673.9207557312,8401437299,2021-01-27,1,0,0,0,0,0,desktop,Web,United States,Alabama,google,organic,0.0,1,1,session_only
3718267.6495202130,7437136043,2021-01-18,1,0,0,0,0,0,desktop,Web,France,Normandy,google,organic,0.0,1,1,session_only
5516950.8359362572,4965221424,2021-01-15,1,0,0,0,0,0,mobile,Web,Canada,Ontario,(direct),(none),0.0,1,1,session_only
3752809.1718448053,1074178820,2020-12-20,1,0,0,0,0,0,mobile,Android,United Kingdom,Scotland,(direct),(none),0.0,1,1,session_only
78766846.7552979596,1527814001,2020-12-17,1,0,0,0,0,0,desktop,Web,United States,Louisiana,google,cpc,0.0,1,1,session_only
80961154.7703175456,414216924,2021-01-25,1,0,0,0,0,0,mobile,Web,France,Hauts-de-France,google,organic,0.0,1,1,session_only
93963238.2165763727,349128732,2020-11-29,1,0,0,0,0,0,desktop,Web,United States,Florida,(direct),(none),0.0,1,1,session_only
2996165.3929300981,7546070578,2021-01-18,1,0,0,0,0,0,mobile,iOS,United States,Oklahoma,(direct),(none),0.0,1,1,session_only
70060190.1574873354,6519490421,2020-12-28,1,0,0,0,0,0,desktop,Web,United Kingdom,Scotland,(direct),(none),0.0,1,1,session_only
2623543733.0008300750,2377425130,2020-11-09,1,1,0,0,0,0,mobile,Web,Canada,Ontario,(direct),(none),0.0,2,2,view_item
36137931.0224918943,9534541708,2020-11-11,1,1,0,0,0,0,mobile,Web,United States,Pennsylvania,(direct),(none),0.0,3,2,view_item
27532137.4043756929,7402495409,2021-01-28,1,1,0,0,0,0,mobile,iOS,El Salvador,San Salvador Department,<Other>,<Other>,0.0,2,2,view_item
50907107.8306671896,4432914817,2021-01-04,1,1,0,0,0,0,mobile,Web,United States,District of Columbia,<Other>,<Other>,0.0,3,2,view_item
51647091.5190117656,3281709103,2021-01-02,1,1,0,0,0,0,mobile,iOS,Peru,(not set),google,organic,0.0,2,2,view_item
3990396.2612221320,3979445940,2020-12-25,1,0,0,0,0,0,mobile,Web,United Kingdom,England,(direct),(none),0.0,1,1,session_only
13797371.7982581262,6468966801,2020-11-26,1,1,1,1,0,0,mobile,iOS,United States,Massachusetts,shop.googlemerchandisestore.com,referral,0.0,9,4,begin_checkout
5865838.0863219941,6699411244,2020-11-05,1,1,0,0,0,0,mobile,Web,Canada,Ontario,google,organic,0.0,3,2,view_item
20006523.3533526027,6509335492,2020-12-24,1,1,0,0,0,0,mobile,Android,United States,California,<Other>,<Other>,0.0,2,2,view_item
5611308.4954179613,5204399678,2021-01-11,1,0,0,0,0,0,mobile,Android,Spain,Catalonia,<Other>,<Other>,0.0,1,1,session_only
19892451.4580176020,7192236789,2021-01-10,1,0,0,0,0,0,desktop,Windows,United Kingdom,England,google,organic,0.0,1,1,session_only
15411433.6467506723,5600329424,2020-12-30,1,0,0,0,0,0,desktop,Web,United Kingdom,England,google,organic,0.0,1,1,session_only
86220795.5188432526,1925618867,2020-12-28,1,1,0,0,0,0,desktop,Windows,Sweden,Stockholm County,(direct),(none),0.0,7,2,view_item
7901076.5045265238,9626394006,2020-12-20,1,0,0,0,0,0,desktop,Windows,United States,Texas,(direct),(none),0.0,1,1,session_only
5195853.3310260391,1777284336,2020-11-02,1,0,0,0,0,0,tablet,Web,Vietnam,(not set),google,cpc,0.0,1,1,session_only
63600523.3828670575,4321260144,2020-11-10,1,0,0,0,0,0,desktop,Web,United States,Pennsylvania,(direct),(none),0.0,1,1,session_only
48340678.9681563784,3100664576,2021-01-20,1,0,0,0,0,0,mobile,iOS,Netherlands,Overijssel,google,organic,0.0,1,1,session_only
2542556.2097295973,8161787190,2021-01-28,1,1,0,0,0,0,mobile,iOS,Tunisia,Tunis,google,organic,0.0,2,2,view_item
7353540.6771307462,3132726625,2021-01-11,1,0,0,0,0,0,mobile,iOS,Canada,Ontario,<Other>,<Other>,0.0,1,1,session_only
26020215.9148366325,2193067321,2020-12-29,1,0,0,0,0,0,desktop,Web,United States,Maryland,(direct),(none),0.0,1,1,session_only
65430354.9770462305,321864261,2021-01-10,1,0,0,0,0,0,mobile,iOS,Argentina,Buenos Aires,(direct),(none),0.0,1,1,session_only
27431716.5710381131,5486544516,2020-12-01,1,1,0,0,0,0,desktop,Web,Canada,Ontario,<Other>,organic,0.0,3,2,view_item
90878682.3514953169,2610556090,2020-12-21,1,0,0,0,0,0,desktop,Web,Canada,Ontario,<Other>,<Other>,0.0,1,1,session_only
2450731.9758344859,6181151080,2020-11-14,1,0,0,0,0,0,desktop,Macintosh,Singapore,(not set),<Other>,referral,0.0,1,1,session_only
5543737.5113961591,4155952327,2021-01-19,1,0,0,0,0,0,mobile,Web,United States,Ohio,shop.googlemerchandisestore.com,referral,0.0,1,1,session_only
5049459225.9286143947,3975517912,2020-11-29,1,0,0,0,0,0,mobile,iOS,Germany,North Rhine-Westphalia,(direct),(none),0.0,1,1,session_only
7844437.9492662757,7174494526,2021-01-13,1,0,0,0,0,0,desktop,Macintosh,United States,Texas,<Other>,referral,0.0,1,1,session_only
78737207.1607511721,6202140968,2020-12-20,1,0,0,0,0,0,mobile,Android,India,Maharashtra,google,organic,0.0,1,1,session_only
79584619.5461960381,3022760757,2021-01-29,1,0,0,0,0,0,desktop,Web,United States,Ohio,google,organic,0.0,1,1,session_only
53051148.4066079123,6592827415,2020-11-11,1,0,0,0,0,0,mobile,iOS,United States,California,google,organic,0.0,1,1,session_only
35997410.2433627827,5165397987,2020-11-16,1,0,0,0,0,0,mobile,iOS,China,Guangdong Province,google,organic,0.0,1,1,session_only
82876221.2194105944,4939127912,2020-11-12,1,0,0,0,0,0,desktop,Web,Netherlands,North Holland,google,organic,0.0,1,1,session_only
5236628.0775985151,3597527758,2021-01-10,1,0,0,0,0,0,mobile,iOS,Mexico,Mexico City,(data deleted),(data deleted),0.0,1,1,session_only
2137682.6965644539,5661957118,2020-11-02,1,1,0,0,0,0,mobile,Web,United States,Alabama,google,organic,0.0,2,2,view_item
43122187.8040596985,6897607739,2020-11-12,1,0,0,0,0,0,desktop,<Other>,United States,Washington,(direct),(none),0.0,1,1,session_only
1020085.4098049155,2007054491,2020-11-29,1,1,1,0,0,0,mobile,Web,Macao,(not set),(direct),(none),0.0,3,3,add_to_cart
10568436.2419096686,1935595470,2021-01-25,1,0,0,0,0,0,mobile,Android,United States,California,<Other>,<Other>,0.0,1,1,session_only
56510127.1423902903,2722067882,2020-11-10,1,1,0,1,1,1,mobile,iOS,United States,Texas,(data deleted),(data deleted),0.0,7,6,purchase
86378835.7378512074,2516165798,2021-01-08,1,0,0,0,0,0,desktop,Web,United States,Texas,(data deleted),(data deleted),0.0,1,1,session_only
50113315.5157472437,9385047828,2021-01-02,1,0,0,0,0,0,desktop,Windows,United States,Florida,<Other>,<Other>,0.0,1,1,session_only
1369278.0351082241,7735435609,2021-01-18,1,0,0,0,0,0,desktop,Web,United States,(not set),<Other>,<Other>,0.0,1,1,session_only
5485853.8056767258,5432214647,2021-01-23,1,1,0,0,0,0,desktop,Web,Singapore,(not set),<Other>,<Other>,0.0,2,2,view_item
73143977.4968623389,8012622640,2020-11-17,1,0,0,0,0,0,desktop,Web,United States,Connecticut,(direct),(none),0.0,1,1,session_only
10989460.6923602707,3981523590,2021-01-17,1,0,0,0,0,0,mobile,iOS,Dominican Republic,(not set),shop.googlemerchandisestore.com,referral,0.0,1,1,session_only
59642720.9408624816,4913579945,2021-01-16,1,0,0,0,0,0,desktop,Web,United States,Washington,google,organic,0.0,1,1,session_only
25698068.2385273780,5033466746,2020-11-20,1,0,0,0,0,0,desktop,Macintosh,United States,Texas,(data deleted),(data deleted),0.0,1,1,session_only
6450769.7912051653,860298915,2021-01-04,1,0,0,0,0,0,mobile,iOS,China,(not set),google,organic,0.0,1,1,session_only
10476188.9039580149,4671537301,2020-12-19,1,0,0,0,0,0,desktop,Macintosh,Taiwan,New Taipei City,<Other>,organic,0.0,1,1,session_only
6318890.0499438042,3771252310,2020-11-21,1,0,0,0,0,0,desktop,Web,United States,Virginia,<Other>,<Other>,0.0,1,1,session_only
13603785.3862450817,2144809003,2021-01-25,1,1,0,0,0,0,desktop,Web,United States,Georgia,google,organic,0.0,3,2,view_item
1875005.5074783001,3912636422,2021-01-30,1,1,0,0,0,0,desktop,Web,Denmark,Central Denmark Region,<Other>,<Other>,0.0,2,2,view_item
73205762.3563297541,3441557966,2020-11-09,1,0,0,0,0,0,desktop,Macintosh,Latvia,Riga,google,organic,0.0,1,1,session_only
3499597.7309753715,7388173756,2020-12-17,1,0,0,0,0,0,desktop,Windows,Sweden,Vastra Gotaland County,<Other>,<Other>,0.0,1,1,session_only
37200331.0541488328,8220618287,2020-12-04,1,0,0,0,0,0,mobile,iOS,India,Uttar Pradesh,google,organic,0.0,1,1,session_only
74466803.2470249861,9676827529,2020-12-14,1,0,0,0,0,0,mobile,Web,India,Haryana,<Other>,referral,0.0,1,1,session_only
52614457.2396223900,6294027088,2020-11-26,1,0,0,0,0,0,desktop,Web,Sweden,Stockholm County,(direct),(none),0.0,1,1,session_only
99686015.6538076616,3605480012,2020-11-07,1,0,0,0,0,0,desktop,Macintosh,United States,Massachusetts,google,organic,0.0,1,1,session_only
23739031.0564643117,1759702455,2021-01-03,1,0,0,0,0,0,mobile,Web,United States,California,(direct),(none),0.0,1,1,session_only
67006871.0260537824,6867562999,2021-01-29,1,0,0,0,0,0,mobile,Web,Ukraine,(not set),(direct),(none),0.0,1,1,session_only
5517641392.4724343636,6761495525,2021-01-03,1,0,0,0,0,0,desktop,Windows,United States,Massachusetts,<Other>,referral,0.0,1,1,session_only
62493704.8329637109,3330461966,2021-01-11,1,0,0,0,0,0,mobile,Web,United States,California,(direct),(none),0.0,1,1,session_only
14090306.7181928369,3520023803,2021-01-18,1,0,0,0,0,0,desktop,Macintosh,India,Madhya Pradesh,google,organic,0.0,1,1,session_only
37587826.1974136781,8686437404,2020-11-12,1,1,0,1,1,1,mobile,Android,United States,Illinois,(direct),(none),0.0,18,6,purchase
1509651.1622943620,6040460849,2021-01-16,1,0,0,0,0,0,mobile,Web,China,Zhejiang,google,organic,0.0,1,1,session_only
79922338.1718364603,7665307222,2020-12-01,1,0,0,0,0,0,mobile,iOS,Japan,Fukuoka,<Other>,referral,0.0,1,1,session_only
68919351.9999085587,4144543115,2021-01-10,1,0,0,0,0,0,mobile,iOS,Netherlands,North Holland,(direct),(none),0.0,1,1,session_only
48307310.0794895069,1758659880,2021-01-19,1,0,0,0,0,0,mobile,iOS,United States,Texas,google,organic,0.0,1,1,session_only
1541006.6168463275,7881330965,2020-12-17,1,0,0,0,0,0,mobile,Web,United States,Colorado,(direct),(none),0.0,1,1,session_only
61465128.6518598214,5992570769,2020-11-29,1,0,0,0,0,0,desktop,Web,United States,Virginia,google,organic,0.0,1,1,session_only
3622043.0479707155,3633292165,2020-12-19,1,0,0,0,0,0,desktop,Macintosh,(not set),(not set),(direct),(none),0.0,1,1,session_only
4863679.2342250142,308661872,2021-01-04,1,0,0,0,0,0,mobile,Web,Germany,Berlin,(direct),(none),0.0,1,1,session_only
1556262.3853782589,8702528328,2021-01-12,1,0,0,0,0,0,mobile,Web,China,Beijing,(direct),(none),0.0,1,1,session_only
3339601654.1570215996,5765967886,2021-01-09,1,1,0,0,0,0,desktop,Web,Japan,Tokyo,<Other>,<Other>,0.0,4,2,view_item
15556872.7915036430,176936272,2021-01-12,1,0,0,0,0,0,mobile,Web,China,Sichuan,google,organic,0.0,1,1,session_only
81501393.2537997596,1327833092,2020-12-14,1,0,0,0,0,0,mobile,Web,Australia,New South Wales,(direct),(none),0.0,1,1,session_only
4383455.7327298419,8061099028,2020-12-20,1,0,0,0,0,0,desktop,Web,United States,California,<Other>,referral,0.0,1,1,session_only
6286945.8147515443,8861375652,2020-11-26,1,0,0,0,0,0,desktop,Web,Canada,Ontario,<Other>,referral,0.0,1,1,session_only
84629207.5554491324,8432317134,2021-01-30,1,0,0,0,0,0,desktop,Web,India,Uttarakhand,<Other>,organic,0.0,1,1,session_only
81150175.0958669400,3073689695,2020-12-25,1,0,0,0,0,0,desktop,Web,United States,Illinois,shop.googlemerchandisestore.com,referral,0.0,1,1,session_only
1789139.4506132619,2931827083,2020-11-12,0,1,0,1,1,1,mobile,Android,United States,Massachusetts,shop.googlemerchandisestore.com,referral,37.6,10,6,purchase
23182974.7730317947,1488755592,2020-11-20,1,1,0,0,0,0,desktop,Web,Australia,New South Wales,google,organic,0.0,2,2,view_item
45590161.2819484644,1437244774,2020-11-23,1,0,0,0,0,0,mobile,Web,United States,California,(direct),(none),0.0,1,1,session_only
7351756.7350024031,1720369802,2020-12-29,1,0,0,0,0,0,desktop,Macintosh,United States,Connecticut,<Other>,<Other>,0.0,1,1,session_only
15612028.1394339223,3666885024,2020-11-24,1,1,0,0,0,0,desktop,Web,United States,Texas,(direct),(none),0.0,3,2,view_item
21661362.9436390828,2491378796,2021-01-12,1,0,0,0,0,0,mobile,Web,India,Karnataka,(direct),(none),0.0,1,1,session_only
3193679.0282666132,4423144670,2021-01-01,1,0,0,0,0,0,desktop,Windows,United States,Maryland,google,organic,0.0,1,1,session_only
9221390.7567060539,327084613,2021-01-13,1,1,0,0,0,0,mobile,Android,Spain,Valencian Community,<Other>,referral,0.0,2,2,view_item
1589082.0055342311,6604906704,2021-01-28,1,0,0,0,0,0,desktop,Web,United States,Illinois,<Other>,referral,0.0,1,1,session_only
18376087.2533112596,1618586069,2020-12-14,1,0,0,0,0,0,mobile,iOS,United States,Michigan,(direct),(none),0.0,1,1,session_only
78331614.5702890138,1251531947,2021-01-24,1,1,1,1,1,1,mobile,iOS,United States,Oklahoma,google,cpc,235.52,37,6,purchase
4769461.9677356615,9875169003,2020-12-21,1,0,0,0,0,0,mobile,Web,India,Telangana,(direct),(none),0.0,1,1,session_only
2989404.9437627742,4512452287,2021-01-16,1,0,0,0,0,0,mobile,iOS,Philippines,Metro Manila,<Other>,<Other>,0.0,1,1,session_only
4307346.7244385739,1903838520,2020-11-29,1,0,0,0,0,0,mobile,Android,Greece,(not set),(direct),(none),0.0,1,1,session_only
2734396.1690312981,8747209430,2020-11-26,1,0,0,0,0,0,mobile,Web,United States,Pennsylvania,shop.googlemerchandisestore.com,referral,0.0,1,1,session_only
54971300.5670668519,770177450,2021-01-30,1,0,0,0,0,0,mobile,Android,United States,Texas,(direct),(none),0.0,1,1,session_only
82256202.0790663045,4262718067,2021-01-25,1,0,0,0,0,0,mobile,Android,United States,Massachusetts,<Other>,referral,0.0,1,1,session_only
6419415.8157687766,8386790746,2021-01-16,1,0,0,0,0,0,mobile,Web,Japan,Kanagawa,google,cpc,0.0,1,1,session_only
24476098.3372955264,4466808374,2021-01-18,1,0,0,0,0,0,desktop,Web,India,Kerala,(direct),(none),0.0,1,1,session_only
86364988.2599234644,4725423171,2020-12-14,1,0,0,0,0,0,desktop,Web,United Kingdom,England,<Other>,referral,0.0,1,1,session_only
4530482.8338283431,8754927343,2020-11-26,1,0,0,0,0,0,mobile,Web,United States,West Virginia,google,organic,0.0,1,1,session_only
1557094.4086790025,7032219586,2021-01-06,1,0,0,0,0,0,desktop,Macintosh,United Kingdom,England,(direct),(none),0.0,1,1,session_only
9103291.1221355026,8088980444,2021-01-10,1,0,0,0,0,0,desktop,Macintosh,Malaysia,Penang,google,cpc,0.0,1,1,session_only
7703838.4078980487,936721751,2021-01-09,1,0,0,0,0,0,desktop,Macintosh,Germany,Hamburg,<Other>,referral,0.0,1,1,session_only
7907403.9257493682,2862433968,2020-12-24,1,0,0,0,0,0,mobile,Web,Spain,Andalusia,google,cpc,0.0,1,1,session_only
19258149.1930841480,1207325934,2021-01-11,1,0,0,0,0,0,mobile,iOS,Czechia,(not set),(direct),(none),0.0,1,1,session_only
6198367.5883144835,1921510083,2021-01-17,1,0,0,0,0,0,desktop,Windows,Portugal,Lisbon,(direct),(none),0.0,1,1,session_only
4357464.7411943493,6676532340,2020-11-17,1,1,0,0,0,0,mobile,Web,United States,California,<Other>,referral,0.0,5,2,view_item
84709748.0730186926,7276991133,2020-11-16,1,0,0,0,0,0,mobile,Web,Mexico,State of Mexico,<Other>,<Other>,0.0,1,1,session_only
42345555.1307000410,7124393195,2020-12-27,1,1,1,1,1,1,desktop,Web,Ireland,(not set),(direct),(none),32.72,40,6,purchase
75932432.3262047744,4345445516,2020-11-15,1,0,0,0,0,0,mobile,Web,United States,District of Columbia,(direct),(none),0.0,1,1,session_only
4059509.8510293101,2559193606,2020-11-16,1,0,0,0,0,0,mobile,iOS,United States,(not set),(direct),(none),0.0,1,1,session_only
6809118.4045828637,6271461903,2020-11-09,1,0,0,0,0,0,desktop,Web,United States,New Jersey,shop.googlemerchandisestore.com,referral,0.0,1,1,session_only
1059485.7984667853,167346709,2021-01-23,1,0,0,0,0,0,desktop,Web,India,Gujarat,google,organic,0.0,1,1,session_only
39815505.3330497226,4848589009,2021-01-04,1,1,0,0,0,0,tablet,iOS,United States,Wisconsin,(direct),(none),0.0,3,2,view_item
33100062.4045138850,8933726772,2020-12-17,1,0,0,0,0,0,mobile,Android,United States,Ohio,<Other>,referral,0.0,1,1,session_only
6549379.8428172596,7816392812,2021-01-28,1,0,0,0,0,0,mobile,iOS,United States,Washington,<Other>,<Other>,0.0,1,1,session_only
62276323.4401548124,4784617742,2020-11-02,1,1,0,0,0,0,desktop,Web,Canada,Ontario,<Other>,<Other>,0.0,5,2,view_item
81876170.2126471285,2056713635,2020-12-14,1,1,0,0,0,0,mobile,Web,Canada,Quebec,<Other>,<Other>,0.0,5,2,view_item
91446913.6613217670,8359096338,2020-12-27,1,0,0,0,0,0,mobile,Web,United States,Texas,google,organic,0.0,1,1,session_only
66431376.9009067856,7119140476,2021-01-06,1,1,1,0,0,0,desktop,Macintosh,South Korea,Seoul,<Other>,<Other>,0.0,4,3,add_to_cart
22501838.2456226298,2164386051,2021-01-25,1,0,0,0,0,0,mobile,Web,United States,New York,(direct),(none),0.0,1,1,session_only
15881533.4719197958,9878190852,2021-01-19,1,0,0,0,0,0,tablet,Android,Taiwan,Taoyuan City,<Other>,referral,0.0,1,1,session_only
38314098.6509776500,7732938864,2020-12-29,1,0,0,0,0,0,desktop,Web,United States,Maryland,google,organic,0.0,1,1,session_only
3985713254.8067165658,2897730149,2020-12-17,1,0,0,0,0,0,desktop,Macintosh,Canada,Ontario,(direct),(none),0.0,1,1,session_only
24250531.7532519197,5275162145,2020-11-11,1,0,0,0,0,0,mobile,Android,United States,California,<Other>,referral,0.0,1,1,session_only
10869183.9020692419,4899691185,2021-01-13,1,0,0,0,0,0,mobile,Web,Italy,Lombardy,(direct),(none),0.0,1,1,session_only
5779349.2669701364,7086954064,2020-11-12,1,0,0,0,0,0,desktop,Web,United States,Virginia,<Other>,organic,0.0,1,1,session_only
2380209.7776903294,3511992031,2021-01-23,1,1,1,1,1,1,tablet,Web,United States,Virginia,(direct),(none),101.76,9,6,purchase
24005163.6752722139,890082258,2020-11-02,1,0,0,0,0,0,mobile,iOS,United States,California,(data deleted),(data deleted),0.0,1,1,session_only
6963403.8560481263,8478750619,2020-12-17,1,0,0,0,0,0,mobile,Web,(not set),(not set),(direct),(none),0.0,1,1,session_only
71802039.4812557524,470325770,2021-01-12,1,0,0,0,0,0,mobile,iOS,United States,California,google,cpc,0.0,1,1,session_only
75248430.9291959398,5059971555,2021-01-02,1,0,0,0,0,0,mobile,Web,United States,Georgia,google,organic,0.0,1,1,session_only
44574139.0210963180,9817631621,2020-11-24,1,1,0,1,1,1,desktop,Web,United Kingdom,England,(direct),(none),0.0,98,6,purchase
4707239.1008432127,4198405379,2020-11-12,1,0,0,0,0,0,mobile,Web,Netherlands,North Brabant,shop.googlemerchandisestore.com,referral,0.0,1,1,session_only
22968860.7061144452,3439859101,2020-12-14,1,0,0,0,0,0,desktop,Web,United States,Illinois,google,organic,0.0,1,1,session_only
3852498.7241218506,5278565270,2020-11-23,1,0,0,0,0,0,mobile,iOS,United States,Texas,google,cpc,0.0,1,1,session_only
1840689963.5997948577,5795771367,2021-01-26,1,1,0,0,0,0,desktop,Web,Kuwait,(not set),(direct),(none),0.0,7,2,view_item
1559773.7886211206,8969202101,2020-11-12,1,1,0,0,0,0,desktop,Web,United States,South Carolina,(direct),(none),0.0,2,2,view_item
8470735.4674161072,943670219,2020-12-24,1,0,0,0,0,0,desktop,Macintosh,Canada,Ontario,<Other>,<Other>,0.0,1,1,session_only
1460777.6123243529,6303509184,2020-12-31,1,0,0,0,0,0,mobile,Web,United Kingdom,England,(direct),(none),0.0,1,1,session_only
87978859.5425554329,8278598303,2021-01-12,1,1,1,1,1,1,mobile,Android,United States,New Jersey,shop.googlemerchandisestore.com,referral,65.2,38,6,purchase
38449989.6114721560,6421926572,2021-01-20,1,1,0,0,0,0,mobile,Web,United States,New Jersey,google,organic,0.0,3,2,view_item
3335280.5521685297,4249216642,2020-12-28,1,0,0,0,0,0,desktop,Web,India,Telangana,shop.googlemerchandisestore.com,referral,0.0,1,1,session_only
1046193.2895977527,3974595226,2020-12-21,1,1,1,1,1,0,desktop,Macintosh,Taiwan,Taipei City,(direct),(none),0.0,12,5,add_payment
6686554.4962321716,2317866626,2020-11-17,1,0,0,0,0,0,desktop,Web,United States,Indiana,<Other>,<Other>,0.0,1,1,session_only
8639525.6693315842,8714842054,2020-12-14,1,1,0,0,0,0,mobile,Web,United States,New Mexico,<Other>,referral,0.0,2,2,view_item
4907589.2593402573,7288337426,2020-11-10,1,0,0,0,0,0,desktop,Web,United States,California,google,organic,0.0,1,1,session_only
48545596.4840160470,4759343082,2020-12-01,1,0,0,0,0,0,desktop,Web,Spain,Andalusia,google,organic,0.0,1,1,session_only
5210718.7636041770,3798458905,2020-11-17,1,1,0,0,0,0,desktop,Web,Honduras,(not set),<Other>,referral,0.0,2,2,view_item
8953622.0178146459,3869799027,2020-12-28,1,0,0,0,0,0,desktop,Macintosh,China,Guangdong Province,<Other>,(data deleted),0.0,1,1,session_only
7509303346.8821447922,2772967102,2020-12-31,1,1,1,1,1,1,desktop,Macintosh,United States,California,<Other>,referral,89.3,76,6,purchase
80161994.1843547459,7628416874,2020-12-19,1,0,0,0,0,0,desktop,Web,United States,California,google,organic,0.0,1,1,session_only
53286533.3814661403,4465920954,2021-01-29,1,1,1,1,1,1,desktop,Web,France,Auvergne-Rhone-Alpes,(direct),(none),5.2,12,6,purchase
6201705.2787899966,7899228266,2021-01-12,1,1,0,0,0,0,desktop,Windows,India,Haryana,google,organic,0.0,3,2,view_item
2317410753.4981660388,3710445802,2021-01-06,1,0,0,0,0,0,desktop,Web,Norway,Viken,(direct),(none),0.0,1,1,session_only
53271954.4292633938,7784715898,2020-11-17,1,1,1,1,1,1,desktop,Web,United States,Florida,(data deleted),(data deleted),33.44,37,6,purchase
91193912.3361376495,5288652564,2021-01-19,1,0,0,0,0,0,desktop,Web,United States,New York,<Other>,referral,0.0,1,1,session_only
77894164.1266830106,6445240400,2021-01-12,1,1,1,1,1,1,desktop,Web,Philippines,Metro Manila,google,organic,19.36,16,6,purchase
5107942.1768070238,8334795054,2021-01-29,1,1,0,1,1,1,mobile,Web,Netherlands,North Brabant,<Other>,referral,0.0,26,6,purchase
5652902.9637188929,3787252520,2021-01-06,1,0,0,0,0,0,desktop,Web,Australia,New South Wales,google,organic,0.0,1,1,session_only
11642866.1255515935,4132489047,2020-12-17,1,0,0,0,0,0,desktop,Web,United States,Indiana,(direct),(none),0.0,1,1,session_only
1039085.0565627955,2383005573,2020-11-10,1,0,0,0,0,0,desktop,Web,United States,Florida,google,organic,0.0,1,1,session_only
53931422.3655997900,2945457019,2020-12-14,1,0,0,0,0,0,desktop,Web,Italy,Lazio,<Other>,organic,0.0,1,1,session_only
61230239.8676616985,9590973548,2021-01-23,1,0,0,0,0,0,mobile,Web,Netherlands,Utrecht,google,cpc,0.0,1,1,session_only
47865957.1450554660,564784760,2020-11-10,1,1,0,1,1,1,mobile,Android,Ecuador,Pichincha,<Other>,referral,72.4,16,6,purchase
3050620386.4363244210,5071034804,2020-12-29,1,0,0,0,0,0,desktop,Web,United States,Kansas,<Other>,referral,0.0,1,1,session_only
38043529.8296214444,918999908,2020-11-29,1,0,0,0,0,0,desktop,Web,United States,Nebraska,(data deleted),(data deleted),0.0,1,1,session_only
5600097.5932709657,9015933271,2020-11-20,1,0,0,0,0,0,tablet,Web,United States,Texas,shop.googlemerchandisestore.com,referral,0.0,1,1,session_only
8536826155.3411421954,2016903400,2021-01-09,1,0,0,0,0,0,desktop,Web,Ireland,County Dublin,(direct),(none),0.0,1,1,session_only
77199114.9143155203,5684329369,2020-12-30,1,0,0,0,0,0,mobile,Web,Canada,Ontario,google,organic,0.0,1,1,session_only
5724323.7589666977,9391672734,2021-01-28,1,0,0,0,0,0,desktop,Windows,Canada,Quebec,(direct),(none),0.0,1,1,session_only
6937912.8294439640,9868708506,2020-11-26,1,0,0,0,0,0,desktop,Web,Canada,Quebec,google,organic,0.0,1,1,session_only
8384022.6193633998,825204729,2020-12-31,1,0,0,0,0,0,mobile,Web,United States,Texas,(direct),(none),0.0,1,1,session_only
5588107.0682563218,7770893763,2021-01-01,1,0,0,0,0,0,desktop,Macintosh,United States,Georgia,<Other>,<Other>,0.0,1,1,session_only
8327307.4759542735,5681857746,2021-01-08,1,0,0,0,0,0,desktop,Windows,India,Maharashtra,google,organic,0.0,1,1,session_only
6587335.6286216389,9469023559,2020-11-09,1,0,0,0,0,0,desktop,Windows,United States,New York,shop.googlemerchandisestore.com,referral,0.0,1,1,session_only
1427143.4749319027,6378894015,2021-01-10,1,1,0,0,0,0,desktop,Web,India,Haryana,google,organic,0.0,6,2,view_item
95098433.0703494829,831170066,2020-12-17,1,0,0,0,0,0,desktop,Web,Netherlands,North Holland,(direct),(none),0.0,1,1,session_only
46884891.1535169358,8413930734,2020-12-30,1,0,0,0,0,0,mobile,Android,Indonesia,Banten,google,organic,0.0,1,1,session_only
2362557.0644881259,8726731150,2020-11-11,1,0,0,0,0,0,desktop,Windows,United Kingdom,England,(direct),(none),0.0,1,1,session_only
7905071.6506639296,4362577029,2020-12-27,1,0,0,0,0,0,mobile,iOS,United States,Illinois,<Other>,<Other>,0.0,1,1,session_only
62798859.8830112406,6592226809,2021-01-11,1,0,0,0,0,0,mobile,iOS,India,Tamil Nadu,<Other>,<Other>,0.0,1,1,session_only
31674389.0101482627,4493921240,2020-11-23,1,0,0,0,0,0,mobile,Web,United Kingdom,England,<Other>,referral,0.0,1,1,session_only
53066653.0182799871,3368904714,2020-12-21,1,0,0,0,0,0,desktop,Macintosh,Ireland,County Dublin,google,organic,0.0,1,1,session_only
85774932.7434626167,2773128971,2020-12-19,1,1,1,1,0,0,mobile,Web,Taiwan,Taipei City,google,organic,0.0,9,4,begin_checkout
65310981.9969140067,6367517110,2020-11-05,1,0,0,0,0,0,mobile,iOS,Philippines,(not set),<Other>,referral,0.0,1,1,session_only
29196265.9475531439,4227365924,2021-01-03,1,0,0,0,0,0,mobile,Web,United States,Texas,google,cpc,0.0,1,1,session_only
31032174.0195688193,3444888991,2021-01-07,1,0,0,0,0,0,mobile,Web,Portugal,Porto District,<Other>,<Other>,0.0,1,1,session_only
8525601.6720365282,6748277359,2020-12-19,1,0,0,0,0,0,mobile,Web,United States,California,google,cpc,0.0,1,1,session_only
31185406.7933979258,8440434556,2020-11-26,1,0,0,0,0,0,desktop,Web,Canada,Ontario,(direct),(none),0.0,1,1,session_only
29596501.1770086305,5696878829,2020-12-20,1,0,0,0,0,0,mobile,Web,Canada,Ontario,<Other>,<Other>,0.0,1,1,session_only
27937704.9536915174,290283962,2021-01-16,1,0,0,0,0,0,desktop,Windows,India,Maharashtra,google,cpc,0.0,1,1,session_only
7902859.4519916961,763919792,2020-12-23,1,0,0,0,0,0,desktop,Web,United States,Washington,(direct),(none),0.0,1,1,session_only
7006757.9685781347,2789525400,2020-11-08,1,0,0,0,0,0,mobile,iOS,United States,California,google,organic,0.0,1,1,session_only
1321034.3654777485,609186974,2021-01-27,1,1,0,0,0,0,desktop,Windows,United States,Michigan,<Other>,referral,0.0,2,2,view_item
60389702.2086129909,3747698818,2020-12-26,1,1,0,1,1,1,mobile,Android,India,Haryana,google,organic,0.0,10,6,purchase
5378757151.8197221554,5381527451,2021-01-23,1,1,0,0,0,0,desktop,Web,United States,Pennsylvania,google,organic,0.0,11,2,view_item
37219827.5151565194,4033725818,2020-11-15,1,0,0,0,0,0,mobile,Web,India,Himachal Pradesh,google,organic,0.0,1,1,session_only
6927269.4774726880,4522018283,2020-11-10,1,0,0,0,0,0,mobile,Web,Czechia,Prague,shop.googlemerchandisestore.com,referral,0.0,1,1,session_only
21495461.5630057176,3415921926,2020-11-21,1,0,0,0,0,0,desktop,Web,United States,Massachusetts,google,organic,0.0,1,1,session_only
20139023.5055190560,7025914744,2020-11-26,1,0,0,0,0,0,desktop,<Other>,United States,California,google,organic,0.0,1,1,session_only
91330493.9296930103,3380798316,2020-11-24,1,0,0,0,0,0,tablet,iOS,India,Jammu and Kashmir,<Other>,<Other>,0.0,1,1,session_only
56150089.7049055809,9161250689,2020-12-20,1,1,0,0,0,0,desktop,Web,United States,California,(direct),(none),0.0,3,2,view_item
73091937.8347000207,2985948152,2021-01-26,1,1,0,0,0,0,desktop,Web,United States,California,<Other>,<Other>,0.0,2,2,view_item
4093390.4018374057,7014471151,2020-11-20,1,0,0,0,0,0,desktop,Web,United States,California,(data deleted),(data deleted),0.0,1,1,session_only
6861596.5535536278,6266738854,2021-01-16,1,0,0,0,0,0,mobile,Web,United States,Illinois,<Other>,<Other>,0.0,1,1,session_only
8073647.1184425857,9950236326,2021-01-20,1,0,0,0,0,0,desktop,<Other>,United States,Massachusetts,google,organic,0.0,1,1,session_only
5528825.5598647448,1155431604,2021-01-04,1,0,0,0,0,0,desktop,Windows,United States,New York,(direct),(none),0.0,1,1,session_only
4701372.0914796213,3165714892,2020-11-20,1,0,0,0,0,0,mobile,Web,France,Hauts-de-France,google,organic,0.0,1,1,session_only
4012812.0497823829,9444470720,2020-11-05,1,1,0,0,0,0,desktop,Web,United Kingdom,England,shop.googlemerchandisestore.com,referral,0.0,10,2,view_item
7775642.4647886270,6460115083,2021-01-30,1,0,0,0,0,0,desktop,Web,South Korea,Gyeonggi-do,google,organic,0.0,1,1,session_only
5336127.5476475069,9339602391,2020-12-29,1,0,0,0,0,0,mobile,Web,Bulgaria,Sofia City Province,<Other>,organic,0.0,1,1,session_only
8118243.5378818387,9608523657,2020-12-30,1,0,0,0,0,0,desktop,Web,Canada,Quebec,(direct),(none),0.0,1,1,session_only
2523294.0103109928,5871609739,2021-01-16,1,0,0,0,0,0,desktop,Windows,United States,Texas,(direct),(none),0.0,1,1,session_only
65200653.7147134737,9144851118,2020-12-04,1,0,0,0,0,0,desktop,Web,Australia,Victoria,google,organic,0.0,1,1,session_only
4296432.6790676646,8278895018,2020-12-31,1,0,0,0,0,0,desktop,Web,United States,California,google,organic,0.0,1,1,session_only
71215940.5751115600,5457502821,2020-12-27,1,0,0,0,0,0,desktop,Web,Brazil,State of Sao Paulo,shop.googlemerchandisestore.com,referral,0.0,1,1,session_only
8758227.8253327672,9878787531,2020-11-17,1,1,1,1,1,1,desktop,Windows,United States,New York,(direct),(none),29.6,14,6,purchase
4596398.1865460908,2368994962,2020-11-10,1,0,0,0,0,0,desktop,Windows,India,Telangana,<Other>,<Other>,0.0,1,1,session_only
15917893.3494889944,4332997845,2020-11-29,1,0,0,0,0,0,desktop,Web,United States,Georgia,google,cpc,0.0,1,1,session_only
46048757.5367659676,9453044039,2020-11-10,1,1,0,1,1,1,mobile,Web,United States,Louisiana,google,cpc,61.6,13,6,purchase
7196333.7416333309,6983948486,2020-11-15,1,0,0,0,0,0,mobile,Android,United States,California,(direct),(none),0.0,1,1,session_only
22837774.0770129126,5510558421,2020-11-20,1,0,0,0,0,0,desktop,Web,United States,Ohio,shop.googlemerchandisestore.com,referral,0.0,1,1,session_only
51714959.0035672229,4051626656,2020-11-02,1,0,0,1,0,0,desktop,Web,South Korea,Seoul,(direct),(none),0.0,2,4,begin_checkout
5757670.0435688469,9270344781,2021-01-08,1,0,0,0,0,0,desktop,Web,United Arab Emirates,Sharjah,<Other>,<Other>,0.0,1,1,session_only
7358214.1064180723,2079967036,2021-01-16,1,0,0,0,0,0,mobile,Web,United States,Nevada,(direct),(none),0.0,1,1,session_only
7041469.0077640784,4343760511,2020-11-26,1,0,0,0,0,0,mobile,Android,Philippines,Metro Manila,google,organic,0.0,1,1,session_only
3093249.3131905485,8372383165,2020-11-24,1,0,0,0,0,0,desktop,<Other>,Denmark,Capital Region of Denmark,(data deleted),(data deleted),0.0,1,1,session_only
72867116.6027940371,9734806844,2021-01-29,1,0,0,0,0,0,desktop,Web,United States,New York,<Other>,<Other>,0.0,1,1,session_only
8859793.1436966500,1871759657,2020-12-04,1,0,0,0,0,0,desktop,Windows,United States,Arkansas,<Other>,referral,0.0,1,1,session_only
2823723.0424194233,4743350152,2020-11-20,1,0,0,0,0,0,mobile,Web,United States,Utah,<Other>,organic,0.0,1,1,session_only
7317169.8809907883,9906374509,2020-12-14,1,0,0,0,0,0,desktop,Web,United States,Georgia,<Other>,<Other>,0.0,1,1,session_only
8924922.1780849409,1038406009,2021-01-17,1,0,0,0,0,0,desktop,Macintosh,United States,New York,(data deleted),(data deleted),0.0,1,1,session_only
80785726.6941945764,6533803905,2020-11-09,1,1,0,0,0,0,mobile,iOS,United States,Idaho,(direct),(none),0.0,3,2,view_item
76048408.3088751594,4440336241,2020-12-14,1,1,1,1,1,1,desktop,Web,United States,New Jersey,google,organic,0.0,11,6,purchase
7083266.2075483575,5330922940,2020-11-05,1,0,0,0,0,0,desktop,Web,Australia,New South Wales,<Other>,<Other>,0.0,1,1,session_only
57693320.8172000803,871462663,2021-01-06,1,0,0,0,0,0,mobile,Web,Romania,(not set),google,organic,0.0,1,1,session_only
60161763.5544396420,3260892920,2021-01-15,1,0,0,0,0,0,mobile,Web,United States,Kentucky,google,organic,0.0,1,1,session_only
11466668.7196661398,1575525927,2021-01-06,1,0,0,0,0,0,desktop,Web,Canada,Quebec,google,organic,0.0,1,1,session_only
25320251.9360925748,5279942132,2021-01-07,1,1,0,0,0,0,mobile,Android,South Korea,Incheon,google,organic,0.0,11,2,view_item
7534339.1941656673,5295775269,2020-11-10,1,0,0,0,0,0,mobile,iOS,United States,North Carolina,google,organic,0.0,1,1,session_only
20208240.7523578519,6979917077,2020-12-29,1,0,0,0,0,0,desktop,Web,Turkey,Istanbul,<Other>,referral,0.0,1,1,session_only
30582224.5381910704,933223482,2021-01-09,1,1,0,0,0,0,desktop,Web,Austria,Vienna,google,organic,0.0,2,2,view_item
48396941.6789188824,9030581915,2021-01-26,1,1,0,1,0,0,desktop,Macintosh,United States,Texas,(direct),(none),0.0,5,4,begin_checkout
69735060.4884212970,7585659446,2021-01-11,1,0,0,0,0,0,mobile,iOS,United States,Connecticut,<Other>,<Other>,0.0,1,1,session_only
2215658.2653377388,4916469982,2020-11-12,1,1,0,0,0,0,mobile,Web,United States,Virginia,google,organic,0.0,2,2,view_item
28692724.7939927939,7030336958,2020-11-09,1,0,0,0,0,0,desktop,Web,United States,Texas,(direct),(none),0.0,1,1,session_only
27943520.7739288282,5222640831,2021-01-02,1,0,0,0,0,0,desktop,Web,United States,Illinois,google,organic,0.0,1,1,session_only
70409930.4886233316,2819681455,2020-12-04,1,0,0,0,0,0,mobile,Web,India,Haryana,<Other>,<Other>,0.0,1,1,session_only
6441237.4760433196,8678525449,2020-11-20,1,0,0,0,0,0,desktop,Web,United States,Virginia,(direct),(none),0.0,1,1,session_only
56775645.0589526584,4531266048,2020-12-19,1,0,0,0,0,0,desktop,Web,United States,West Virginia,shop.googlemerchandisestore.com,referral,0.0,1,1,session_only
12988787.1417411686,8189277301,2021-01-26,1,0,0,0,0,0,desktop,Web,Canada,Ontario,(data deleted),(data deleted),0.0,1,1,session_only
7478414.0779047803,4275680335,2020-12-30,1,0,0,0,0,0,desktop,Web,United Kingdom,England,<Other>,referral,0.0,1,1,session_only
8319735.2431028247,8865621134,2021-01-25,0,1,1,1,1,1,mobile,Web,United States,Arkansas,google,organic,84.84,65,6,purchase
53423543.0375984739,9052174198,2020-12-29,1,0,0,0,0,0,desktop,Web,United States,Idaho,<Other>,organic,0.0,1,1,session_only
2291182.3518179459,3778459148,2021-01-27,1,1,1,1,1,1,mobile,iOS,United Kingdom,England,google,organic,20.8,42,6,purchase
6422373.3208417040,8618227335,2021-01-06,1,0,0,0,0,0,desktop,Web,Australia,Victoria,google,organic,0.0,1,1,session_only
39840608.0620243295,2941900983,2020-12-01,1,1,1,1,1,1,desktop,Web,United States,Ohio,google,cpc,122.8,40,6,purchase
3163989.1132235958,7817735270,2020-12-01,1,0,0,0,0,0,desktop,Web,United States,Utah,google,organic,0.0,1,1,session_only
7422585.0092141768,5276391994,2020-11-05,1,1,0,1,1,1,desktop,Web,Singapore,(not set),(direct),(none),47.2,32,6,purchase
1037526.8209256161,4190473709,2020-11-02,1,0,0,0,0,0,mobile,iOS,India,Andhra Pradesh,google,organic,0.0,1,1,session_only
52576702.4684480385,5596573307,2020-11-12,1,0,0,0,0,0,mobile,Android,France,Ile-de-France,google,organic,0.0,1,1,session_only
1989417.5184999300,9269381770,2020-12-01,1,1,1,1,1,1,mobile,iOS,United States,California,<Other>,referral,69.6,17,6,purchase
7920693.6681174918,2585346571,2020-12-30,1,0,0,0,0,0,mobile,Web,France,Pays de la Loire,google,cpc,0.0,1,1,session_only
1146540.1921992520,3599645542,2021-01-28,1,1,1,1,1,1,desktop,Web,United States,Florida,(direct),(none),0.0,27,6,purchase
21344574.4880080456,2093255412,2021-01-15,1,1,0,0,0,0,mobile,Web,United States,Texas,<Other>,<Other>,0.0,2,2,view_item
2661517.6983729785,4830874369,2020-12-21,1,0,0,0,0,0,desktop,Web,United States,California,(direct),(none),0.0,1,1,session_only
53324613.9963078060,5576685351,2021-01-10,1,0,0,0,0,0,mobile,iOS,United States,Wisconsin,<Other>,referral,0.0,1,1,session_only
51573820.4917889134,1713143658,2021-01-25,1,0,0,0,0,0,mobile,Web,Germany,(not set),google,organic,0.0,1,1,session_only
78352279.7737055230,5037943055,2020-12-04,1,0,0,0,0,0,mobile,Android,Canada,Nova Scotia,(direct),(none),0.0,1,1,session_only
86311121.8840133103,8088360460,2020-12-24,1,0,0,0,0,0,desktop,Web,Romania,(not set),<Other>,<Other>,0.0,1,1,session_only
26690469.6867455777,3702535710,2021-01-19,1,0,0,0,0,0,desktop,Web,Japan,Tokyo,(direct),(none),0.0,1,1,session_only
87414130.0468812224,8743919418,2020-12-20,1,1,0,0,0,0,desktop,Web,United States,Michigan,<Other>,referral,0.0,2,2,view_item
52434597.4228623458,6918682010,2021-01-29,1,0,0,0,0,0,tablet,Web,Canada,British Columbia,google,organic,0.0,1,1,session_only
1791921.4002592107,2622726422,2021-01-04,1,0,0,0,0,0,mobile,Web,Germany,North Rhine-Westphalia,google,organic,0.0,1,1,session_only
3100039.8868497507,3007813395,2020-12-19,1,0,0,0,0,0,desktop,Macintosh,China,Fujian,<Other>,organic,0.0,1,1,session_only
2582683.5950078298,6709295940,2020-11-29,1,0,0,1,1,1,desktop,Web,Mexico,Quintana Roo,<Other>,(data deleted),0.0,5,6,purchase
9126585746.6957077907,9877484617,2021-01-11,1,0,0,0,0,0,mobile,Web,United States,Arizona,(direct),(none),0.0,1,1,session_only
5783007012.5038915106,1255449408,2021-01-15,1,0,0,0,0,0,desktop,Web,United States,California,google,organic,0.0,1,1,session_only
9054562.3820750397,9338568431,2021-01-12,1,1,0,0,0,0,mobile,Web,United States,Florida,google,organic,0.0,3,2,view_item
82540616.7499757732,6535672795,2020-12-17,1,0,0,0,0,0,desktop,Web,Switzerland,St. Gallen,<Other>,<Other>,0.0,1,1,session_only
44871068.1900880091,7211588710,2020-12-25,1,0,0,0,0,0,desktop,Web,Spain,Valencian Community,google,organic,0.0,1,1,session_only
4090580660.4370703604,107737555,2021-01-26,1,0,0,0,0,0,desktop,Windows,United Kingdom,England,(direct),(none),0.0,1,1,session_only
10655246.2956343237,1400589691,2020-12-26,1,0,0,0,0,0,desktop,Web,China,Beijing,google,organic,0.0,1,1,session_only
1724436.9349274808,4989455732,2020-11-29,1,0,0,0,0,0,mobile,Web,India,Maharashtra,google,organic,0.0,1,1,session_only
77406280.7878944028,7423582985,2021-01-10,1,0,0,0,0,0,mobile,Android,United States,Pennsylvania,(direct),(none),0.0,1,1,session_only
3938391.0718357192,1942512208,2021-01-02,1,0,0,0,0,0,desktop,Web,Poland,Greater Poland Voivodeship,<Other>,<Other>,0.0,1,1,session_only
6398351.4435780475,5716258883,2020-11-07,1,0,0,0,0,0,desktop,Web,Canada,Quebec,(direct),(none),0.0,1,1,session_only
8483463.1352763316,2524859517,2020-11-11,1,0,0,0,0,0,desktop,Web,United States,Virginia,google,organic,0.0,1,1,session_only
7462877.5897051051,1970986229,2020-12-04,1,1,0,0,0,0,desktop,Web,Pakistan,Sindh,google,organic,0.0,3,2,view_item
5950179.2241893321,659764452,2020-11-17,1,1,0,0,0,0,desktop,Web,Canada,Alberta,google,organic,0.0,3,2,view_item
37746970.1903884927,8119405932,2020-11-08,1,0,0,0,0,0,desktop,<Other>,Germany,Schleswig-Holstein,google,organic,0.0,1,1,session_only
34566418.3175234997,3745423069,2020-12-14,1,1,1,1,1,1,desktop,Web,United Kingdom,England,<Other>,<Other>,271.76,32,6,purchase
50628919.2386697155,5517310130,2021-01-29,1,1,1,1,1,1,desktop,Macintosh,United States,Oregon,google,organic,0.0,18,6,purchase
2983185.7624626113,5766808777,2021-01-10,1,1,0,1,0,0,desktop,Web,United States,California,(direct),(none),0.0,7,4,begin_checkout
28828521.1293185907,620615302,2020-11-19,1,1,0,0,0,0,mobile,Web,Switzerland,Zurich,google,organic,0.0,2,2,view_item
47416269.1313769797,920062229,2020-11-26,1,1,0,1,1,1,mobile,Web,United Kingdom,England,(direct),(none),19.2,17,6,purchase
78159916.3677315565,7068499128,2020-11-10,1,0,0,0,0,0,mobile,Web,United States,California,<Other>,referral,0.0,1,1,session_only
6122102.0976074147,8413555392,2020-12-04,1,0,0,0,0,0,tablet,Web,North Macedonia,(not set),google,organic,0.0,1,1,session_only
14510922.1382811561,5850195272,2021-01-31,1,0,0,0,0,0,desktop,Web,Spain,Madrid,(direct),(none),0.0,1,1,session_only
23554696.8407257465,5021861834,2021-01-27,1,0,0,0,0,0,desktop,Web,Ecuador,Guayas,google,organic,0.0,1,1,session_only
33783841.6488006177,3481085533,2020-11-17,1,0,0,0,0,0,mobile,iOS,United States,Indiana,<Other>,referral,0.0,1,1,session_only
25531474.5081630906,5764537943,2021-01-11,1,1,0,1,0,0,desktop,Web,India,Kerala,<Other>,<Other>,0.0,9,4,begin_checkout
8393371.7118096572,9315920789,2020-11-23,1,0,0,0,0,0,mobile,Web,United States,Florida,<Other>,<Other>,0.0,1,1,session_only
4150127.3895516876,9047128225,2021-01-12,1,0,0,0,0,0,desktop,Macintosh,Netherlands,North Brabant,google,organic,0.0,1,1,session_only
34670995.5272605036,9327089724,2020-12-20,1,0,0,0,0,0,mobile,Web,Japan,Hokkaido,google,organic,0.0,1,1,session_only
5949117.2557718493,7967736537,2020-11-19,1,0,0,0,0,0,mobile,Web,Germany,Baden-Wurttemberg,<Other>,organic,0.0,1,1,session_only
68169424.4504755808,7380213795,2020-12-04,1,0,0,0,0,0,mobile,Web,United States,Oklahoma,<Other>,<Other>,0.0,1,1,session_only
70551922.8698421919,5350403506,2021-01-02,1,0,0,0,0,0,desktop,Windows,United States,California,(direct),(none),0.0,1,1,session_only
40342935.1476623898,3555635915,2021-01-17,1,0,0,0,0,0,desktop,Web,Brazil,State of Sao Paulo,google,organic,0.0,1,1,session_only
72643439.7655759861,4920888174,2020-12-28,1,0,0,0,0,0,mobile,Web,United States,North Carolina,google,organic,0.0,1,1,session_only
13886124.0267792970,5255816387,2021-01-13,1,0,0,0,0,0,mobile,Web,Canada,Ontario,<Other>,referral,0.0,1,1,session_only
8049890.9599210781,9489193509,2020-11-26,1,0,0,0,0,0,mobile,Web,Indonesia,Banten,<Other>,referral,0.0,1,1,session_only
75073588.1859607099,3486469869,2020-11-20,1,1,0,1,1,1,mobile,Android,Algeria,Algiers Province,(direct),(none),41.6,29,6,purchase
5188754.9723033775,7351860951,2021-01-30,1,0,0,0,0,0,desktop,Windows,United States,Pennsylvania,<Other>,referral,0.0,1,1,session_only
4592414.5531039414,5264974887,2020-12-14,1,0,0,0,0,0,desktop,Web,United States,West Virginia,google,organic,0.0,1,1,session_only
4174242.7791334171,8758158772,2021-01-15,1,0,0,0,0,0,desktop,Web,United States,(not set),(direct),(none),0.0,1,1,session_only
1637157.7646563746,359898030,2020-11-17,1,1,0,0,0,0,mobile,iOS,United States,Massachusetts,shop.googlemerchandisestore.com,referral,0.0,8,2,view_item
1002558.2156963825,1616918140,2020-12-23,1,1,0,0,0,0,mobile,Web,Iraq,(not set),<Other>,organic,0.0,3,2,view_item
2624505.5781003260,5146292050,2021-01-07,1,0,0,0,0,0,mobile,Android,Indonesia,East Java,<Other>,referral,0.0,1,1,session_only
39443462.9852246899,4299531234,2020-11-02,1,1,0,1,1,1,mobile,iOS,United States,California,(data deleted),(data deleted),58.08,8,6,purchase
66999103.3750884533,3988364370,2020-12-29,1,0,0,0,0,0,desktop,Web,United States,Massachusetts,google,organic,0.0,1,1,session_only
3498330.7661176959,3230389114,2021-01-29,1,1,1,1,1,1,desktop,Windows,Indonesia,Jakarta,shop.googlemerchandisestore.com,referral,0.0,37,6,purchase
3429944.5247480585,581875228,2020-11-26,1,1,0,0,0,0,mobile,iOS,Taiwan,Taiwan Province,shop.googlemerchandisestore.com,referral,0.0,4,2,view_item
81055439.0214709363,6997995075,2021-01-13,1,0,0,0,0,0,desktop,Web,South Korea,Gyeonggi-do,shop.googlemerchandisestore.com,referral,0.0,1,1,session_only
3327716.6139481359,3404252451,2020-11-23,1,1,0,1,1,1,mobile,Web,Spain,Andalusia,(direct),(none),0.0,15,6,purchase
6927238131.3386516331,4235477338,2020-12-19,1,0,0,0,0,0,desktop,Web,Russia,(not set),google,cpc,0.0,1,1,session_only
1286976.6398997403,539893796,2020-11-16,1,0,0,0,0,0,mobile,Web,United States,Connecticut,(direct),(none),0.0,1,1,session_only
1143832.7767858698,7240508478,2020-12-17,1,0,0,0,0,0,mobile,Web,United States,California,<Other>,<Other>,0.0,1,1,session_only
93420171.4035502949,8672133086,2021-01-19,1,0,0,0,0,0,desktop,Web,United Kingdom,England,(direct),(none),0.0,1,1,session_only
2442605.0687136865,7704402786,2020-12-14,1,1,0,0,0,0,mobile,iOS,United States,Florida,google,cpc,0.0,3,2,view_item
31049173.6715406117,5087279121,2021-01-08,1,0,0,0,0,0,desktop,Web,Spain,Madrid,google,organic,0.0,1,1,session_only
3208650723.8421856080,916273613,2020-12-04,1,0,0,0,0,0,desktop,Web,United States,Louisiana,(direct),(none),0.0,1,1,session_only
73663478.1780398771,7960010620,2021-01-06,1,0,0,0,0,0,mobile,iOS,United States,North Carolina,<Other>,<Other>,0.0,1,1,session_only
1037940.4816478730,1389413276,2021-01-08,1,1,0,0,0,0,desktop,Macintosh,France,Nouvelle-Aquitaine,google,organic,0.0,2,2,view_item
46197048.8398080775,119390257,2020-11-02,1,0,0,0,0,0,mobile,Android,United States,Colorado,google,organic,0.0,1,1,session_only
93575497.1841095852,6361668320,2021-01-08,1,0,0,0,0,0,tablet,iOS,United Kingdom,England,google,organic,0.0,1,1,session_only
4006877.1831525632,9541823920,2021-01-04,1,0,0,0,0,0,desktop,Web,United States,New York,<Other>,<Other>,0.0,1,1,session_only
56933377.8535003947,2037065876,2020-12-21,1,0,0,0,0,0,mobile,Android,United States,New York,(direct),(none),0.0,1,1,session_only
1446548.5007694434,656285588,2020-11-24,1,0,0,0,0,0,mobile,iOS,Indonesia,East Java,google,cpc,0.0,1,1,session_only
3909775.1332829734,3960326819,2020-12-17,1,0,0,0,0,0,tablet,Web,Serbia,(not set),(direct),(none),0.0,1,1,session_only
60439219.4800529810,2512251825,2021-01-29,1,0,0,0,0,0,mobile,Android,United States,Utah,google,organic,0.0,1,1,session_only
7637555.1465090731,8393518746,2020-12-17,1,1,0,0,0,0,desktop,Web,Italy,Abruzzo,<Other>,<Other>,0.0,2,2,view_item
3350366.3055824604,2052342476,2021-01-17,1,0,0,0,0,0,mobile,Android,United States,Oklahoma,(direct),(none),0.0,1,1,session_only
25808320.7377005412,6720700017,2020-12-20,1,1,0,0,0,0,mobile,Web,(not set),(not set),google,organic,0.0,4,2,view_item
40957193.8735423379,3462122524,2020-11-17,1,0,0,0,0,0,mobile,Android,United States,Washington,<Other>,<Other>,0.0,1,1,session_only
4894977.3333222701,717877301,2020-12-19,1,0,0,0,0,0,mobile,iOS,Norway,(not set),google,organic,0.0,1,1,session_only
6429025.6705924938,1013392354,2021-01-17,1,1,0,0,0,0,mobile,Android,Japan,Kanagawa,google,organic,0.0,2,2,view_item
62646427.1573564623,6734767045,2020-11-17,1,0,0,0,0,0,mobile,Web,United States,California,google,cpc,0.0,1,1,session_only
8873953.2236866129,2857044191,2021-01-19,1,0,0,0,0,0,desktop,Macintosh,Australia,Queensland,<Other>,referral,0.0,1,1,session_only
31844096.5499743319,3022890556,2020-12-01,1,0,0,0,0,0,desktop,Macintosh,Switzerland,(not set),google,organic,0.0,1,1,session_only
7263819.0998965585,3457927857,2021-01-12,1,0,0,0,0,0,desktop,Web,United States,Connecticut,google,cpc,0.0,1,1,session_only
81791639.4204439124,4063689599,2020-11-20,1,0,0,0,0,0,desktop,Web,United States,Wisconsin,google,organic,0.0,1,1,session_only
88309306.8815318942,4474623046,2020-11-19,1,1,0,0,0,0,desktop,Macintosh,Canada,Ontario,google,organic,0.0,2,2,view_item
2656064.9223469991,9339653707,2020-12-14,1,0,0,0,0,0,mobile,iOS,Taiwan,Taiwan Province,shop.googlemerchandisestore.com,referral,0.0,1,1,session_only
6594566.1021475359,25217037,2021-01-26,1,1,0,0,0,0,mobile,Web,Canada,British Columbia,google,cpc,0.0,2,2,view_item
8159706661.3411154618,7793755930,2020-12-27,1,1,0,0,0,0,desktop,Web,Canada,Ontario,google,organic,0.0,2,2,view_item
43277917.6297231155,822890906,2021-01-29,1,0,0,0,0,0,desktop,Web,United States,California,google,organic,0.0,1,1,session_only
45271751.7395590316,1687810454,2020-12-23,1,0,0,0,0,0,desktop,Web,United States,Massachusetts,<Other>,<Other>,0.0,1,1,session_only
1408304.6321190777,6184976108,2020-12-29,1,0,0,0,0,0,desktop,Web,Canada,Ontario,google,organic,0.0,1,1,session_only
56559528.4219220293,5888580405,2020-12-27,1,0,0,0,0,0,desktop,<Other>,United States,California,google,organic,0.0,1,1,session_only
2963858.6846171680,3870457022,2021-01-20,1,1,1,1,1,1,mobile,Android,Mexico,Nuevo Leon,shop.googlemerchandisestore.com,referral,31.2,29,6,purchase
8571843.9058320381,3488260094,2021-01-26,1,1,1,1,1,1,desktop,Windows,United States,Texas,shop.googlemerchandisestore.com,referral,0.0,16,6,purchase
7517441.3299603080,4637882797,2020-11-19,1,1,0,0,0,0,desktop,Web,Vietnam,Ho Chi Minh City,<Other>,referral,0.0,3,2,view_item
2806249.7706818888,2391671430,2020-11-12,1,1,0,0,0,0,mobile,iOS,Macao,(not set),google,organic,0.0,10,2,view_item
3073849.8761875176,566365566,2020-11-21,1,0,0,0,0,0,mobile,iOS,United States,New Jersey,(data deleted),(data deleted),0.0,1,1,session_only
1799528.2890880108,5191283043,2020-12-30,1,1,0,0,0,0,mobile,Web,United States,Virginia,<Other>,<Other>,0.0,2,2,view_item
3184266.4466741824,91551098,2020-12-29,1,0,0,0,0,0,mobile,iOS,South Africa,Gauteng,<Other>,referral,0.0,1,1,session_only
2762714.9354478915,4427585650,2021-01-29,0,1,0,0,0,0,desktop,Macintosh,Greece,Decentralized Administration of Macedonia and Thrace,<Other>,referral,0.0,3,2,view_item
2844068.2519232083,6264580103,2020-11-24,1,0,0,0,0,0,mobile,Web,Canada,Quebec,google,organic,0.0,1,1,session_only
12886367.9053744023,9238904961,2021-01-18,1,0,0,0,0,0,desktop,Macintosh,Poland,Lublin Voivodeship,google,organic,0.0,1,1,session_only
53920373.1659917909,1418706132,2020-12-21,1,0,0,0,0,0,mobile,Web,Germany,Baden-Wurttemberg,<Other>,<Other>,0.0,1,1,session_only
7334980.1670697551,4410171398,2021-01-20,1,0,0,0,0,0,desktop,Web,India,Delhi,<Other>,<Other>,0.0,1,1,session_only
39675005.3342765812,4724440107,2020-11-12,1,0,0,0,0,0,desktop,Windows,Canada,Ontario,google,organic,0.0,1,1,session_only
71903559.3822234404,8003120528,2020-11-05,1,0,0,0,0,0,mobile,iOS,United States,California,<Other>,referral,0.0,1,1,session_only
15915162.6155014117,7431680742,2020-12-01,1,1,1,1,1,1,desktop,Web,United States,South Carolina,google,organic,0.0,25,6,purchase
1079559.5647233874,6373074834,2021-01-08,1,0,0,0,0,0,mobile,Web,United States,California,(direct),(none),0.0,1,1,session_only
52760023.1008074163,8058283506,2021-01-31,1,1,0,0,0,0,mobile,Web,United States,Minnesota,<Other>,<Other>,0.0,2,2,view_item
12243859.9782405145,692121336,2020-12-17,1,1,0,0,0,0,mobile,Android,United States,New York,(direct),(none),0.0,2,2,view_item
44714699.1100146109,7695817896,2020-11-23,1,0,0,0,0,0,desktop,Web,Mexico,Mexico City,(direct),(none),0.0,1,1,session_only
83877438.7678466343,5857543273,2021-01-04,1,0,0,0,0,0,desktop,Web,United States,New York,(direct),(none),0.0,1,1,session_only
87737585.6746118634,9643044071,2020-11-23,1,1,0,0,0,0,desktop,Web,United States,New York,<Other>,<Other>,0.0,8,2,view_item
3247213.3534413525,7085966304,2021-01-19,1,0,0,0,0,0,desktop,Macintosh,Russia,Saint Petersburg,google,organic,0.0,1,1,session_only
7133475.9226688673,4996996453,2021-01-06,1,0,0,0,0,0,mobile,iOS,China,Fujian,(direct),(none),0.0,1,1,session_only
3980652.4530069190,6669634642,2020-11-14,1,1,0,0,0,0,desktop,Macintosh,United States,California,shop.googlemerchandisestore.com,referral,0.0,2,2,view_item
7846928.7028212602,4184210370,2021-01-10,1,1,1,1,0,0,desktop,Web,United States,California,<Other>,<Other>,0.0,15,4,begin_checkout
58749509.5865067460,3647470877,2021-01-07,1,1,1,1,1,1,mobile,Web,Brazil,State of Ceara,(data deleted),(data deleted),50.36,67,6,purchase
18631717.8986033908,3090523172,2020-12-04,1,0,0,0,0,0,mobile,Android,United States,Rhode Island,(direct),(none),0.0,1,1,session_only
7894426.7363175450,9346820448,2020-12-04,1,0,0,0,0,0,desktop,Windows,Singapore,(not set),google,cpc,0.0,1,1,session_only
47117112.1549565866,3122910523,2021-01-11,1,0,0,0,0,0,desktop,<Other>,France,Auvergne-Rhone-Alpes,(data deleted),(data deleted),0.0,1,1,session_only
1367427.8021574339,8314322194,2021-01-16,1,0,0,0,0,0,mobile,Web,Colombia,Bogota,(direct),(none),0.0,1,1,session_only
67465995.5529753552,3024224870,2020-12-26,1,0,0,0,0,0,mobile,iOS,Vietnam,Ho Chi Minh City,<Other>,<Other>,0.0,1,1,session_only
88447769.2882789938,8524799266,2021-01-27,1,0,0,0,0,0,desktop,Windows,United States,California,<Other>,organic,0.0,1,1,session_only
9141816.2310618823,492162865,2020-12-21,1,1,1,0,0,0,mobile,iOS,Germany,Berlin,<Other>,<Other>,0.0,5,3,add_to_cart
5131254.8565054367,4204839593,2021-01-04,1,0,0,0,0,0,desktop,Macintosh,(not set),(not set),google,organic,0.0,1,1,session_only
2589431860.1826166579,531825581,2020-11-19,1,0,0,0,0,0,desktop,Web,United States,Colorado,<Other>,<Other>,0.0,1,1,session_only
8063892.5341257256,9357090523,2020-12-19,1,0,0,0,0,0,mobile,Web,United States,Minnesota,<Other>,<Other>,0.0,1,1,session_only
4470459.9036424927,5415355223,2021-01-04,1,0,0,0,0,0,desktop,Windows,Sri Lanka,Western Province,(data deleted),(data deleted),0.0,1,1,session_only
91352106.2385031041,4886939266,2021-01-26,1,1,0,0,0,0,mobile,Web,United Kingdom,England,shop.googlemerchandisestore.com,referral,0.0,4,2,view_item
8354494.3055014774,9062843160,2020-12-23,1,0,0,0,0,0,tablet,Web,Germany,Berlin,(direct),(none),0.0,1,1,session_only
7126466767.2236917374,8353263470,2021-01-19,1,1,0,0,0,0,desktop,Web,United States,Pennsylvania,(direct),(none),0.0,4,2,view_item
3555793.6020593632,7529781255,2020-12-21,1,0,0,0,0,0,mobile,Android,United States,Maryland,(direct),(none),0.0,1,1,session_only
6395896.1191969108,2163104526,2020-12-17,1,0,0,0,0,0,desktop,Windows,United States,Illinois,google,organic,0.0,1,1,session_only
62436795.7758922770,2281700811,2020-12-31,1,0,0,0,0,0,mobile,Web,United States,California,google,organic,0.0,1,1,session_only
38303858.6138283013,5435000775,2020-12-01,1,1,0,1,0,0,desktop,Windows,United States,(not set),(direct),(none),0.0,4,4,begin_checkout
56605027.9958277444,8234079072,2020-11-11,1,1,0,0,0,0,desktop,Web,Canada,Quebec,(direct),(none),0.0,2,2,view_item
54600114.6002140169,579539602,2021-01-07,1,0,0,0,0,0,desktop,Macintosh,(not set),(not set),google,organic,0.0,1,1,session_only
73111349.9152668013,6308855697,2020-12-17,1,0,0,0,0,0,desktop,Web,United States,Pennsylvania,<Other>,referral,0.0,1,1,session_only
5516326.8444687928,357050835,2021-01-20,1,1,1,1,1,1,desktop,Macintosh,Australia,Queensland,<Other>,referral,230.2,75,6,purchase
4119305553.9777657721,9600473672,2021-01-07,1,0,0,0,0,0,desktop,Web,United States,North Dakota,<Other>,<Other>,0.0,1,1,session_only
30333048.0743138946,8686214868,2021-01-15,1,0,0,0,0,0,mobile,Web,Germany,North Rhine-Westphalia,<Other>,<Other>,0.0,1,1,session_only
40936270.0735344613,2983774525,2021-01-31,1,0,0,0,0,0,mobile,Web,Turkey,Ankara,google,organic,0.0,1,1,session_only
83498116.8740437009,619437193,2021-01-03,1,0,0,0,0,0,mobile,iOS,United States,Rhode Island,(direct),(none),0.0,1,1,session_only
48016896.6615550612,2044199862,2020-12-01,1,1,1,0,0,0,desktop,Web,United States,Ohio,google,organic,0.0,8,3,add_to_cart
83043398.3935694237,1942026444,2021-01-01,1,0,0,0,0,0,desktop,Web,United Kingdom,England,<Other>,<Other>,0.0,1,1,session_only
3491055.9457511166,9552808454,2021-01-08,1,1,1,1,1,1,desktop,Web,United States,Colorado,google,organic,0.0,24,6,purchase
73192201.0656342066,8485880670,2021-01-16,1,0,0,0,0,0,mobile,Web,Canada,British Columbia,google,organic,0.0,1,1,session_only
51500608.4286587393,6374677013,2021-01-02,1,0,0,0,0,0,mobile,Web,Spain,Madrid,google,organic,0.0,1,1,session_only
5065703.1054409689,2848887360,2020-11-19,1,1,0,0,0,0,desktop,Web,United States,Virginia,<Other>,organic,0.0,3,2,view_item
1282107682.9928108126,1170963010,2020-12-01,1,0,0,0,0,0,mobile,Android,Colombia,Bogota,(direct),(none),0.0,1,1,session_only
3086000.7905485832,1621466701,2020-12-24,1,0,0,0,0,0,desktop,Web,Indonesia,(not set),<Other>,<Other>,0.0,1,1,session_only
5226585.5725026624,4037934442,2020-12-19,1,0,0,0,0,0,desktop,Macintosh,United States,California,shop.googlemerchandisestore.com,referral,0.0,1,1,session_only
35538716.9431699792,4298377804,2020-12-25,1,0,0,0,0,0,mobile,iOS,United States,California,(direct),(none),0.0,1,1,session_only
80119126.4296463327,4378907506,2020-12-21,1,0,0,0,0,0,desktop,Web,United States,Massachusetts,<Other>,referral,0.0,1,1,session_only
8586890.1176821103,7587016623,2021-01-19,1,0,0,0,0,0,desktop,Windows,United States,New York,google,organic,0.0,1,1,session_only
53105469.5415394329,9442841641,2021-01-11,1,0,0,0,0,0,mobile,Web,India,Haryana,(direct),(none),0.0,1,1,session_only
12805138.4132957267,3008098871,2020-12-04,1,0,0,0,0,0,mobile,iOS,China,Shanghai,<Other>,referral,0.0,1,1,session_only
1298332.8805790276,2743412311,2020-12-28,0,1,1,0,0,0,desktop,Macintosh,India,Maharashtra,(data deleted),(data deleted),0.0,6,3,add_to_cart
3625319923.3376407937,4773831968,2021-01-10,1,1,0,0,0,0,desktop,Windows,Israel,Center District,google,organic,0.0,2,2,view_item
19488566.6886074522,1521839603,2021-01-31,1,0,0,0,0,0,desktop,Macintosh,Canada,Quebec,google,organic,0.0,1,1,session_only
8198294.3740876706,8498637329,2021-01-27,1,1,0,0,0,0,desktop,<Other>,Hong Kong,(not set),shop.googlemerchandisestore.com,referral,0.0,2,2,view_item
34016499.3369183809,6241323339,2020-12-30,1,0,0,0,0,0,desktop,Windows,Canada,Ontario,(direct),(none),0.0,1,1,session_only
90136264.1349892662,1527122017,2021-01-19,1,0,0,0,0,0,desktop,Web,Taiwan,Kaohsiung City,google,organic,0.0,1,1,session_only
23340449.8441283088,3717805808,2021-01-19,1,0,0,0,0,0,desktop,Macintosh,United States,California,google,organic,0.0,1,1,session_only
5184896.7773934801,4429787220,2021-01-23,1,0,0,1,1,1,desktop,Macintosh,Slovakia,Bratislava Region,(data deleted),(data deleted),20.8,6,6,purchase
8235186.9556319506,3353534052,2021-01-20,1,1,0,0,0,0,mobile,Web,United States,Florida,google,cpc,0.0,2,2,view_item
44592735.5716726226,6569022174,2020-11-21,1,0,0,0,0,0,mobile,Web,India,Delhi,(direct),(none),0.0,1,1,session_only
8919123.5469229938,252111090,2021-01-08,1,0,0,0,0,0,desktop,Web,United States,Maryland,(direct),(none),0.0,1,1,session_only
6098521.3747521442,5761365286,2020-11-10,1,0,0,0,0,0,mobile,Android,United Kingdom,England,google,cpc,0.0,1,1,session_only
6795430.8916736625,9705973447,2020-11-24,1,0,0,0,0,0,mobile,Web,United States,Maryland,<Other>,referral,0.0,1,1,session_only
26591174.8069365864,7472284075,2020-12-04,1,0,0,0,0,0,desktop,Web,Canada,British Columbia,<Other>,<Other>,0.0,1,1,session_only
6311586.5449558547,7581155234,2020-11-08,1,1,0,1,1,1,mobile,iOS,United States,(not set),<Other>,<Other>,10.4,15,6,purchase
13491305.5396537879,1815308999,2021-01-08,1,0,0,0,0,0,desktop,Macintosh,Spain,Castile and Leon,<Other>,referral,0.0,1,1,session_only
24739921.6832056884,156867290,2020-11-16,1,0,0,0,0,0,desktop,Web,United States,Pennsylvania,<Other>,<Other>,0.0,1,1,session_only
71685225.9729010640,3093851353,2021-01-30,1,1,0,0,0,0,desktop,Web,France,Nouvelle-Aquitaine,google,cpc,0.0,2,2,view_item
1512357.9452495195,3529864820,2020-11-12,1,1,0,0,0,0,desktop,Web,United States,Illinois,<Other>,organic,0.0,2,2,view_item
88325155.1953381693,5900527878,2020-11-09,1,0,0,0,0,0,desktop,Web,Brazil,(not set),(data deleted),(data deleted),0.0,1,1,session_only
92227621.4323305675,8290699167,2021-01-11,1,0,0,0,0,0,mobile,Android,United States,Mississippi,google,organic,0.0,1,1,session_only
1924508.4688592165,5656367225,2020-12-01,1,1,1,1,1,1,desktop,Macintosh,United States,Virginia,(data deleted),(data deleted),13.6,8,6,purchase
5815351.6046410876,8218051899,2021-01-15,1,0,0,0,0,0,desktop,Web,United States,Illinois,(direct),(none),0.0,1,1,session_only
65317027.7225902524,8672330543,2021-01-02,1,0,0,0,0,0,mobile,Web,Pakistan,Punjab,<Other>,<Other>,0.0,1,1,session_only
3285865.3944203079,4072287146,2020-12-30,1,0,0,0,0,0,desktop,Macintosh,Denmark,Capital Region of Denmark,(direct),(none),0.0,1,1,session_only
89346812.3466435926,2275164271,2020-11-19,1,0,0,0,0,0,desktop,<Other>,Taiwan,New Taipei City,google,cpc,0.0,1,1,session_only
54205869.2169496429,7037965876,2020-11-24,1,1,0,0,0,0,desktop,Windows,Spain,Madrid,google,organic,0.0,2,2,view_item
48826085.4269750070,3558224874,2020-11-09,1,0,0,0,0,0,desktop,Web,United States,Massachusetts,google,organic,0.0,1,1,session_only
7479236.7364415852,4700934794,2021-01-16,1,0,0,0,0,0,mobile,iOS,United States,Washington,(direct),(none),0.0,1,1,session_only
64153722.8541983540,8946122706,2021-01-26,1,1,1,1,1,1,mobile,iOS,United States,Texas,<Other>,organic,0.0,85,6,purchase
7920352.9826277547,1709054622,2020-12-30,1,0,0,0,0,0,desktop,Web,United States,Ohio,(direct),(none),0.0,1,1,session_only
2796931.3833869910,9134291609,2020-11-09,1,0,0,0,0,0,desktop,Macintosh,South Korea,(not set),google,organic,0.0,1,1,session_only
61459069.7235654764,3202291313,2020-11-19,1,0,0,0,0,0,desktop,Web,United States,California,google,organic,0.0,1,1,session_only
79692829.1497547083,8721516854,2021-01-09,1,0,0,0,0,0,tablet,Web,United States,Texas,(direct),(none),0.0,1,1,session_only
2710726.9727547330,9507039003,2021-01-24,1,0,0,0,0,0,mobile,iOS,Singapore,(not set),(direct),(none),0.0,1,1,session_only
87686060.0914786219,1345639978,2021-01-17,1,0,0,0,0,0,desktop,Web,United States,West Virginia,<Other>,<Other>,0.0,1,1,session_only
2488873.4668599349,6324347907,2020-12-17,1,0,0,0,0,0,mobile,iOS,India,Telangana,google,organic,0.0,1,1,session_only
2929741.9061208809,2504901797,2021-01-30,1,0,0,0,0,0,desktop,Windows,Sri Lanka,Western Province,google,organic,0.0,1,1,session_only
23222280.3021845464,8479997346,2021-01-09,1,0,0,0,0,0,tablet,iOS,India,Maharashtra,google,cpc,0.0,1,1,session_only
6263615.8575519624,3326980139,2021-01-11,1,0,0,0,0,0,tablet,Web,United States,Texas,google,organic,0.0,1,1,session_only
6321422.3551809253,6583981882,2021-01-28,1,0,0,0,0,0,desktop,Web,Australia,Victoria,<Other>,<Other>,0.0,1,1,session_only
2439157.8112239984,6044517644,2020-12-01,1,1,1,1,1,1,mobile,Web,United States,California,(direct),(none),40.48,129,6,purchase
3423007.0985155821,6281088504,2020-11-19,1,0,0,0,0,0,desktop,Macintosh,United States,Washington,<Other>,organic,0.0,1,1,session_only
8077980.0058705274,143519204,2021-01-12,1,0,0,0,0,0,mobile,Web,India,Maharashtra,google,organic,0.0,1,1,session_only
9022597.6358320985,2484806092,2020-12-17,1,0,0,0,0,0,desktop,Web,United States,Wisconsin,(direct),(none),0.0,1,1,session_only
8857856483.8004073762,2446044114,2021-01-09,1,1,0,1,1,1,mobile,Web,India,Telangana,<Other>,referral,96.48,28,6,purchase
2071745.9474748870,5794478414,2020-12-29,1,1,0,0,0,0,desktop,Macintosh,Netherlands,Utrecht,(direct),(none),0.0,7,2,view_item
87645249.3101977528,968630934,2020-11-12,1,1,0,0,0,0,desktop,Web,Canada,Quebec,google,organic,0.0,3,2,view_item
84154745.4358939433,3781075610,2020-11-02,1,0,0,0,0,0,desktop,Macintosh,France,Ile-de-France,(direct),(none),0.0,1,1,session_only
14782456.0691575985,1679054553,2020-12-01,1,0,0,0,0,0,mobile,Web,United States,Texas,google,organic,0.0,1,1,session_only
6035403.0151268164,2090431309,2020-11-19,1,1,0,1,1,1,desktop,Windows,United Kingdom,England,google,organic,95.84,45,6,purchase
5130715.9236508076,2660263372,2020-11-19,1,0,0,0,0,0,desktop,Windows,United States,California,(direct),(none),0.0,1,1,session_only
8206027.9597648346,7015461345,2020-11-16,1,1,0,1,1,1,mobile,Web,Canada,Saskatchewan,google,organic,127.2,21,6,purchase
17854690.1901848678,8732169483,2020-11-26,1,0,0,0,0,0,desktop,Macintosh,Canada,British Columbia,google,organic,0.0,1,1,session_only
1160396.3217720289,7937425158,2020-12-19,1,0,0,0,0,0,mobile,iOS,United States,California,<Other>,referral,0.0,1,1,session_only
25164836.3147891729,2375671278,2021-01-09,1,0,0,0,0,0,mobile,Web,United States,Wyoming,<Other>,<Other>,0.0,1,1,session_only
54116589.0911706923,7428621758,2020-11-11,1,0,0,0,0,0,mobile,Web,India,Karnataka,<Other>,referral,0.0,1,1,session_only
4775804.1431426674,3571119984,2021-01-10,1,0,0,0,0,0,desktop,Web,United States,(not set),google,cpc,0.0,1,1,session_only
55689084.7063063065,7400705112,2021-01-20,1,1,0,0,0,0,desktop,Web,Taiwan,Taoyuan City,(direct),(none),0.0,18,2,view_item
39202811.4527219784,2301053021,2020-12-26,1,0,0,0,0,0,desktop,Web,Canada,Ontario,google,organic,0.0,1,1,session_only
2258014667.7451592672,9889609984,2020-11-21,1,0,0,0,0,0,mobile,iOS,France,Ile-de-France,(data deleted),(data deleted),0.0,1,1,session_only
4162145060.3020033935,9040545926,2021-01-25,1,0,0,0,0,0,mobile,iOS,United States,California,<Other>,organic,0.0,1,1,session_only
2044707.8737209951,9057021110,2020-11-26,1,0,0,0,0,0,mobile,Android,United Kingdom,England,<Other>,<Other>,0.0,1,1,session_only
45589498.3420219970,5724177166,2020-11-17,1,0,0,0,0,0,tablet,Android,United States,New York,(direct),(none),0.0,1,1,session_only
7934066089.8039627133,566932508,2021-01-08,1,1,0,0,0,0,mobile,Android,United States,Massachusetts,<Other>,referral,0.0,4,2,view_item
5493040.3439425467,3428036134,2021-01-10,1,1,1,1,1,1,desktop,Web,United States,New York,shop.googlemerchandisestore.com,referral,65.4,59,6,purchase
21253722.8052671847,2791228541,2021-01-30,1,0,0,0,0,0,desktop,Web,United States,Washington,google,organic,0.0,1,1,session_only
7704331.0716264207,4136538026,2021-01-27,1,0,0,0,0,0,desktop,Macintosh,United States,North Carolina,(direct),(none),0.0,1,1,session_only
5953954.0364004302,1281561439,2020-11-24,1,0,0,0,0,0,desktop,Web,United States,Florida,<Other>,<Other>,0.0,1,1,session_only
24316627.4172116385,4306871980,2020-12-26,1,1,0,0,0,0,mobile,Web,India,Telangana,google,organic,0.0,3,2,view_item
25473510.4533287412,6984701263,2020-12-27,1,0,0,0,0,0,desktop,<Other>,United States,Virginia,(direct),(none),0.0,1,1,session_only
90787481.6558887535,4988428726,2021-01-13,1,1,1,1,1,1,mobile,Web,United States,New York,(direct),(none),13.44,20,6,purchase
15127451.7298076642,3083108975,2020-12-14,1,0,0,0,0,0,desktop,Web,Canada,Nova Scotia,(direct),(none),0.0,1,1,session_only
5117565.2296731710,7559280396,2020-12-28,1,0,0,0,0,0,mobile,Android,United Kingdom,England,<Other>,referral,0.0,1,1,session_only
46507736.7687213985,4913411274,2021-01-11,1,1,0,0,0,0,mobile,Android,United States,California,<Other>,referral,0.0,2,2,view_item
8469693.0124748276,2776488709,2020-11-08,1,0,0,0,0,0,desktop,Windows,Canada,Ontario,google,cpc,0.0,1,1,session_only
8156646657.1507119761,844125861,2020-11-19,1,1,0,0,0,0,desktop,<Other>,Canada,Quebec,(data deleted),(data deleted),0.0,2,2,view_item
22208462.0941454243,3080285500,2021-01-06,1,0,0,0,0,0,desktop,Web,Taiwan,Taichung City,<Other>,<Other>,0.0,1,1,session_only
1876807.9074107202,221098234,2021-01-30,1,0,0,0,0,0,desktop,Windows,Canada,Ontario,(direct),(none),0.0,1,1,session_only
1873830.4038087926,5884586093,2021-01-31,1,0,0,0,0,0,desktop,<Other>,United States,California,<Other>,<Other>,0.0,1,1,session_only
91743872.6782311656,4981776958,2021-01-18,1,0,0,0,0,0,desktop,Web,United States,Virginia,shop.googlemerchandisestore.com,referral,0.0,1,1,session_only
25617923.3230730534,1451409484,2021-01-03,1,0,0,0,0,0,desktop,Web,United States,Idaho,(direct),(none),0.0,1,1,session_only
36049049.7832670139,4183682228,2021-01-20,1,1,0,0,0,0,mobile,iOS,United States,Utah,shop.googlemerchandisestore.com,referral,0.0,3,2,view_item
91742574.0600504347,9555110036,2021-01-20,1,0,0,0,0,0,desktop,Web,United States,California,shop.googlemerchandisestore.com,referral,0.0,1,1,session_only
8979655.4605759068,273300855,2021-01-09,1,0,0,0,0,0,mobile,Web,Russia,Moscow,google,organic,0.0,1,1,session_only
17215307.6606593644,9744195993,2020-12-28,1,0,0,0,0,0,mobile,Web,Canada,Ontario,google,cpc,0.0,1,1,session_only
67891819.7903960541,8065185582,2021-01-01,1,1,0,0,0,0,desktop,Web,United States,Massachusetts,(direct),(none),0.0,2,2,view_item
28199421.7934978498,303589389,2020-11-20,1,0,0,0,0,0,mobile,Web,United States,California,<Other>,<Other>,0.0,1,1,session_only
67431671.1651955470,9243267131,2020-12-04,1,1,1,1,1,1,desktop,Web,United States,North Dakota,(direct),(none),73.3,65,6,purchase
15062572.1524684744,8877170297,2020-11-12,1,0,0,0,0,0,mobile,iOS,France,Provence-Alpes-Cote d'Azur,<Other>,referral,0.0,1,1,session_only
70040614.4421783613,53351107,2020-12-01,1,0,0,0,0,0,mobile,Android,United States,Florida,google,cpc,0.0,1,1,session_only
5690033.4008295226,1400766618,2021-01-06,1,0,0,0,0,0,mobile,iOS,China,Zhejiang,<Other>,<Other>,0.0,1,1,session_only
82873072.6501686415,5539926449,2020-12-01,1,1,0,0,0,0,mobile,iOS,India,Delhi,<Other>,organic,0.0,3,2,view_item
1683755.7880879428,297035733,2020-12-21,1,0,0,0,0,0,mobile,Web,United Arab Emirates,Dubai,(direct),(none),0.0,1,1,session_only
29108967.2038144046,6085785037,2020-12-25,1,0,0,0,0,0,mobile,iOS,Ireland,County Dublin,(direct),(none),0.0,1,1,session_only
55104787.0224772643,9184062162,2021-01-30,1,1,1,1,1,1,desktop,Web,United States,Missouri,(direct),(none),0.0,8,6,purchase
16546001.5468706644,43217310,2020-12-21,1,0,0,0,0,0,tablet,Android,United States,California,(direct),(none),0.0,1,1,session_only
79929403.0861869689,2986283131,2020-11-14,1,0,0,0,0,0,mobile,iOS,United States,California,(direct),(none),0.0,1,1,session_only
2074074.9267657250,3855872867,2020-11-09,1,0,0,0,0,0,mobile,iOS,Chile,Santiago Metropolitan Region,(direct),(none),0.0,1,1,session_only
2865934.5740956703,1619152275,2020-11-19,1,0,0,0,0,0,desktop,Windows,United States,Georgia,google,organic,0.0,1,1,session_only
91316947.4018316990,8104781902,2020-12-20,1,0,0,0,0,0,desktop,<Other>,United States,Colorado,<Other>,referral,0.0,1,1,session_only
5572774684.5698209837,4528089721,2021-01-10,1,1,0,0,0,0,mobile,Web,United States,California,(data deleted),(data deleted),0.0,4,2,view_item
11979747.9147719399,4996121742,2020-11-17,1,0,0,0,0,0,desktop,Macintosh,Greece,Attica,(direct),(none),0.0,1,1,session_only
3956219.9178603162,6952999126,2020-12-04,1,0,0,0,0,0,mobile,Web,United States,Delaware,google,organic,0.0,1,1,session_only
9107934039.1590850874,3920230826,2020-11-17,1,0,0,0,0,0,mobile,iOS,United States,Indiana,shop.googlemerchandisestore.com,referral,0.0,1,1,session_only
68233737.1130943291,7751959007,2021-01-24,1,0,0,0,0,0,desktop,Web,Netherlands,North Brabant,<Other>,organic,0.0,1,1,session_only
4251198.9323830709,7319730379,2020-11-20,1,0,0,0,0,0,mobile,Web,Italy,Tuscany,shop.googlemerchandisestore.com,referral,0.0,1,1,session_only
1752234.6234235456,7492035083,2020-11-12,1,0,0,0,0,0,desktop,Web,United States,Florida,<Other>,<Other>,0.0,1,1,session_only
7500762.7681115431,3155203459,2021-01-19,1,0,0,0,0,0,desktop,Macintosh,Taiwan,Taichung City,(direct),(none),0.0,1,1,session_only
61429213.0740801221,2328320248,2020-11-24,1,0,0,0,0,0,desktop,<Other>,United States,Florida,google,organic,0.0,1,1,session_only
2946401.3572815564,479876938,2020-11-11,1,0,0,0,0,0,tablet,Android,Canada,Quebec,google,organic,0.0,1,1,session_only
2910179.4770816419,7540278808,2021-01-27,1,0,0,0,0,0,desktop,Web,United States,Virginia,google,organic,0.0,1,1,session_only
79839831.2529462555,4606579670,2021-01-04,1,0,0,0,0,0,desktop,Web,Italy,Lazio,<Other>,referral,0.0,1,1,session_only
7071298.4189287440,1983943027,2021-01-08,1,0,0,0,0,0,desktop,Windows,United Kingdom,England,google,organic,0.0,1,1,session_only
1537139.1681729096,1249823330,2021-01-19,1,0,0,0,0,0,desktop,Web,United States,West Virginia,(direct),(none),0.0,1,1,session_only
54282425.7347710173,5510229543,2021-01-09,1,0,0,0,0,0,desktop,Windows,Canada,Ontario,google,organic,0.0,1,1,session_only
33371724.9375218907,2702412227,2020-11-19,1,0,0,0,0,0,desktop,Windows,Israel,Center District,(direct),(none),0.0,1,1,session_only
4889154.4577872593,797997886,2021-01-25,1,0,0,0,0,0,desktop,Web,United States,Florida,google,organic,0.0,1,1,session_only
42159933.9015169772,4253290561,2020-12-25,1,1,0,0,0,0,mobile,iOS,United States,Indiana,<Other>,<Other>,0.0,3,2,view_item
7179770.4251022266,7382566026,2020-11-24,1,1,0,1,1,1,desktop,Web,Canada,Ontario,google,organic,0.0,8,6,purchase
641547864.3880112175,6713770302,2020-11-19,1,1,0,0,0,0,desktop,Windows,Canada,Ontario,shop.googlemerchandisestore.com,referral,0.0,3,2,view_item
21200011.1990878015,2208486653,2020-11-14,1,1,0,0,0,0,desktop,Macintosh,United States,Michigan,(data deleted),(data deleted),0.0,2,2,view_item
35949219.3497653822,1605049271,2020-11-17,1,0,0,0,0,0,mobile,Android,United States,California,(direct),(none),0.0,1,1,session_only
17436930.6308137047,7044627757,2021-01-09,1,1,0,0,0,0,desktop,Macintosh,Israel,Center District,google,organic,0.0,3,2,view_item
1240644.9104963867,9389017704,2020-11-26,1,0,0,0,0,0,mobile,Web,India,Maharashtra,google,cpc,0.0,1,1,session_only
40341171.3813798720,8670627617,2021-01-13,1,0,0,0,0,0,mobile,Web,United States,Georgia,(direct),(none),0.0,1,1,session_only
64231325.3221692931,905291373,2021-01-23,1,1,0,0,0,0,mobile,Web,Slovakia,(not set),<Other>,referral,0.0,10,2,view_item
1426275.7464901502,505388510,2020-12-14,1,0,0,0,0,0,desktop,Web,Ireland,County Dublin,google,organic,0.0,1,1,session_only
3110980.3345803168,2861486004,2021-01-26,1,0,0,0,0,0,mobile,Web,India,Andhra Pradesh,shop.googlemerchandisestore.com,referral,0.0,1,1,session_only
37376568.2580473506,5907814050,2020-12-26,1,0,0,0,0,0,desktop,Web,Canada,Ontario,<Other>,<Other>,0.0,1,1,session_only
21584672.3190750918,7916473697,2021-01-08,1,0,0,0,0,0,mobile,Web,Argentina,(not set),<Other>,<Other>,0.0,1,1,session_only
1706011.8461395358,9733708914,2020-11-19,1,1,0,1,1,1,desktop,Web,United States,Texas,shop.googlemerchandisestore.com,referral,30.32,26,6,purchase
3401667.9798547694,4943575341,2021-01-12,1,0,0,0,0,0,desktop,<Other>,United States,New York,google,cpc,0.0,1,1,session_only
76178412.4254815117,4019215887,2020-12-24,1,1,0,0,0,0,tablet,iOS,United States,Ohio,google,organic,0.0,2,2,view_item
5867023.7046000100,3858924738,2021-01-15,1,0,0,0,0,0,mobile,Web,Singapore,(not set),<Other>,<Other>,0.0,1,1,session_only
4929066.4005208623,7992233101,2020-11-20,1,0,0,0,0,0,desktop,Windows,Spain,Catalonia,google,organic,0.0,1,1,session_only
8581236.3339363264,1458979763,2021-01-25,1,1,1,0,0,0,mobile,iOS,United States,California,google,organic,0.0,4,3,add_to_cart
1943185.6260713896,7746313181,2020-11-19,1,1,0,0,0,0,desktop,Web,United States,Arizona,google,organic,0.0,8,2,view_item
75409253.9715033941,447161948,2020-12-29,1,0,0,0,0,0,desktop,Web,United States,Texas,<Other>,<Other>,0.0,1,1,session_only
3498776.0413644073,6204011786,2021-01-03,1,0,0,0,0,0,mobile,iOS,United States,Ohio,google,organic,0.0,1,1,session_only
1621120.1060958458,6787489115,2020-12-17,1,1,0,1,1,1,mobile,Web,United States,Florida,shop.googlemerchandisestore.com,referral,345.6,53,6,purchase
59341777.6364017246,1995478843,2021-01-26,1,0,0,0,0,0,desktop,Web,United States,California,google,cpc,0.0,1,1,session_only
74208315.1089315761,9632906503,2020-11-09,1,0,0,0,0,0,mobile,Android,United States,Colorado,google,organic,0.0,1,1,session_only
68596584.4026776894,393520053,2020-11-11,1,0,0,0,0,0,mobile,Web,United States,California,(direct),(none),0.0,1,1,session_only
4765517.7255546798,6429804966,2021-01-19,1,0,0,0,0,0,mobile,Web,United States,New York,shop.googlemerchandisestore.com,referral,0.0,1,1,session_only
7947103.8134032099,9524343950,2021-01-26,1,1,0,0,0,0,mobile,Web,Singapore,(not set),google,organic,0.0,2,2,view_item
9496526.5637468533,947490193,2020-11-20,1,1,0,0,0,0,mobile,Web,India,Uttar Pradesh,shop.googlemerchandisestore.com,referral,0.0,5,2,view_item
91565848.9764199020,5762900590,2020-12-24,1,0,0,0,0,0,desktop,Windows,United States,Indiana,(direct),(none),0.0,1,1,session_only
16654845.5205983106,2974710176,2021-01-15,1,0,0,0,0,0,mobile,Web,United States,Maryland,(direct),(none),0.0,1,1,session_only
46900923.6481074897,4029988024,2021-01-04,1,0,0,0,0,0,desktop,Windows,Netherlands,South Holland,google,organic,0.0,1,1,session_only
2094018.5954626043,112299162,2020-11-11,1,0,0,0,0,0,desktop,Windows,United States,Arizona,google,organic,0.0,1,1,session_only
7712743.2520847273,1643311223,2021-01-26,1,0,0,0,0,0,desktop,Web,France,Pays de la Loire,(direct),(none),0.0,1,1,session_only
90871445.1386063402,7291926978,2020-12-28,1,1,0,0,0,0,mobile,Web,China,Guangdong Province,<Other>,<Other>,0.0,2,2,view_item
8473398.3652478147,4195567412,2020-12-01,1,1,0,0,0,0,mobile,Web,Sweden,(not set),<Other>,<Other>,0.0,2,2,view_item
2298178.8963133176,1267821258,2021-01-11,1,1,1,1,1,1,desktop,Web,United States,California,(direct),(none),10.4,22,6,purchase
3946126.7177003862,3079048916,2020-11-09,1,0,0,0,0,0,desktop,Web,United States,Massachusetts,shop.googlemerchandisestore.com,referral,0.0,1,1,session_only
33277357.7106772574,1720484242,2020-12-17,1,0,0,0,0,0,desktop,Web,South Korea,Gyeonggi-do,google,organic,0.0,1,1,session_only
89922685.6006943658,4508480645,2021-01-28,1,0,0,0,0,0,desktop,Windows,Sweden,(not set),(direct),(none),0.0,1,1,session_only
3135055.5941227328,7011421322,2020-11-21,1,0,0,0,0,0,desktop,Macintosh,Hong Kong,(not set),google,organic,0.0,1,1,session_only
34151217.8284247704,4349225103,2020-11-20,0,1,0,0,0,0,mobile,Web,Italy,Emilia-Romagna,(data deleted),(data deleted),0.0,1,2,view_item
8675593.9607434402,9317184914,2021-01-29,1,0,0,0,0,0,desktop,Web,Spain,Canary Islands,<Other>,<Other>,0.0,1,1,session_only
6872809.9532633559,542559864,2021-01-09,1,0,0,0,0,0,mobile,Web,United States,California,<Other>,referral,0.0,1,1,session_only
36683387.0987289100,1516341585,2021-01-29,1,0,0,0,0,0,desktop,Macintosh,United States,California,(direct),(none),0.0,1,1,session_only
62401052.2419257349,4443136933,2020-11-29,1,0,0,0,0,0,mobile,Web,Hong Kong,(not set),<Other>,<Other>,0.0,1,1,session_only
12488636.1268496105,2013881685,2020-11-21,1,0,0,0,0,0,desktop,Windows,United States,Ohio,<Other>,<Other>,0.0,1,1,session_only
1007905.1015859506,3935551394,2020-12-14,1,0,0,0,0,0,desktop,Web,France,Ile-de-France,google,organic,0.0,1,1,session_only
77337579.3533479108,7150875936,2020-12-26,1,0,0,0,0,0,mobile,Web,Canada,Ontario,google,organic,0.0,1,1,session_only
5923061.5647341068,9925087559,2021-01-13,1,0,0,0,0,0,desktop,Web,United States,Virginia,(data deleted),(data deleted),0.0,1,1,session_only
21973499.3763226547,2502277265,2020-11-14,1,0,0,0,0,0,mobile,iOS,United States,Illinois,<Other>,<Other>,0.0,1,1,session_only
1291539.1957102801,1886010823,2021-01-08,1,0,0,0,0,0,desktop,Web,Poland,Lesser Poland Voivodeship,shop.googlemerchandisestore.com,referral,0.0,1,1,session_only
61423793.8434258626,287639696,2020-11-02,1,0,0,0,0,0,mobile,Web,United States,Massachusetts,(data deleted),(data deleted),0.0,1,1,session_only
48969845.4370153756,9649752531,2020-12-17,1,0,0,0,0,0,desktop,Web,United States,Illinois,(direct),(none),0.0,1,1,session_only
78807467.8399488935,3794773851,2020-12-29,1,0,0,0,0,0,mobile,Android,United States,Washington,(direct),(none),0.0,1,1,session_only
59570573.0853078936,7036700423,2020-11-14,1,1,0,1,0,0,mobile,Android,United States,Vermont,<Other>,<Other>,0.0,6,4,begin_checkout
19070721.7889169280,3217265295,2020-12-20,1,0,0,0,0,0,mobile,iOS,United Arab Emirates,Dubai,google,organic,0.0,1,1,session_only
53670999.5178221610,5556053784,2020-11-24,1,1,0,0,0,0,desktop,Windows,Brazil,State of Sao Paulo,google,organic,0.0,3,2,view_item
6458505.1557045126,5179865762,2020-11-17,1,0,0,0,0,0,desktop,Web,United States,Maryland,google,organic,0.0,1,1,session_only
3093988.1884820704,7484441566,2021-01-03,1,0,0,0,0,0,desktop,Web,Romania,Cluj County,google,organic,0.0,1,1,session_only
2200491.7761286073,6677588378,2021-01-20,1,0,0,0,0,0,tablet,Web,United States,Washington,<Other>,referral,0.0,1,1,session_only
3987510.8466388586,4262506920,2020-12-28,1,0,0,0,0,0,desktop,Web,United States,California,(direct),(none),0.0,1,1,session_only
9151803.9028215543,2650446181,2020-11-12,1,0,0,0,0,0,desktop,Macintosh,United States,California,<Other>,referral,0.0,1,1,session_only
7707718.4049090286,228879222,2021-01-26,1,0,0,0,0,0,desktop,Web,United States,Florida,shop.googlemerchandisestore.com,referral,0.0,1,1,session_only
8079006.6650182195,1238149165,2021-01-20,1,1,1,1,1,1,mobile,Web,United States,Virginia,(data deleted),(data deleted),0.0,11,6,purchase
57033719.3834557261,5311856345,2020-11-19,1,0,0,0,0,0,desktop,Web,United States,Minnesota,(direct),(none),0.0,1,1,session_only
15592956.6783743293,4603149359,2021-01-06,1,0,0,0,0,0,desktop,Web,United States,Georgia,google,organic,0.0,1,1,session_only
30037720.0170772271,4467858091,2020-12-26,1,1,0,0,0,0,tablet,iOS,Philippines,Metro Manila,google,organic,0.0,3,2,view_item
4032079.8969798169,5039481453,2020-12-14,1,0,0,0,0,0,mobile,Web,Ireland,County Cork,google,organic,0.0,1,1,session_only
54664215.7416301549,3662273715,2021-01-19,1,0,0,0,0,0,mobile,Web,Sweden,Skane County,google,organic,0.0,1,1,session_only
9096046.7451187661,9823048301,2020-11-24,1,0,0,0,0,0,mobile,Android,Netherlands,North Holland,<Other>,referral,0.0,1,1,session_only
11328514.1018527094,5321481365,2020-12-04,1,0,0,0,0,0,desktop,Windows,Russia,Moscow,google,organic,0.0,1,1,session_only
49776478.6497738042,872256815,2021-01-10,1,0,0,0,0,0,mobile,Android,Italy,Emilia-Romagna,<Other>,<Other>,0.0,1,1,session_only
4947018.4570418688,8978222015,2021-01-25,1,1,0,0,0,0,desktop,Web,United States,Missouri,(direct),(none),0.0,2,2,view_item
57956894.3829098880,7846889887,2020-11-05,1,0,0,0,0,0,desktop,Web,United States,Texas,google,organic,0.0,1,1,session_only
26802117.5867889794,4372248928,2020-12-01,1,0,0,0,0,0,desktop,Windows,United States,New York,google,organic,0.0,1,1,session_only
4180630.0335391095,7279317160,2021-01-09,1,0,0,0,0,0,desktop,Web,China,Beijing,google,organic,0.0,1,1,session_only
5681682387.7043639768,4360936637,2020-12-01,1,0,0,0,0,0,desktop,Windows,Czechia,(not set),google,organic,0.0,1,1,session_only
73719125.8109190871,4839032580,2021-01-09,1,0,0,0,0,0,mobile,Web,India,Odisha,(direct),(none),0.0,1,1,session_only
85742632.6802172726,2792299058,2021-01-08,1,0,0,0,0,0,desktop,Macintosh,United States,Texas,google,organic,0.0,1,1,session_only
5997685.8233224530,4966126587,2020-12-31,1,0,0,0,0,0,desktop,Web,United States,New York,<Other>,referral,0.0,1,1,session_only
11963630.4081960728,2670193993,2020-12-28,1,1,1,1,1,1,mobile,iOS,United States,North Carolina,(data deleted),(data deleted),35.2,16,6,purchase
1260502.7253063162,5422754161,2021-01-24,1,0,0,0,0,0,mobile,Android,United States,California,google,organic,0.0,1,1,session_only
76643560.4897544814,1535911846,2020-12-04,1,0,0,0,0,0,tablet,Web,Mexico,Mexico City,shop.googlemerchandisestore.com,referral,0.0,1,1,session_only
6634996.7275110956,8927784488,2021-01-13,1,0,0,0,0,0,mobile,Web,United States,Wisconsin,<Other>,<Other>,0.0,1,1,session_only
12722863.0977241397,4649328849,2020-11-20,1,0,0,0,0,0,mobile,iOS,United States,South Carolina,google,organic,0.0,1,1,session_only
69215865.5324255893,2043043718,2020-11-10,1,0,0,0,0,0,desktop,Macintosh,United States,Texas,(data deleted),(data deleted),0.0,1,1,session_only
6726963.5650626886,7295460906,2021-01-29,1,0,0,0,0,0,desktop,Web,Spain,Andalusia,<Other>,<Other>,0.0,1,1,session_only
3415690.9603159494,8946649171,2020-11-29,1,1,1,0,0,0,mobile,iOS,United States,New York,google,organic,0.0,4,3,add_to_cart
3587073.0180462080,5377094726,2020-12-30,1,1,0,0,0,0,desktop,Web,United States,Texas,<Other>,<Other>,0.0,3,2,view_item
29703875.4183737184,5826279022,2021-01-07,1,0,0,0,0,0,desktop,Windows,Singapore,(not set),<Other>,<Other>,0.0,1,1,session_only
75190845.7809629823,237709476,2020-11-24,1,0,0,0,0,0,desktop,Windows,Singapore,(not set),<Other>,referral,0.0,1,1,session_only
34150985.5240340128,9724592494,2021-01-01,1,0,0,0,0,0,desktop,Web,South Korea,Gyeonggi-do,google,organic,0.0,1,1,session_only
1444230170.7431268132,5665841134,2021-01-24,1,0,0,0,0,0,mobile,Android,United States,California,shop.googlemerchandisestore.com,referral,0.0,1,1,session_only
5235318.7630192079,6993186939,2021-01-27,1,0,0,0,0,0,desktop,Web,Netherlands,South Holland,<Other>,referral,0.0,1,1,session_only
3748396.3390142497,1953643932,2020-12-25,1,1,0,0,0,0,desktop,Web,United States,California,google,organic,0.0,2,2,view_item
41904644.7032979505,9783892020,2020-11-24,1,1,0,1,1,1,mobile,iOS,Kuwait,Hawalli Governorate,(direct),(none),246.88,13,6,purchase
8468235.0653781051,636935118,2020-11-05,1,0,0,0,0,0,desktop,Macintosh,United States,Tennessee,<Other>,<Other>,0.0,1,1,session_only
3453543.9668692616,7341022536,2020-11-11,1,0,0,0,0,0,desktop,Windows,United States,California,google,cpc,0.0,1,1,session_only
4915531.5224484831,6414358149,2021-01-10,1,0,0,0,0,0,desktop,Web,United States,Montana,<Other>,referral,0.0,1,1,session_only
3368534.2120035622,8918708544,2020-12-14,1,0,0,0,0,0,desktop,Web,Italy,Campania,(direct),(none),0.0,1,1,session_only
72694103.0818853188,7543371691,2020-11-16,1,0,0,0,0,0,desktop,Web,Canada,Ontario,<Other>,<Other>,0.0,1,1,session_only
8531855.2771839433,180620076,2020-11-21,1,0,0,0,0,0,desktop,Web,United States,Ohio,(direct),(none),0.0,1,1,session_only
61138543.1211420072,7531195965,2021-01-26,1,0,0,0,0,0,mobile,Web,United States,California,<Other>,<Other>,0.0,1,1,session_only
20024274.8201866441,2381985667,2020-11-08,1,1,0,1,0,0,tablet,Web,Netherlands,North Holland,<Other>,<Other>,0.0,5,4,begin_checkout
21210245.9164241531,910917452,2021-01-11,1,0,0,0,0,0,mobile,iOS,United States,(not set),google,organic,0.0,1,1,session_only
25932974.3611770864,2007742206,2020-12-14,1,0,0,0,0,0,desktop,Web,South Korea,Gyeongsangnam-do,shop.googlemerchandisestore.com,referral,0.0,1,1,session_only
55714521.9149050052,4223254308,2021-01-16,1,0,0,0,0,0,desktop,Web,United States,Florida,<Other>,referral,0.0,1,1,session_only
67115901.4020608908,1234172680,2021-01-29,1,0,0,0,0,0,mobile,Web,Canada,Alberta,(direct),(none),0.0,1,1,session_only
5152901.8162985745,3926353170,2020-12-20,1,0,0,0,0,0,desktop,<Other>,India,Tamil Nadu,google,cpc,0.0,1,1,session_only
2135269004.8382416088,6594681792,2020-11-08,1,0,0,0,0,0,desktop,Windows,United States,Texas,(direct),(none),0.0,1,1,session_only
1738826.5362245141,7914511,2021-01-03,1,1,0,0,0,0,desktop,<Other>,Canada,Ontario,<Other>,referral,0.0,2,2,view_item
39777580.9037253592,2748705523,2020-11-07,1,0,0,0,0,0,mobile,Web,New Zealand,Auckland,(direct),(none),0.0,1,1,session_only
1869083.7571980050,6057877493,2021-01-15,1,0,0,0,0,0,mobile,iOS,United States,New Jersey,shop.googlemerchandisestore.com,referral,0.0,1,1,session_only
17746886.5231882570,6619679442,2021-01-02,1,0,0,0,0,0,mobile,Web,India,Karnataka,(direct),(none),0.0,1,1,session_only
2046222.5397488793,918924796,2021-01-23,1,0,0,0,0,0,mobile,Android,United States,Michigan,shop.googlemerchandisestore.com,referral,0.0,1,1,session_only
18125467.5614522937,8079076502,2020-12-19,1,1,1,1,0,0,mobile,Web,United States,Nevada,(data deleted),(data deleted),0.0,8,4,begin_checkout
7587805.5259527451,7064858853,2020-12-14,1,1,0,0,0,0,mobile,Web,United States,New York,(direct),(none),0.0,2,2,view_item
1282586.4517477452,7284227403,2021-01-25,1,0,0,0,0,0,desktop,Web,El Salvador,San Salvador Department,google,cpc,0.0,1,1,session_only
9129238.7974216318,7459553838,2020-11-05,1,0,0,0,0,0,desktop,Macintosh,United States,Texas,google,organic,0.0,1,1,session_only
4655069.3184856794,6161568430,2021-01-08,1,0,0,0,0,0,desktop,Web,United States,California,google,organic,0.0,1,1,session_only
4797204032.2501630638,921943834,2021-01-02,1,0,0,0,0,0,desktop,Web,United States,Florida,google,organic,0.0,1,1,session_only
2839647.6325562515,1921137733,2021-01-01,1,0,0,0,0,0,mobile,Android,New Zealand,Auckland,(direct),(none),0.0,1,1,session_only
25651111.9781145051,1159420169,2020-11-20,1,0,0,0,0,0,desktop,Web,United States,California,google,organic,0.0,1,1,session_only
1240985.3561033196,1012363852,2021-01-13,1,1,1,0,0,0,desktop,Web,Italy,Piedmont,google,cpc,0.0,4,3,add_to_cart
2829049.6175160384,7033765988,2020-11-05,1,0,0,0,0,0,desktop,Web,United States,Illinois,(direct),(none),0.0,1,1,session_only
69704469.8433131329,7259685954,2021-01-16,1,0,0,0,0,0,mobile,Web,France,Ile-de-France,<Other>,organic,0.0,1,1,session_only
82651967.1177482587,5534802548,2021-01-19,1,0,0,0,0,0,desktop,Web,Netherlands,South Holland,<Other>,referral,0.0,1,1,session_only
43777451.5803200099,339312286,2020-12-04,1,1,0,0,0,0,desktop,Macintosh,Australia,New South Wales,shop.googlemerchandisestore.com,referral,0.0,2,2,view_item
3857030.0879869359,6762149375,2020-12-01,1,0,0,0,0,0,desktop,Web,India,Maharashtra,google,organic,0.0,1,1,session_only
7189956.2802884383,143413089,2020-11-05,1,1,0,0,0,0,desktop,<Other>,Italy,Tuscany,(direct),(none),0.0,2,2,view_item
61814372.5358538445,320068674,2020-11-10,1,1,0,1,1,1,desktop,Web,India,Chhattisgarh,google,organic,17.85,14,6,purchase
8878343.6663218754,9718137455,2020-12-28,1,0,0,0,0,0,desktop,Web,United Kingdom,England,shop.googlemerchandisestore.com,referral,0.0,1,1,session_only
30134883.7367449983,7658058245,2021-01-16,1,0,0,0,0,0,desktop,Windows,United States,California,google,organic,0.0,1,1,session_only
91096914.3708465785,6066322970,2021-01-07,1,0,0,0,0,0,desktop,Macintosh,United States,Virginia,google,organic,0.0,1,1,session_only
2130011.4791663245,1854364688,2021-01-17,1,0,0,0,0,0,desktop,Web,United States,California,google,organic,0.0,1,1,session_only
66118854.8879981148,9277347347,2021-01-04,1,0,0,0,0,0,tablet,Web,Japan,Tokyo,google,organic,0.0,1,1,session_only
56783391.7908000768,8195648527,2021-01-04,1,0,0,0,0,0,desktop,Windows,United States,Virginia,google,organic,0.0,1,1,session_only
4522823.7927669629,5811960721,2020-12-28,1,0,0,0,0,0,desktop,Web,United States,Missouri,<Other>,referral,0.0,1,1,session_only
2276429.9800125809,7488946156,2020-12-28,1,0,0,0,0,0,desktop,Web,United States,Washington,google,organic,0.0,1,1,session_only
71999233.7667810634,1943153976,2020-12-01,1,0,0,0,0,0,desktop,Windows,United States,North Carolina,google,organic,0.0,1,1,session_only
86132330.3695964706,1034319538,2021-01-16,1,0,0,0,0,0,desktop,Web,Brazil,State of Sao Paulo,google,organic,0.0,1,1,session_only
58922241.7999921789,8130318761,2021-01-04,1,0,0,0,0,0,desktop,Windows,Poland,Silesian Voivodeship,(direct),(none),0.0,1,1,session_only
78047985.6235618556,2328489265,2021-01-13,1,0,0,0,0,0,desktop,Web,United States,California,<Other>,<Other>,0.0,1,1,session_only
7528571.7813360805,8260333337,2021-01-24,1,0,0,1,1,1,mobile,Android,Philippines,Metro Manila,google,organic,106.16,6,6,purchase
47608233.0483958730,944533864,2021-01-07,1,0,0,0,0,0,mobile,Web,United States,New York,(direct),(none),0.0,1,1,session_only
5541828.9204509809,8858653985,2021-01-10,1,0,0,0,0,0,mobile,Web,Germany,Baden-Wurttemberg,<Other>,referral,0.0,1,1,session_only
5473781.3543928867,7846363410,2020-12-21,1,0,0,0,0,0,desktop,Windows,United States,Virginia,(direct),(none),0.0,1,1,session_only
8064363.1659128423,2628320225,2020-12-14,1,1,1,1,0,0,desktop,Windows,United States,Texas,(direct),(none),0.0,8,4,begin_checkout
68589680.2872333971,9396345251,2020-11-02,1,1,0,0,0,0,desktop,Web,Portugal,Porto District,shop.googlemerchandisestore.com,referral,0.0,3,2,view_item
9165544.1172506715,1708832386,2021-01-15,1,0,0,0,0,0,desktop,Macintosh,United States,California,shop.googlemerchandisestore.com,referral,0.0,1,1,session_only
876237599.2391322833,4746832019,2020-11-24,1,1,0,0,0,0,desktop,Web,Canada,Ontario,google,organic,0.0,2,2,view_item
17448263.4853451942,4791291326,2021-01-18,1,0,0,0,0,0,desktop,Web,Hong Kong,(not set),<Other>,referral,0.0,1,1,session_only
65219984.2178733921,936444841,2020-12-20,1,0,0,0,0,0,desktop,Web,United States,New York,google,organic,0.0,1,1,session_only
8838558.1785540900,5026271136,2021-01-19,1,0,0,0,0,0,desktop,Macintosh,Turkey,Izmir,<Other>,referral,0.0,1,1,session_only
12866003.2949768691,5971637323,2020-12-27,1,0,0,0,0,0,desktop,Web,India,Gujarat,(direct),(none),0.0,1,1,session_only
7470454.5516036593,4436261608,2020-11-08,1,0,0,0,0,0,desktop,Web,United States,Tennessee,(data deleted),(data deleted),0.0,1,1,session_only
73162830.2137187856,5981544159,2020-12-24,1,0,0,0,0,0,desktop,Web,Netherlands,Gelderland,google,organic,0.0,1,1,session_only
71447695.1897333240,4559048536,2021-01-06,1,1,1,0,0,0,mobile,Web,Canada,Quebec,<Other>,<Other>,0.0,6,3,add_to_cart
72296481.9395116504,1593433081,2021-01-02,1,0,0,0,0,0,desktop,Web,Canada,Quebec,<Other>,organic,0.0,1,1,session_only
79752384.1549186259,6805683543,2021-01-16,1,0,0,0,0,0,desktop,Web,United States,California,<Other>,organic,0.0,1,1,session_only
7134559299.4601048201,9090097748,2021-01-19,0,0,0,1,1,1,mobile,Web,Canada,British Columbia,shop.googlemerchandisestore.com,referral,0.0,5,6,purchase
86621673.9475981508,8795608314,2021-01-11,1,1,0,0,0,0,mobile,Web,Mexico,(not set),google,organic,0.0,3,2,view_item
72927906.3631120410,1546969407,2020-11-20,1,1,0,0,0,0,mobile,Web,United States,Virginia,google,organic,0.0,3,2,view_item
8404248.0921115739,1386358703,2020-12-25,1,0,0,0,0,0,desktop,Web,India,Maharashtra,(direct),(none),0.0,1,1,session_only
84775049.0560992935,6825259891,2020-11-24,1,0,0,0,0,0,mobile,Web,United States,California,shop.googlemerchandisestore.com,referral,0.0,1,1,session_only
28727199.6700428522,4801018971,2021-01-30,1,1,0,0,0,0,desktop,Windows,Turkey,Istanbul,google,cpc,0.0,4,2,view_item
12732232.0139797189,4772006435,2020-11-19,1,1,0,0,0,0,mobile,Web,Brazil,State of Rio Grande do Sul,<Other>,referral,0.0,2,2,view_item
23684852.7409567673,3054514157,2020-11-17,1,1,1,1,1,1,desktop,Windows,India,Karnataka,<Other>,<Other>,90.5,35,6,purchase
4312288.1910940997,3016426632,2021-01-20,1,1,1,1,1,1,desktop,<Other>,United States,Florida,<Other>,referral,98.24,17,6,purchase
3101131425.3644793183,1229720260,2020-12-29,1,0,0,0,0,0,mobile,Android,Indonesia,Jakarta,google,organic,0.0,1,1,session_only
56420768.6036947271,1006294417,2021-01-10,1,1,1,1,1,1,desktop,Macintosh,Taiwan,Taoyuan City,(direct),(none),0.0,25,6,purchase
4177189.8300997361,7500228824,2021-01-28,0,1,1,1,1,1,desktop,Web,United States,Pennsylvania,<Other>,<Other>,0.0,14,6,purchase
2449295.5618689671,8987698,2020-11-09,1,0,0,0,0,0,mobile,Web,United States,California,(data deleted),(data deleted),0.0,1,1,session_only
3638382.9165177514,2522487647,2021-01-10,1,0,0,0,0,0,mobile,Web,United States,Missouri,shop.googlemerchandisestore.com,referral,0.0,1,1,session_only
7170964.7333545703,3310811542,2021-01-19,1,0,0,0,0,0,desktop,Macintosh,United States,California,<Other>,<Other>,0.0,1,1,session_only
8481781.1682980288,8970997923,2021-01-20,1,0,0,0,0,0,desktop,Macintosh,Canada,Quebec,google,organic,0.0,1,1,session_only
85895298.0330117978,508527906,2020-11-12,1,1,0,0,0,0,desktop,Web,United States,Florida,<Other>,<Other>,0.0,2,2,view_item
6248847.6289775822,8037864124,2020-12-20,1,1,0,0,0,0,tablet,Web,United States,Wisconsin,<Other>,referral,0.0,2,2,view_item
51482618.1894509871,3677915066,2020-12-26,1,0,0,0,0,0,desktop,Web,India,Tamil Nadu,google,cpc,0.0,1,1,session_only
8552026.8074429135,8053284228,2021-01-28,1,0,0,0,0,0,desktop,Web,United States,California,(data deleted),(data deleted),0.0,1,1,session_only
49003769.7768513996,353404804,2020-12-19,1,0,0,0,0,0,desktop,Web,United States,California,google,organic,0.0,1,1,session_only
3052609.5602990280,6499933568,2021-01-13,1,0,0,0,0,0,desktop,Windows,United States,Florida,shop.googlemerchandisestore.com,referral,0.0,1,1,session_only
41280451.5966697273,1856111846,2020-11-02,1,1,0,1,1,1,tablet,iOS,India,Tamil Nadu,<Other>,<Other>,0.0,6,6,purchase
9507289116.7685282362,9201105880,2021-01-16,1,1,1,0,0,0,desktop,Web,Canada,Ontario,google,organic,0.0,10,3,add_to_cart
97678544.4744804225,1233136036,2021-01-24,1,0,0,0,0,0,desktop,Web,United States,Arkansas,(direct),(none),0.0,1,1,session_only
6475502.1816743654,2530563111,2020-11-23,1,0,0,0,0,0,desktop,Macintosh,Netherlands,North Holland,(direct),(none),0.0,1,1,session_only
1965912.0038848738,9009036807,2020-12-21,1,0,0,0,0,0,desktop,Web,United Kingdom,England,google,cpc,0.0,1,1,session_only
6520378.1527357046,3810402249,2020-12-26,1,0,0,0,0,0,desktop,Web,United States,Florida,(direct),(none),0.0,1,1,session_only
3237097.8855381795,596943024,2021-01-04,1,0,0,0,0,0,mobile,iOS,United States,New York,<Other>,<Other>,0.0,1,1,session_only
53399536.5594831811,6429626363,2021-01-29,1,0,0,0,0,0,desktop,Web,Belgium,Flanders,(direct),(none),0.0,1,1,session_only
48898996.3003979456,7728841775,2021-01-20,1,0,0,0,0,0,tablet,Android,Peru,(not set),google,organic,0.0,1,1,session_only
44880933.5832993072,2665835203,2020-11-16,1,0,0,0,0,0,desktop,Web,United Kingdom,England,<Other>,referral,0.0,1,1,session_only
6027887.5211064946,899087817,2020-11-21,1,1,0,1,1,1,mobile,Web,Taiwan,Taipei City,<Other>,<Other>,0.0,10,6,purchase
31370600.0007236501,4430295709,2020-12-17,1,0,0,0,0,0,mobile,Android,United States,Kansas,(direct),(none),0.0,1,1,session_only
8616205729.1576394851,9834280245,2021-01-17,1,0,0,0,0,0,desktop,Windows,United States,Michigan,<Other>,<Other>,0.0,1,1,session_only
68455286.2988468590,9799974045,2020-12-21,1,0,0,0,0,0,desktop,Web,Mexico,Mexico City,google,organic,0.0,1,1,session_only
38731773.6158786167,7144003738,2020-11-10,1,0,0,0,0,0,mobile,Web,United States,California,(direct),(none),0.0,1,1,session_only
2389402.1389741239,3519312150,2020-11-26,1,0,0,0,0,0,desktop,Web,China,Shanghai,(direct),(none),0.0,1,1,session_only
3041494.0908353891,8063643537,2020-12-21,1,0,0,1,1,1,desktop,Web,United States,Arizona,google,organic,107.8,7,6,purchase
41531506.8214856416,3755130968,2021-01-02,1,1,0,0,0,0,mobile,Web,Russia,Moscow Oblast,<Other>,referral,0.0,2,2,view_item
28886785.0437982110,5470087455,2020-11-24,1,1,0,1,1,1,desktop,Web,Canada,Quebec,(direct),(none),55.92,8,6,purchase
96016671.2631098717,3320759476,2020-11-16,1,0,0,0,0,0,desktop,Web,Spain,Catalonia,(direct),(none),0.0,1,1,session_only
76741189.2550384772,2337030216,2021-01-18,1,0,0,0,0,0,mobile,Web,United States,Illinois,<Other>,<Other>,0.0,1,1,session_only
1862775.3525922378,8240118475,2020-12-27,1,0,0,0,0,0,mobile,Android,United States,Virginia,shop.googlemerchandisestore.com,referral,0.0,1,1,session_only
4675036.0690506835,1289607138,2020-11-10,1,0,0,0,0,0,desktop,Web,Hong Kong,(not set),(data deleted),(data deleted),0.0,1,1,session_only
64927117.8121584290,7588708288,2021-01-27,1,0,0,0,0,0,mobile,Web,United Kingdom,England,(direct),(none),0.0,1,1,session_only
80981958.2634403223,622606588,2020-12-01,1,0,0,0,0,0,mobile,iOS,Iraq,(not set),(direct),(none),0.0,1,1,session_only
8086562.0053475421,8346019446,2020-12-29,1,0,0,0,0,0,mobile,Web,Greece,Attica,google,organic,0.0,1,1,session_only
84619736.7828582250,1612739195,2020-12-24,1,0,0,0,0,0,mobile,iOS,United States,Virginia,(direct),(none),0.0,1,1,session_only
66745092.5511241299,3943605258,2020-11-12,1,0,0,0,0,0,mobile,iOS,Canada,Ontario,(direct),(none),0.0,1,1,session_only
6730160.4986090993,7244133353,2020-11-11,1,1,0,0,0,0,desktop,Windows,United States,New York,google,cpc,0.0,2,2,view_item
6558482.7228715120,7479289133,2021-01-28,1,0,0,0,0,0,desktop,Windows,United Kingdom,England,shop.googlemerchandisestore.com,referral,0.0,1,1,session_only
15332546.9301864159,3410780176,2021-01-23,1,0,0,0,0,0,mobile,iOS,United States,Wisconsin,shop.googlemerchandisestore.com,referral,0.0,1,1,session_only
11571174.3020336838,1050282868,2021-01-26,1,0,0,0,0,0,desktop,Macintosh,Saudi Arabia,Eastern Province,<Other>,referral,0.0,1,1,session_only
5401572.4391918453,9491591036,2021-01-07,1,0,0,0,0,0,mobile,Android,Spain,Valencian Community,<Other>,organic,0.0,1,1,session_only
4522618.9621256947,3251012288,2020-11-11,1,0,0,0,0,0,tablet,Web,United States,Virginia,google,organic,0.0,1,1,session_only
3558937.2182505128,784918312,2021-01-17,1,0,0,0,0,0,desktop,Windows,United States,California,<Other>,<Other>,0.0,1,1,session_only
44992645.7793047344,2841810507,2021-01-07,1,0,0,0,0,0,desktop,Windows,United Kingdom,England,<Other>,<Other>,0.0,1,1,session_only
27316605.2815199063,8733073923,2020-12-28,1,1,1,0,0,0,mobile,Web,Canada,Alberta,<Other>,referral,0.0,10,3,add_to_cart
2402943.4358411129,1505911900,2020-12-29,1,0,0,0,0,0,mobile,Web,Canada,Ontario,(direct),(none),0.0,1,1,session_only
9151185.8765020925,1689348042,2020-11-19,1,0,0,0,0,0,desktop,Web,United States,Iowa,google,organic,0.0,1,1,session_only
34330665.7500144468,546508852,2020-12-25,1,0,0,0,0,0,desktop,Web,United States,Massachusetts,<Other>,<Other>,0.0,1,1,session_only
1043251.4351163280,8488358756,2020-11-23,1,0,0,0,0,0,mobile,iOS,Czechia,(not set),(direct),(none),0.0,1,1,session_only
15542823.4435336576,9439778625,2020-11-12,1,1,0,0,0,0,mobile,Web,United States,Colorado,<Other>,referral,0.0,3,2,view_item
9118871.6979926766,2799526051,2020-11-23,1,0,0,0,0,0,desktop,Web,Colombia,Antioquia,(direct),(none),0.0,1,1,session_only
30509185.4786918873,3102085178,2020-11-16,1,1,0,1,1,1,tablet,iOS,Vietnam,Ho Chi Minh City,<Other>,<Other>,0.0,10,6,purchase
18749299.2716936092,7345616055,2020-11-19,1,0,0,0,0,0,desktop,Web,United States,Texas,google,organic,0.0,1,1,session_only
38543797.1103647140,496721309,2021-01-28,1,0,0,0,0,0,desktop,Macintosh,United States,Georgia,<Other>,referral,0.0,1,1,session_only
21926713.3432465094,3979337166,2021-01-12,1,0,0,0,0,0,mobile,Android,Lebanon,Beirut Governorate,(direct),(none),0.0,1,1,session_only
8106968.9293181226,2919843371,2021-01-07,1,0,0,0,0,0,desktop,Windows,Spain,Catalonia,google,organic,0.0,1,1,session_only
39422374.4336763846,5196124875,2020-11-16,1,0,0,0,0,0,mobile,iOS,United States,Georgia,<Other>,<Other>,0.0,1,1,session_only
41333540.9569304485,3657471617,2021-01-10,1,0,0,0,0,0,mobile,Web,India,Uttar Pradesh,google,organic,0.0,1,1,session_only
49210368.6875180388,7678193480,2020-11-20,1,0,0,0,0,0,mobile,Web,Colombia,Bogota,<Other>,referral,0.0,1,1,session_only
6220554.5456839405,4531686036,2020-12-31,1,0,0,0,0,0,desktop,Web,Italy,Lombardy,<Other>,referral,0.0,1,1,session_only
10501215.6881235853,7924562868,2020-12-31,1,0,0,0,0,0,desktop,Web,United States,California,google,organic,0.0,1,1,session_only
8555799.0611601614,7806843703,2021-01-26,1,0,0,0,0,0,desktop,Web,United States,Colorado,(direct),(none),0.0,1,1,session_only
41058617.9614995388,6040229838,2021-01-11,1,1,0,0,0,0,mobile,Web,United States,California,google,organic,0.0,4,2,view_item
8659386.1966143043,7386013621,2020-12-01,1,1,1,0,0,0,desktop,Windows,Canada,Ontario,google,organic,0.0,23,3,add_to_cart
84282843.3733513841,7837082166,2020-11-02,1,0,0,0,0,0,desktop,Macintosh,Germany,Berlin,google,organic,0.0,1,1,session_only
1823761.3626435393,5061623949,2021-01-20,1,1,0,0,0,0,tablet,Android,United States,North Carolina,(direct),(none),0.0,3,2,view_item
7700660.6811953876,3770032280,2020-11-21,1,0,0,0,0,0,mobile,Web,United Kingdom,England,google,cpc,0.0,1,1,session_only
5645091.2540618977,5298657969,2021-01-20,1,1,0,0,0,0,desktop,Windows,United States,Kansas,<Other>,organic,0.0,3,2,view_item
5758364.3940177794,9694557954,2020-11-16,1,1,0,0,0,0,desktop,Web,India,Bihar,(data deleted),(data deleted),0.0,2,2,view_item
3093049.0360594591,5402844275,2021-01-26,1,0,0,0,0,0,desktop,Web,United States,New York,google,organic,0.0,1,1,session_only
43449044.8972309275,9705706572,2021-01-08,1,0,0,0,0,0,desktop,Windows,United States,Nevada,(data deleted),(data deleted),0.0,1,1,session_only
2878147.0574360246,9859860354,2020-12-17,1,0,0,0,0,0,mobile,iOS,France,Nouvelle-Aquitaine,google,organic,0.0,1,1,session_only
7955334.2198870120,705080581,2021-01-27,1,0,0,0,0,0,mobile,Web,India,Assam,<Other>,referral,0.0,1,1,session_only
6964077.2220093169,467736800,2020-12-23,1,0,0,0,0,0,desktop,Web,United States,Wisconsin,(direct),(none),0.0,1,1,session_only
4792087.7875785224,1021976914,2020-12-31,1,1,0,1,1,1,mobile,iOS,Japan,Saitama,<Other>,<Other>,18.4,10,6,purchase
1148088.3669990873,9975139388,2020-12-04,1,0,0,0,0,0,desktop,Web,Canada,Ontario,shop.googlemerchandisestore.com,referral,0.0,1,1,session_only
8554905.0494137038,704880323,2020-12-17,1,0,0,0,0,0,mobile,Android,United States,New Jersey,google,organic,0.0,1,1,session_only
7905031.0128114009,252292697,2021-01-27,1,1,1,1,1,1,mobile,Web,United States,Kansas,<Other>,<Other>,0.0,18,6,purchase
7732072.5835547672,4605704042,2021-01-17,1,0,0,0,0,0,desktop,Windows,India,Chandigarh,shop.googlemerchandisestore.com,referral,0.0,1,1,session_only
80386763.4846246121,5848453473,2020-11-26,1,0,0,0,0,0,mobile,iOS,United States,California,<Other>,<Other>,0.0,1,1,session_only
6554572.1799678429,2357261846,2021-01-09,1,0,0,0,0,0,desktop,Web,Singapore,(not set),<Other>,<Other>,0.0,1,1,session_only
64280830.7972406223,5454470370,2020-12-14,1,0,0,0,0,0,mobile,Web,Singapore,(not set),google,organic,0.0,1,1,session_only
5422083.5342902833,5179415965,2021-01-29,1,0,0,0,0,0,desktop,Web,Sweden,Vastra Gotaland County,(direct),(none),0.0,1,1,session_only
3261727.0713717000,3623151335,2020-11-26,1,0,0,0,0,0,mobile,iOS,Chile,Santiago Metropolitan Region,shop.googlemerchandisestore.com,referral,0.0,1,1,session_only
6515313.3865966444,826314896,2020-11-29,1,0,0,0,0,0,mobile,Web,Singapore,(not set),(direct),(none),0.0,1,1,session_only
1483087618.4260914845,9212739730,2021-01-18,1,0,0,0,0,0,mobile,Web,United States,Florida,shop.googlemerchandisestore.com,referral,0.0,1,1,session_only
64409798.6806590947,8162477811,2021-01-06,1,0,0,0,0,0,desktop,Web,United Kingdom,England,<Other>,referral,0.0,1,1,session_only
72710092.5263740533,9180711445,2020-11-08,1,0,0,0,0,0,desktop,Web,United States,Virginia,(data deleted),(data deleted),0.0,1,1,session_only
3079629.4733860108,5672436029,2020-12-17,1,0,0,0,0,0,mobile,Android,Nigeria,(not set),(data deleted),(data deleted),0.0,1,1,session_only
2973749.8405018282,5846034103,2020-11-05,1,0,0,0,0,0,desktop,Web,Israel,Center District,(direct),(none),0.0,1,1,session_only
1689794.6230455628,8882805136,2021-01-04,1,0,0,0,0,0,mobile,Android,United States,Texas,google,organic,0.0,1,1,session_only
5347187.1888352330,9555374175,2021-01-01,1,1,0,0,0,0,desktop,Web,United States,Wisconsin,(direct),(none),0.0,8,2,view_item
8576382.4732210712,2160507873,2021-01-25,1,0,0,0,0,0,desktop,Web,South Africa,Gauteng,google,organic,0.0,1,1,session_only
91370777.9057033869,1710463448,2020-12-20,1,0,0,0,0,0,desktop,Windows,United States,New York,<Other>,<Other>,0.0,1,1,session_only
4582304.1637753316,2529208965,2020-12-04,1,0,0,0,0,0,desktop,Web,United States,California,google,organic,0.0,1,1,session_only
5702321968.8560195386,2866645865,2020-11-08,1,0,0,0,0,0,mobile,Android,United States,Florida,(direct),(none),0.0,1,1,session_only
8796703.7084843273,7340269301,2020-11-10,1,0,0,0,0,0,desktop,Web,India,Tamil Nadu,google,organic,0.0,1,1,session_only
8149750.5366372040,6845395463,2020-12-01,1,0,0,0,0,0,desktop,Windows,Israel,Jerusalem District,(direct),(none),0.0,1,1,session_only
8206027.9597648346,8754920059,2020-11-17,1,0,0,0,0,0,mobile,Web,Canada,Saskatchewan,(direct),(none),0.0,1,1,session_only
96475152.1526929255,8327862286,2020-12-01,1,1,0,0,0,0,desktop,Web,Poland,Lesser Poland Voivodeship,google,organic,0.0,2,2,view_item
39084217.4132259659,9516527512,2021-01-01,1,0,0,0,0,0,desktop,Macintosh,United States,Florida,<Other>,<Other>,0.0,1,1,session_only
2722828.3010884394,3674377797,2020-11-23,1,0,0,0,0,0,mobile,iOS,United States,New York,(direct),(none),0.0,1,1,session_only
7794382032.7817552949,8781168174,2021-01-16,1,0,0,0,0,0,mobile,Web,India,Tamil Nadu,<Other>,organic,0.0,1,1,session_only
5436128.3631000020,2202626596,2021-01-06,1,0,0,0,0,0,mobile,Web,(not set),(not set),(direct),(none),0.0,1,1,session_only
58065459.5600255039,3079510265,2020-12-17,1,0,0,0,0,0,mobile,iOS,United States,California,<Other>,referral,0.0,1,1,session_only
2178473.5089682634,3612067899,2020-12-25,1,0,0,0,0,0,desktop,Web,France,Hauts-de-France,<Other>,<Other>,0.0,1,1,session_only
76007165.4497365246,8552150566,2020-12-23,1,0,0,0,0,0,desktop,Web,India,Karnataka,google,organic,0.0,1,1,session_only
72883375.0508388309,8779378887,2021-01-24,1,1,1,1,1,1,mobile,Web,Canada,Quebec,shop.googlemerchandisestore.com,referral,55.68,15,6,purchase
6145857.6794019842,259592843,2020-12-21,1,1,0,0,0,0,desktop,Web,Belgium,Flanders,(direct),(none),0.0,2,2,view_item
8109867.2496713895,1814456987,2021-01-08,1,1,1,0,0,0,desktop,Web,Germany,Baden-Wurttemberg,<Other>,referral,0.0,6,3,add_to_cart
3055133.2518798616,5159976397,2020-12-01,1,0,0,0,0,0,mobile,Web,Peru,(not set),<Other>,<Other>,0.0,1,1,session_only
50710566.4498165725,1132070066,2021-01-12,1,0,0,0,0,0,mobile,iOS,Denmark,Central Denmark Region,google,organic,0.0,1,1,session_only
61323796.2830493277,4252524221,2021-01-02,1,0,0,0,0,0,desktop,Web,Pakistan,Sindh,<Other>,<Other>,0.0,1,1,session_only
39347615.7520168008,3107161094,2020-11-09,1,0,0,0,0,0,desktop,Web,United States,Virginia,google,organic,0.0,1,1,session_only
58017626.1678906860,4252224674,2020-12-04,1,0,0,0,0,0,mobile,Web,India,Chandigarh,(data deleted),(data deleted),0.0,1,1,session_only
14996186.0341410188,6342918159,2020-11-10,1,0,0,0,0,0,desktop,Web,Ireland,(not set),google,organic,0.0,1,1,session_only
6321807.7655503425,8815615179,2020-12-20,1,0,0,0,0,0,mobile,Web,Ireland,County Cork,<Other>,referral,0.0,1,1,session_only
96082148.7362797368,2945333369,2021-01-15,1,0,0,0,0,0,desktop,Web,Pakistan,Punjab,<Other>,<Other>,0.0,1,1,session_only
3762456.7529876308,7378044476,2020-11-19,1,0,0,0,0,0,desktop,Macintosh,United States,New York,(direct),(none),0.0,1,1,session_only
9092798.9157012645,3022244306,2020-11-19,1,0,0,0,0,0,desktop,Web,United States,Indiana,(direct),(none),0.0,1,1,session_only
1105842.8355609849,5535384870,2020-11-02,1,1,0,0,0,0,mobile,Android,United States,Florida,google,organic,0.0,3,2,view_item
53227865.3547651801,6961770572,2020-11-05,1,0,0,0,0,0,desktop,Web,United States,California,<Other>,referral,0.0,1,1,session_only
71440693.5893664588,1616334557,2021-01-08,1,0,0,0,0,0,mobile,Web,United States,Pennsylvania,(data deleted),(data deleted),0.0,1,1,session_only
343427888.5774335519,927628648,2021-01-26,1,0,0,0,0,0,tablet,Web,United States,Rhode Island,(data deleted),(data deleted),0.0,1,1,session_only
69193300.1901961273,1086154739,2020-12-30,1,1,1,1,1,1,desktop,Web,United States,California,google,organic,39.36,38,6,purchase
59280841.4679965835,640203225,2020-11-11,1,0,0,0,0,0,desktop,Web,Tunisia,Tunis,<Other>,<Other>,0.0,1,1,session_only
38080470.3692411907,9638272921,2020-11-09,1,0,0,0,0,0,desktop,Macintosh,Singapore,(not set),(direct),(none),0.0,1,1,session_only
31435157.1362446864,9847188483,2021-01-17,1,0,0,0,0,0,mobile,Web,United States,New York,(direct),(none),0.0,1,1,session_only
83318375.5690486321,6883392935,2021-01-25,1,0,0,0,0,0,desktop,Web,United States,Oregon,(direct),(none),0.0,1,1,session_only
34338923.2356019565,1122192182,2021-01-12,1,0,0,0,0,0,mobile,Web,United States,Georgia,google,cpc,0.0,1,1,session_only
8033238.1816180875,3077756917,2020-11-24,1,0,0,0,0,0,desktop,Web,United States,California,google,organic,0.0,1,1,session_only
85249628.5838951559,1913584842,2021-01-20,1,0,0,0,0,0,tablet,Web,Taiwan,Taipei City,(direct),(none),0.0,1,1,session_only
9507289116.7685282362,5667508792,2021-01-16,1,1,1,1,1,1,desktop,Web,Canada,Ontario,google,organic,0.0,18,6,purchase
87106592.3850471171,5784016431,2021-01-29,1,0,0,0,0,0,mobile,Android,Canada,Saskatchewan,<Other>,<Other>,0.0,1,1,session_only
73088476.8628293496,606802029,2021-01-15,1,0,0,0,0,0,mobile,iOS,United States,California,(direct),(none),0.0,1,1,session_only
13115538.4764626245,5817725399,2020-11-09,1,1,0,0,0,0,desktop,Web,United States,Illinois,<Other>,<Other>,0.0,5,2,view_item
37352944.0253821607,9951926827,2020-12-28,1,0,0,0,0,0,mobile,iOS,Brazil,State of Sao Paulo,google,cpc,0.0,1,1,session_only
77118742.8546782743,5334378847,2020-12-30,1,0,0,0,0,0,desktop,Web,United States,Colorado,(direct),(none),0.0,1,1,session_only
42810795.1511885036,2690746057,2021-01-11,1,0,0,0,0,0,desktop,Web,Canada,Saskatchewan,google,organic,0.0,1,1,session_only
4075251.3802116222,1561474510,2020-12-20,1,0,0,0,0,0,desktop,Web,Canada,Ontario,shop.googlemerchandisestore.com,referral,0.0,1,1,session_only
52922729.3032397682,7605612230,2021-01-23,1,1,0,0,0,0,tablet,Web,United States,Michigan,google,cpc,0.0,2,2,view_item
3519862.5500955315,9994103868,2021-01-24,1,1,1,1,1,1,mobile,Android,Canada,Quebec,(direct),(none),84.8,11,6,purchase
1051161.4149908336,1657185436,2020-12-17,1,1,0,0,0,0,mobile,Android,United States,Washington,(direct),(none),0.0,2,2,view_item
5185197984.8024543734,6171003039,2020-12-21,1,1,0,0,0,0,mobile,Web,United States,Florida,<Other>,organic,0.0,2,2,view_item
47045151.3512765729,4743955438,2021-01-27,1,0,0,0,0,0,desktop,Web,United States,Massachusetts,google,organic,0.0,1,1,session_only
48130793.3247638386,9708726149,2020-12-29,1,0,0,0,0,0,mobile,iOS,United States,Ohio,(direct),(none),0.0,1,1,session_only
2913415864.3173929406,2598464163,2020-11-26,1,0,0,0,0,0,mobile,iOS,Brazil,State of Sao Paulo,(direct),(none),0.0,1,1,session_only
1058885.3987796332,4258859117,2020-12-01,1,0,0,0,0,0,desktop,Web,United States,North Carolina,google,organic,0.0,1,1,session_only
4652872.5087267468,3745528131,2021-01-29,1,1,0,0,0,0,mobile,Web,United States,Georgia,<Other>,<Other>,0.0,2,2,view_item
7148301.2162934379,1706521711,2020-12-14,1,0,0,0,0,0,mobile,iOS,United States,New Jersey,google,organic,0.0,1,1,session_only
24724216.7844488856,1543379291,2020-12-04,1,1,0,0,0,0,desktop,Web,Ireland,County Dublin,(direct),(none),0.0,4,2,view_item
22932448.7053001349,7493786435,2021-01-06,1,0,0,0,0,0,mobile,Web,United States,Illinois,google,organic,0.0,1,1,session_only
72305852.6121955016,5731940981,2021-01-07,1,1,0,0,0,0,mobile,Android,United States,New York,<Other>,referral,0.0,2,2,view_item
9190778.5545454782,6552917939,2020-12-24,1,0,0,0,0,0,mobile,Web,United States,New Jersey,google,organic,0.0,1,1,session_only
50603561.0663576396,7561449026,2021-01-19,1,0,0,0,0,0,desktop,Windows,United States,Kentucky,<Other>,<Other>,0.0,1,1,session_only
58685870.5217547840,567753421,2021-01-15,1,0,0,0,0,0,mobile,Web,Taiwan,Taipei City,(direct),(none),0.0,1,1,session_only
35776748.8724446726,2218625302,2020-12-17,1,1,0,1,1,1,mobile,Web,United States,New York,google,organic,0.0,8,6,purchase
81894781.9447415155,6931477828,2020-11-05,1,0,0,0,0,0,mobile,Web,India,West Bengal,<Other>,organic,0.0,1,1,session_only
12714093.3065990134,6420432690,2020-12-17,1,0,0,0,0,0,mobile,Web,United States,Illinois,google,cpc,0.0,1,1,session_only
3201512.1121392520,9272128444,2020-12-20,1,0,0,0,0,0,desktop,Web,Portugal,(not set),google,organic,0.0,1,1,session_only
2370692.0063596661,6446448435,2020-11-26,1,0,0,0,0,0,desktop,Windows,United States,New Jersey,google,organic,0.0,1,1,session_only
73110572.6309804400,4967749202,2021-01-29,1,0,0,0,0,0,mobile,Web,United States,California,shop.googlemerchandisestore.com,referral,0.0,1,1,session_only
2734830.9992266559,902881813,2020-11-12,1,1,0,1,1,1,mobile,Android,Netherlands,Gelderland,google,organic,18.9,15,6,purchase
65142264.5403230916,3755678435,2020-12-01,0,1,1,1,1,1,desktop,Web,Singapore,(not set),<Other>,referral,0.0,16,6,purchase
30273738.8309144492,2403497839,2020-12-04,1,0,0,0,0,0,mobile,Web,India,Telangana,(direct),(none),0.0,1,1,session_only
89315430.1139073710,9447568363,2021-01-04,1,0,0,0,0,0,mobile,Web,Japan,(not set),google,organic,0.0,1,1,session_only
1250844.3532931961,2580357765,2021-01-17,1,0,0,0,0,0,mobile,Web,United States,California,google,cpc,0.0,1,1,session_only
59404044.7725353086,1361845074,2020-11-05,1,0,0,0,0,0,desktop,Web,Australia,New South Wales,(direct),(none),0.0,1,1,session_only
8994251.2899415077,2192836824,2020-11-14,1,1,0,1,0,0,mobile,Android,Spain,Madrid,shop.googlemerchandisestore.com,referral,0.0,6,4,begin_checkout
54620102.9152360410,7665899273,2021-01-11,1,0,0,0,0,0,desktop,Windows,India,Karnataka,google,organic,0.0,1,1,session_only
15614310.9936877927,9610588827,2021-01-15,1,0,0,0,0,0,desktop,Web,United States,California,google,organic,0.0,1,1,session_only
8916727.4342734196,8495639793,2021-01-15,1,1,0,0,0,0,mobile,iOS,Canada,Quebec,google,organic,0.0,2,2,view_item
4902206.4465158279,9817897083,2021-01-31,1,0,0,0,0,0,desktop,Web,United States,(not set),(direct),(none),0.0,1,1,session_only
50823948.4225990454,8349585891,2021-01-10,1,0,0,0,0,0,desktop,Web,United States,Minnesota,google,organic,0.0,1,1,session_only
84445766.5501836943,2011585509,2021-01-20,1,1,1,0,0,0,desktop,Web,United States,California,google,organic,0.0,11,3,add_to_cart
25191200.0126494709,6640667258,2021-01-12,1,0,0,0,0,0,desktop,Web,South Korea,Seoul,(direct),(none),0.0,1,1,session_only
1640083.4322620625,5041956131,2020-12-14,1,1,0,0,0,0,desktop,Web,United States,Texas,<Other>,referral,0.0,4,2,view_item
3680421.4213771360,5699215360,2021-01-31,1,1,1,1,1,1,desktop,Windows,India,Rajasthan,(direct),(none),0.0,52,6,purchase
32557770.1748075932,8182537054,2020-11-21,1,0,0,0,0,0,mobile,iOS,Canada,Ontario,(data deleted),(data deleted),0.0,1,1,session_only
84940316.3983789481,9702611196,2021-01-13,1,0,0,0,0,0,mobile,Web,Belgium,Brussels,shop.googlemerchandisestore.com,referral,0.0,1,1,session_only
61120061.0527807847,5346888643,2021-01-12,1,1,1,0,0,0,desktop,Web,(not set),(not set),<Other>,referral,0.0,6,3,add_to_cart
91260810.1355237538,1336799403,2021-01-30,1,0,0,0,0,0,mobile,Web,United States,Florida,<Other>,<Other>,0.0,1,1,session_only
3098486.6662581134,4863478052,2021-01-29,1,0,0,0,0,0,mobile,Web,United States,Tennessee,<Other>,<Other>,0.0,1,1,session_only
56387694.4315491639,9603275081,2021-01-29,1,0,0,0,0,0,desktop,Windows,United States,Minnesota,(direct),(none),0.0,1,1,session_only
82105674.3385575816,341608516,2021-01-23,1,0,0,0,0,0,desktop,Web,United States,Ohio,<Other>,referral,0.0,1,1,session_only
4279592.9215590940,8749714011,2021-01-07,1,1,0,0,0,0,mobile,iOS,United States,California,<Other>,<Other>,0.0,2,2,view_item
56865243.3504365709,4407638958,2020-11-26,1,0,0,0,0,0,desktop,Web,United States,Illinois,google,organic,0.0,1,1,session_only
14615423.8197362790,9601187669,2020-11-10,1,0,0,0,0,0,desktop,Macintosh,Portugal,(not set),<Other>,<Other>,0.0,1,1,session_only
48208367.3365653868,3615342634,2020-12-17,1,1,1,1,0,0,mobile,Android,Canada,Quebec,google,organic,0.0,28,4,begin_checkout
44031594.8728431407,7097225438,2020-12-17,1,0,0,0,0,0,desktop,<Other>,Slovakia,(not set),google,organic,0.0,1,1,session_only
4508144.4670014908,3560146734,2020-12-14,1,0,0,0,0,0,mobile,Web,France,Occitanie,google,organic,0.0,1,1,session_only
87926912.1591633044,2805380121,2020-12-24,1,0,0,0,0,0,desktop,Web,Taiwan,Taipei City,<Other>,<Other>,0.0,1,1,session_only
51374891.4212503626,1745433915,2020-12-27,1,0,0,0,0,0,mobile,Android,United States,Utah,google,organic,0.0,1,1,session_only
78795209.8852414225,2193256529,2020-11-24,1,1,0,0,0,0,desktop,Macintosh,United Arab Emirates,Dubai,google,organic,0.0,2,2,view_item
89123331.1467459493,6986229363,2020-11-11,1,1,0,1,0,0,mobile,Web,United States,Virginia,shop.googlemerchandisestore.com,referral,0.0,5,4,begin_checkout
61720079.4293399127,7277157377,2020-11-12,1,0,0,0,0,0,mobile,iOS,United States,California,<Other>,<Other>,0.0,1,1,session_only
25748571.3441456890,3862064879,2021-01-19,1,1,0,0,0,0,mobile,Web,India,Karnataka,<Other>,organic,0.0,2,2,view_item
8751614.6982984904,1796430753,2020-12-25,1,0,0,0,0,0,desktop,Web,United States,California,google,organic,0.0,1,1,session_only
58147185.1909670264,1246237836,2020-12-28,1,0,0,0,0,0,mobile,iOS,United States,Virginia,<Other>,organic,0.0,1,1,session_only
3848302144.5281798746,6512921141,2021-01-02,1,0,0,0,0,0,mobile,Web,Mexico,(not set),google,organic,0.0,1,1,session_only
4145612.3386781314,3749839478,2020-11-07,1,1,0,0,0,0,desktop,Web,Jordan,Amman Governorate,<Other>,referral,0.0,2,2,view_item
38651419.4764319252,5849327525,2020-12-04,1,0,0,0,0,0,desktop,Windows,Indonesia,Jakarta,shop.googlemerchandisestore.com,referral,0.0,1,1,session_only
1601698705.7311745574,4497240896,2020-12-19,1,0,0,0,0,0,desktop,Web,United States,California,<Other>,referral,0.0,1,1,session_only
75297841.9586357627,6036553528,2021-01-19,1,0,0,0,0,0,desktop,Macintosh,India,Uttar Pradesh,google,organic,0.0,1,1,session_only
39267965.5579837081,9417410404,2020-12-04,1,0,0,0,0,0,mobile,Web,Malaysia,Federal Territory of Kuala Lumpur,(direct),(none),0.0,1,1,session_only
5803152.1052652322,6963936332,2020-12-17,1,0,0,0,0,0,desktop,Windows,Turkey,Bursa,google,cpc,0.0,1,1,session_only
47208599.7306809210,138207495,2020-12-29,1,0,0,0,0,0,desktop,Web,Australia,Western Australia,google,cpc,0.0,1,1,session_only
1167208.1987142416,5512950949,2020-12-27,1,0,0,0,0,0,desktop,Web,Canada,Nova Scotia,<Other>,referral,0.0,1,1,session_only
19575593.1023255299,6316528673,2020-12-19,1,0,0,0,0,0,mobile,iOS,Japan,Osaka,(direct),(none),0.0,1,1,session_only
23746933.4177166785,7024858791,2020-11-05,1,1,0,0,0,0,mobile,Web,United States,Connecticut,(data deleted),(data deleted),0.0,2,2,view_item
3512162945.3093880319,862354138,2020-11-02,1,0,0,0,0,0,desktop,Web,Taiwan,Taipei City,<Other>,<Other>,0.0,1,1,session_only
43482230.3499807027,3960071291,2021-01-07,1,1,1,0,0,0,mobile,iOS,Algeria,(not set),google,cpc,0.0,5,3,add_to_cart
26778461.9858579755,9895453343,2020-12-17,1,0,0,0,0,0,mobile,Web,United States,Oregon,(direct),(none),0.0,1,1,session_only
1181313.0938779160,8384299307,2021-01-23,1,1,0,0,0,0,mobile,Web,France,Ile-de-France,google,organic,0.0,3,2,view_item
2815883.1890026845,4987698,2020-11-16,1,0,0,0,0,0,mobile,Web,Thailand,(not set),<Other>,organic,0.0,1,1,session_only
4714109.5857703443,1665599917,2021-01-30,1,0,0,0,0,0,desktop,Web,United States,Washington,<Other>,referral,0.0,1,1,session_only
48760438.0225444962,5377628491,2021-01-23,1,0,0,0,0,0,desktop,Web,United States,North Carolina,shop.googlemerchandisestore.com,referral,0.0,1,1,session_only
40853526.7145645038,5378413575,2021-01-06,1,0,0,0,0,0,mobile,Web,France,Ile-de-France,google,organic,0.0,1,1,session_only
10318212.6963807437,1800516251,2020-12-04,1,0,0,0,0,0,mobile,Android,United States,New Jersey,(data deleted),(data deleted),0.0,1,1,session_only
13085095.6753768403,7899816574,2020-11-26,1,0,0,0,0,0,mobile,Web,United States,Virginia,<Other>,<Other>,0.0,1,1,session_only
69305353.5961952246,4109474829,2020-11-14,1,0,0,0,0,0,mobile,Web,India,Delhi,shop.googlemerchandisestore.com,referral,0.0,1,1,session_only
2699909.5289861945,4724558236,2020-11-11,1,0,0,0,0,0,desktop,Web,Netherlands,North Brabant,google,organic,0.0,1,1,session_only
2345933.9427223568,3320794298,2020-12-21,1,1,1,1,1,1,mobile,Android,United States,New York,<Other>,organic,0.0,22,6,purchase
1043454.9850908047,8081427769,2020-11-12,1,0,0,0,0,0,mobile,Web,United States,California,google,organic,0.0,1,1,session_only
8755362495.6150622844,5200906210,2020-12-01,1,0,0,0,0,0,desktop,<Other>,United States,California,google,organic,0.0,1,1,session_only
80503908.2814642847,6521973309,2021-01-30,1,0,0,0,0,0,mobile,Android,Mexico,State of Mexico,google,organic,0.0,1,1,session_only
64961540.5149485269,2487917107,2020-12-29,1,0,0,0,0,0,desktop,Windows,United States,Texas,(direct),(none),0.0,1,1,session_only
22526089.8180139365,7252808979,2020-12-30,1,0,0,0,0,0,mobile,Android,Egypt,Cairo Governorate,google,organic,0.0,1,1,session_only
8852880.1981376335,1443470343,2020-12-26,1,0,0,0,0,0,mobile,Web,Taiwan,Taipei City,<Other>,referral,0.0,1,1,session_only
49288108.7792907743,3884563399,2020-11-16,1,1,0,1,1,1,mobile,Web,India,Kerala,google,organic,0.0,9,6,purchase
85572495.7416530441,6572233880,2020-11-11,1,1,0,0,0,0,mobile,Web,Nigeria,Lagos,<Other>,referral,0.0,10,2,view_item
1421856.0079266060,7321786822,2021-01-12,1,1,1,1,1,1,desktop,Windows,United States,Florida,(direct),(none),85.6,69,6,purchase
78804815.0411304620,8032634996,2020-12-31,1,0,0,0,0,0,desktop,Windows,India,Rajasthan,shop.googlemerchandisestore.com,referral,0.0,1,1,session_only
29844220.9770242696,3306905939,2021-01-25,1,0,0,0,0,0,mobile,iOS,Australia,New South Wales,(direct),(none),0.0,1,1,session_only
23548572.2489430942,8134616808,2021-01-27,1,0,0,0,0,0,desktop,<Other>,Turkey,Istanbul,(direct),(none),0.0,1,1,session_only
4921828.1016215010,7020281452,2021-01-25,1,0,0,0,0,0,mobile,Web,Austria,Lower Austria,<Other>,<Other>,0.0,1,1,session_only
64638410.5059772757,9555430307,2020-12-01,1,0,0,0,0,0,desktop,Web,United States,Texas,google,organic,0.0,1,1,session_only
3933559.6451761763,30866336,2021-01-25,1,1,0,0,0,0,desktop,Windows,Canada,Nova Scotia,(direct),(none),0.0,3,2,view_item
3272961.4196485002,3978410879,2020-11-20,1,0,0,0,0,0,mobile,iOS,France,Grand Est,(direct),(none),0.0,1,1,session_only
4729706.4715372333,460634245,2020-11-11,1,1,0,1,1,1,desktop,Web,United States,Indiana,<Other>,referral,100.64,13,6,purchase
7862654.7581335653,6400040878,2020-12-17,1,1,0,0,0,0,desktop,Web,Canada,Quebec,<Other>,<Other>,0.0,2,2,view_item
34407343.0166801200,8119339012,2021-01-31,1,0,0,0,0,0,desktop,Web,United States,California,google,cpc,0.0,1,1,session_only
11810241.8378777924,8968184924,2020-11-02,1,0,0,0,0,0,desktop,Web,India,Delhi,shop.googlemerchandisestore.com,referral,0.0,1,1,session_only
20794686.9833976264,1275501937,2020-12-23,1,0,0,0,0,0,desktop,Macintosh,United States,California,google,organic,0.0,1,1,session_only
5299488.0522490006,3433845951,2020-11-10,1,1,0,1,1,1,desktop,Windows,Italy,Campania,(direct),(none),154.8,18,6,purchase
48258702.3415380445,3271173050,2021-01-27,1,0,0,0,0,0,mobile,iOS,United States,Illinois,<Other>,referral,0.0,1,1,session_only
67152020.5348958962,9261314839,2021-01-29,1,0,0,0,0,0,desktop,Web,India,Bihar,google,organic,0.0,1,1,session_only
3969953.0971832701,5560234563,2021-01-27,1,1,0,0,0,0,mobile,Web,United States,Ohio,google,organic,0.0,5,2,view_item
81142611.7712976228,6800749730,2020-12-30,1,0,0,0,0,0,desktop,Web,United States,Mississippi,(direct),(none),0.0,1,1,session_only
74659549.1446070618,9733341117,2020-11-26,1,0,0,0,0,0,desktop,Macintosh,India,Punjab,<Other>,<Other>,0.0,1,1,session_only
42684727.1047232217,2215434782,2021-01-03,1,0,0,0,0,0,desktop,Windows,United States,New York,(direct),(none),0.0,1,1,session_only
50725646.9290345522,2642771663,2020-11-24,0,1,0,1,1,1,mobile,Web,Belgium,Flanders,(direct),(none),0.0,9,6,purchase
14824643.6662817646,9063206943,2021-01-07,1,1,0,0,0,0,desktop,Windows,United States,New York,shop.googlemerchandisestore.com,referral,0.0,2,2,view_item
74399758.7489043900,3188074268,2021-01-15,1,0,0,0,0,0,desktop,Web,United States,Ohio,(direct),(none),0.0,1,1,session_only
90126064.6914197945,1030561844,2020-12-17,1,0,0,0,0,0,desktop,Windows,United States,California,(direct),(none),0.0,1,1,session_only
38404260.8534164499,5276612721,2020-12-23,1,0,0,0,0,0,desktop,Web,United States,New York,google,organic,0.0,1,1,session_only
8984347.7452364061,5955740403,2020-12-19,1,1,0,0,0,0,mobile,Web,Singapore,(not set),<Other>,<Other>,0.0,2,2,view_item
36443181.1921451918,2574482135,2020-12-19,1,0,0,0,0,0,desktop,Web,United States,Texas,<Other>,<Other>,0.0,1,1,session_only
13612210.0360873615,789445255,2021-01-07,1,0,0,0,0,0,desktop,Web,Greece,Attica,(direct),(none),0.0,1,1,session_only
91529880.6749765308,8633841728,2020-11-20,1,1,0,1,1,1,mobile,Web,France,Occitanie,google,organic,0.0,27,6,purchase
4576392.7752372927,2507588869,2020-11-08,1,0,0,0,0,0,desktop,Web,United States,Florida,google,organic,0.0,1,1,session_only
74591991.2909738028,5167244397,2020-11-11,1,0,0,0,0,0,desktop,Macintosh,Norway,(not set),google,cpc,0.0,1,1,session_only
63202248.9573569209,5418588231,2021-01-25,1,0,0,0,0,0,desktop,Windows,Canada,Ontario,google,organic,0.0,1,1,session_only
39938001.1062491873,2776044636,2021-01-04,1,0,0,0,0,0,mobile,Android,United States,Washington,google,organic,0.0,1,1,session_only
19908844.9276094295,4558008202,2021-01-23,1,0,0,0,0,0,desktop,Web,United States,Texas,(direct),(none),0.0,1,1,session_only
55113822.2356817283,3103921309,2021-01-12,1,0,0,0,0,0,desktop,<Other>,United States,Virginia,<Other>,(data deleted),0.0,1,1,session_only
4098052.5117868666,9512000377,2021-01-04,1,0,0,0,0,0,desktop,Web,South Korea,Gyeonggi-do,shop.googlemerchandisestore.com,referral,0.0,1,1,session_only
3768592.5093687001,8359508484,2021-01-02,1,0,0,0,0,0,desktop,Web,Canada,Alberta,<Other>,referral,0.0,1,1,session_only
10077742.8228143697,9100419626,2021-01-20,1,0,0,0,0,0,desktop,Web,France,Ile-de-France,google,organic,0.0,1,1,session_only
65374417.5411826755,9261581048,2020-11-19,1,0,0,0,0,0,mobile,Web,United States,South Carolina,shop.googlemerchandisestore.com,referral,0.0,1,1,session_only
81285304.4161030958,7398891655,2021-01-16,1,0,0,0,0,0,mobile,Web,Switzerland,Vaud,<Other>,<Other>,0.0,1,1,session_only
2179584.9431997505,9131966321,2021-01-17,1,1,0,0,0,0,desktop,Macintosh,Brazil,State of Sao Paulo,google,cpc,0.0,2,2,view_item
6867990.1797729626,1129942179,2020-12-14,1,1,0,0,0,0,desktop,Macintosh,Sweden,Skane County,(direct),(none),0.0,4,2,view_item
48698000.0428014868,2689482795,2020-12-29,1,1,0,0,0,0,desktop,Web,United States,Texas,(data deleted),(data deleted),0.0,4,2,view_item
32915312.5348043070,1017319364,2021-01-10,1,0,0,0,0,0,desktop,Windows,United States,California,<Other>,referral,0.0,1,1,session_only
29540917.6202249894,9387076818,2020-11-19,1,0,0,0,0,0,mobile,Android,India,Maharashtra,google,organic,0.0,1,1,session_only
24239058.3271018982,845770878,2020-12-30,1,0,0,0,0,0,desktop,Web,France,Ile-de-France,google,organic,0.0,1,1,session_only
5156280.0455581752,7684364819,2021-01-10,1,0,0,0,0,0,desktop,Web,Canada,Ontario,google,organic,0.0,1,1,session_only
40176103.0063656023,8429563863,2021-01-09,1,0,0,0,0,0,desktop,Windows,United States,Georgia,(direct),(none),0.0,1,1,session_only
59825409.6987729155,1485474254,2021-01-12,1,0,0,0,0,0,mobile,Web,Switzerland,Zurich,(direct),(none),0.0,1,1,session_only
25561466.6598585189,2380209132,2021-01-16,1,1,0,0,0,0,mobile,Android,United States,Kentucky,google,organic,0.0,19,2,view_item
6186645.2069480711,770028996,2020-12-01,1,1,1,1,1,1,desktop,Web,Kenya,Nairobi County,<Other>,<Other>,0.0,17,6,purchase
29475680.6609062908,2783931835,2021-01-28,1,0,0,0,0,0,desktop,Web,United Kingdom,England,(direct),(none),0.0,1,1,session_only
7349509.8675508305,6220659293,2020-11-26,1,0,0,0,0,0,desktop,Web,Chile,Santiago Metropolitan Region,(data deleted),(data deleted),0.0,1,1,session_only
60511304.9329171465,9704361997,2020-11-16,1,0,0,0,0,0,mobile,Android,Bulgaria,(not set),(direct),(none),0.0,1,1,session_only
46312350.0943305091,3066153714,2020-11-20,1,1,0,0,0,0,desktop,Web,Italy,Lazio,google,organic,0.0,2,2,view_item
6661323.2381836051,4088000052,2021-01-24,1,1,0,0,0,0,desktop,<Other>,United States,Michigan,<Other>,referral,0.0,2,2,view_item
17020425.4302221148,6517764285,2021-01-07,1,0,0,0,0,0,desktop,Web,United States,Oregon,google,organic,0.0,1,1,session_only
35291810.8680551249,1582182772,2021-01-23,1,0,0,0,0,0,desktop,Web,Switzerland,St. Gallen,(data deleted),(data deleted),0.0,1,1,session_only
70005022.8501773941,8987090971,2021-01-29,1,0,0,0,0,0,desktop,Web,Germany,Bavaria,google,organic,0.0,1,1,session_only
5366574.4337595618,1457169876,2020-12-30,1,0,0,0,0,0,mobile,Android,United States,Texas,<Other>,<Other>,0.0,1,1,session_only
88508245.9980443355,811160777,2020-11-23,1,0,0,0,0,0,tablet,Web,United States,Washington,<Other>,<Other>,0.0,1,1,session_only
45609478.3501617367,6411931960,2021-01-04,1,0,0,0,0,0,mobile,Android,Poland,Lodz Voivodeship,google,organic,0.0,1,1,session_only
5482485.3833643464,3789134134,2020-12-21,1,1,1,0,0,0,mobile,Web,United States,Texas,(direct),(none),0.0,3,3,add_to_cart
44151085.7524536358,536546727,2020-12-23,1,0,0,0,0,0,desktop,Windows,Nigeria,Lagos,<Other>,referral,0.0,1,1,session_only
8074074.0674814251,6861401862,2020-11-26,1,0,0,0,0,0,desktop,Web,Algeria,Algiers Province,google,organic,0.0,1,1,session_only
83829669.3951634642,1601115569,2020-12-20,1,1,0,0,0,0,desktop,Web,United States,Michigan,google,organic,0.0,3,2,view_item
7369407.3129856754,4623224824,2020-11-12,1,0,0,0,0,0,desktop,Windows,United States,California,google,organic,0.0,1,1,session_only
48277143.5067513923,6564765112,2021-01-27,1,0,0,0,0,0,mobile,Web,Taiwan,Tainan City,(direct),(none),0.0,1,1,session_only
8145619.3317829300,9458319387,2020-11-15,1,0,0,0,0,0,desktop,Web,Mexico,(not set),(direct),(none),0.0,1,1,session_only
4843933.8545646448,80385111,2021-01-19,1,0,0,0,0,0,mobile,Web,United States,Kansas,(direct),(none),0.0,1,1,session_only
52554650.5446351971,4324137038,2020-11-23,1,0,0,0,0,0,mobile,Web,Canada,British Columbia,google,organic,0.0,1,1,session_only
7183277.0089198820,7823766603,2021-01-16,1,0,0,0,0,0,mobile,Web,India,Maharashtra,<Other>,referral,0.0,1,1,session_only
5252809.9432694529,5168650124,2020-12-28,1,0,0,0,0,0,desktop,Web,United States,Massachusetts,(direct),(none),0.0,1,1,session_only
7616742.0620231992,2437618405,2020-12-17,1,1,0,0,0,0,mobile,iOS,United States,Washington,<Other>,<Other>,0.0,2,2,view_item
8320161.9368152450,145397636,2020-12-20,1,0,0,0,0,0,mobile,Android,United States,California,(direct),(none),0.0,1,1,session_only
15913600.4581484990,2209640192,2021-01-26,1,0,0,0,0,0,mobile,Web,United States,California,<Other>,<Other>,0.0,1,1,session_only
39340661.9860193549,1678389616,2021-01-12,1,0,0,0,0,0,mobile,iOS,United States,Pennsylvania,<Other>,<Other>,0.0,1,1,session_only
83598464.4899967855,4748101418,2021-01-11,1,1,1,1,1,1,desktop,Web,United States,Pennsylvania,shop.googlemerchandisestore.com,referral,37.28,19,6,purchase
8072206.1660486506,1462156212,2021-01-06,1,0,0,0,0,0,desktop,Macintosh,Hong Kong,(not set),google,organic,0.0,1,1,session_only
2056012.9993257404,2433693952,2021-01-18,1,0,0,0,0,0,desktop,Web,United States,Texas,google,organic,0.0,1,1,session_only
3952686.6476478477,160601578,2020-11-23,1,0,0,0,0,0,desktop,Macintosh,United States,California,google,organic,0.0,1,1,session_only
5323353.2186165169,3804523127,2020-12-14,1,1,1,1,1,1,mobile,Web,United States,Kansas,(direct),(none),63.2,19,6,purchase
62588748.3077130398,1229684237,2021-01-24,1,1,1,0,0,0,desktop,Windows,South Korea,(not set),google,organic,0.0,3,3,add_to_cart
77407287.0288368276,7291367406,2020-11-24,1,0,0,0,0,0,desktop,Windows,Germany,Berlin,google,organic,0.0,1,1,session_only
40682803.3257060314,3695397241,2020-11-26,1,0,0,0,0,0,mobile,Web,United States,Massachusetts,<Other>,referral,0.0,1,1,session_only
63838777.6013079721,7506136818,2020-12-25,1,1,0,0,0,0,mobile,Web,India,Uttar Pradesh,(direct),(none),0.0,2,2,view_item
35862721.9988627980,3189715756,2020-11-24,1,1,0,1,1,1,desktop,Windows,United States,Tennessee,(direct),(none),80.48,29,6,purchase
73006186.7844977993,4038755884,2020-11-11,1,0,0,0,0,0,desktop,Macintosh,United States,Massachusetts,<Other>,<Other>,0.0,1,1,session_only
22552868.7997448530,6015922022,2021-01-04,1,0,0,0,0,0,desktop,Windows,United States,Oregon,google,organic,0.0,1,1,session_only
7966140.9633333801,9955370405,2021-01-13,1,0,0,0,0,0,mobile,Android,Thailand,Bangkok,<Other>,referral,0.0,1,1,session_only
47411552.9654999884,2866035486,2020-12-04,1,1,1,1,1,1,mobile,iOS,Germany,Saxony,google,organic,56.8,9,6,purchase
17492372.9597325884,4033077305,2020-12-31,1,1,0,0,0,0,mobile,Android,Taiwan,New Taipei City,shop.googlemerchandisestore.com,referral,0.0,4,2,view_item
9105722.6356264548,5150480506,2021-01-09,1,0,0,0,0,0,desktop,Windows,United States,North Carolina,<Other>,referral,0.0,1,1,session_only
6704350.3968298645,5474247221,2021-01-17,1,0,0,0,0,0,desktop,Web,United States,Pennsylvania,google,organic,0.0,1,1,session_only
9189221.4465167896,4772424618,2021-01-20,1,1,0,0,0,0,mobile,Web,Taiwan,Taichung City,<Other>,<Other>,0.0,3,2,view_item
1772197.7718435653,2719353656,2021-01-11,1,0,0,0,0,0,desktop,Web,Netherlands,Utrecht,<Other>,<Other>,0.0,1,1,session_only
1264061.3695596652,6709180210,2020-12-04,1,0,0,0,0,0,mobile,iOS,China,Fujian,google,organic,0.0,1,1,session_only
1484257.8052292428,5903277560,2021-01-29,1,0,0,0,0,0,desktop,Web,Italy,Emilia-Romagna,(data deleted),(data deleted),0.0,1,1,session_only
84172914.5775541079,2014010328,2021-01-25,1,1,1,1,1,1,desktop,Web,United States,California,<Other>,referral,80.4,40,6,purchase
22529687.9659399392,3600058790,2020-11-19,1,0,0,0,0,0,desktop,Windows,India,Chandigarh,google,organic,0.0,1,1,session_only
65487142.5617640083,5765093718,2020-11-02,1,0,0,0,0,0,desktop,Web,United States,New York,<Other>,referral,0.0,1,1,session_only
6033766.3223969030,3365105132,2021-01-11,1,0,0,0,0,0,desktop,<Other>,India,Tamil Nadu,google,organic,0.0,1,1,session_only
7464281.1873084694,4996665148,2021-01-04,1,0,0,0,0,0,mobile,Web,United States,South Carolina,google,organic,0.0,1,1,session_only
3808697.1709055075,6498188809,2021-01-20,1,0,0,0,0,0,mobile,Web,Kazakhstan,Almaty Province,<Other>,referral,0.0,1,1,session_only
91834338.2782930529,4282893200,2021-01-30,1,1,0,0,0,0,desktop,Windows,United States,Minnesota,google,organic,0.0,2,2,view_item
58485447.8987782772,7297491933,2020-11-29,1,1,0,0,0,0,mobile,Web,Canada,Ontario,google,organic,0.0,2,2,view_item
37723285.2538097035,9351311996,2020-11-05,1,1,0,1,1,1,mobile,iOS,South Korea,Seoul,<Other>,referral,0.0,12,6,purchase
1982114.6298840037,4736806912,2020-12-19,1,1,0,0,0,0,mobile,Android,United States,Texas,(direct),(none),0.0,7,2,view_item
6964107.5436889790,9050864887,2021-01-01,1,0,0,0,0,0,desktop,Web,Canada,Alberta,(direct),(none),0.0,1,1,session_only
3215351.9735624510,3141441414,2020-12-21,1,0,0,0,0,0,desktop,Web,United States,Texas,(direct),(none),0.0,1,1,session_only
57377836.7972182319,5979525204,2021-01-28,1,0,0,0,0,0,desktop,Web,Slovakia,(not set),shop.googlemerchandisestore.com,referral,0.0,1,1,session_only
85065180.4518626418,6899930317,2020-11-24,1,0,0,0,0,0,desktop,Web,United States,Colorado,shop.googlemerchandisestore.com,referral,0.0,1,1,session_only
45275318.1939996986,6748196439,2020-11-02,1,1,0,0,0,0,mobile,Android,United States,South Carolina,google,cpc,0.0,2,2,view_item
3498221.7289320486,8023747670,2020-12-30,1,0,0,0,0,0,desktop,Web,Philippines,Central Luzon,(data deleted),(data deleted),0.0,1,1,session_only
7599193.7499813685,3046544204,2020-12-14,1,0,0,0,0,0,desktop,Web,United States,North Carolina,(direct),(none),0.0,1,1,session_only
91050833.9676990326,919360024,2020-12-17,1,1,0,0,0,0,desktop,Web,United States,Illinois,<Other>,<Other>,0.0,3,2,view_item
66054996.4687988126,2362944867,2021-01-02,1,0,0,0,0,0,mobile,iOS,United States,California,(direct),(none),0.0,1,1,session_only
24838740.7895511899,4986788358,2020-11-23,1,0,0,0,0,0,desktop,Web,United States,Louisiana,(data deleted),(data deleted),0.0,1,1,session_only
4568273.5398050628,3059947367,2020-12-01,1,0,0,0,0,0,desktop,Web,United States,Massachusetts,shop.googlemerchandisestore.com,referral,0.0,1,1,session_only
5459917.4196613876,3414814714,2021-01-11,1,0,0,0,0,0,desktop,Web,India,Gujarat,google,organic,0.0,1,1,session_only
5684870.9444389006,2024231874,2021-01-29,1,0,0,0,0,0,mobile,iOS,Mexico,State of Mexico,<Other>,referral,0.0,1,1,session_only
32736921.5084377355,6627385678,2020-12-21,1,0,0,0,0,0,mobile,iOS,United States,California,<Other>,referral,0.0,1,1,session_only
2565771.6443293956,7871006806,2021-01-20,1,1,0,0,0,0,mobile,Web,Brazil,(not set),shop.googlemerchandisestore.com,referral,0.0,2,2,view_item
86616649.6835155517,2887960428,2020-11-20,0,1,0,0,0,0,desktop,<Other>,Netherlands,North Holland,(direct),(none),0.0,1,2,view_item
7813538.8375987999,9883698468,2020-12-21,1,0,0,0,0,0,mobile,Android,Canada,British Columbia,google,cpc,0.0,1,1,session_only
8350161.2995042918,1150905638,2020-12-27,1,0,0,0,0,0,mobile,Web,Georgia,Tbilisi,<Other>,referral,0.0,1,1,session_only
72213541.0465236431,6537347806,2020-11-05,1,1,0,1,0,0,desktop,Web,Netherlands,North Holland,google,organic,0.0,3,4,begin_checkout
45400000.3157952547,2680527626,2021-01-12,1,0,0,0,0,0,desktop,Windows,India,Punjab,google,organic,0.0,1,1,session_only
2550351.4004742366,5392244047,2021-01-31,1,0,0,0,0,0,tablet,iOS,Canada,(not set),google,organic,0.0,1,1,session_only
9018980.6087099719,2483872446,2021-01-28,1,1,0,1,1,1,mobile,iOS,United States,California,(direct),(none),0.0,10,6,purchase
46449899.1164565585,149984647,2020-12-30,1,0,0,0,0,0,desktop,<Other>,Slovenia,(not set),<Other>,<Other>,0.0,1,1,session_only
66702920.5018900334,943950590,2020-12-14,1,1,0,0,0,0,mobile,Web,Turkey,Istanbul,(direct),(none),0.0,7,2,view_item
50696988.5565982025,7602762327,2020-11-10,1,0,0,0,0,0,desktop,Web,United States,New York,google,organic,0.0,1,1,session_only
8040170.0448304164,3796333263,2020-11-09,1,0,0,0,0,0,mobile,Web,United Kingdom,(not set),(direct),(none),0.0,1,1,session_only
1120983.9590116613,9065686772,2020-12-14,1,0,0,0,0,0,mobile,Web,Taiwan,Taoyuan City,google,organic,0.0,1,1,session_only
4206208.9552464098,8188044798,2021-01-09,1,1,0,0,0,0,desktop,Web,India,(not set),(direct),(none),0.0,2,2,view_item
80632671.7018896021,3316460891,2020-12-14,1,1,0,1,1,1,desktop,Web,United States,California,(direct),(none),0.0,11,6,purchase
8529481.6822364250,5431254406,2020-11-08,1,0,0,0,0,0,desktop,Web,United States,Delaware,google,organic,0.0,1,1,session_only
58346745.9353790386,3651862798,2020-12-17,1,0,0,0,0,0,desktop,Web,Germany,Bavaria,<Other>,<Other>,0.0,1,1,session_only
33698429.3230437138,9876671308,2021-01-08,1,0,0,0,0,0,desktop,Macintosh,India,Delhi,(direct),(none),0.0,1,1,session_only
70783369.8309891844,1388539456,2021-01-29,1,0,0,0,0,0,mobile,iOS,United States,Virginia,shop.googlemerchandisestore.com,referral,0.0,1,1,session_only
5951503.2830867633,8245224724,2020-11-16,0,0,0,0,1,1,desktop,Web,Brazil,State of Parana,shop.googlemerchandisestore.com,referral,25.71,2,6,purchase
5747679.8708826006,7604558198,2021-01-07,1,0,0,0,0,0,desktop,Web,United States,California,google,organic,0.0,1,1,session_only
80825724.4005939752,3751306544,2020-11-26,1,1,1,1,1,1,mobile,iOS,United States,Texas,(data deleted),(data deleted),266.2,16,6,purchase
8672005.3850057470,354830469,2021-01-06,1,1,0,0,0,0,mobile,Web,India,Maharashtra,google,organic,0.0,2,2,view_item
4521237.8682160795,1140745683,2020-11-16,1,0,0,0,0,0,mobile,Android,United States,Colorado,(direct),(none),0.0,1,1,session_only
20126758.6853719024,1159231268,2020-12-28,1,1,1,1,1,1,desktop,Web,United Kingdom,England,google,organic,0.0,19,6,purchase
16239791.9542908331,2184083794,2021-01-23,1,1,1,1,1,1,mobile,Web,United States,California,google,organic,0.0,12,6,purchase
8072359.0386786775,7240588518,2020-11-19,1,0,0,0,0,0,desktop,Web,Brazil,State of Sao Paulo,<Other>,organic,0.0,1,1,session_only
36128728.3029879189,1033742739,2020-11-15,1,0,0,0,0,0,mobile,Web,United States,New York,(direct),(none),0.0,1,1,session_only
466397267.1803000080,4318813591,2021-01-25,1,1,0,0,0,0,mobile,Web,United States,Ohio,google,organic,0.0,3,2,view_item
66687603.2446040051,2455954054,2020-11-12,1,0,0,0,0,0,desktop,Windows,United States,Wisconsin,shop.googlemerchandisestore.com,referral,0.0,1,1,session_only
4245041.1448123275,6119021120,2021-01-18,1,0,0,0,0,0,mobile,Web,Kazakhstan,(not set),google,cpc,0.0,1,1,session_only
45583829.6089637491,9166183313,2021-01-04,1,0,0,0,0,0,mobile,Web,United States,Virginia,<Other>,referral,0.0,1,1,session_only
5238702.5551242111,5079273306,2020-12-01,1,0,0,0,0,0,mobile,Android,Hong Kong,(not set),<Other>,referral,0.0,1,1,session_only
3595666.6040424621,4946847974,2020-11-23,1,0,0,0,0,0,desktop,Windows,United States,California,<Other>,<Other>,0.0,1,1,session_only
3896257.5911689533,5951813798,2020-11-19,1,0,0,0,0,0,desktop,Web,Italy,Veneto,(direct),(none),0.0,1,1,session_only
29984214.6746597125,7618298268,2021-01-07,1,0,0,0,0,0,desktop,Web,Germany,Hamburg,shop.googlemerchandisestore.com,referral,0.0,1,1,session_only
43241870.4597743862,7148430893,2021-01-06,1,0,0,0,0,0,desktop,<Other>,Taiwan,New Taipei City,(data deleted),(data deleted),0.0,1,1,session_only
3140051.1740215109,6195451926,2021-01-19,1,0,0,0,0,0,desktop,Windows,United States,California,(direct),(none),0.0,1,1,session_only
2677473.7961640371,7254919265,2021-01-08,1,0,0,0,0,0,desktop,Web,India,Madhya Pradesh,<Other>,<Other>,0.0,1,1,session_only
60925250.6967951684,6852736218,2021-01-08,1,0,0,0,0,0,desktop,Web,United Kingdom,England,google,organic,0.0,1,1,session_only
3774448.7420104854,9168578289,2021-01-27,1,0,0,0,0,0,desktop,Web,United States,California,<Other>,<Other>,0.0,1,1,session_only
8306358.6916049059,8774622240,2021-01-11,1,0,0,0,0,0,desktop,Windows,South Korea,Busan,shop.googlemerchandisestore.com,referral,0.0,1,1,session_only
8319955179.4978280190,5408261580,2021-01-11,1,1,0,0,0,0,tablet,Android,Chile,Santiago Metropolitan Region,(data deleted),(data deleted),0.0,4,2,view_item
6543132.7883738194,5347688639,2021-01-31,1,0,0,0,0,0,mobile,Web,China,Sichuan,google,organic,0.0,1,1,session_only
52565741.6337681069,6392680771,2020-11-23,1,1,0,1,1,1,mobile,Web,United States,Florida,<Other>,referral,59.2,6,6,purchase
1438475.8300411711,6335284718,2020-12-19,1,1,1,1,0,0,desktop,Web,Australia,New South Wales,(direct),(none),0.0,17,4,begin_checkout
80036045.5161875300,9098752884,2021-01-11,1,0,0,0,0,0,desktop,Windows,Brazil,State of Rio de Janeiro,google,organic,0.0,1,1,session_only
54922772.6917591858,9799988559,2021-01-06,1,0,0,0,0,0,desktop,Web,Greece,Decentralized Administration of Macedonia and Thrace,google,organic,0.0,1,1,session_only
47320569.5663739973,8550836818,2020-12-17,1,1,1,1,1,1,desktop,Macintosh,United States,Missouri,google,organic,194.44,116,6,purchase
80740291.1074009996,5421883220,2020-12-04,1,0,0,0,0,0,desktop,Web,Singapore,(not set),google,organic,0.0,1,1,session_only
42140555.7829005979,9207128539,2020-12-23,1,1,1,1,1,1,desktop,Web,India,Tamil Nadu,(direct),(none),0.0,32,6,purchase
11230043.8222871793,4513814564,2020-12-26,1,0,0,0,0,0,mobile,iOS,China,Zhejiang,<Other>,<Other>,0.0,1,1,session_only
14852669.9791388097,5640596106,2020-12-04,1,1,1,1,1,1,desktop,Windows,United States,California,google,organic,82.24,55,6,purchase
2295517507.2453944743,5166874541,2020-11-20,1,1,0,0,0,0,desktop,Windows,United States,Ohio,google,cpc,0.0,2,2,view_item
27084722.6062137465,3321495040,2020-11-24,1,0,0,0,0,0,desktop,Web,Philippines,(not set),shop.googlemerchandisestore.com,referral,0.0,1,1,session_only
42486280.7395375883,3540895496,2021-01-27,1,1,0,1,1,1,mobile,Web,India,Uttar Pradesh,(data deleted),(data deleted),0.0,50,6,purchase
3614462.9768483299,120969878,2021-01-13,1,0,0,0,0,0,desktop,Web,United States,Pennsylvania,(direct),(none),0.0,1,1,session_only
20632755.3164904226,3522535200,2021-01-06,1,0,0,0,0,0,desktop,Windows,Taiwan,Taipei City,(direct),(none),0.0,1,1,session_only
8449788.5771253220,2343500992,2021-01-29,1,0,0,0,0,0,desktop,<Other>,Taiwan,Taipei City,google,organic,0.0,1,1,session_only
6252939.4149654258,7873947160,2020-12-31,1,0,0,0,0,0,tablet,iOS,Canada,Quebec,shop.googlemerchandisestore.com,referral,0.0,1,1,session_only
45748751.6845503125,5944056107,2021-01-01,1,0,0,0,0,0,mobile,Web,United States,North Carolina,google,organic,0.0,1,1,session_only
80778285.6580433944,2161370085,2020-11-24,1,1,0,0,0,0,mobile,Web,United States,California,(direct),(none),0.0,4,2,view_item
20955192.8554560836,7923498347,2020-11-19,1,1,0,0,0,0,mobile,Web,Spain,Andalusia,shop.googlemerchandisestore.com,referral,0.0,3,2,view_item
7769080.0946439161,3821851663,2021-01-10,1,0,0,0,0,0,desktop,Web,United States,Massachusetts,<Other>,<Other>,0.0,1,1,session_only
8403882324.8733646119,2954218056,2020-12-17,1,1,1,0,0,0,mobile,Web,United States,Kentucky,google,organic,0.0,10,3,add_to_cart
1506539.1639843846,2972002678,2021-01-06,1,0,0,0,0,0,desktop,Windows,United States,Texas,shop.googlemerchandisestore.com,referral,0.0,1,1,session_only
85430090.1754394329,2153113619,2021-01-13,1,0,0,0,0,0,desktop,Web,Czechia,Prague,google,organic,0.0,1,1,session_only
5257000.3496337211,9741189839,2021-01-11,1,0,0,0,0,0,mobile,Web,Sweden,(not set),<Other>,<Other>,0.0,1,1,session_only
6670122091.4622753239,1914010603,2020-12-31,1,0,0,1,1,1,mobile,Web,United Kingdom,England,<Other>,referral,0.0,6,6,purchase
7448473.0896748351,8950077272,2020-12-19,1,0,0,0,0,0,mobile,Android,United States,New York,(direct),(none),0.0,1,1,session_only
5122433.5937008612,3053537449,2020-11-07,1,0,0,0,0,0,desktop,Web,United States,California,google,cpc,0.0,1,1,session_only
2220800.9250183212,3953508411,2021-01-12,1,0,0,0,0,0,desktop,<Other>,Canada,Quebec,<Other>,<Other>,0.0,1,1,session_only
4194049.2336362707,7640306889,2021-01-15,1,0,0,0,0,0,mobile,Web,United States,California,google,organic,0.0,1,1,session_only
38796370.8346852961,9395055811,2020-12-24,1,0,0,0,0,0,mobile,Web,Indonesia,West Java,<Other>,<Other>,0.0,1,1,session_only
5134655.2786099951,8685273347,2020-11-15,1,1,0,0,0,0,mobile,Web,United States,New York,<Other>,<Other>,0.0,4,2,view_item
62649947.9698419826,3635187147,2021-01-17,1,0,0,0,0,0,mobile,Web,Germany,Hessen,<Other>,<Other>,0.0,1,1,session_only
46939450.3012993592,3737532280,2021-01-19,1,0,0,0,0,0,desktop,Windows,United States,California,google,organic,0.0,1,1,session_only
4976664.6247756706,4057235610,2020-12-30,1,0,0,0,0,0,desktop,Macintosh,South Korea,Busan,<Other>,organic,0.0,1,1,session_only
7760557.0840745683,8212191596,2020-12-29,1,1,0,0,0,0,desktop,Macintosh,United States,Kentucky,shop.googlemerchandisestore.com,referral,0.0,3,2,view_item
52683414.3305777079,2058038661,2021-01-20,1,0,0,0,0,0,mobile,Web,Canada,Ontario,(direct),(none),0.0,1,1,session_only
64544405.2785103074,4197991117,2020-12-04,1,0,0,0,0,0,desktop,Web,Canada,New Brunswick,google,organic,0.0,1,1,session_only
1271561.2991586268,3967191386,2020-11-19,1,0,0,0,0,0,mobile,iOS,Vietnam,Hanoi,<Other>,referral,0.0,1,1,session_only
3663889.6627811535,9896162682,2020-11-23,1,0,0,0,0,0,desktop,Web,Hong Kong,(not set),(data deleted),(data deleted),0.0,1,1,session_only
1130365.5018516522,6446951663,2020-11-09,1,0,0,0,0,0,mobile,Web,United States,California,google,organic,0.0,1,1,session_only
44505322.3097642534,5464525722,2020-11-02,1,1,0,0,0,0,desktop,Web,India,Haryana,shop.googlemerchandisestore.com,referral,0.0,3,2,view_item
2567671.6060910684,4104646632,2021-01-28,1,0,0,0,0,0,desktop,Windows,India,Tamil Nadu,google,organic,0.0,1,1,session_only
5523522.3892290764,8166525570,2021-01-25,1,0,0,0,0,0,mobile,Android,United States,New Hampshire,shop.googlemerchandisestore.com,referral,0.0,1,1,session_only
6962722.6331904384,9153601172,2021-01-19,1,0,0,0,0,0,desktop,Web,United Kingdom,England,google,organic,0.0,1,1,session_only
36586877.1230360698,1962505427,2020-11-11,1,0,0,0,0,0,desktop,Web,India,Jharkhand,shop.googlemerchandisestore.com,referral,0.0,1,1,session_only
3373762281.5970758593,1820667448,2021-01-06,1,0,0,0,0,0,desktop,Web,Australia,Victoria,shop.googlemerchandisestore.com,referral,0.0,1,1,session_only
7711053.0709227584,275541501,2020-11-09,1,1,0,1,1,1,desktop,Web,Colombia,Bogota,(direct),(none),18.4,17,6,purchase
21164356.9871033204,3207262983,2020-11-23,1,0,0,0,0,0,desktop,Windows,Colombia,Bogota,(direct),(none),0.0,1,1,session_only
6179695.7840224515,9438372364,2020-12-29,1,0,0,0,0,0,mobile,Web,United States,New Jersey,shop.googlemerchandisestore.com,referral,0.0,1,1,session_only
2087406.8641495162,344512680,2021-01-08,1,0,0,0,0,0,desktop,Web,Japan,(not set),google,cpc,0.0,1,1,session_only
79219690.8483166390,4696257432,2020-11-05,1,1,0,1,1,1,mobile,Web,India,Maharashtra,(data deleted),(data deleted),64.6,12,6,purchase
90487487.6715609866,5980567046,2021-01-11,1,1,0,0,0,0,desktop,Web,United States,New Hampshire,google,organic,0.0,3,2,view_item
3389578.3871292375,7687219525,2021-01-16,1,0,0,0,0,0,desktop,Web,Canada,Ontario,google,cpc,0.0,1,1,session_only
34893677.5986111507,7696615193,2020-12-04,1,0,0,0,0,0,desktop,Windows,United States,California,(direct),(none),0.0,1,1,session_only
3663344918.9392660324,2938208039,2020-12-29,1,0,0,0,0,0,desktop,Windows,Australia,New South Wales,google,organic,0.0,1,1,session_only
7991890.3904570384,9127932928,2021-01-26,1,0,0,0,0,0,desktop,Windows,United Kingdom,Scotland,<Other>,organic,0.0,1,1,session_only
8507115.8764819094,8614770810,2021-01-07,1,0,0,0,0,0,desktop,Web,United States,Texas,<Other>,<Other>,0.0,1,1,session_only
3508378.0798934557,899236883,2021-01-20,1,1,1,1,1,1,desktop,Macintosh,United States,Florida,(data deleted),(data deleted),88.24,17,6,purchase
8180726.7819993427,1991922074,2021-01-06,1,0,0,0,0,0,desktop,Macintosh,India,Bihar,google,organic,0.0,1,1,session_only
6293711.3589236363,9388636775,2020-12-17,1,0,0,0,0,0,mobile,Web,India,Rajasthan,google,organic,0.0,1,1,session_only
3338015.6262618913,5034876825,2021-01-28,1,0,0,0,0,0,desktop,Web,United States,California,(direct),(none),0.0,1,1,session_only
12036388.8299005179,52512934,2021-01-01,1,0,0,0,0,0,desktop,<Other>,Denmark,Region of Southern Denmark,shop.googlemerchandisestore.com,referral,0.0,1,1,session_only
2147311.9175429648,59658434,2021-01-25,1,0,0,0,0,0,desktop,<Other>,United States,Minnesota,<Other>,referral,0.0,1,1,session_only
7742039.3486708180,440517888,2021-01-12,1,0,0,0,0,0,desktop,Web,Italy,Apulia,(direct),(none),0.0,1,1,session_only
3090773.1638763101,9412964748,2020-12-30,1,1,1,1,1,1,mobile,Web,India,Chhattisgarh,(data deleted),(data deleted),0.0,31,6,purchase
32005543.6396227540,6997282498,2021-01-28,1,0,0,0,0,0,mobile,iOS,Japan,(not set),google,cpc,0.0,1,1,session_only
1685178.0670336190,3036814203,2020-12-23,1,1,0,1,1,1,mobile,iOS,United States,Virginia,google,organic,0.0,8,6,purchase
66059245.8515537736,8449459238,2020-12-28,1,0,0,0,0,0,desktop,Web,Taiwan,Taipei City,(direct),(none),0.0,1,1,session_only
33708054.8294606804,158321253,2021-01-25,1,0,0,0,0,0,desktop,Web,Vietnam,Ho Chi Minh City,(direct),(none),0.0,1,1,session_only
7125613.8939458504,6584413291,2020-12-04,1,1,0,0,0,0,desktop,Web,Chile,Santiago Metropolitan Region,(direct),(none),0.0,2,2,view_item
75571709.1157982540,4720475994,2020-12-19,1,1,1,1,1,1,mobile,iOS,United States,North Carolina,(data deleted),(data deleted),48.16,33,6,purchase
42400601.5485491905,9894409290,2020-12-30,1,0,0,0,0,0,desktop,Web,United States,California,google,organic,0.0,1,1,session_only
5245341.4919379201,3965294156,2020-11-05,1,1,0,0,0,0,mobile,iOS,Mexico,Guanajuato,<Other>,organic,0.0,4,2,view_item
8077191.1167373292,1757036018,2020-12-01,1,1,0,0,0,0,mobile,Android,India,Uttar Pradesh,google,organic,0.0,2,2,view_item
2840024.8519346207,5330734754,2021-01-15,1,0,0,0,0,0,mobile,Web,United Kingdom,England,google,organic,0.0,1,1,session_only
40566436.6124867346,3129798627,2021-01-11,1,0,0,0,0,0,desktop,<Other>,United States,Florida,google,organic,0.0,1,1,session_only
16408126.9749512073,5296625783,2020-12-30,1,0,0,0,0,0,desktop,Windows,United States,Arizona,<Other>,organic,0.0,1,1,session_only
13285898.5783637170,863475040,2020-11-10,1,0,0,0,0,0,desktop,Web,India,Kerala,(data deleted),(data deleted),0.0,1,1,session_only
9225667.9574045378,6393252789,2020-12-30,1,0,0,0,0,0,desktop,Web,United States,North Carolina,<Other>,referral,0.0,1,1,session_only
16415007.0043314838,3896354549,2021-01-11,1,0,0,0,0,0,mobile,Web,Peru,(not set),<Other>,referral,0.0,1,1,session_only
61911379.0470265067,7674877682,2020-12-01,1,1,0,0,0,0,mobile,Web,Spain,Canary Islands,google,organic,0.0,10,2,view_item
8853623246.3814374356,1047409679,2021-01-25,1,0,0,0,0,0,mobile,Web,Sweden,Stockholm County,google,organic,0.0,1,1,session_only
92049166.8987062938,5993884992,2021-01-07,1,0,0,0,0,0,desktop,Windows,South Korea,Chungcheongbuk-do,shop.googlemerchandisestore.com,referral,0.0,1,1,session_only
7406313.3537238707,3220541523,2021-01-06,1,0,0,0,0,0,mobile,Web,United States,Ohio,(data deleted),(data deleted),0.0,1,1,session_only
34588503.3803734685,7365792617,2020-11-14,1,0,0,0,0,0,desktop,Web,Brazil,State of Minas Gerais,(direct),(none),0.0,1,1,session_only
8801230.4014623734,8335384858,2021-01-27,1,0,0,0,0,0,mobile,Android,United States,Georgia,<Other>,organic,0.0,1,1,session_only
4135425.4637750952,8513849941,2021-01-27,1,0,0,0,0,0,desktop,Web,United States,Michigan,(direct),(none),0.0,1,1,session_only
8590208.9619794884,3318521372,2020-12-01,1,0,0,0,0,0,desktop,Windows,Spain,Catalonia,<Other>,<Other>,0.0,1,1,session_only
3291959747.1677881458,3394066505,2020-12-25,1,1,0,0,0,0,mobile,Web,India,West Bengal,google,organic,0.0,2,2,view_item
25580249.5071353675,3182867814,2021-01-09,1,0,0,0,0,0,mobile,Android,India,Punjab,<Other>,<Other>,0.0,1,1,session_only
39384641.5081719017,560697386,2020-12-19,1,0,0,0,0,0,mobile,Web,United States,Virginia,(data deleted),(data deleted),0.0,1,1,session_only
59273243.6168184545,7644068517,2020-11-16,1,0,0,0,0,0,desktop,Macintosh,Bulgaria,(not set),<Other>,<Other>,0.0,1,1,session_only
39100568.1852577686,6855282403,2020-12-04,1,0,0,0,0,0,mobile,iOS,United States,Texas,(direct),(none),0.0,1,1,session_only
7483078.1076858608,6265509896,2020-12-31,1,0,0,0,0,0,desktop,Web,Malaysia,Penang,(direct),(none),0.0,1,1,session_only
61316734.1555664082,697267357,2021-01-20,1,1,0,0,0,0,desktop,Web,United States,New York,(data deleted),(data deleted),0.0,3,2,view_item
7402990.9234914514,8369557481,2020-12-30,1,0,0,0,0,0,desktop,<Other>,India,Maharashtra,google,organic,0.0,1,1,session_only
4284305324.1896487358,9021278557,2020-11-24,1,1,0,1,1,1,mobile,Web,India,Telangana,(direct),(none),0.0,12,6,purchase
4966678.0739766349,6990289059,2020-11-19,1,0,0,0,0,0,desktop,Web,United States,Texas,(direct),(none),0.0,1,1,session_only
5386481.1956256063,7268716202,2020-12-28,1,0,0,0,0,0,desktop,Windows,United States,New Jersey,<Other>,<Other>,0.0,1,1,session_only
78198936.3274310179,3824687387,2020-12-28,1,0,0,0,0,0,mobile,Web,United States,Illinois,(direct),(none),0.0,1,1,session_only
59813649.3989475470,521731013,2020-12-30,1,1,0,0,0,0,desktop,Windows,United States,California,google,organic,0.0,2,2,view_item
1437889.1897828341,7614590097,2020-11-10,1,1,0,0,0,0,desktop,Macintosh,United States,Missouri,<Other>,<Other>,0.0,2,2,view_item
3261850.2252714982,9931813848,2020-11-29,1,1,1,1,1,1,mobile,Web,United States,California,google,organic,0.0,11,6,purchase
3123029.8926407980,3903950658,2021-01-24,1,0,0,0,0,0,desktop,Macintosh,United States,Arkansas,google,organic,0.0,1,1,session_only
80536550.4410904175,8800865925,2021-01-25,1,0,0,0,0,0,mobile,Web,United States,Michigan,(data deleted),(data deleted),0.0,1,1,session_only
15204961.6489443962,3258507598,2021-01-16,1,0,0,0,0,0,desktop,Web,Peru,(not set),<Other>,organic,0.0,1,1,session_only
52851900.9846920930,748722983,2020-12-30,1,0,0,0,0,0,desktop,Web,United States,Oregon,<Other>,<Other>,0.0,1,1,session_only
5751294.2360818419,6392717159,2021-01-13,1,1,0,0,0,0,desktop,Web,India,Jharkhand,(data deleted),(data deleted),0.0,3,2,view_item
273139000.1965378641,7324861768,2020-11-12,1,0,0,0,0,0,desktop,Windows,United States,Kansas,google,organic,0.0,1,1,session_only
7931075.5123857211,4435025746,2021-01-25,1,0,0,0,0,0,tablet,iOS,Canada,Ontario,shop.googlemerchandisestore.com,referral,0.0,1,1,session_only
84856409.3071909512,8224914374,2021-01-02,1,0,0,0,0,0,mobile,Web,France,Occitanie,<Other>,<Other>,0.0,1,1,session_only
69436532.9932682011,3101685810,2021-01-03,1,0,0,0,0,0,desktop,Windows,France,Auvergne-Rhone-Alpes,<Other>,<Other>,0.0,1,1,session_only
4439497.6408692005,2205980042,2020-11-26,1,0,0,0,0,0,desktop,Web,United States,Nevada,(direct),(none),0.0,1,1,session_only
83173470.9892416176,2743920998,2021-01-06,1,0,0,0,0,0,mobile,Android,Peru,(not set),<Other>,referral,0.0,1,1,session_only
4820347.8094498975,4012509800,2021-01-08,1,0,0,0,0,0,mobile,Android,United States,Massachusetts,<Other>,referral,0.0,1,1,session_only
5492322788.7993357688,1283067616,2021-01-06,1,0,0,0,0,0,mobile,Android,United States,Iowa,(data deleted),(data deleted),0.0,1,1,session_only
8444872451.6408610201,9610399215,2020-11-19,1,1,0,0,0,0,mobile,Web,United States,Florida,(data deleted),(data deleted),0.0,5,2,view_item
72828277.1106607539,5197301134,2021-01-18,1,0,0,0,0,0,mobile,iOS,South Korea,Gyeonggi-do,google,organic,0.0,1,1,session_only
7808489.0343492791,31624786,2020-11-19,1,0,0,0,0,0,mobile,Web,Russia,(not set),shop.googlemerchandisestore.com,referral,0.0,1,1,session_only
14927781.0415293059,6067050227,2020-11-05,1,0,0,0,0,0,mobile,Android,United States,Nebraska,google,organic,0.0,1,1,session_only
5926517.0369561358,8799234971,2021-01-15,1,0,0,0,0,0,desktop,Web,United States,Ohio,(direct),(none),0.0,1,1,session_only
2092209.3032474775,7968482189,2021-01-17,1,0,0,0,0,0,mobile,iOS,United States,California,<Other>,<Other>,0.0,1,1,session_only
89146672.5265830468,5063241635,2020-12-24,1,0,0,0,0,0,mobile,iOS,France,Ile-de-France,google,organic,0.0,1,1,session_only
4713304.5876849054,1010475148,2020-11-08,1,0,0,0,0,0,desktop,Web,Spain,(not set),<Other>,<Other>,0.0,1,1,session_only
2763835.5831584078,3451549010,2021-01-09,1,0,0,0,0,0,mobile,iOS,United States,Pennsylvania,<Other>,organic,0.0,1,1,session_only
4489035.1404104414,4249387726,2020-11-23,1,0,0,0,0,0,mobile,iOS,United States,Florida,google,organic,0.0,1,1,session_only
19622121.1643471920,4632814359,2020-12-26,1,0,0,0,0,0,mobile,Web,(not set),(not set),shop.googlemerchandisestore.com,referral,0.0,1,1,session_only
1029388.2450501039,2463105564,2020-12-01,1,0,0,0,0,0,mobile,Web,Spain,Andalusia,google,organic,0.0,1,1,session_only
88713135.3524371094,7136807189,2021-01-16,1,0,0,0,0,0,desktop,<Other>,Kenya,Nairobi County,google,cpc,0.0,1,1,session_only
67802472.5167727069,4611845909,2020-11-10,1,0,0,0,0,0,desktop,Web,United States,Maryland,(direct),(none),0.0,1,1,session_only
1264167.1066463010,1055890582,2021-01-13,1,0,0,0,0,0,desktop,Web,South Korea,Seoul,<Other>,<Other>,0.0,1,1,session_only
45002045.2247458876,5359598192,2020-12-01,1,0,0,0,0,0,desktop,Web,United States,Virginia,google,organic,0.0,1,1,session_only
33582416.0552959422,3884382029,2021-01-15,1,0,0,0,0,0,desktop,Web,Canada,Ontario,google,organic,0.0,1,1,session_only
81219601.6865766458,246422574,2020-11-23,1,0,0,0,0,0,desktop,<Other>,Canada,Ontario,shop.googlemerchandisestore.com,referral,0.0,1,1,session_only
32132743.7593704239,5597904676,2020-11-05,1,0,0,0,0,0,mobile,Android,Argentina,Buenos Aires Province,google,organic,0.0,1,1,session_only
2498018.0489374567,2440638690,2021-01-13,1,0,0,0,0,0,tablet,Android,Czechia,Prague,<Other>,<Other>,0.0,1,1,session_only
72628585.1132938445,5690763701,2021-01-15,1,0,0,0,0,0,mobile,Android,India,Maharashtra,<Other>,<Other>,0.0,1,1,session_only
1912267.8598132757,3635231268,2020-11-19,1,1,0,0,0,0,desktop,<Other>,India,Delhi,<Other>,referral,0.0,5,2,view_item
47594314.1222879465,886722755,2021-01-08,1,0,0,0,0,0,mobile,iOS,United States,California,google,organic,0.0,1,1,session_only
2817763.0128046767,9426565507,2020-11-11,0,1,0,0,0,0,desktop,Windows,Vietnam,(not set),(data deleted),(data deleted),0.0,1,2,view_item
2871883.5321683548,3635277292,2020-12-17,1,0,0,0,0,0,mobile,iOS,France,Ile-de-France,google,organic,0.0,1,1,session_only
25623080.8475553450,7610546313,2020-12-20,1,0,0,0,0,0,mobile,iOS,Denmark,Capital Region of Denmark,<Other>,referral,0.0,1,1,session_only
9191614969.9586626915,9147802136,2020-12-24,1,1,1,1,1,1,desktop,Windows,Chile,Santiago Metropolitan Region,(data deleted),(data deleted),0.0,78,6,purchase
6015745.7756595612,6824090865,2021-01-06,1,0,0,0,0,0,desktop,Macintosh,South Korea,Seoul,(direct),(none),0.0,1,1,session_only
86932070.0571538584,4471938247,2021-01-11,1,0,0,0,0,0,desktop,Windows,United States,Pennsylvania,google,cpc,0.0,1,1,session_only
6711130.2443223306,9068793677,2020-12-04,1,1,0,0,0,0,desktop,Web,United States,Tennessee,google,organic,0.0,3,2,view_item
41713971.6396818523,434840333,2020-11-26,1,0,0,0,0,0,desktop,Web,Saudi Arabia,Makkah Province,google,organic,0.0,1,1,session_only
34317559.7148954604,763620933,2021-01-27,0,0,0,1,1,1,mobile,iOS,Poland,Lesser Poland Voivodeship,shop.googlemerchandisestore.com,referral,0.0,4,6,purchase
42691601.1633633172,8419060506,2020-11-08,1,0,0,0,0,0,desktop,Web,Russia,(not set),google,organic,0.0,1,1,session_only
7148984.3886724345,2837321638,2020-11-26,1,0,0,0,0,0,desktop,Web,Taiwan,Taiwan Province,<Other>,referral,0.0,1,1,session_only
37355717.2317782851,976099052,2020-11-24,1,0,0,0,0,0,desktop,Macintosh,United States,New York,google,organic,0.0,1,1,session_only
9121263.0156999197,84368598,2021-01-30,1,0,0,0,0,0,desktop,Web,Canada,British Columbia,google,organic,0.0,1,1,session_only
4044644.7810270729,1058290296,2020-12-23,1,0,0,0,0,0,mobile,Web,South Korea,Daegu,(data deleted),(data deleted),0.0,1,1,session_only
59481617.3354635793,4856652921,2021-01-08,1,0,0,0,0,0,mobile,iOS,United States,New York,(direct),(none),0.0,1,1,session_only
26411688.6691540543,9267086966,2020-12-26,1,0,0,0,0,0,desktop,Web,India,Uttar Pradesh,<Other>,referral,0.0,1,1,session_only
47094996.1697932373,2280543494,2020-12-14,1,1,0,0,0,0,desktop,<Other>,Spain,Andalusia,google,organic,0.0,2,2,view_item
3746700.8435675283,7265262951,2020-12-17,1,0,0,0,0,0,desktop,Windows,Philippines,Metro Manila,(data deleted),(data deleted),0.0,1,1,session_only
1718489.3739161120,7486272266,2021-01-10,1,1,1,0,0,0,desktop,Windows,United States,Massachusetts,<Other>,<Other>,0.0,3,3,add_to_cart
82598198.4844685297,7019397170,2021-01-03,1,0,0,0,0,0,desktop,Web,United States,Florida,google,organic,0.0,1,1,session_only
42379511.1288456278,5550277617,2021-01-19,1,0,0,0,0,0,desktop,Web,Ecuador,Guayas,(direct),(none),0.0,1,1,session_only
18716109.0039281566,8156677271,2021-01-31,1,0,0,0,0,0,mobile,Web,United States,Oklahoma,google,organic,0.0,1,1,session_only
72819503.7856622601,787554762,2020-11-17,1,0,0,0,0,0,desktop,Windows,Israel,Tel Aviv District,google,organic,0.0,1,1,session_only
44394532.3979299460,8161645939,2020-11-29,1,0,0,0,0,0,desktop,Windows,United States,California,google,organic,0.0,1,1,session_only
68613368.9743686947,7653941616,2021-01-20,1,0,0,0,0,0,desktop,Web,United States,Texas,(direct),(none),0.0,1,1,session_only
48027839.2488495855,3675692266,2021-01-06,1,0,0,0,0,0,desktop,Web,France,Ile-de-France,google,organic,0.0,1,1,session_only
28021209.0403650386,123824784,2020-12-19,1,0,0,0,0,0,desktop,Windows,Argentina,Buenos Aires,google,organic,0.0,1,1,session_only
47074227.0929339004,8377290933,2021-01-13,1,0,0,0,0,0,mobile,iOS,United Kingdom,England,<Other>,<Other>,0.0,1,1,session_only
5677572.7581834674,4087280501,2021-01-26,1,0,0,0,0,0,desktop,Web,Canada,Ontario,<Other>,referral,0.0,1,1,session_only
8567664.9742928874,8750565351,2021-01-31,1,0,0,0,0,0,mobile,iOS,Canada,Quebec,(data deleted),(data deleted),0.0,1,1,session_only
2573490.1191454520,8182768990,2021-01-24,1,0,0,0,0,0,desktop,Web,Finland,Uusimaa,(direct),(none),0.0,1,1,session_only
90317200.4741598864,7384848924,2020-11-11,1,1,0,0,0,0,mobile,iOS,Peru,(not set),<Other>,<Other>,0.0,3,2,view_item
48029130.4746615657,8914974175,2021-01-11,1,0,0,0,0,0,desktop,Windows,United States,Virginia,<Other>,<Other>,0.0,1,1,session_only
19038490.6334199930,2600866075,2021-01-18,1,0,0,0,0,0,mobile,Web,Spain,(not set),google,organic,0.0,1,1,session_only
34178772.0815237184,8940823973,2021-01-30,1,0,0,0,0,0,desktop,Windows,United States,California,(direct),(none),0.0,1,1,session_only
6708277.1224699368,4002940139,2021-01-02,1,0,0,0,0,0,desktop,Web,Canada,Ontario,(direct),(none),0.0,1,1,session_only
8801638.8019199888,6505919914,2021-01-06,1,0,0,0,0,0,desktop,Web,Hong Kong,(not set),<Other>,<Other>,0.0,1,1,session_only
3965946.4193342513,4157859716,2020-11-23,1,1,0,0,0,0,desktop,Web,Canada,British Columbia,(data deleted),(data deleted),0.0,3,2,view_item
6046444730.2380040266,9920288493,2020-11-07,1,1,0,0,0,0,mobile,Web,United States,Michigan,google,organic,0.0,2,2,view_item
5312566.0382575773,308545378,2021-01-13,1,0,0,0,0,0,mobile,Web,Singapore,(not set),google,organic,0.0,1,1,session_only
50175657.3586403334,6746457266,2021-01-11,1,0,0,0,0,0,desktop,Web,Taiwan,Kaohsiung City,google,organic,0.0,1,1,session_only
6628684.4003918418,3800203099,2020-11-07,1,1,0,0,0,0,desktop,Macintosh,Taiwan,Taiwan Province,(direct),(none),0.0,4,2,view_item
78811638.9012161116,474316229,2020-11-05,1,1,0,0,0,0,desktop,Web,United States,California,shop.googlemerchandisestore.com,referral,0.0,3,2,view_item
52998604.2395599000,7853174427,2021-01-24,1,1,0,0,0,0,mobile,Web,United Kingdom,England,(direct),(none),0.0,2,2,view_item
8807972.4204571534,403577785,2021-01-17,1,0,0,0,0,0,mobile,Android,Canada,Ontario,google,organic,0.0,1,1,session_only
50238935.7745262924,7633819108,2021-01-28,1,0,0,0,0,0,mobile,Web,China,Guangdong Province,google,organic,0.0,1,1,session_only
4511811.3990598489,1072828360,2020-11-09,1,1,0,1,1,1,mobile,iOS,United States,Ohio,(data deleted),(data deleted),61.199999999999996,35,6,purchase
22421698.4080660945,9551670531,2020-12-25,1,0,0,0,0,0,desktop,Windows,India,Madhya Pradesh,(direct),(none),0.0,1,1,session_only
77982646.4186063903,5216543392,2021-01-28,1,0,0,0,0,0,mobile,iOS,Spain,(not set),google,organic,0.0,1,1,session_only
3125375.9553655587,3383106406,2020-12-31,1,0,0,0,0,0,tablet,Web,United States,Texas,google,organic,0.0,1,1,session_only
1323020210.5708856256,1810254647,2020-11-19,1,1,0,0,0,0,desktop,Macintosh,Indonesia,Jakarta,(data deleted),(data deleted),0.0,3,2,view_item
55601747.6727525025,4606205449,2020-11-19,1,1,0,1,1,1,desktop,Web,United States,California,google,cpc,0.0,21,6,purchase
62263042.0515621154,5150368508,2020-11-20,1,1,0,0,0,0,mobile,Android,Vietnam,Hanoi,<Other>,referral,0.0,5,2,view_item
5783498.1997462759,7994320127,2021-01-23,1,1,0,0,0,0,desktop,Windows,United States,Wisconsin,(direct),(none),0.0,2,2,view_item
4230097.6622053980,2826759475,2021-01-13,1,1,1,0,0,0,desktop,Web,Taiwan,Taipei City,(direct),(none),0.0,11,3,add_to_cart
1147529.6357293919,1879991968,2020-11-05,1,1,0,1,1,1,desktop,Web,United States,Texas,(data deleted),(data deleted),3.5,10,6,purchase
12669580.9089138254,889272823,2020-11-19,1,0,0,0,0,0,mobile,Web,India,Telangana,<Other>,referral,0.0,1,1,session_only
4928088.2289233585,1926037327,2021-01-28,1,1,0,0,0,0,mobile,Android,United States,California,(direct),(none),0.0,2,2,view_item
18951094.6036981922,4902671308,2020-12-04,1,0,0,0,0,0,tablet,Web,United States,Tennessee,shop.googlemerchandisestore.com,referral,0.0,1,1,session_only
8015261.2087682209,3012908278,2021-01-02,1,0,0,0,0,0,tablet,Web,Spain,Catalonia,google,organic,0.0,1,1,session_only
9140169.0452136364,6134748704,2021-01-27,1,0,0,0,0,0,desktop,Web,Singapore,(not set),<Other>,referral,0.0,1,1,session_only
6120334.9827708535,8322064073,2021-01-13,1,0,0,0,0,0,desktop,Windows,Taiwan,New Taipei City,<Other>,referral,0.0,1,1,session_only
75634947.6789263686,6840028583,2020-12-19,1,0,0,1,1,1,desktop,Macintosh,India,Andhra Pradesh,(data deleted),(data deleted),0.0,6,6,purchase
5766423.1241006968,6641416062,2021-01-31,1,0,0,0,0,0,mobile,Web,Luxembourg,(not set),google,organic,0.0,1,1,session_only
7143535.9277329321,7218534703,2021-01-10,1,0,0,0,0,0,desktop,Web,India,Karnataka,(direct),(none),0.0,1,1,session_only
8892482.3739210111,8376318706,2021-01-31,1,0,0,0,0,0,desktop,<Other>,India,Telangana,google,organic,0.0,1,1,session_only
82464575.0681111765,5847491850,2020-11-09,1,1,0,1,0,0,mobile,Web,United States,Rhode Island,google,organic,0.0,63,4,begin_checkout
5840007.2789294700,2098204169,2020-12-29,1,0,0,0,0,0,mobile,Web,Kazakhstan,Almaty Province,<Other>,<Other>,0.0,1,1,session_only
65048059.6991808371,5883340839,2020-12-25,1,0,0,0,0,0,desktop,Macintosh,United States,California,(direct),(none),0.0,1,1,session_only
8810289.6170322834,8694375590,2021-01-15,1,0,0,0,0,0,mobile,Web,United States,Minnesota,google,organic,0.0,1,1,session_only
5043649.8905870213,5759584483,2021-01-31,1,1,0,0,0,0,mobile,Web,United States,Florida,google,organic,0.0,2,2,view_item
54079427.4257348337,7636711884,2020-11-23,1,1,0,0,0,0,desktop,Web,United States,Alaska,google,organic,0.0,2,2,view_item
8750069.5308456532,5651296857,2021-01-27,1,0,0,0,0,0,mobile,Web,Ecuador,(not set),google,organic,0.0,1,1,session_only
5851893.9110371590,6300409146,2020-11-12,1,0,0,0,0,0,mobile,Web,United States,Pennsylvania,(data deleted),(data deleted),0.0,1,1,session_only
58534589.6802583062,7896125794,2020-12-21,1,1,0,0,0,0,desktop,Windows,United States,Virginia,google,organic,0.0,8,2,view_item
38230219.5346101809,1395364552,2020-11-02,1,0,0,0,0,0,mobile,Web,Indonesia,(not set),<Other>,<Other>,0.0,1,1,session_only
8593739597.2185518846,5270549526,2020-11-20,1,1,0,0,0,0,desktop,Windows,Pakistan,Punjab,google,organic,0.0,2,2,view_item
4150729.0320671141,4050279770,2020-12-19,1,0,0,0,0,0,desktop,<Other>,Israel,Tel Aviv District,google,organic,0.0,1,1,session_only
4115432.9849138741,9808421799,2021-01-07,1,1,1,1,1,1,mobile,Android,Australia,Queensland,google,organic,79.36,83,6,purchase
46140048.9965429279,716695131,2020-12-24,1,0,0,0,0,0,mobile,Android,United States,Oregon,google,organic,0.0,1,1,session_only
2884473.3224959815,6501235615,2020-12-23,1,0,0,0,0,0,mobile,Android,Israel,Tel Aviv District,<Other>,organic,0.0,1,1,session_only
5439555135.5379098616,555798994,2021-01-08,1,0,0,0,0,0,mobile,Android,Canada,Ontario,<Other>,organic,0.0,1,1,session_only
1927473.5473152507,8417593066,2021-01-07,1,1,0,0,0,0,mobile,Web,India,Karnataka,<Other>,<Other>,0.0,2,2,view_item
49508636.7334029837,9710396381,2021-01-12,1,0,0,0,0,0,mobile,Web,United States,Kansas,(direct),(none),0.0,1,1,session_only
3321378.7431851440,3886404237,2020-12-27,1,0,0,0,0,0,mobile,Web,South Korea,Seoul,<Other>,referral,0.0,1,1,session_only
7429968.0920344247,4776043665,2020-12-04,1,0,0,0,0,0,mobile,Web,Ireland,County Dublin,google,organic,0.0,1,1,session_only
32585451.2301833526,9823911848,2021-01-19,1,1,1,1,0,0,mobile,Web,United States,Virginia,google,organic,0.0,9,4,begin_checkout
7160204.6478176556,5321203516,2021-01-20,1,1,0,0,0,0,mobile,Android,United States,Alabama,google,organic,0.0,2,2,view_item
7666500.8392761525,1751031750,2020-11-10,1,0,0,0,0,0,mobile,iOS,Israel,Tel Aviv District,(data deleted),(data deleted),0.0,1,1,session_only
84822257.5300953924,4490295164,2021-01-06,1,0,0,0,0,0,desktop,Windows,France,Nouvelle-Aquitaine,google,cpc,0.0,1,1,session_only
61819890.7876265369,6501621284,2020-11-05,1,0,0,0,0,0,mobile,Web,United States,Virginia,google,organic,0.0,1,1,session_only
2140266.4709944078,825046171,2020-11-17,1,1,0,0,0,0,mobile,Android,United States,Washington,<Other>,<Other>,0.0,5,2,view_item
3355521.0255840999,6070310504,2020-11-02,1,0,0,0,0,0,desktop,Windows,United States,New Jersey,google,organic,0.0,1,1,session_only
13130221.5143725372,4849030840,2020-11-17,1,0,0,0,0,0,desktop,Web,United States,California,(direct),(none),0.0,1,1,session_only
8060680.6243476533,4454446336,2020-12-23,1,0,0,0,0,0,mobile,Web,Croatia,(not set),(data deleted),(data deleted),0.0,1,1,session_only
6916788.7383504515,4662421804,2021-01-12,1,0,0,0,0,0,mobile,iOS,Mexico,Mexico City,<Other>,<Other>,0.0,1,1,session_only
79304820.2984195365,2685698001,2020-11-20,1,0,0,0,0,0,mobile,Web,United States,Colorado,(direct),(none),0.0,1,1,session_only
4570994.5660099908,7342956275,2020-12-24,1,1,0,0,0,0,desktop,Web,United States,Oregon,<Other>,referral,0.0,2,2,view_item
7271324.3823025491,9976943435,2021-01-17,1,1,0,0,0,0,desktop,Web,Australia,Victoria,(direct),(none),0.0,2,2,view_item
36401820.1647190025,5114383824,2021-01-16,1,1,0,0,0,0,desktop,Macintosh,United States,California,google,organic,0.0,12,2,view_item
7995303.7811467023,8300620142,2021-01-13,1,1,1,0,0,0,mobile,Web,United Kingdom,England,google,organic,0.0,5,3,add_to_cart
1875592.5173517410,9769750969,2020-12-24,1,0,0,0,0,0,desktop,Web,United States,Minnesota,google,organic,0.0,1,1,session_only
59754168.5646720619,9865387873,2020-11-17,1,1,1,0,0,0,desktop,Web,United States,South Carolina,google,organic,0.0,3,3,add_to_cart
91364043.0783645538,7264401560,2020-11-14,1,0,0,0,0,0,desktop,<Other>,India,Uttar Pradesh,(data deleted),(data deleted),0.0,1,1,session_only
2377632.8546759224,1954408578,2020-11-12,1,0,0,0,0,0,mobile,Web,Mexico,(not set),google,organic,0.0,1,1,session_only
21501260.0136776798,1776890558,2021-01-15,1,0,0,0,0,0,desktop,Web,United States,Maryland,(direct),(none),0.0,1,1,session_only
47732207.0852954859,6625489896,2020-11-16,1,0,0,0,0,0,desktop,Web,Mexico,State of Mexico,(direct),(none),0.0,1,1,session_only
64751400.7120613163,9777540316,2021-01-30,1,0,0,0,0,0,desktop,Web,United States,Oregon,google,organic,0.0,1,1,session_only
85283342.6380483783,4288596822,2020-12-14,1,1,1,0,0,0,desktop,Web,United States,Kentucky,<Other>,organic,0.0,10,3,add_to_cart
3704290.0241724013,6776037478,2021-01-09,1,0,0,0,0,0,desktop,Web,United States,Texas,<Other>,organic,0.0,1,1,session_only
12848431.7913404913,739197218,2020-12-14,1,0,0,0,0,0,desktop,Web,Israel,Tel Aviv District,<Other>,<Other>,0.0,1,1,session_only
42463554.1409769202,7721793632,2020-11-16,1,0,0,1,1,1,mobile,Web,Canada,Quebec,(direct),(none),0.0,12,6,purchase
75876701.5374404960,8368799110,2020-12-04,1,0,0,0,0,0,desktop,Windows,India,Haryana,google,organic,0.0,1,1,session_only
84622622.7624067275,8868361910,2021-01-08,1,0,0,0,0,0,desktop,Web,Canada,Manitoba,<Other>,<Other>,0.0,1,1,session_only
70944522.9257708187,8059655268,2020-12-27,1,0,0,0,0,0,mobile,iOS,United States,Illinois,<Other>,referral,0.0,1,1,session_only
3047018005.1317089158,9688603355,2021-01-04,1,0,0,0,0,0,mobile,iOS,United States,California,(data deleted),(data deleted),0.0,1,1,session_only
2147562.2096631971,5911407226,2020-12-28,1,0,0,0,0,0,desktop,Windows,United States,Georgia,google,organic,0.0,1,1,session_only
54607961.0591188622,4735595420,2020-12-21,1,0,0,0,0,0,mobile,Web,India,Uttar Pradesh,shop.googlemerchandisestore.com,referral,0.0,1,1,session_only
70390345.5005752788,36199378,2020-12-24,1,1,0,0,0,0,desktop,Web,United States,Michigan,google,organic,0.0,2,2,view_item
29035347.8015724334,7640155443,2020-11-14,1,1,0,1,1,1,desktop,Macintosh,Canada,Alberta,(data deleted),(data deleted),0.0,10,6,purchase
9035221.7754594776,6968593079,2021-01-10,1,0,0,0,0,0,desktop,Windows,(not set),(not set),(direct),(none),0.0,1,1,session_only
1008400.2068823524,6070295624,2021-01-26,1,1,0,0,0,0,desktop,Web,United Kingdom,England,(direct),(none),0.0,2,2,view_item
36179030.9983542845,7007213966,2021-01-20,1,0,0,0,0,0,desktop,Web,United States,Pennsylvania,<Other>,referral,0.0,1,1,session_only
89853758.7192662591,2273135175,2020-12-17,1,1,1,0,0,0,desktop,Windows,India,(not set),(direct),(none),0.0,3,3,add_to_cart
5491285.3584196410,5052367437,2021-01-11,1,0,0,0,0,0,desktop,Windows,Canada,Ontario,google,cpc,0.0,1,1,session_only
5216068.8548614229,4646713646,2021-01-26,1,0,0,0,0,0,desktop,Web,United States,Georgia,shop.googlemerchandisestore.com,referral,0.0,1,1,session_only
52444633.0924668712,3770640986,2020-11-08,1,0,0,0,0,0,mobile,iOS,India,Odisha,google,organic,0.0,1,1,session_only
7983151.6007078465,4043785754,2021-01-12,1,0,0,0,0,0,desktop,Web,Taiwan,Tainan City,<Other>,organic,0.0,1,1,session_only
5295940.7964395080,9800070973,2021-01-07,1,0,0,0,0,0,desktop,Web,United States,California,(direct),(none),0.0,1,1,session_only
45535726.5130793482,76106166,2020-12-21,1,0,0,0,0,0,mobile,iOS,Japan,Tokyo,google,organic,0.0,1,1,session_only
1296940.8453486794,1217635582,2020-12-17,1,0,0,0,0,0,mobile,Android,United States,Louisiana,<Other>,<Other>,0.0,1,1,session_only
3087910.5236240987,3881057812,2021-01-28,1,0,0,0,0,0,desktop,Macintosh,Singapore,(not set),(direct),(none),0.0,1,1,session_only
15036282.3018886271,4516674264,2020-11-08,1,0,0,0,0,0,desktop,Web,India,Delhi,<Other>,<Other>,0.0,1,1,session_only
99262220.1042940049,1040026006,2020-12-21,1,0,0,0,0,0,mobile,Web,India,Delhi,<Other>,<Other>,0.0,1,1,session_only
5998051.1553888200,8628303888,2020-12-24,1,0,0,0,0,0,mobile,Web,Mexico,Nuevo Leon,google,organic,0.0,1,1,session_only
64013204.8808634114,8903514600,2020-12-31,1,1,0,0,0,0,desktop,<Other>,Greece,Decentralized Administration of Macedonia and Thrace,(direct),(none),0.0,5,2,view_item
53708303.7394187582,4153237589,2020-11-05,1,0,0,0,0,0,desktop,Web,Philippines,Central Luzon,<Other>,<Other>,0.0,1,1,session_only
4759353.4254332919,1359705648,2020-11-11,1,0,0,0,0,0,mobile,Web,United States,(not set),<Other>,referral,0.0,1,1,session_only
71866939.9770760203,9317812052,2021-01-29,1,0,0,0,0,0,tablet,Android,India,Maharashtra,google,organic,0.0,1,1,session_only
52703507.6489758494,8607401278,2020-12-23,1,0,0,0,0,0,mobile,Web,Czechia,Prague,google,cpc,0.0,1,1,session_only
12738707.9099336266,7519812597,2020-11-17,1,1,1,0,0,0,mobile,Web,United States,Utah,<Other>,referral,0.0,6,3,add_to_cart
8600557.4284893755,9870618344,2020-12-01,1,1,1,1,0,0,desktop,Web,China,Fujian,google,organic,0.0,6,4,begin_checkout
43345691.6559417809,3613559819,2020-11-05,1,1,0,0,0,0,desktop,Web,India,Uttar Pradesh,shop.googlemerchandisestore.com,referral,0.0,2,2,view_item
7634543.7021985089,4079562522,2020-12-21,1,1,0,1,1,1,desktop,Windows,United States,Florida,(direct),(none),0.0,19,6,purchase
7259034.2387086595,3251921313,2020-12-31,1,0,0,0,0,0,desktop,Windows,United States,New York,<Other>,referral,0.0,1,1,session_only
41102343.8990302835,8258305914,2021-01-31,1,0,0,0,0,0,mobile,Android,United States,Texas,<Other>,<Other>,0.0,1,1,session_only
2059695.2043331563,1353195421,2020-11-11,1,0,0,0,0,0,desktop,Web,United States,Nevada,google,organic,0.0,1,1,session_only
81647958.4800093816,9123050144,2020-11-19,1,0,0,0,0,0,mobile,Android,United States,California,google,organic,0.0,1,1,session_only
2382315.4376565084,3890897596,2021-01-11,1,0,0,0,0,0,desktop,Web,India,Karnataka,google,organic,0.0,1,1,session_only
3146382.1000482128,5666613414,2021-01-11,1,0,0,0,0,0,tablet,Android,United States,Texas,(data deleted),(data deleted),0.0,1,1,session_only
6603910.0681060766,7137003552,2021-01-15,1,1,0,0,0,0,mobile,Web,United States,Massachusetts,(direct),(none),0.0,2,2,view_item
1707637420.0892534444,5077760250,2020-12-04,1,0,0,0,0,0,mobile,Web,United States,Georgia,google,organic,0.0,1,1,session_only
54326354.5413317323,6157763341,2020-11-17,1,0,0,0,0,0,desktop,<Other>,Latvia,Riga,google,organic,0.0,1,1,session_only
90486747.1701150288,4030188564,2021-01-09,1,0,0,0,0,0,desktop,Web,China,Zhejiang,google,organic,0.0,1,1,session_only
43491287.8048650889,3753501796,2020-12-21,1,1,0,1,1,1,mobile,iOS,United Kingdom,England,<Other>,<Other>,0.0,10,6,purchase
43185726.3069011422,4995882010,2021-01-24,1,0,0,0,0,0,mobile,Web,Hungary,Budapest,(direct),(none),0.0,1,1,session_only
3619714007.0789159607,1302245467,2020-11-16,1,0,0,0,0,0,desktop,Web,United States,California,google,organic,0.0,1,1,session_only
81485994.0012163867,3006030360,2021-01-09,1,0,0,0,0,0,mobile,Android,United Kingdom,England,shop.googlemerchandisestore.com,referral,0.0,1,1,session_only
12663168.7138384982,7454851887,2020-12-30,1,0,0,0,0,0,desktop,Web,Canada,Alberta,google,organic,0.0,1,1,session_only
81410551.6168999269,957604906,2020-12-14,1,1,0,0,0,0,desktop,Web,Venezuela,(not set),shop.googlemerchandisestore.com,referral,0.0,7,2,view_item
3556622.5340289356,6338469800,2020-12-04,1,1,0,0,0,0,desktop,Macintosh,China,Fujian,google,organic,0.0,2,2,view_item
51969465.2387094339,7089786072,2020-11-23,1,0,0,0,0,0,desktop,Windows,United States,Maine,(direct),(none),0.0,1,1,session_only
21991028.5324603112,8893126097,2020-11-05,1,0,0,0,0,0,desktop,Web,United States,Michigan,(data deleted),(data deleted),0.0,1,1,session_only
62096200.5648505001,489195922,2021-01-01,1,0,0,0,0,0,desktop,Web,United States,Virginia,google,organic,0.0,1,1,session_only
1838567335.5993539493,1794490147,2020-12-24,1,0,0,0,0,0,desktop,Web,Ukraine,(not set),google,organic,0.0,1,1,session_only
1475342296.9993000983,504130673,2020-12-30,1,0,0,0,0,0,desktop,Web,Portugal,Lisbon,<Other>,referral,0.0,1,1,session_only
1263568.8330982167,4396316804,2021-01-16,1,0,0,0,0,0,mobile,iOS,Poland,Greater Poland Voivodeship,google,organic,0.0,1,1,session_only
5312155.7410092259,782345940,2020-11-12,1,1,0,1,1,1,desktop,Macintosh,United States,New York,(direct),(none),75.52,13,6,purchase
2544016.3798506040,7357243169,2020-12-27,1,0,0,0,0,0,desktop,Windows,United States,Texas,(direct),(none),0.0,1,1,session_only
36363066.8827775598,7667843794,2020-11-20,1,1,0,0,0,0,mobile,iOS,United States,Alabama,google,organic,0.0,26,2,view_item
89507950.9433182261,5208108404,2021-01-15,1,1,1,0,0,0,mobile,Web,Australia,New South Wales,google,organic,0.0,8,3,add_to_cart
2355195.4358305883,5884555992,2021-01-09,1,0,0,0,0,0,mobile,iOS,Canada,Ontario,google,organic,0.0,1,1,session_only
6878260.4835069391,8275425388,2020-12-04,1,0,0,0,0,0,desktop,Web,Brazil,State of Espirito Santo,google,organic,0.0,1,1,session_only
26715607.4181208097,6592998695,2021-01-13,1,0,0,0,0,0,mobile,Web,Taiwan,Taipei City,<Other>,<Other>,0.0,1,1,session_only
23886397.9641924954,1646129139,2020-12-20,1,0,0,0,0,0,mobile,Web,Singapore,(not set),google,organic,0.0,1,1,session_only
2398006.4927946688,7888673248,2021-01-17,1,0,0,0,0,0,desktop,Macintosh,United States,Delaware,(direct),(none),0.0,1,1,session_only
14622665.7349320038,9532931928,2021-01-07,1,0,0,0,0,0,mobile,Web,Estonia,Harju County,(direct),(none),0.0,1,1,session_only
241957054.3282149772,6726376715,2021-01-06,1,0,0,0,0,0,tablet,iOS,Canada,Ontario,<Other>,referral,0.0,1,1,session_only
8918333.6826694261,7281513260,2020-12-23,1,0,0,0,0,0,desktop,Windows,United States,Ohio,(direct),(none),0.0,1,1,session_only
5113062.9932761711,7038291591,2021-01-30,1,0,0,0,0,0,mobile,Web,United Kingdom,England,google,organic,0.0,1,1,session_only
75317932.0666442596,8528179513,2020-11-09,1,1,0,1,1,1,mobile,Web,Canada,Quebec,(direct),(none),0.0,5,6,purchase
68441141.3197623367,7499525720,2020-12-01,1,1,1,1,1,1,mobile,Web,Spain,Catalonia,shop.googlemerchandisestore.com,referral,254.39999999999998,34,6,purchase
3120490.9813315690,1828883083,2020-12-19,1,0,0,1,0,0,desktop,Web,United Kingdom,England,google,organic,0.0,5,4,begin_checkout
3974190092.1767600246,2086328892,2021-01-26,1,0,0,0,0,0,desktop,Macintosh,Malaysia,Selangor,google,cpc,0.0,1,1,session_only
6452921.4024102081,4160976275,2020-11-12,1,0,0,0,0,0,desktop,Macintosh,United States,California,(direct),(none),0.0,1,1,session_only
73268349.0138212953,9087988676,2020-12-30,1,0,0,0,0,0,mobile,Web,India,Kerala,shop.googlemerchandisestore.com,referral,0.0,1,1,session_only
57732392.6001356877,2619679375,2021-01-09,1,0,0,0,0,0,desktop,Web,Canada,Nova Scotia,google,cpc,0.0,1,1,session_only
2259914.0104002186,5352762357,2020-11-20,1,1,0,0,0,0,mobile,Web,Russia,Moscow,<Other>,referral,0.0,2,2,view_item
2971851.1443154132,9225886959,2020-12-01,1,0,0,0,0,0,mobile,iOS,India,Assam,<Other>,referral,0.0,1,1,session_only
63422338.3368838377,2404561986,2021-01-15,1,0,0,0,0,0,mobile,iOS,Thailand,(not set),(data deleted),(data deleted),0.0,1,1,session_only
83110722.9051087360,9367921197,2021-01-10,1,1,0,0,0,0,mobile,Web,France,Ile-de-France,google,cpc,0.0,3,2,view_item
7946428.7893506827,8349217656,2021-01-11,1,0,0,0,0,0,desktop,Web,United States,California,google,organic,0.0,1,1,session_only
80059746.2096749641,6918785708,2021-01-17,1,0,0,0,0,0,mobile,Android,China,Fujian,(direct),(none),0.0,1,1,session_only
8242421.9300685052,1718890070,2020-12-31,1,1,0,0,0,0,desktop,Web,United States,Iowa,(direct),(none),0.0,2,2,view_item
36813607.2465436877,4295637679,2020-12-21,1,0,0,0,0,0,desktop,Windows,United States,Oklahoma,<Other>,referral,0.0,1,1,session_only
8268852.4406584193,9656150151,2021-01-31,1,1,1,1,1,1,desktop,Web,South Korea,Gyeonggi-do,(direct),(none),0.0,22,6,purchase
19173235.3605594670,4490492905,2021-01-19,1,1,1,1,1,1,mobile,Android,United States,Texas,google,organic,31.6,30,6,purchase
50405926.3379594509,2810494013,2021-01-02,1,0,0,0,0,0,desktop,Web,Canada,Saskatchewan,shop.googlemerchandisestore.com,referral,0.0,1,1,session_only
3689707.3059019974,4953129080,2020-12-28,1,0,0,0,0,0,desktop,Macintosh,United States,Georgia,<Other>,referral,0.0,1,1,session_only
5690556830.4737006193,6704597436,2021-01-12,1,0,0,0,0,0,mobile,Web,United States,Georgia,google,organic,0.0,1,1,session_only
50585739.1811037313,4611123620,2020-12-17,1,0,0,0,0,0,tablet,Android,United States,Arkansas,(data deleted),(data deleted),0.0,1,1,session_only
26216694.8529434929,8536765149,2021-01-06,1,0,0,0,0,0,mobile,Web,Canada,Quebec,shop.googlemerchandisestore.com,referral,0.0,1,1,session_only
59745288.0002611685,6405636813,2021-01-27,1,0,0,0,0,0,desktop,Web,United States,California,(direct),(none),0.0,1,1,session_only
6110923.9848840766,1694033044,2021-01-23,1,0,0,0,0,0,desktop,Web,Ireland,County Cork,(data deleted),(data deleted),0.0,1,1,session_only
6154749.2101843160,1824474034,2020-12-28,1,0,0,0,0,0,desktop,Web,United States,Florida,(direct),(none),0.0,1,1,session_only
1924595.6444212574,1791744656,2021-01-25,1,0,0,0,0,0,desktop,Web,Uruguay,(not set),<Other>,<Other>,0.0,1,1,session_only
13229723.0200919993,92734171,2021-01-27,1,0,0,0,0,0,desktop,Web,Indonesia,North Sumatra,(data deleted),(data deleted),0.0,1,1,session_only
36563255.8188004692,4879916720,2020-11-17,1,1,0,1,1,1,mobile,Android,United States,New Jersey,(direct),(none),55.2,20,6,purchase
4706831.2287644604,1476804038,2021-01-15,1,0,0,0,0,0,desktop,Web,Taiwan,Taipei City,<Other>,referral,0.0,1,1,session_only
1795557.6950913399,8332301227,2021-01-11,1,0,0,0,0,0,desktop,Web,India,Haryana,(direct),(none),0.0,1,1,session_only
48675158.8034028804,8042507571,2020-12-27,1,0,0,0,0,0,desktop,Web,United States,New York,shop.googlemerchandisestore.com,referral,0.0,1,1,session_only
12670123.9263713229,839363493,2021-01-18,1,0,0,0,0,0,desktop,<Other>,United States,North Carolina,google,organic,0.0,1,1,session_only
84475031.3916928958,1912774328,2021-01-01,1,0,0,0,0,0,desktop,Web,United States,Texas,(data deleted),(data deleted),0.0,1,1,session_only
31245661.7317658088,4285045644,2021-01-30,1,0,0,0,0,0,mobile,iOS,Japan,Tokyo,<Other>,<Other>,0.0,1,1,session_only
4565483.3520938489,352864867,2021-01-25,1,0,0,0,0,0,tablet,Web,South Korea,Seoul,google,organic,0.0,1,1,session_only
93010110.1753000253,4418555676,2020-11-05,1,0,0,0,0,0,desktop,Macintosh,United States,Florida,(direct),(none),0.0,1,1,session_only
4231129.5913164697,2367866665,2020-12-20,1,1,0,1,1,1,mobile,Web,Canada,British Columbia,<Other>,referral,0.0,13,6,purchase
6105375968.7343701789,1466838058,2020-12-14,1,0,0,0,0,0,mobile,Android,Colombia,Bogota,google,organic,0.0,1,1,session_only
34747280.6595489325,5502203044,2020-12-19,1,0,0,0,0,0,mobile,iOS,United States,New York,google,organic,0.0,1,1,session_only
85647588.0800236216,7245985012,2021-01-26,1,0,0,0,0,0,mobile,Web,Taiwan,New Taipei City,shop.googlemerchandisestore.com,referral,0.0,1,1,session_only
80831003.6874296672,3452671160,2021-01-19,1,0,0,0,0,0,desktop,Macintosh,Canada,Ontario,google,organic,0.0,1,1,session_only
79008883.7678358252,6837769674,2021-01-25,1,1,0,0,0,0,mobile,Web,India,Telangana,google,organic,0.0,5,2,view_item
55752705.6591563378,3087562995,2020-12-25,1,0,0,0,0,0,desktop,Windows,Japan,Tokyo,shop.googlemerchandisestore.com,referral,0.0,1,1,session_only
4408390772.4929995547,926638777,2021-01-04,1,1,1,0,0,0,mobile,Web,United States,California,google,organic,0.0,10,3,add_to_cart
36417729.9795221268,9078877841,2020-11-16,1,0,0,0,0,0,desktop,Web,Canada,Ontario,<Other>,<Other>,0.0,1,1,session_only
32250102.2357781136,5853747215,2020-11-05,1,0,0,0,0,0,mobile,Android,United States,Mississippi,shop.googlemerchandisestore.com,referral,0.0,1,1,session_only
28426508.7042302034,9276197752,2021-01-13,1,0,0,0,0,0,desktop,Web,Mexico,(not set),<Other>,referral,0.0,1,1,session_only
2352762.6898466139,9633472703,2020-11-19,1,1,0,0,0,0,mobile,iOS,India,Kerala,shop.googlemerchandisestore.com,referral,0.0,2,2,view_item
3002649.2698625312,4766649582,2020-11-16,1,1,0,0,0,0,mobile,Web,United States,Idaho,(direct),(none),0.0,3,2,view_item
2407319422.1289002004,8594129758,2021-01-19,1,0,0,0,0,0,desktop,Web,Greece,Attica,(data deleted),(data deleted),0.0,1,1,session_only
22797684.0406013350,7781023244,2020-11-05,1,0,0,0,0,0,desktop,Windows,Costa Rica,(not set),(direct),(none),0.0,1,1,session_only
63428479.2586815802,6987440406,2021-01-16,1,0,0,0,0,0,mobile,Web,India,Punjab,(direct),(none),0.0,1,1,session_only
20945380.8322559471,6549358326,2020-11-15,1,1,0,0,0,0,desktop,Macintosh,China,Zhejiang,(direct),(none),0.0,4,2,view_item
35129438.1063091806,2866477267,2020-12-19,1,0,0,0,0,0,desktop,Web,United States,Georgia,(direct),(none),0.0,1,1,session_only
6726070.5168285429,8473304084,2021-01-29,1,1,0,0,0,0,mobile,Web,Taiwan,Taipei City,(direct),(none),0.0,6,2,view_item
87975371.5645184661,9400850704,2020-11-23,1,1,0,0,0,0,desktop,Windows,United States,Nebraska,google,organic,0.0,3,2,view_item
6329222.4077008311,4594458413,2020-11-05,1,1,0,1,1,1,desktop,Web,Czechia,(not set),<Other>,<Other>,71.12,30,6,purchase
7923792.0028100897,3088087426,2020-12-01,1,0,0,0,0,0,desktop,Web,United States,Ohio,(direct),(none),0.0,1,1,session_only
9088948.8892310855,8425506093,2021-01-13,1,0,0,0,0,0,mobile,Web,United States,Michigan,(direct),(none),0.0,1,1,session_only
1674464967.3081069850,6221215429,2020-11-07,1,1,0,1,1,1,mobile,Web,Hungary,Budapest,google,organic,139.2,17,6,purchase
71459404.9389629670,2913972081,2021-01-07,1,1,1,0,0,0,desktop,Macintosh,United States,Missouri,<Other>,referral,0.0,16,3,add_to_cart
6097102.6516338254,5991255,2021-01-04,0,1,0,1,1,1,mobile,Web,Australia,New South Wales,google,cpc,12.8,14,6,purchase
2656853.3533605070,1941162236,2020-11-17,1,0,0,0,0,0,desktop,Web,Canada,Manitoba,(direct),(none),0.0,1,1,session_only
4947351.2101256535,8758275569,2021-01-15,1,0,0,0,0,0,desktop,Web,Canada,Ontario,shop.googlemerchandisestore.com,referral,0.0,1,1,session_only
87363852.0849732975,3576980430,2021-01-09,1,0,0,0,0,0,desktop,Web,United States,Colorado,google,organic,0.0,1,1,session_only
1175078.5599635209,354989308,2021-01-23,1,1,0,0,0,0,desktop,Web,India,Telangana,<Other>,organic,0.0,7,2,view_item
3183280.9068027021,7873163926,2021-01-07,1,0,0,0,0,0,desktop,Web,Turkey,Ankara,google,organic,0.0,1,1,session_only
5525721.5830620166,2608606996,2021-01-29,1,0,0,0,0,0,desktop,Windows,United States,Oklahoma,google,organic,0.0,1,1,session_only
6827223.8676359992,7075981457,2021-01-16,1,0,0,0,0,0,desktop,<Other>,Israel,South District,(direct),(none),0.0,1,1,session_only
3552063.3907411583,8737581667,2021-01-09,1,0,0,0,0,0,desktop,Web,United Kingdom,England,google,organic,0.0,1,1,session_only
16040518.8523129535,3030541168,2021-01-28,1,0,0,0,0,0,desktop,Web,United States,North Carolina,google,organic,0.0,1,1,session_only
5107046.6032358899,6581809865,2020-12-19,1,0,0,0,0,0,desktop,Web,United States,Connecticut,<Other>,referral,0.0,1,1,session_only
2582683.5950078298,7618558508,2020-12-01,1,1,0,1,1,1,desktop,Web,Mexico,Quintana Roo,(data deleted),(data deleted),0.0,8,6,purchase
4142001.1259803751,8842370780,2020-11-12,1,1,0,1,1,1,mobile,iOS,United States,Indiana,google,cpc,162.4,26,6,purchase
49957827.2989014831,2154578885,2020-12-01,1,0,0,0,0,0,mobile,Web,India,Maharashtra,google,organic,0.0,1,1,session_only
90111138.4003719451,5376292402,2020-11-14,1,0,0,0,0,0,desktop,Web,Norway,Oslo,(direct),(none),0.0,1,1,session_only
8947475.8090315077,4125551407,2020-12-21,1,0,0,0,0,0,desktop,Macintosh,United States,California,<Other>,referral,0.0,1,1,session_only
6853448.5802754258,8267935981,2020-11-23,1,0,0,0,0,0,desktop,Web,India,West Bengal,<Other>,<Other>,0.0,1,1,session_only
36081946.0027718180,1547575751,2020-11-26,1,0,0,0,0,0,mobile,Android,Bangladesh,(not set),shop.googlemerchandisestore.com,referral,0.0,1,1,session_only
2278219.0388083386,8444644511,2020-12-14,1,1,1,1,1,1,desktop,Macintosh,United States,Florida,<Other>,referral,784.32,69,6,purchase
5372675.6016106030,5015669747,2021-01-31,1,0,0,0,0,0,desktop,Web,United States,Michigan,<Other>,organic,0.0,1,1,session_only
1010983.2735846447,9541386948,2020-11-26,1,0,0,0,0,0,mobile,Web,United States,Texas,google,organic,0.0,1,1,session_only
56096357.1374980556,5327545856,2021-01-01,1,0,0,0,0,0,desktop,Web,United States,Texas,shop.googlemerchandisestore.com,referral,0.0,1,1,session_only
53642014.0206404786,6392131453,2020-12-27,1,0,0,0,0,0,mobile,iOS,Colombia,Bogota,(data deleted),(data deleted),0.0,1,1,session_only
82473438.4176448058,907334648,2020-11-10,1,0,0,0,0,0,desktop,Macintosh,Canada,Quebec,google,cpc,0.0,1,1,session_only
8415190.0437025981,5702473711,2020-11-21,1,0,0,0,0,0,mobile,iOS,United States,Iowa,google,organic,0.0,1,1,session_only
33378150.0941869315,2505179446,2020-12-04,1,1,0,0,0,0,tablet,Web,France,Ile-de-France,(direct),(none),0.0,3,2,view_item
1532892.3620003291,5599160444,2021-01-03,1,1,0,0,0,0,desktop,Windows,United States,Massachusetts,google,organic,0.0,2,2,view_item
1565944.2403531565,2084214438,2021-01-13,1,1,0,1,1,1,desktop,Web,Canada,Ontario,<Other>,referral,0.0,15,6,purchase
21152362.2668410885,1914400128,2021-01-04,1,0,0,0,0,0,desktop,Web,Spain,Madrid,shop.googlemerchandisestore.com,referral,0.0,1,1,session_only
84095893.6078700954,604617470,2021-01-07,1,0,0,0,0,0,desktop,Web,United States,California,google,organic,0.0,1,1,session_only
8370307.8020030986,3343382194,2020-12-23,1,0,0,0,0,0,desktop,Web,Australia,New South Wales,<Other>,<Other>,0.0,1,1,session_only
7848921.2251098021,2981890358,2021-01-23,1,1,0,0,0,0,mobile,Android,United Kingdom,Wales,<Other>,referral,0.0,2,2,view_item
74154945.1515891765,1499157658,2020-11-05,1,0,0,0,0,0,desktop,Windows,United Kingdom,England,<Other>,<Other>,0.0,1,1,session_only
9405158.6419588546,6416223696,2020-11-23,1,0,0,0,0,0,desktop,Web,Canada,Ontario,(direct),(none),0.0,1,1,session_only
43093165.6435695468,2976675154,2020-11-11,1,1,0,0,0,0,mobile,iOS,United States,Rhode Island,(data deleted),(data deleted),0.0,3,2,view_item
72114424.5827774039,1105460351,2020-11-16,1,1,1,1,1,1,mobile,iOS,India,Maharashtra,google,organic,171.12,41,6,purchase
5611557.1120582412,2501602728,2020-12-19,1,0,0,0,0,0,desktop,Windows,Singapore,(not set),shop.googlemerchandisestore.com,referral,0.0,1,1,session_only
7337063.4517045793,6762011172,2021-01-06,1,0,0,0,0,0,mobile,iOS,Malaysia,Selangor,google,organic,0.0,1,1,session_only
55083173.1006474487,3306785081,2021-01-11,1,0,0,0,0,0,desktop,Web,United States,Pennsylvania,<Other>,referral,0.0,1,1,session_only
25742170.4975957252,5305761649,2020-11-21,1,0,0,0,0,0,mobile,Web,Japan,Osaka,shop.googlemerchandisestore.com,referral,0.0,1,1,session_only
24957050.8596678061,7924725082,2020-12-29,1,1,1,1,1,1,desktop,Web,Canada,Ontario,<Other>,<Other>,50.1,27,6,purchase
1158637.0383647084,2473786972,2021-01-09,1,1,1,1,1,1,mobile,iOS,United States,Pennsylvania,<Other>,referral,0.0,13,6,purchase
20629456.9131680684,3054356047,2021-01-11,1,0,0,0,0,0,desktop,Web,India,Uttar Pradesh,(data deleted),(data deleted),0.0,1,1,session_only
87753414.9652305768,8621233096,2021-01-20,1,0,0,0,0,0,mobile,Web,Portugal,Lisbon,<Other>,organic,0.0,1,1,session_only
7655285.1627326909,1496812062,2020-12-04,1,0,0,0,0,0,mobile,Android,United States,Ohio,google,organic,0.0,1,1,session_only
27297008.6763630493,3967421589,2021-01-19,1,0,0,0,0,0,desktop,Web,Vietnam,Ho Chi Minh City,(data deleted),(data deleted),0.0,1,1,session_only
7070199.9534159397,264530518,2020-11-24,1,0,0,0,0,0,mobile,iOS,United States,Oregon,<Other>,referral,0.0,1,1,session_only
45097522.5646399477,9534514525,2021-01-27,1,0,0,0,0,0,desktop,Windows,United States,California,<Other>,organic,0.0,1,1,session_only
1544033.2704162362,7591385310,2021-01-06,1,1,0,0,0,0,desktop,Web,Switzerland,Vaud,google,organic,0.0,5,2,view_item
69211703.0675280144,351077665,2021-01-18,1,0,0,0,0,0,desktop,Web,United States,California,(direct),(none),0.0,1,1,session_only
7098458.6529178160,4075954272,2020-11-14,1,0,0,0,0,0,desktop,Web,Canada,Manitoba,(data deleted),(data deleted),0.0,1,1,session_only
71359984.1815631435,4004742690,2021-01-30,1,1,0,0,0,0,desktop,Web,United States,North Carolina,shop.googlemerchandisestore.com,referral,0.0,2,2,view_item
78124649.1656587707,2041842266,2020-11-14,1,1,0,1,1,1,mobile,Web,Italy,Lombardy,shop.googlemerchandisestore.com,referral,79.6,25,6,purchase
2288648890.1622462873,8034879031,2021-01-29,1,1,0,0,0,0,desktop,Web,India,Madhya Pradesh,(direct),(none),0.0,2,2,view_item
71977595.2141523565,4582567704,2021-01-01,1,0,0,0,0,0,mobile,iOS,United States,Virginia,shop.googlemerchandisestore.com,referral,0.0,1,1,session_only
95517486.0744798024,9480287014,2021-01-20,1,0,0,0,0,0,desktop,Macintosh,United States,Pennsylvania,(direct),(none),0.0,1,1,session_only
4602945.9366420751,3889609528,2021-01-11,1,1,1,1,1,1,mobile,Android,Peru,(not set),shop.googlemerchandisestore.com,referral,19.2,46,6,purchase
25049824.9676152644,2036472118,2020-11-16,1,0,0,0,0,0,desktop,Windows,United States,Virginia,google,organic,0.0,1,1,session_only
8535571.8324408786,97099432,2021-01-12,1,0,0,0,0,0,mobile,Web,United States,Massachusetts,<Other>,organic,0.0,1,1,session_only
2669163.1559658095,7587373229,2021-01-25,1,0,0,0,0,0,mobile,iOS,France,Ile-de-France,<Other>,<Other>,0.0,1,1,session_only
59871487.5737257781,1979079248,2021-01-10,1,0,0,0,0,0,mobile,Android,United States,Michigan,google,organic,0.0,1,1,session_only
11176286.2780407108,1742314904,2020-11-17,1,0,0,0,0,0,mobile,iOS,United States,California,google,organic,0.0,1,1,session_only
1998775.2372500569,6593766384,2020-11-11,1,0,0,0,0,0,mobile,Web,Brazil,State of Espirito Santo,(direct),(none),0.0,1,1,session_only
99377521.1544799124,7652587167,2021-01-12,1,0,0,0,0,0,mobile,Android,Australia,South Australia,<Other>,referral,0.0,1,1,session_only
2869238.6590794100,991509850,2021-01-25,1,0,0,0,0,0,mobile,Android,United States,Minnesota,(data deleted),(data deleted),0.0,1,1,session_only
8876056.1657746074,201005302,2021-01-15,1,0,0,0,0,0,mobile,Android,Germany,Baden-Wurttemberg,shop.googlemerchandisestore.com,referral,0.0,1,1,session_only
7360494.7771689914,1669850886,2020-12-17,1,0,0,0,0,0,mobile,Web,India,West Bengal,<Other>,organic,0.0,1,1,session_only
37728115.3460130515,4566658912,2021-01-08,1,0,0,0,0,0,desktop,Web,United States,Washington,shop.googlemerchandisestore.com,referral,0.0,1,1,session_only
4301396024.5752799496,932231368,2020-11-05,1,0,0,0,0,0,mobile,Web,India,Madhya Pradesh,<Other>,<Other>,0.0,1,1,session_only
83205249.6689873353,7615470210,2021-01-08,1,0,0,0,0,0,desktop,Web,United States,Massachusetts,(direct),(none),0.0,1,1,session_only
7093276.6418063918,8713534203,2020-12-27,1,0,0,0,0,0,desktop,Windows,United States,New Jersey,<Other>,<Other>,0.0,1,1,session_only
3351786.5083077372,8044807491,2021-01-01,1,1,0,1,1,1,mobile,iOS,(not set),(not set),google,organic,0.0,10,6,purchase
1964815.1572740426,3164135038,2020-12-14,1,0,0,0,0,0,desktop,Web,Canada,Ontario,(direct),(none),0.0,1,1,session_only
62675595.0015423758,3905738345,2020-12-14,1,0,0,0,0,0,desktop,Windows,Australia,Victoria,google,organic,0.0,1,1,session_only
36679507.8714796235,82255004,2021-01-28,1,0,0,0,0,0,tablet,Web,United States,California,<Other>,<Other>,0.0,1,1,session_only
18970262.7266875876,1486163132,2020-12-27,0,1,0,0,0,0,mobile,Web,United States,Texas,<Other>,referral,0.0,2,2,view_item
90040709.6462293000,3171611714,2021-01-20,1,0,0,0,0,0,mobile,Android,United States,Pennsylvania,google,organic,0.0,1,1,session_only
8134767.4873450345,6312587349,2020-11-24,1,0,0,0,0,0,mobile,Web,United States,Texas,<Other>,<Other>,0.0,1,1,session_only
7348000.2897254837,2018855372,2020-12-23,1,0,0,0,0,0,desktop,Macintosh,Canada,Ontario,(data deleted),(data deleted),0.0,1,1,session_only
5491001.7639674544,759773811,2020-12-31,1,0,0,0,0,0,desktop,Web,Argentina,Buenos Aires,google,organic,0.0,1,1,session_only
2355616.9460032382,3275027132,2020-11-24,0,1,0,1,1,1,mobile,iOS,Japan,Chiba,<Other>,organic,0.0,19,6,purchase
54847545.5855452537,8264503653,2020-12-25,1,0,0,0,0,0,desktop,Web,Philippines,Calabarzon,<Other>,referral,0.0,1,1,session_only
4093974.3143594604,825952717,2021-01-12,1,0,0,0,0,0,desktop,Windows,United States,Illinois,(direct),(none),0.0,1,1,session_only
26303188.1005354489,4869696142,2020-11-15,1,0,0,0,0,0,desktop,Web,United States,Oregon,<Other>,referral,0.0,1,1,session_only
26171153.2712091151,4657974725,2020-12-23,1,1,1,1,1,1,mobile,Web,United States,Virginia,(data deleted),(data deleted),59.2,47,6,purchase
3195409.3477009427,8187178978,2020-12-27,1,0,0,0,0,0,desktop,Web,United States,(not set),<Other>,<Other>,0.0,1,1,session_only
2219878.1193714440,8153227731,2020-11-02,1,1,0,0,0,0,desktop,Macintosh,Canada,Ontario,google,cpc,0.0,2,2,view_item
30767583.9826810990,7073881074,2020-11-09,1,0,0,0,0,0,mobile,Web,United States,California,<Other>,referral,0.0,1,1,session_only
2106680.7130345512,4450879873,2020-11-10,0,1,0,0,0,0,mobile,iOS,Singapore,(not set),google,organic,0.0,2,2,view_item
1093078.8654828434,2386084133,2020-11-09,1,0,0,0,0,0,mobile,iOS,Taiwan,Taipei City,(direct),(none),0.0,1,1,session_only
2768703.4866675938,7535468847,2020-11-24,1,1,0,1,1,1,desktop,Macintosh,United States,California,<Other>,organic,0.0,14,6,purchase
8763428.6456345908,6581763546,2021-01-18,1,0,0,0,0,0,desktop,Web,United States,California,(direct),(none),0.0,1,1,session_only
6759360.4764720830,7035521372,2020-11-23,1,0,0,0,0,0,mobile,iOS,United States,Oregon,google,organic,0.0,1,1,session_only
10510912.5506964822,8997027886,2020-11-19,1,1,0,0,0,0,desktop,Windows,United States,Connecticut,shop.googlemerchandisestore.com,referral,0.0,6,2,view_item
5306691.1083602351,8684056825,2020-12-01,1,0,0,0,0,0,desktop,Web,United States,Texas,(data deleted),(data deleted),0.0,1,1,session_only
48903528.8956170059,9714579074,2020-12-29,1,0,0,0,0,0,desktop,Windows,United States,New York,google,organic,0.0,1,1,session_only
4285173.0566058301,7641392557,2021-01-20,1,1,1,1,1,1,desktop,Web,Israel,Tel Aviv District,shop.googlemerchandisestore.com,referral,0.0,18,6,purchase
72933734.5187589259,1602532180,2021-01-15,1,0,0,0,0,0,desktop,Web,United States,Florida,<Other>,<Other>,0.0,1,1,session_only
3179972.8644712147,6754037632,2020-12-28,1,0,0,0,0,0,mobile,Web,United States,California,google,organic,0.0,1,1,session_only
37527742.0649583821,3619862568,2020-12-21,1,0,0,0,0,0,desktop,Macintosh,Canada,Saskatchewan,google,organic,0.0,1,1,session_only
83462761.0588685812,7582400586,2020-11-17,1,0,0,0,0,0,desktop,Windows,Australia,South Australia,google,organic,0.0,1,1,session_only
85674745.3290710699,3954978621,2021-01-06,1,0,0,0,0,0,desktop,Web,India,Karnataka,<Other>,<Other>,0.0,1,1,session_only
85265749.6018780070,83981358,2020-12-19,1,0,0,0,0,0,desktop,Macintosh,India,Telangana,google,organic,0.0,1,1,session_only
1315049.1291069189,8828362676,2021-01-02,1,0,0,0,0,0,mobile,Android,South Korea,Seoul,google,organic,0.0,1,1,session_only
5944036.5367248137,1141211349,2020-11-02,1,0,0,0,0,0,desktop,Windows,Nepal,Central Development Region,google,organic,0.0,1,1,session_only
65157991.2485460132,7533085129,2020-11-20,1,0,0,0,0,0,desktop,Web,United States,Wisconsin,google,organic,0.0,1,1,session_only
9278446256.4175293572,4551289999,2020-11-11,1,0,0,0,0,0,desktop,Windows,United States,California,(direct),(none),0.0,1,1,session_only
64750444.7173040149,8855443772,2020-11-17,1,1,0,0,0,0,desktop,Macintosh,United States,New York,(direct),(none),0.0,3,2,view_item
5763642.6296114062,2696125180,2020-12-30,1,1,0,0,0,0,mobile,Android,United States,Virginia,(direct),(none),0.0,2,2,view_item
1461385.0747259499,7662453032,2021-01-17,1,1,0,0,0,0,mobile,Android,India,Gujarat,google,organic,0.0,2,2,view_item
1281034.1055760011,6330974954,2021-01-12,1,1,0,0,0,0,mobile,Web,Singapore,(not set),(direct),(none),0.0,4,2,view_item
1668951433.3205952035,8657892173,2021-01-26,1,0,0,0,0,0,mobile,Web,Australia,New South Wales,shop.googlemerchandisestore.com,referral,0.0,1,1,session_only
26518013.2239932708,8639422314,2021-01-13,1,0,0,0,0,0,desktop,Web,Pakistan,Islamabad Capital Territory,google,organic,0.0,1,1,session_only
25640281.0705571838,2281264483,2021-01-23,1,0,0,0,0,0,desktop,Windows,China,Fujian,(direct),(none),0.0,1,1,session_only
33698995.3508923620,3141673356,2021-01-23,1,0,0,0,0,0,desktop,Web,Ukraine,(not set),(direct),(none),0.0,1,1,session_only
35495631.3656209904,1138027001,2021-01-27,0,1,0,0,0,0,desktop,Web,China,(not set),(data deleted),(data deleted),0.0,1,2,view_item
3767701.3507517201,2356760380,2021-01-29,1,1,0,0,0,0,desktop,Macintosh,United States,Arizona,(direct),(none),0.0,2,2,view_item
7939948.0039152306,2485822627,2021-01-27,1,1,0,0,0,0,desktop,Web,United States,Virginia,google,organic,0.0,2,2,view_item
78259730.4042399195,4002843716,2021-01-02,1,0,0,0,0,0,mobile,Web,United States,Illinois,google,organic,0.0,1,1,session_only
1957976.7494427396,4779851344,2020-11-05,1,1,0,0,0,0,desktop,Web,United States,Pennsylvania,(direct),(none),0.0,5,2,view_item
4882937.0943041057,459476002,2021-01-23,1,0,0,0,0,0,desktop,Web,Netherlands,Overijssel,<Other>,<Other>,0.0,1,1,session_only
4438918.3936992395,3194597313,2020-12-01,1,1,0,0,0,0,desktop,Windows,Austria,Vienna,(direct),(none),0.0,5,2,view_item
1586022.1800460720,5409460074,2021-01-04,1,0,0,0,0,0,desktop,Web,Italy,Lazio,<Other>,referral,0.0,1,1,session_only
82887728.6130511713,9348750737,2020-12-17,1,0,0,0,0,0,desktop,Web,United States,California,<Other>,<Other>,0.0,1,1,session_only
4783325.2630063387,4235450002,2020-12-04,1,0,0,0,0,0,mobile,Android,Switzerland,Zurich,<Other>,organic,0.0,1,1,session_only
2671781.6639737862,5732583489,2020-11-16,1,0,0,0,0,0,desktop,Web,Spain,Madrid,<Other>,referral,0.0,1,1,session_only
2067845.7410750039,5438023598,2020-11-17,1,0,0,0,0,0,desktop,Windows,Bangladesh,(not set),(data deleted),(data deleted),0.0,1,1,session_only
5648087.9739643640,2790043072,2020-11-15,1,0,0,0,0,0,desktop,Web,United States,Virginia,google,cpc,0.0,1,1,session_only
5060713.2665674097,6552035786,2021-01-30,1,0,0,0,0,0,desktop,Macintosh,United States,Maryland,google,cpc,0.0,1,1,session_only
1173654.6018220399,7835302125,2020-11-29,1,0,0,0,0,0,mobile,Web,Philippines,Metro Manila,(direct),(none),0.0,1,1,session_only
8628249.2426400099,5154586502,2021-01-13,1,0,0,0,0,0,desktop,Windows,Japan,Tokyo,google,organic,0.0,1,1,session_only
1931180.2113477777,9728539192,2021-01-29,1,0,0,0,0,0,mobile,iOS,United States,California,(direct),(none),0.0,1,1,session_only
69259915.5506299000,3679574193,2020-12-20,1,1,1,1,1,1,mobile,Web,United States,Mississippi,google,organic,0.0,32,6,purchase
71751382.7644706734,9806015757,2020-11-11,1,0,0,0,0,0,desktop,Web,(not set),(not set),(direct),(none),0.0,1,1,session_only
8249511001.2116989836,5849623839,2020-11-14,1,0,0,0,0,0,desktop,Web,India,Odisha,(data deleted),(data deleted),0.0,1,1,session_only
59279999.6698461382,8040531579,2020-12-20,1,0,0,0,0,0,desktop,Web,United States,California,<Other>,<Other>,0.0,1,1,session_only
51621551.1659047583,6765114378,2020-12-14,1,0,0,0,0,0,desktop,Web,Indonesia,Jakarta,shop.googlemerchandisestore.com,referral,0.0,1,1,session_only
8262290.3830508538,4470459504,2020-11-02,1,0,0,0,0,0,desktop,Windows,United States,South Carolina,(direct),(none),0.0,1,1,session_only
7172588.9407707489,871644700,2021-01-02,1,0,0,0,0,0,mobile,Android,India,Maharashtra,<Other>,<Other>,0.0,1,1,session_only
85524443.4697785862,9653340911,2021-01-11,1,1,1,0,0,0,mobile,Android,South Korea,Seoul,<Other>,<Other>,0.0,3,3,add_to_cart
8199988.4050042591,2802667247,2020-12-28,1,0,0,0,0,0,desktop,Web,France,Ile-de-France,<Other>,referral,0.0,1,1,session_only
2063150.8645617916,3988399386,2021-01-17,1,0,0,0,0,0,mobile,Web,India,Maharashtra,<Other>,<Other>,0.0,1,1,session_only
1806399.4725727058,837193981,2021-01-25,1,1,1,1,1,1,mobile,Android,Taiwan,Taipei City,google,organic,82.4,25,6,purchase
15702967.3527629514,4846985665,2021-01-16,1,0,0,0,0,0,desktop,Web,Iraq,(not set),(direct),(none),0.0,1,1,session_only
6488593543.4315116322,4614601037,2020-11-23,1,0,0,0,0,0,desktop,Web,Indonesia,Jakarta,(direct),(none),0.0,1,1,session_only
72182194.2757157712,9497680676,2020-11-14,1,0,0,0,0,0,mobile,Web,United States,Idaho,google,organic,0.0,1,1,session_only
2783189.3435722308,8202650605,2021-01-19,1,0,0,0,0,0,desktop,Web,United States,West Virginia,(direct),(none),0.0,1,1,session_only
5588280.2266217541,4137423162,2020-12-01,1,0,0,0,0,0,mobile,Web,United States,New Jersey,<Other>,organic,0.0,1,1,session_only
52118298.5333657007,901381578,2021-01-28,1,1,0,0,0,0,desktop,Windows,United Kingdom,Scotland,<Other>,<Other>,0.0,2,2,view_item
24428536.2441584764,8642364679,2020-12-25,1,0,0,0,0,0,desktop,<Other>,Germany,Baden-Wurttemberg,<Other>,referral,0.0,1,1,session_only
4821487.9933529006,9939279723,2021-01-16,1,1,1,1,1,1,mobile,Web,United States,Massachusetts,google,organic,0.0,32,6,purchase
7764454.3742738358,7503677118,2021-01-18,1,0,0,0,0,0,desktop,Web,United States,Oregon,google,organic,0.0,1,1,session_only
1347363.2062339162,8160172980,2020-12-20,1,0,0,0,0,0,desktop,Web,United States,Michigan,google,organic,0.0,1,1,session_only
7834685.8138203667,9440926592,2020-11-17,1,0,0,0,0,0,desktop,Web,United States,New York,<Other>,<Other>,0.0,1,1,session_only
7332687.3258141736,2520048658,2021-01-20,1,1,0,0,0,0,desktop,Macintosh,France,Auvergne-Rhone-Alpes,<Other>,<Other>,0.0,3,2,view_item
10346666.8097353116,1562352024,2021-01-13,1,0,0,0,0,0,mobile,Web,Canada,Quebec,<Other>,<Other>,0.0,1,1,session_only
2322229.9648874932,162875995,2020-11-20,1,0,0,0,0,0,mobile,Web,United States,North Carolina,(data deleted),(data deleted),0.0,1,1,session_only
21951836.5010023254,5279583316,2020-12-28,1,0,0,0,0,0,mobile,Android,United States,Massachusetts,shop.googlemerchandisestore.com,referral,0.0,1,1,session_only
24781960.8938810775,110679630,2021-01-08,1,0,0,0,0,0,desktop,Web,Canada,Ontario,google,organic,0.0,1,1,session_only
29111360.9155548348,5812305291,2021-01-28,1,1,0,0,0,0,mobile,Web,United States,Florida,google,organic,0.0,2,2,view_item
6556302.9375584845,394214594,2020-12-23,1,0,0,0,0,0,desktop,Windows,Netherlands,Utrecht,google,organic,0.0,1,1,session_only
25085687.6472192491,8320678706,2020-11-16,1,0,0,0,0,0,desktop,Web,United States,California,<Other>,<Other>,0.0,1,1,session_only
4439894.9483484248,4109210652,2020-12-29,1,0,0,0,0,0,desktop,Web,Australia,New South Wales,google,cpc,0.0,1,1,session_only
53159835.2337874035,5057891594,2021-01-30,1,0,0,0,0,0,desktop,Web,United States,New York,google,organic,0.0,1,1,session_only
87156568.9473661990,1507452990,2020-11-05,1,0,0,1,1,0,desktop,Web,United States,California,<Other>,referral,0.0,5,5,add_payment
5467717.9448603297,3507932800,2020-12-31,1,1,0,1,1,1,desktop,Windows,(not set),(not set),google,organic,0.0,15,6,purchase
7432167595.4345382331,1313175920,2020-11-02,1,1,0,0,0,0,desktop,Web,United States,California,(direct),(none),0.0,2,2,view_item
72766080.4441578477,1060364024,2020-11-15,1,0,0,0,0,0,desktop,Web,Brazil,(not set),google,organic,0.0,1,1,session_only
21831510.0139997655,9217302127,2021-01-06,1,0,0,0,0,0,desktop,Web,United States,Texas,(data deleted),(data deleted),0.0,1,1,session_only
58562031.1701578991,8293852880,2021-01-29,1,0,0,0,0,0,desktop,Web,United States,Florida,<Other>,organic,0.0,1,1,session_only
3220093.2705656460,7820028815,2021-01-27,1,0,0,0,0,0,mobile,Web,United States,Nevada,<Other>,<Other>,0.0,1,1,session_only
80712248.9616316407,673856508,2020-11-26,1,0,0,0,0,0,mobile,Web,United Arab Emirates,Dubai,(direct),(none),0.0,1,1,session_only
8616430437.2569843130,2861206506,2021-01-27,1,0,0,0,0,0,mobile,Web,South Korea,Chungcheongbuk-do,google,organic,0.0,1,1,session_only
5823447.6717355673,7735532639,2021-01-06,1,0,0,0,0,0,desktop,Web,Indonesia,Jakarta,<Other>,<Other>,0.0,1,1,session_only
6447422877.0902816392,4372897512,2021-01-31,1,0,0,0,0,0,desktop,Macintosh,Canada,British Columbia,shop.googlemerchandisestore.com,referral,0.0,1,1,session_only
52899337.0841578773,8621302765,2021-01-19,1,0,0,0,0,0,desktop,Windows,Netherlands,North Holland,(direct),(none),0.0,1,1,session_only
5190867.4834067467,4344050514,2020-11-12,1,0,0,0,0,0,tablet,iOS,Greece,Decentralized Administration of Macedonia and Thrace,<Other>,referral,0.0,1,1,session_only
26301071.6571902680,8620705441,2020-12-20,1,1,0,0,0,0,desktop,Web,United States,New Mexico,google,organic,0.0,2,2,view_item
6939103.4940761808,3108036847,2021-01-23,1,0,0,0,0,0,desktop,Web,United States,Florida,(direct),(none),0.0,1,1,session_only
2307385539.3127388747,4430472130,2021-01-23,1,0,0,0,0,0,mobile,iOS,Australia,(not set),google,organic,0.0,1,1,session_only
88221610.2351558744,1429948834,2021-01-24,1,0,0,0,0,0,mobile,Web,India,Uttar Pradesh,(direct),(none),0.0,1,1,session_only
5286506.8046067099,6888806394,2021-01-24,1,0,0,0,0,0,desktop,Macintosh,India,Rajasthan,google,organic,0.0,1,1,session_only
18999141.8287009669,1607660911,2021-01-13,1,1,0,1,1,1,desktop,Macintosh,Singapore,(not set),<Other>,referral,0.0,13,6,purchase
8004818199.7168790686,7086934961,2020-11-20,1,0,0,0,0,0,mobile,Web,India,Uttar Pradesh,google,organic,0.0,1,1,session_only
1026398.8894306044,7790457031,2020-11-10,1,0,0,0,0,0,mobile,Web,Mexico,Mexico City,(direct),(none),0.0,1,1,session_only
43999066.6956606536,3988905925,2021-01-04,1,0,0,0,0,0,mobile,Android,India,Telangana,google,organic,0.0,1,1,session_only
66691562.7897251088,8286697598,2021-01-04,1,1,1,0,0,0,desktop,Web,(not set),(not set),google,organic,0.0,16,3,add_to_cart
39791804.0321796943,9841858700,2020-12-24,1,0,0,0,0,0,mobile,Web,United Arab Emirates,Dubai,<Other>,referral,0.0,1,1,session_only
22014591.0483533971,77893229,2021-01-16,1,0,0,0,0,0,desktop,Web,United States,North Dakota,<Other>,referral,0.0,1,1,session_only
6826017.2499582081,5845745878,2021-01-19,1,0,0,0,0,0,desktop,Web,India,Telangana,<Other>,<Other>,0.0,1,1,session_only
90363200.9321989796,6578482332,2020-12-04,1,0,0,0,0,0,tablet,iOS,United States,California,google,organic,0.0,1,1,session_only
80430005.3642052906,3859944587,2021-01-29,1,0,0,0,0,0,desktop,Macintosh,United States,Washington,<Other>,referral,0.0,1,1,session_only
67555647.7819115338,2229757270,2020-11-15,1,1,0,1,0,0,desktop,Web,United States,Florida,(direct),(none),0.0,19,4,begin_checkout
5900083.5917533753,6546296818,2020-12-19,1,0,0,0,0,0,mobile,Web,India,Madhya Pradesh,<Other>,<Other>,0.0,1,1,session_only
69011933.7510828752,7648042796,2021-01-25,1,0,0,0,0,0,desktop,Web,Philippines,Central Luzon,shop.googlemerchandisestore.com,referral,0.0,1,1,session_only
90002144.4726521843,961576192,2021-01-28,1,1,0,0,0,0,mobile,Web,Turkey,Adana,google,organic,0.0,2,2,view_item
91354254.1347355325,8158081365,2021-01-30,1,0,0,0,0,0,desktop,Web,United States,Nevada,google,organic,0.0,1,1,session_only
76057026.9656976548,5937734355,2020-11-15,1,1,0,0,0,0,desktop,Web,United States,California,<Other>,<Other>,0.0,2,2,view_item
6273496.5528029239,4632036644,2021-01-19,1,0,0,0,0,0,mobile,Web,Portugal,Lisbon,(data deleted),(data deleted),0.0,1,1,session_only
2707905.8520755494,5980853353,2020-12-04,1,0,0,0,0,0,desktop,Web,Canada,British Columbia,(direct),(none),0.0,1,1,session_only
27446907.6320523884,5239140897,2021-01-19,1,0,0,0,0,0,desktop,Windows,Brazil,State of Ceara,<Other>,referral,0.0,1,1,session_only
8377790.2808948118,4690036017,2020-12-21,1,0,0,0,0,0,desktop,Web,United States,New York,google,organic,0.0,1,1,session_only
16093880.9382962150,9885750489,2021-01-26,1,1,1,1,1,1,mobile,Android,Poland,Kuyavian-Pomeranian Voivodeship,google,cpc,25.6,15,6,purchase
5347354.7629190130,1424608126,2020-11-26,1,0,0,0,0,0,desktop,Web,Mexico,Queretaro,(data deleted),(data deleted),0.0,1,1,session_only
82788924.6377739801,4214064015,2021-01-03,1,0,0,0,0,0,mobile,iOS,Germany,Baden-Wurttemberg,shop.googlemerchandisestore.com,referral,0.0,1,1,session_only
2011189.4337352457,8672595670,2021-01-16,1,0,0,0,0,0,desktop,Web,United States,New York,(direct),(none),0.0,1,1,session_only
4251505.6058458456,7024746034,2020-11-17,1,0,0,0,0,0,desktop,Windows,India,West Bengal,google,organic,0.0,1,1,session_only
21645049.3362739621,2248828942,2020-12-25,1,0,0,0,0,0,desktop,Web,United States,North Carolina,google,organic,0.0,1,1,session_only
63411382.0160266092,9180080842,2021-01-04,1,0,0,0,0,0,desktop,Windows,Canada,Ontario,<Other>,referral,0.0,1,1,session_only
41786391.2766491024,227810142,2021-01-26,1,1,0,1,1,1,desktop,Web,Canada,Ontario,(direct),(none),0.0,21,6,purchase
6764903.9325573296,2361795422,2020-12-19,1,0,0,0,0,0,desktop,Web,Canada,Ontario,<Other>,<Other>,0.0,1,1,session_only
83472401.1751522108,6353544284,2021-01-20,1,0,0,0,0,0,mobile,Web,United States,Virginia,google,organic,0.0,1,1,session_only
2490431.1454031899,9492886764,2020-12-21,1,0,0,0,0,0,desktop,Web,United States,Maryland,google,organic,0.0,1,1,session_only
56914752.2293487542,8878253542,2021-01-30,1,0,0,0,0,0,desktop,Windows,Canada,British Columbia,google,organic,0.0,1,1,session_only
99793210.3105086239,7276393900,2020-12-25,1,0,0,0,0,0,mobile,Web,United States,California,shop.googlemerchandisestore.com,referral,0.0,1,1,session_only
1870309.6522440594,1317715913,2021-01-28,1,1,0,0,0,0,mobile,iOS,United States,California,<Other>,referral,0.0,2,2,view_item
80748493.0482726552,1278000583,2021-01-16,1,1,0,0,0,0,mobile,Android,Australia,South Australia,(direct),(none),0.0,2,2,view_item
26371728.7894166489,3621177152,2021-01-26,1,0,0,0,0,0,mobile,iOS,Guatemala,Guatemala Department,<Other>,<Other>,0.0,1,1,session_only
27916391.0750220029,3684748073,2020-12-31,1,0,0,0,0,0,mobile,Android,United States,Florida,<Other>,<Other>,0.0,1,1,session_only
49459907.6115803603,3404280342,2020-12-25,1,0,0,0,0,0,desktop,Web,Australia,Victoria,google,organic,0.0,1,1,session_only
9202289.9931006292,5248458834,2020-12-21,1,0,0,0,0,0,mobile,Web,United States,Maryland,(direct),(none),0.0,1,1,session_only
34295725.6561347031,5761362834,2021-01-26,1,0,0,0,0,0,desktop,Windows,Brazil,(not set),(direct),(none),0.0,1,1,session_only
24485977.5463329033,8529663547,2020-12-25,1,0,0,0,0,0,desktop,Web,United States,Virginia,google,organic,0.0,1,1,session_only
3360442.5856879049,8091005333,2020-12-20,1,0,0,0,0,0,mobile,Web,United States,Texas,(direct),(none),0.0,1,1,session_only
3460668.4719249655,9437502387,2020-12-19,1,0,0,0,0,0,mobile,Web,United States,California,(data deleted),(data deleted),0.0,1,1,session_only
69440500.5363115269,377224170,2020-11-16,1,0,0,0,0,0,desktop,Web,Vietnam,Ho Chi Minh City,google,organic,0.0,1,1,session_only
67812300.5567687548,7179760555,2021-01-07,1,0,0,0,0,0,mobile,Web,Thailand,Bangkok,shop.googlemerchandisestore.com,referral,0.0,1,1,session_only
2855379.6764009053,8110192178,2021-01-02,1,0,0,0,0,0,desktop,Web,Taiwan,Taipei City,(direct),(none),0.0,1,1,session_only
8566354.9664999835,4567923251,2020-12-17,1,0,0,0,0,0,mobile,iOS,United States,Virginia,google,cpc,0.0,1,1,session_only
3493670.7503005855,5032733670,2020-12-26,1,0,0,0,0,0,desktop,Web,Spain,Basque Country,<Other>,<Other>,0.0,1,1,session_only
2608462.0797346127,9506697325,2020-12-01,1,1,1,0,0,0,mobile,iOS,Peru,(not set),google,cpc,0.0,26,3,add_to_cart
3664042.3422630363,9307400051,2021-01-29,1,0,0,0,0,0,mobile,Android,Ireland,County Dublin,<Other>,referral,0.0,1,1,session_only
6724008.5479270296,624207497,2021-01-18,1,0,0,0,0,0,desktop,Macintosh,United States,Arizona,google,cpc,0.0,1,1,session_only
3030394.7459625087,5954691483,2020-11-15,1,1,0,1,1,1,tablet,Android,United States,Illinois,<Other>,referral,174.4,74,6,purchase
7017379.8663187116,9113151937,2021-01-11,1,0,0,0,0,0,desktop,Web,United States,Alabama,<Other>,<Other>,0.0,1,1,session_only
4244906486.5219406977,5086799548,2021-01-13,1,0,0,0,0,0,mobile,Web,United States,Nebraska,google,organic,0.0,1,1,session_only
57156946.8631489700,3138063169,2021-01-29,1,0,0,0,0,0,mobile,Web,Singapore,(not set),<Other>,<Other>,0.0,1,1,session_only
62695393.6991200848,933566599,2020-11-20,1,0,0,0,0,0,mobile,Web,Australia,(not set),<Other>,<Other>,0.0,1,1,session_only
1306493.1469289903,190727924,2021-01-10,1,0,0,0,0,0,desktop,Windows,Pakistan,Islamabad Capital Territory,google,organic,0.0,1,1,session_only
11022951.0812077677,4576230864,2021-01-20,1,1,0,0,0,0,mobile,Android,Sweden,Vastra Gotaland County,google,organic,0.0,3,2,view_item
8553185.7079767698,47407959,2020-11-17,1,0,0,0,0,0,desktop,Web,United States,California,(direct),(none),0.0,1,1,session_only
2635736.9339948728,4063181212,2020-11-17,1,0,0,0,0,0,mobile,iOS,China,(not set),<Other>,referral,0.0,1,1,session_only
4587589.5913398066,4248388689,2021-01-07,1,0,0,0,0,0,desktop,Web,United States,Florida,<Other>,organic,0.0,1,1,session_only
89729245.3353633244,3559344146,2020-12-28,1,0,0,0,0,0,desktop,Windows,United States,Michigan,<Other>,<Other>,0.0,1,1,session_only
6621133.0473937907,7603108212,2020-11-12,1,0,0,0,0,0,desktop,Web,France,Ile-de-France,google,organic,0.0,1,1,session_only
21503790.0399700662,8501829246,2020-12-28,1,0,0,0,0,0,desktop,Web,France,Normandy,shop.googlemerchandisestore.com,referral,0.0,1,1,session_only
95684447.8748364042,1657706035,2020-11-11,1,0,0,0,0,0,mobile,Web,Canada,Ontario,shop.googlemerchandisestore.com,referral,0.0,1,1,session_only
11100960.2667996478,222293052,2020-12-01,1,1,1,1,1,1,desktop,Web,Canada,British Columbia,<Other>,referral,53.12,33,6,purchase
14591669.5288837077,916090389,2020-11-24,1,0,0,0,0,0,desktop,Windows,United States,Virginia,<Other>,<Other>,0.0,1,1,session_only
90281510.6560674856,6119580213,2021-01-25,1,1,0,1,1,1,mobile,Web,Canada,Ontario,google,cpc,0.0,8,6,purchase
66365924.2794628764,5866348735,2021-01-15,1,0,0,0,0,0,desktop,Web,Canada,Quebec,shop.googlemerchandisestore.com,referral,0.0,1,1,session_only
2086960.7968843968,1937073538,2020-11-20,1,0,0,0,0,0,desktop,Windows,Italy,Lombardy,<Other>,<Other>,0.0,1,1,session_only
72965118.3546331506,9654405654,2021-01-20,1,0,0,0,0,0,desktop,Web,United States,Washington,<Other>,<Other>,0.0,1,1,session_only
5248725.6959098579,2544388212,2021-01-20,1,1,0,0,0,0,desktop,Web,Russia,Moscow,google,organic,0.0,3,2,view_item
53480143.9599320564,2545464690,2021-01-06,1,0,0,0,0,0,desktop,Web,United States,Michigan,google,cpc,0.0,1,1,session_only
63278422.4625053220,1528858609,2020-11-19,1,0,0,0,0,0,desktop,Web,United States,California,<Other>,<Other>,0.0,1,1,session_only
60096679.9422223957,3486306970,2020-11-10,1,1,0,0,0,0,desktop,Macintosh,Russia,Moscow,(direct),(none),0.0,2,2,view_item
63540479.4860497850,902625187,2020-11-11,1,1,0,0,0,0,mobile,Web,India,Andhra Pradesh,<Other>,<Other>,0.0,3,2,view_item
22123100.7016080192,3183690461,2021-01-28,1,0,0,0,0,0,desktop,Web,Indonesia,Riau Islands,<Other>,referral,0.0,1,1,session_only
171181038.5178527626,5849487490,2021-01-27,1,0,0,0,0,0,mobile,Web,United States,Maryland,shop.googlemerchandisestore.com,referral,0.0,1,1,session_only
6718046543.2512635724,7985793842,2020-11-26,1,0,0,0,0,0,desktop,Web,United States,Georgia,google,organic,0.0,1,1,session_only
7195542.3513817232,4239033063,2020-11-17,1,1,0,1,1,1,desktop,Web,Denmark,Region of Southern Denmark,shop.googlemerchandisestore.com,referral,0.0,12,6,purchase
26019223.7120511032,9787101258,2020-11-10,1,1,0,0,0,0,desktop,Macintosh,India,Maharashtra,google,cpc,0.0,12,2,view_item
85220323.8158818523,1914587090,2021-01-06,1,0,0,0,0,0,desktop,Web,United States,Louisiana,<Other>,<Other>,0.0,1,1,session_only
7336959916.1398956280,9434674665,2020-11-10,1,1,0,0,0,0,mobile,Web,United States,Nevada,(data deleted),(data deleted),0.0,2,2,view_item
35520309.5007076007,75053567,2020-12-14,1,0,0,0,0,0,desktop,Macintosh,United States,Kentucky,google,organic,0.0,1,1,session_only
2180214.7593099185,1810674456,2020-11-24,1,0,0,0,0,0,mobile,iOS,Jordan,Amman Governorate,google,cpc,0.0,1,1,session_only
6336225.7175898050,4142265231,2021-01-02,1,0,0,0,0,0,desktop,Web,United States,Minnesota,google,organic,0.0,1,1,session_only
67401885.5043699336,298272442,2020-12-28,1,0,0,0,0,0,desktop,Web,United States,New York,<Other>,<Other>,0.0,1,1,session_only
3460887642.0331611207,7539497049,2020-12-28,1,1,0,0,0,0,mobile,Web,India,Delhi,google,organic,0.0,4,2,view_item
21307537.2753842732,4223527691,2021-01-31,1,0,0,0,0,0,desktop,Macintosh,United States,West Virginia,google,organic,0.0,1,1,session_only
3680421.4213771360,638757739,2020-11-21,1,0,0,0,0,0,desktop,Web,India,Rajasthan,shop.googlemerchandisestore.com,referral,0.0,1,1,session_only
4357875.9603791884,9230493037,2021-01-25,1,0,0,0,0,0,mobile,Web,United States,Delaware,(direct),(none),0.0,1,1,session_only
7037126.2824280549,8321537767,2021-01-01,1,0,0,0,0,0,mobile,Android,Belgium,Wallonia,google,organic,0.0,1,1,session_only
10722618.8755319995,9628253124,2020-12-04,1,0,0,0,0,0,desktop,Web,South Korea,(not set),(direct),(none),0.0,1,1,session_only
2893471.4038759966,8948214629,2020-12-30,1,1,0,0,0,0,desktop,Windows,United States,California,google,organic,0.0,2,2,view_item
6103339.6956511294,6052182499,2020-11-20,1,0,0,0,0,0,desktop,Web,India,Madhya Pradesh,google,organic,0.0,1,1,session_only
66548497.6985799249,5736404038,2020-11-23,1,0,0,0,0,0,desktop,Web,United Kingdom,England,(direct),(none),0.0,1,1,session_only
13241329.9661358514,4817341354,2020-12-21,1,0,0,0,0,0,desktop,Web,Singapore,(not set),<Other>,<Other>,0.0,1,1,session_only
2819497.0596567487,9663442218,2020-12-30,1,0,0,0,0,0,mobile,Web,France,Ile-de-France,google,organic,0.0,1,1,session_only
7860610.1936565981,9318483440,2021-01-20,1,0,0,0,0,0,desktop,Web,United States,Indiana,(direct),(none),0.0,1,1,session_only
66036121.7799299870,5021437992,2020-12-14,1,1,1,1,1,1,mobile,iOS,United States,Michigan,shop.googlemerchandisestore.com,referral,304.8,30,6,purchase
5962808.3713027786,154267463,2021-01-20,1,1,0,0,0,0,desktop,Web,United States,Tennessee,google,organic,0.0,2,2,view_item
72259873.4818347947,927211983,2020-11-11,1,1,0,0,0,0,mobile,iOS,Japan,(not set),google,organic,0.0,3,2,view_item
39238804.4841294487,3912784596,2021-01-28,1,1,1,1,1,1,desktop,Web,United States,Louisiana,(data deleted),(data deleted),0.0,9,6,purchase
50258557.3963399519,3650798737,2021-01-02,1,0,0,0,0,0,desktop,Macintosh,United States,California,google,organic,0.0,1,1,session_only
52737439.6362422856,7050977142,2021-01-16,1,1,0,0,0,0,desktop,Web,United States,California,(direct),(none),0.0,2,2,view_item
8609365.0574468714,2908813970,2020-12-21,1,0,0,0,0,0,mobile,iOS,United States,Georgia,google,organic,0.0,1,1,session_only
2482576.2043464834,1630089932,2020-12-30,1,0,0,0,0,0,mobile,Web,United States,Missouri,(direct),(none),0.0,1,1,session_only
27328467.7916238216,1734477306,2020-12-28,1,0,0,0,0,0,desktop,Macintosh,Peru,(not set),(data deleted),(data deleted),0.0,1,1,session_only
6320393.7712544742,1272043169,2020-12-29,1,0,0,0,0,0,mobile,Web,Taiwan,Taipei City,<Other>,<Other>,0.0,1,1,session_only
31676490.3644491064,1655236256,2021-01-17,1,0,0,0,0,0,desktop,Web,Turkey,Istanbul,<Other>,referral,0.0,1,1,session_only
4461072.7961032142,3506341200,2020-12-20,1,0,0,0,0,0,desktop,Web,United States,Alabama,<Other>,<Other>,0.0,1,1,session_only
19024969.4697002592,1576495943,2021-01-13,1,1,0,0,0,0,desktop,Web,United States,California,google,organic,0.0,2,2,view_item
42708716.6235546783,9968907590,2020-12-21,1,0,0,0,0,0,tablet,Android,Singapore,(not set),<Other>,<Other>,0.0,1,1,session_only
32061826.7266601875,4627329083,2020-12-24,1,0,0,0,0,0,desktop,Web,Tunisia,Tunis,(data deleted),(data deleted),0.0,1,1,session_only
2643460.3244934392,4515854556,2020-12-04,1,0,0,0,0,0,desktop,Web,United States,California,google,organic,0.0,1,1,session_only
7002517.7034560426,7144826627,2020-12-17,1,0,0,0,0,0,desktop,Web,Sweden,Skane County,<Other>,<Other>,0.0,1,1,session_only
30809515.3274777679,3146661823,2020-11-05,1,0,0,0,0,0,desktop,Web,United States,New York,google,organic,0.0,1,1,session_only
3606361374.0488514474,9540804732,2021-01-17,1,0,0,0,0,0,mobile,Web,Ireland,County Dublin,google,organic,0.0,1,1,session_only
3232916.7887782445,6737500321,2020-12-21,1,0,0,0,0,0,desktop,Web,India,Maharashtra,shop.googlemerchandisestore.com,referral,0.0,1,1,session_only
6560042.2405678851,4702973283,2020-11-16,1,0,0,0,0,0,desktop,Web,(not set),(not set),(data deleted),(data deleted),0.0,1,1,session_only
6042231.0815931499,1937872148,2020-11-23,1,0,0,0,0,0,desktop,Macintosh,United States,Louisiana,google,organic,0.0,1,1,session_only
67518729.6087106258,680324250,2020-12-04,1,0,0,0,0,0,desktop,Web,Greece,Decentralized Administration of Macedonia and Thrace,(direct),(none),0.0,1,1,session_only
88994872.7943372011,5523538105,2020-11-20,1,0,0,0,0,0,desktop,Web,Israel,Tel Aviv District,(direct),(none),0.0,1,1,session_only
89691276.2102832693,8121779639,2020-12-01,1,0,0,0,0,0,mobile,iOS,Sweden,Stockholm County,google,cpc,0.0,1,1,session_only
63053762.4798637695,1655280108,2020-12-19,1,0,0,0,0,0,desktop,Web,United States,Rhode Island,<Other>,<Other>,0.0,1,1,session_only
31988587.6661899396,3447109904,2021-01-02,1,0,0,0,0,0,mobile,Web,United States,Florida,google,organic,0.0,1,1,session_only
3733639.9369524792,3987268481,2020-11-16,1,0,0,0,0,0,mobile,iOS,Indonesia,West Java,(data deleted),(data deleted),0.0,1,1,session_only
4760323.9312851984,4394327972,2021-01-09,1,0,0,0,0,0,mobile,Android,United States,Texas,google,cpc,0.0,1,1,session_only
47368752.8496594134,7689992271,2021-01-13,1,0,0,0,0,0,desktop,Web,United States,California,(data deleted),(data deleted),0.0,1,1,session_only
86851770.8448766320,460587694,2021-01-04,1,0,0,0,0,0,desktop,Web,United States,New Jersey,(direct),(none),0.0,1,1,session_only
62799161.2323099868,970763197,2020-12-29,1,1,0,0,0,0,desktop,Web,United States,Washington,<Other>,<Other>,0.0,2,2,view_item
8922626.4347602444,4298241953,2021-01-26,0,1,1,1,1,1,desktop,Web,France,Ile-de-France,shop.googlemerchandisestore.com,referral,41.22,107,6,purchase
8609011.8149937120,5825961626,2020-11-10,1,0,0,0,0,0,desktop,Web,Philippines,Metro Manila,<Other>,<Other>,0.0,1,1,session_only
18970976.5103309559,8929475134,2020-11-02,1,0,0,0,0,0,desktop,Web,France,Nouvelle-Aquitaine,(direct),(none),0.0,1,1,session_only
3471233.6262860310,9061252676,2021-01-07,1,0,0,0,0,0,desktop,Web,United Kingdom,England,<Other>,organic,0.0,1,1,session_only
61422097.5154282579,9110945886,2021-01-11,1,0,0,0,0,0,desktop,Windows,United States,Illinois,google,organic,0.0,1,1,session_only
25563437.8596229767,7554526918,2020-12-25,1,0,0,0,0,0,desktop,Windows,Canada,Ontario,google,organic,0.0,1,1,session_only
57089803.0364213508,1380234393,2021-01-11,1,0,0,0,0,0,desktop,Web,India,Kerala,(direct),(none),0.0,1,1,session_only
23721331.7648117316,2334821021,2021-01-02,1,0,0,0,0,0,desktop,Web,Pakistan,Sindh,google,organic,0.0,1,1,session_only
74006917.4056103898,297966210,2021-01-25,1,0,0,0,0,0,mobile,iOS,Japan,Saitama,(direct),(none),0.0,1,1,session_only
5486185.7731789798,5603796735,2021-01-17,1,0,0,0,0,0,mobile,Web,United States,New York,<Other>,<Other>,0.0,1,1,session_only
16409257.5754946916,1584450328,2021-01-19,1,0,0,0,0,0,desktop,Web,United States,New Jersey,google,cpc,0.0,1,1,session_only
80127349.5356084675,8376892219,2021-01-17,1,0,0,0,0,0,mobile,iOS,United States,Texas,google,organic,0.0,1,1,session_only
63509975.0120103177,9635536096,2020-12-26,1,0,0,0,0,0,desktop,Windows,United States,Alabama,(direct),(none),0.0,1,1,session_only
3992214.0329365184,1136959138,2020-12-17,1,1,1,1,1,1,desktop,Web,India,Maharashtra,google,organic,0.0,22,6,purchase
4744795.4826418525,2441555080,2020-11-19,1,0,0,0,0,0,desktop,Web,Netherlands,North Holland,<Other>,<Other>,0.0,1,1,session_only
95011759.4423362769,2235612299,2020-11-11,1,0,0,0,0,0,desktop,<Other>,United States,Kentucky,<Other>,referral,0.0,1,1,session_only
19154862.2796028364,9848894164,2021-01-30,1,0,0,0,0,0,mobile,iOS,United States,California,<Other>,referral,0.0,1,1,session_only
5165607.9345208005,4983922031,2020-12-14,1,0,0,0,0,0,mobile,Android,United States,Pennsylvania,(data deleted),(data deleted),0.0,1,1,session_only
3985002052.5257579355,1623980690,2020-11-17,1,0,0,0,0,0,desktop,<Other>,United States,California,google,organic,0.0,1,1,session_only
8326831568.8304580431,2691199676,2021-01-03,1,0,0,0,0,0,mobile,Android,United States,Georgia,google,cpc,0.0,1,1,session_only
3821966.6630049717,3355271356,2020-11-09,1,1,0,0,0,0,desktop,Windows,United States,Texas,(direct),(none),0.0,3,2,view_item
7324520.0036548206,5540568539,2020-11-14,1,0,0,0,0,0,mobile,iOS,Canada,Manitoba,(direct),(none),0.0,1,1,session_only
85742632.6802172726,5672488020,2021-01-27,1,0,0,0,0,0,desktop,Web,United States,Texas,(data deleted),(data deleted),0.0,1,1,session_only
73112194.5030755788,2025895051,2020-11-24,1,1,0,0,0,0,mobile,Web,Brazil,State of Sao Paulo,(direct),(none),0.0,4,2,view_item
3692934.9950364879,7948054951,2020-11-26,1,0,0,0,0,0,desktop,Web,Poland,Masovian Voivodeship,(direct),(none),0.0,1,1,session_only
85282420.3070209063,9581072280,2021-01-19,1,0,0,0,0,0,mobile,iOS,Singapore,(not set),google,organic,0.0,1,1,session_only
55899567.4634627818,4346143994,2020-11-29,1,0,0,0,0,0,desktop,Web,United States,Minnesota,google,organic,0.0,1,1,session_only
10764801.7784661839,842658018,2021-01-24,1,0,0,0,0,0,desktop,Web,China,Zhejiang,shop.googlemerchandisestore.com,referral,0.0,1,1,session_only
4889801.6985244728,8444799282,2021-01-24,1,1,0,0,0,0,tablet,Web,Malaysia,(not set),google,organic,0.0,3,2,view_item
52183238.0739396697,5992156610,2021-01-06,1,0,0,0,0,0,desktop,Web,United States,Massachusetts,google,organic,0.0,1,1,session_only
85925370.4835043900,9352019139,2021-01-19,1,1,0,1,1,1,desktop,Web,France,Provence-Alpes-Cote d'Azur,google,organic,0.0,20,6,purchase
47350731.2491214310,5370517363,2021-01-06,1,1,0,0,0,0,mobile,Web,China,Zhejiang,(direct),(none),0.0,2,2,view_item
1248143.4305690039,410898481,2021-01-10,1,0,0,0,0,0,mobile,iOS,India,Karnataka,<Other>,referral,0.0,1,1,session_only
48581446.4669276083,8343587911,2020-11-21,1,0,0,0,0,0,desktop,Web,India,Karnataka,(direct),(none),0.0,1,1,session_only
5595267.0013189056,4902471845,2021-01-13,1,0,0,0,0,0,desktop,Web,United States,New York,<Other>,<Other>,0.0,1,1,session_only
21547571.6267692809,2275200326,2020-11-19,1,1,0,0,0,0,mobile,iOS,United States,Vermont,google,organic,0.0,2,2,view_item
61281438.1815337540,7187906703,2020-11-12,1,1,0,1,1,1,mobile,Android,Taiwan,Taiwan Province,shop.googlemerchandisestore.com,referral,0.0,13,6,purchase
4324323.4411880422,7898647675,2020-12-17,1,0,0,0,0,0,mobile,Web,United States,Kansas,(direct),(none),0.0,1,1,session_only
8598110.2493767237,6113344219,2021-01-12,1,0,0,0,0,0,mobile,iOS,United States,New York,google,organic,0.0,1,1,session_only
4054807147.6133602248,5110988182,2021-01-26,1,0,0,0,0,0,desktop,Windows,Czechia,Prague,google,organic,0.0,1,1,session_only
5724323.7589666977,8806312192,2021-01-27,1,0,0,0,0,0,desktop,Windows,Canada,Quebec,google,cpc,0.0,1,1,session_only
77653987.4841764168,9543851240,2020-11-12,1,0,0,0,0,0,desktop,Macintosh,India,Delhi,shop.googlemerchandisestore.com,referral,0.0,1,1,session_only
27946077.0386094787,3592378327,2021-01-12,1,0,0,0,0,0,mobile,iOS,United States,California,(direct),(none),0.0,1,1,session_only
7601188656.2546277161,9292884789,2020-11-12,1,0,0,0,0,0,mobile,Android,Taiwan,New Taipei City,google,cpc,0.0,1,1,session_only
67262967.2402478983,9348058243,2020-11-05,1,0,0,0,0,0,desktop,Web,Greece,"Decentralized Administration of Peloponnese, Western Greece and the Ionian",(direct),(none),0.0,1,1,session_only
130335109.4276822537,4816716712,2020-12-21,1,0,0,0,0,0,mobile,Web,United States,Maryland,(direct),(none),0.0,1,1,session_only
1270280.9040724429,2413300914,2021-01-11,1,1,0,0,0,0,mobile,iOS,United States,Texas,google,organic,0.0,2,2,view_item
1010951.9671834955,4621211130,2020-12-20,1,0,0,0,0,0,desktop,<Other>,Sweden,Stockholm County,shop.googlemerchandisestore.com,referral,0.0,1,1,session_only
8189605.6127919267,4053324758,2020-11-15,1,0,0,0,0,0,desktop,Web,India,Maharashtra,shop.googlemerchandisestore.com,referral,0.0,1,1,session_only
51132404.6348374718,3310682699,2021-01-08,1,0,0,0,0,0,desktop,Web,Italy,Tuscany,google,organic,0.0,1,1,session_only
62387246.5734870105,9830402594,2020-11-07,1,0,0,0,0,0,desktop,Web,United States,Arizona,google,organic,0.0,1,1,session_only
53550354.6354713181,7494179236,2021-01-01,1,1,1,1,1,1,desktop,Web,United States,Virginia,google,organic,142.4,69,6,purchase
38342700.7658848501,5505544739,2021-01-06,1,0,0,0,0,0,desktop,Web,India,Punjab,shop.googlemerchandisestore.com,referral,0.0,1,1,session_only
5774300.6103522861,5788365506,2020-12-25,1,0,0,0,0,0,desktop,Web,United States,Florida,google,organic,0.0,1,1,session_only
79678933.1134287762,7397251181,2020-11-09,1,0,0,0,0,0,desktop,Web,Turkey,(not set),<Other>,<Other>,0.0,1,1,session_only
86397169.2213547405,5689346275,2020-12-25,1,0,0,0,0,0,desktop,Windows,United States,Oregon,<Other>,referral,0.0,1,1,session_only
3510248.0939383050,5021629801,2020-11-16,1,0,0,0,0,0,desktop,Web,United States,California,(direct),(none),0.0,1,1,session_only
22351842.0278439919,3045115387,2020-12-14,1,0,0,0,0,0,desktop,Macintosh,United States,California,(data deleted),(data deleted),0.0,1,1,session_only
33932701.3473498332,4564532316,2020-12-23,1,0,0,0,0,0,desktop,Web,Costa Rica,San Jose Province,(direct),(none),0.0,1,1,session_only
23209126.8453113222,2640716066,2021-01-29,1,0,0,0,0,0,desktop,Web,Italy,Campania,<Other>,<Other>,0.0,1,1,session_only
15109615.7675793031,3869602811,2020-11-11,1,1,0,1,1,1,mobile,Android,Taiwan,Kaohsiung City,google,organic,55.3,12,6,purchase
78208358.2359109290,5164230091,2021-01-04,1,0,0,0,0,0,mobile,Android,United States,Washington,<Other>,<Other>,0.0,1,1,session_only
22284421.8180471572,8743083755,2021-01-30,0,1,0,1,1,1,mobile,Web,Austria,Vienna,google,organic,0.0,10,6,purchase
53343743.2492740211,6698477561,2020-12-23,1,0,0,0,0,0,mobile,iOS,Finland,Uusimaa,(data deleted),(data deleted),0.0,1,1,session_only
7808489.0343492791,1000478982,2020-11-17,1,1,0,1,1,1,mobile,Web,Russia,(not set),<Other>,<Other>,29.12,29,6,purchase
24851076.8537081033,4525147069,2020-11-17,1,1,0,1,1,1,desktop,Web,United States,Pennsylvania,google,organic,6.72,10,6,purchase
84396767.3617823481,9724476041,2021-01-12,1,0,0,0,0,0,mobile,iOS,Russia,(not set),google,cpc,0.0,1,1,session_only
72973415.1378287031,9870332220,2020-12-04,1,0,0,0,0,0,mobile,iOS,Taiwan,Taoyuan City,google,organic,0.0,1,1,session_only
8424077.8945745237,6778901031,2020-11-24,1,1,0,1,0,0,desktop,Web,India,West Bengal,(direct),(none),0.0,8,4,begin_checkout
8763215.6341844475,8742396569,2020-11-17,1,0,0,0,0,0,desktop,Web,United States,(not set),google,organic,0.0,1,1,session_only
8061137.8656056316,6672501635,2020-11-29,1,0,0,0,0,0,desktop,Web,India,Rajasthan,google,organic,0.0,1,1,session_only
19963687.0354504348,8361167481,2021-01-27,1,1,0,1,1,1,mobile,iOS,Spain,Castile-La Mancha,shop.googlemerchandisestore.com,referral,0.0,10,6,purchase
83649551.5140181793,4246148905,2020-11-19,1,0,0,0,0,0,desktop,Macintosh,United States,Florida,(direct),(none),0.0,1,1,session_only
1621715.2542894803,1836391175,2020-12-19,1,0,0,0,0,0,desktop,Macintosh,United States,Nevada,google,organic,0.0,1,1,session_only
5706452.0502132934,2477894253,2021-01-24,1,0,0,0,0,0,desktop,Web,United States,California,google,organic,0.0,1,1,session_only
77572666.6771895566,6383349282,2020-12-17,1,0,0,0,0,0,tablet,iOS,United States,Mississippi,google,cpc,0.0,1,1,session_only
68019527.7490732235,3762067648,2020-11-23,1,1,0,0,0,0,mobile,Android,Colombia,Bogota,(data deleted),(data deleted),0.0,3,2,view_item
24446421.4266328423,1083857108,2020-12-23,1,0,0,0,0,0,mobile,Android,United States,Wisconsin,(data deleted),(data deleted),0.0,1,1,session_only
1921195.2309270672,6662635783,2020-12-14,1,0,0,0,0,0,desktop,Web,Turkey,Konya,<Other>,referral,0.0,1,1,session_only
66217330.7179451819,834507977,2020-11-07,1,0,0,0,0,0,mobile,iOS,United States,New York,google,cpc,0.0,1,1,session_only
35476246.1056843784,2642062073,2020-12-29,1,1,0,0,0,0,desktop,<Other>,United States,Kansas,shop.googlemerchandisestore.com,referral,0.0,4,2,view_item
4480485.0014086712,6733627215,2020-12-29,1,0,0,0,0,0,desktop,Web,Portugal,(not set),<Other>,<Other>,0.0,1,1,session_only
89228434.7669852607,7215065918,2021-01-30,1,0,0,0,0,0,desktop,Web,China,Sichuan,shop.googlemerchandisestore.com,referral,0.0,1,1,session_only
5697322.5819543970,6233035299,2020-11-23,1,0,0,0,0,0,mobile,Android,Romania,Bucharest,(direct),(none),0.0,1,1,session_only
60309879.3428570612,1957414344,2021-01-19,1,0,0,0,0,0,mobile,Web,Taiwan,Taipei City,shop.googlemerchandisestore.com,referral,0.0,1,1,session_only
7106569.0010424509,9362278380,2021-01-10,1,0,0,0,0,0,mobile,Android,Italy,Lazio,(direct),(none),0.0,1,1,session_only
7542037.6518299395,5775764039,2020-11-11,1,0,0,0,0,0,mobile,Web,United States,Arizona,(direct),(none),0.0,1,1,session_only
5469002.8526331777,5321651699,2021-01-09,1,0,0,0,0,0,mobile,iOS,Switzerland,Canton of Bern,google,organic,0.0,1,1,session_only
39227272.7538294762,7867488859,2021-01-25,1,0,0,0,0,0,mobile,Web,Cyprus,(not set),<Other>,referral,0.0,1,1,session_only
2008107.4249900879,3220486948,2021-01-26,1,0,0,0,0,0,desktop,Windows,Ireland,County Dublin,<Other>,<Other>,0.0,1,1,session_only
79268203.1852541491,1447471343,2021-01-11,1,0,0,0,0,0,desktop,Web,Indonesia,Jakarta,google,organic,0.0,1,1,session_only
50043117.3279299941,8709497855,2021-01-11,1,1,0,0,0,0,desktop,Windows,United States,Virginia,google,cpc,0.0,2,2,view_item
87364431.4252658422,4770446953,2021-01-13,1,0,0,0,0,0,mobile,Web,United States,Texas,<Other>,referral,0.0,1,1,session_only
8772568.7477043500,6149212745,2021-01-19,1,0,0,0,0,0,desktop,Macintosh,United States,Washington,(data deleted),(data deleted),0.0,1,1,session_only
81553452.8530510141,4295617897,2020-12-17,1,0,0,0,0,0,mobile,Web,United States,Texas,(direct),(none),0.0,1,1,session_only
72931267.5731928533,1213951934,2021-01-29,1,0,0,0,0,0,desktop,Macintosh,Russia,Moscow Oblast,google,organic,0.0,1,1,session_only
84429559.4127876137,3632105016,2020-12-17,1,0,0,0,0,0,desktop,Windows,India,Gujarat,(direct),(none),0.0,1,1,session_only
5587121247.5916379368,6089585137,2021-01-17,1,0,0,0,0,0,mobile,Web,South Korea,Seoul,google,organic,0.0,1,1,session_only
8735104.0531232685,5976587508,2020-11-21,1,1,0,0,0,0,mobile,Android,United States,Pennsylvania,(direct),(none),0.0,3,2,view_item
25882414.9048383836,4381370685,2020-11-16,1,0,0,0,0,0,mobile,Web,Canada,Ontario,(direct),(none),0.0,1,1,session_only
4683589.0428192511,7560650463,2021-01-17,1,0,0,0,0,0,desktop,Web,United States,Florida,(direct),(none),0.0,1,1,session_only
82626182.5580281696,8891163766,2021-01-19,1,1,1,1,1,1,tablet,Web,United States,Virginia,(data deleted),(data deleted),0.0,29,6,purchase
6564796.1290041020,8187092813,2020-11-12,1,1,0,1,1,1,desktop,Web,United States,Texas,google,organic,0.0,22,6,purchase
84899151.8957584556,8083568948,2020-12-26,1,0,0,0,0,0,desktop,Web,India,Rajasthan,google,organic,0.0,1,1,session_only
63852500.9080498632,6128006263,2020-11-24,1,0,0,0,0,0,desktop,Windows,United States,Oklahoma,google,organic,0.0,1,1,session_only
29880531.1951365066,6488451744,2021-01-06,1,0,0,0,0,0,desktop,Web,United States,Washington,google,organic,0.0,1,1,session_only
75966577.0379570828,6727043010,2020-12-01,1,0,0,0,0,0,mobile,iOS,United States,Nevada,google,organic,0.0,1,1,session_only
4057844.0148876553,8401028070,2020-12-01,1,1,1,1,1,1,mobile,Web,United States,Georgia,<Other>,referral,35.6,26,6,purchase
48845346.5121345911,6961764771,2021-01-01,1,0,0,0,0,0,desktop,Web,United States,Texas,shop.googlemerchandisestore.com,referral,0.0,1,1,session_only
40674038.2291157325,9722300634,2020-11-20,1,0,0,0,0,0,mobile,Web,Denmark,Central Denmark Region,google,organic,0.0,1,1,session_only
76885602.5997819599,1767913941,2020-11-05,1,1,0,0,0,0,tablet,iOS,Hong Kong,(not set),google,organic,0.0,2,2,view_item
6567766382.8954640880,8162791816,2020-11-23,1,1,0,0,0,0,desktop,Web,United States,Florida,shop.googlemerchandisestore.com,referral,0.0,36,2,view_item
13040944.8426319035,952708465,2020-11-05,1,0,0,0,0,0,desktop,Windows,United States,Massachusetts,<Other>,<Other>,0.0,1,1,session_only
4760011.1187105256,2515554482,2021-01-02,1,0,0,0,0,0,desktop,Web,United States,New Hampshire,(direct),(none),0.0,1,1,session_only
20467699.3929581616,878951435,2020-11-21,1,1,0,0,0,0,desktop,Web,United Kingdom,Scotland,google,organic,0.0,2,2,view_item
82103551.8636096599,3590747102,2020-11-29,1,0,0,0,0,0,mobile,Web,United States,Ohio,google,organic,0.0,1,1,session_only
58375960.1602894453,393273419,2021-01-29,1,0,0,0,0,0,desktop,Macintosh,United States,Tennessee,(direct),(none),0.0,1,1,session_only
5217318.0689411083,1440475737,2021-01-03,1,0,0,0,0,0,desktop,Web,Italy,Lombardy,google,organic,0.0,1,1,session_only
85929492.2146894234,9582390555,2020-12-19,1,0,0,0,0,0,mobile,iOS,Brazil,State of Bahia,<Other>,<Other>,0.0,1,1,session_only
2099268.2728932908,9799357720,2021-01-20,1,0,0,0,0,0,desktop,Web,Australia,New South Wales,<Other>,<Other>,0.0,1,1,session_only
2624501.5804991613,5321802698,2020-11-14,1,0,0,0,0,0,mobile,iOS,Turkey,Ankara,google,organic,0.0,1,1,session_only
59581317.8152973629,4475056718,2020-11-17,1,1,1,1,0,0,mobile,Web,United States,West Virginia,shop.googlemerchandisestore.com,referral,0.0,7,4,begin_checkout
76426835.8645612742,2256267226,2020-12-01,1,1,0,1,1,1,desktop,Web,United States,California,<Other>,<Other>,0.0,7,6,purchase
5784225881.3817473870,187287162,2020-12-17,1,0,0,0,0,0,desktop,Web,United States,California,google,organic,0.0,1,1,session_only
45237198.8055533256,3888714388,2020-12-20,1,0,0,0,0,0,mobile,Web,China,Zhejiang,(direct),(none),0.0,1,1,session_only
13396121.5175649670,4738248838,2021-01-11,1,0,0,0,0,0,desktop,Web,Hungary,Budapest,google,organic,0.0,1,1,session_only
8305221.2108908568,3048490395,2021-01-26,1,1,0,0,0,0,mobile,iOS,United States,Illinois,<Other>,referral,0.0,2,2,view_item
8194476.1623630573,4681006301,2020-12-19,1,0,0,0,0,0,mobile,Android,United States,California,(direct),(none),0.0,1,1,session_only
1202924.2970944481,2398040774,2020-11-11,1,1,0,1,1,1,desktop,Web,Philippines,Metro Manila,google,organic,8.1,10,6,purchase
3455311.2653614895,8177654588,2020-11-14,1,0,0,0,0,0,desktop,Web,Canada,Ontario,google,organic,0.0,1,1,session_only
7321267.6633082138,7922388448,2020-12-29,1,1,1,1,1,1,mobile,Web,India,Karnataka,(direct),(none),0.0,15,6,purchase
17581736.8252872687,7341562020,2020-12-19,1,0,0,0,0,0,mobile,iOS,Canada,Ontario,<Other>,<Other>,0.0,1,1,session_only
66483876.0660348366,153827063,2021-01-13,1,0,0,0,0,0,desktop,Windows,United States,Massachusetts,google,organic,0.0,1,1,session_only
39866652.1043809209,7517368059,2020-11-21,1,0,0,0,0,0,desktop,Web,Spain,Galicia,google,organic,0.0,1,1,session_only
7758363.9352060286,6184567075,2020-12-17,1,0,0,0,0,0,desktop,Web,United States,Arkansas,google,organic,0.0,1,1,session_only
54849802.7178369899,8756929938,2021-01-03,1,0,0,0,0,0,desktop,Web,Ghana,Greater Accra Region,(direct),(none),0.0,1,1,session_only
7076769.0721299924,841416757,2020-12-25,1,0,0,0,0,0,mobile,Web,United States,(not set),<Other>,<Other>,0.0,1,1,session_only
5636035.6781133635,9870548821,2020-12-24,1,0,0,0,0,0,mobile,Android,France,Ile-de-France,google,organic,0.0,1,1,session_only
4180591.5466190355,253010906,2020-12-19,1,1,0,0,0,0,desktop,Web,United States,California,(direct),(none),0.0,2,2,view_item
2974393.0517721910,6507319989,2020-12-04,1,1,0,0,0,0,desktop,Web,United States,South Carolina,shop.googlemerchandisestore.com,referral,0.0,2,2,view_item
65908828.3417649607,983670728,2020-12-25,1,0,0,0,0,0,mobile,Android,United States,California,<Other>,organic,0.0,1,1,session_only
95636922.4914146291,2908573031,2020-11-29,1,0,0,0,0,0,desktop,Web,Greece,"Decentralized Administration of Peloponnese, Western Greece and the Ionian",<Other>,<Other>,0.0,1,1,session_only
26957051.6303442232,8605550113,2021-01-11,1,1,0,0,0,0,mobile,Web,Ireland,(not set),google,organic,0.0,6,2,view_item
1432725.2495150249,799105032,2021-01-16,1,0,0,0,0,0,desktop,Web,United States,Virginia,(direct),(none),0.0,1,1,session_only
19996299.3329313451,8262399533,2020-11-05,1,0,0,0,0,0,desktop,Web,United States,California,(direct),(none),0.0,1,1,session_only
2490104.6468368280,7442263499,2020-11-11,1,1,0,0,0,0,desktop,Macintosh,United States,New Jersey,google,organic,0.0,2,2,view_item
83299143.7982641479,7298006891,2020-12-20,1,0,0,0,0,0,desktop,Web,Australia,Victoria,<Other>,<Other>,0.0,1,1,session_only
9121599.1694300792,7765961614,2021-01-27,1,0,0,0,0,0,desktop,Macintosh,United States,New York,google,organic,0.0,1,1,session_only
3963064.4501338707,9074739804,2021-01-25,1,0,0,0,0,0,desktop,Macintosh,United States,District of Columbia,<Other>,<Other>,0.0,1,1,session_only
3201137.1396647298,1453042535,2020-12-17,1,0,0,0,0,0,desktop,Web,United States,Wisconsin,(data deleted),(data deleted),0.0,1,1,session_only
22182373.1673994315,264539244,2020-11-20,1,0,0,0,0,0,desktop,Web,Poland,Silesian Voivodeship,(data deleted),(data deleted),0.0,1,1,session_only
27579491.8386420092,2808371849,2021-01-26,1,1,1,0,0,0,desktop,Web,United States,(not set),google,organic,0.0,35,3,add_to_cart
3399785.8423375214,9141091733,2020-12-01,1,1,1,0,0,0,mobile,Android,Russia,Moscow,google,cpc,0.0,55,3,add_to_cart
83666473.0063167152,867153326,2021-01-17,1,0,0,0,0,0,desktop,Web,United States,Pennsylvania,<Other>,referral,0.0,1,1,session_only
2584046.9211925660,7314994449,2021-01-24,1,0,0,0,0,0,desktop,Web,France,Nouvelle-Aquitaine,google,organic,0.0,1,1,session_only
3239095.6089548303,8078160407,2021-01-18,1,0,0,0,0,0,mobile,iOS,India,Maharashtra,<Other>,<Other>,0.0,1,1,session_only
9248737.5629487132,2633729407,2021-01-29,1,0,0,0,0,0,mobile,iOS,Taiwan,New Taipei City,<Other>,<Other>,0.0,1,1,session_only
8157582.8229581745,6728673359,2020-11-19,1,1,0,0,0,0,desktop,Macintosh,Peru,(not set),(direct),(none),0.0,18,2,view_item
16570815.3776557194,9549523836,2021-01-11,1,0,0,0,0,0,desktop,Web,Taiwan,New Taipei City,<Other>,<Other>,0.0,1,1,session_only
3654581.5785323385,2077432076,2021-01-18,1,0,0,0,0,0,desktop,Web,Slovakia,Zilina Region,(direct),(none),0.0,1,1,session_only
36185608.4688744734,8825199915,2020-11-14,1,1,0,1,1,1,desktop,Web,Peru,(not set),google,organic,63.68,34,6,purchase
179478057.0182390279,1592076639,2020-12-20,1,0,0,0,0,0,mobile,Android,Philippines,Calabarzon,google,organic,0.0,1,1,session_only
34039931.2666142373,6229252144,2021-01-25,1,0,0,0,0,0,desktop,Windows,United States,Illinois,<Other>,<Other>,0.0,1,1,session_only
2678446.7398894710,8095774321,2020-11-29,1,1,1,1,0,0,desktop,Web,United Kingdom,England,shop.googlemerchandisestore.com,referral,0.0,10,4,begin_checkout
7041804494.9558675100,7881461344,2020-11-23,1,1,0,0,0,0,mobile,Android,United States,New York,<Other>,organic,0.0,3,2,view_item
78043471.2068624325,5050809188,2020-11-19,1,0,0,0,0,0,desktop,Web,United States,Florida,(direct),(none),0.0,1,1,session_only
1055763.8504262032,4641544686,2020-11-29,1,0,0,0,0,0,desktop,Macintosh,India,Andhra Pradesh,<Other>,<Other>,0.0,1,1,session_only
90847841.3402537510,865993164,2021-01-06,1,0,0,0,0,0,desktop,Web,India,Telangana,(direct),(none),0.0,1,1,session_only
7461163.0050072018,3609316721,2020-11-21,1,0,0,0,0,0,desktop,Windows,United Kingdom,England,google,cpc,0.0,1,1,session_only
6197331.5197957160,7607297366,2021-01-27,0,1,0,0,0,0,desktop,Web,United States,Florida,(data deleted),(data deleted),0.0,1,2,view_item
43641521.1396195956,2231019702,2021-01-28,1,0,0,0,0,0,mobile,Android,United States,Tennessee,google,organic,0.0,1,1,session_only
52614559.8511690297,7564638419,2020-11-15,1,0,0,0,0,0,desktop,Web,Canada,Ontario,google,organic,0.0,1,1,session_only
6114742.1118404247,9926972816,2020-11-17,1,0,0,0,0,0,mobile,Web,United States,California,google,organic,0.0,1,1,session_only
33713636.3417034878,4008987735,2020-11-10,1,0,0,0,0,0,desktop,Web,Brazil,(not set),(direct),(none),0.0,1,1,session_only
6385672.0651145618,6541394611,2021-01-09,1,0,0,0,0,0,desktop,Web,United States,Florida,google,organic,0.0,1,1,session_only
5927387.2905193445,1137978488,2020-11-24,1,1,0,1,0,0,desktop,Macintosh,United Kingdom,England,<Other>,<Other>,0.0,59,4,begin_checkout
18235944.1049580593,1882560737,2020-11-20,1,0,0,0,0,0,mobile,Web,United States,Florida,(direct),(none),0.0,1,1,session_only
2097713.1768860073,5393017774,2020-12-20,1,0,0,0,0,0,desktop,Web,United States,California,(direct),(none),0.0,1,1,session_only
8460256.2173701509,632652896,2020-11-20,1,1,0,1,0,0,mobile,iOS,India,Karnataka,(direct),(none),0.0,58,4,begin_checkout
18724686.8012593017,799525237,2020-11-09,1,1,0,1,1,1,desktop,Web,United Kingdom,England,shop.googlemerchandisestore.com,referral,110.4,16,6,purchase
5581856.1285666805,2145259913,2021-01-06,1,0,0,0,0,0,desktop,Web,United States,New York,(direct),(none),0.0,1,1,session_only
22956458.6924241706,3859667850,2020-11-09,1,0,0,0,0,0,desktop,Web,Mexico,(not set),shop.googlemerchandisestore.com,referral,0.0,1,1,session_only
59992616.7542156157,32062654,2021-01-12,1,0,0,0,0,0,mobile,Web,United States,Colorado,(direct),(none),0.0,1,1,session_only
89146846.2430235152,6035442408,2021-01-04,1,0,0,0,0,0,desktop,Web,Sweden,Stockholm County,<Other>,referral,0.0,1,1,session_only
7625943.4646057142,7264472457,2021-01-18,1,0,0,0,0,0,desktop,Web,United States,Virginia,<Other>,<Other>,0.0,1,1,session_only
17035130.4141566393,6804759297,2020-12-01,1,0,0,0,0,0,desktop,Web,United Kingdom,England,(data deleted),(data deleted),0.0,1,1,session_only
70116095.6472308653,6292878493,2021-01-07,1,1,0,0,0,0,desktop,Web,United States,Washington,(direct),(none),0.0,4,2,view_item
9294197.6291111878,3887850330,2020-12-19,1,0,0,0,0,0,mobile,Web,United States,Texas,shop.googlemerchandisestore.com,referral,0.0,1,1,session_only
56924745.9007955888,866224977,2020-12-30,1,1,0,0,0,0,mobile,iOS,United States,California,(data deleted),(data deleted),0.0,6,2,view_item
8770541.1212371384,477157334,2020-11-29,1,0,0,0,0,0,mobile,Android,United States,California,(data deleted),(data deleted),0.0,1,1,session_only
29743699.8369838126,6989777537,2020-11-23,1,0,0,0,0,0,desktop,Web,Israel,Tel Aviv District,shop.googlemerchandisestore.com,referral,0.0,1,1,session_only
80952401.6900491837,8840960458,2020-12-20,1,0,0,0,0,0,desktop,Web,Italy,(not set),google,organic,0.0,1,1,session_only
28422468.6007300967,799777429,2021-01-20,1,0,0,0,0,0,mobile,Android,Germany,North Rhine-Westphalia,(data deleted),(data deleted),0.0,1,1,session_only
4358704.0364049205,8648278364,2021-01-29,1,0,0,0,0,0,mobile,Web,United States,California,google,organic,0.0,1,1,session_only
4715999.4864196786,7884760446,2021-01-04,1,0,0,0,0,0,desktop,Macintosh,United States,Georgia,google,organic,0.0,1,1,session_only
3630600.9192046743,3473556293,2020-11-07,1,1,0,0,0,0,mobile,Web,United States,Oregon,(direct),(none),0.0,6,2,view_item
4200482916.8229390860,1252509224,2020-11-19,1,0,0,0,0,0,desktop,Web,United States,California,google,organic,0.0,1,1,session_only
56400764.3238026653,3905948199,2020-12-28,1,0,0,0,0,0,mobile,Web,United States,Iowa,(direct),(none),0.0,1,1,session_only
96214786.0344180545,4078285346,2020-11-20,1,0,0,0,0,0,desktop,Windows,Canada,Quebec,(direct),(none),0.0,1,1,session_only
13172539.4357209127,8214831148,2020-12-20,1,0,0,0,0,0,mobile,iOS,United States,Illinois,<Other>,<Other>,0.0,1,1,session_only
20110419.6477194852,9127609040,2021-01-09,1,0,0,0,0,0,desktop,Windows,Austria,Vienna,<Other>,<Other>,0.0,1,1,session_only
6175106.1680168811,9225894015,2020-11-05,1,0,0,0,0,0,mobile,Web,United States,New Jersey,shop.googlemerchandisestore.com,referral,0.0,1,1,session_only
42485987.0624737522,5663251650,2021-01-25,1,0,0,0,0,0,mobile,iOS,Germany,North Rhine-Westphalia,google,organic,0.0,1,1,session_only
98773705.7519708133,5797013283,2021-01-30,1,0,0,0,0,0,desktop,Web,United States,New Jersey,google,organic,0.0,1,1,session_only
35117818.3428519674,7858766115,2021-01-01,1,0,0,0,0,0,desktop,Web,United States,New York,(direct),(none),0.0,1,1,session_only
31430869.9028960991,7765405797,2020-12-23,1,1,1,1,1,1,mobile,iOS,Canada,Quebec,(direct),(none),17.92,13,6,purchase
44364780.4705811992,9321185558,2021-01-20,1,1,1,1,1,1,desktop,<Other>,Brazil,State of Bahia,google,organic,105.76,34,6,purchase
60389702.2086129909,75403893,2020-12-25,1,1,0,0,0,0,mobile,Android,India,Haryana,<Other>,<Other>,0.0,15,2,view_item
59813649.3989475470,1889119211,2021-01-25,1,0,0,0,0,0,desktop,Windows,United States,California,(direct),(none),0.0,1,1,session_only
68091006.8703566023,2489411395,2020-11-17,1,0,0,0,0,0,desktop,Macintosh,Indonesia,East Java,(direct),(none),0.0,1,1,session_only
4847291.9097466734,651195803,2021-01-12,1,0,0,0,0,0,desktop,Web,Australia,New South Wales,(direct),(none),0.0,1,1,session_only
8610486.9376954474,2996657287,2020-11-26,1,0,0,0,0,0,desktop,Web,United Kingdom,England,<Other>,<Other>,0.0,1,1,session_only
3726894.1897251246,5422169573,2021-01-07,1,1,0,0,0,0,mobile,Web,Canada,British Columbia,(direct),(none),0.0,2,2,view_item
4828091.3590318890,4476109874,2020-12-25,1,0,0,0,0,0,desktop,Web,United States,Louisiana,google,organic,0.0,1,1,session_only
16465987.8741144854,461608839,2021-01-23,1,0,0,0,0,0,mobile,Web,United States,Maryland,<Other>,referral,0.0,1,1,session_only
75939083.3310904019,4178590139,2021-01-17,1,1,1,1,1,1,desktop,Web,Germany,Lower Saxony,google,organic,0.0,10,6,purchase
2353851.7645566288,9938610217,2021-01-13,1,0,0,0,0,0,desktop,Windows,India,Delhi,<Other>,<Other>,0.0,1,1,session_only
63313397.9646406633,1413697588,2020-12-26,1,0,0,0,0,0,desktop,Web,India,Gujarat,<Other>,<Other>,0.0,1,1,session_only
64947046.1445151144,9756156753,2020-12-27,1,1,1,1,0,0,mobile,Android,Canada,Ontario,(direct),(none),0.0,7,4,begin_checkout
9014286.3271834023,5487565619,2020-12-21,1,0,0,0,0,0,mobile,Web,Sweden,(not set),<Other>,referral,0.0,1,1,session_only
52227468.3577089238,6153569464,2020-12-04,1,0,0,0,0,0,mobile,Web,Japan,Osaka,(direct),(none),0.0,1,1,session_only
54896480.9490910973,4680048261,2020-11-26,1,0,0,0,0,0,mobile,iOS,Jordan,Amman Governorate,google,cpc,0.0,1,1,session_only
33539988.6011045254,9951506350,2020-12-27,1,1,0,0,0,0,desktop,Macintosh,United States,Texas,shop.googlemerchandisestore.com,referral,0.0,3,2,view_item
58653981.5085787370,8640261354,2021-01-25,1,0,0,0,0,0,desktop,Web,United States,Nebraska,(direct),(none),0.0,1,1,session_only
29094067.1953290302,9771811898,2020-11-15,1,1,0,0,0,0,mobile,Web,Kenya,Nairobi County,<Other>,(data deleted),0.0,2,2,view_item
9115846.1760565727,935901267,2021-01-01,1,0,0,0,0,0,mobile,iOS,United States,North Dakota,(direct),(none),0.0,1,1,session_only
5165871556.4911123467,857184895,2020-11-12,1,1,0,0,0,0,mobile,Android,China,Shandong,google,organic,0.0,2,2,view_item
9023925.4540537797,5565714993,2021-01-24,1,0,0,0,0,0,desktop,Macintosh,Australia,New South Wales,<Other>,referral,0.0,1,1,session_only
51205141.4652775288,434301561,2021-01-03,1,0,0,0,0,0,desktop,Web,Canada,Quebec,<Other>,<Other>,0.0,1,1,session_only
69964117.9017876717,2878714867,2020-11-17,1,0,0,0,0,0,desktop,Web,United States,California,<Other>,<Other>,0.0,1,1,session_only
78150868.9477743360,575002095,2020-12-20,1,0,0,0,0,0,mobile,Web,United States,California,(direct),(none),0.0,1,1,session_only
70875643.6848333494,2565171946,2020-11-16,1,0,0,0,0,0,desktop,Web,United States,California,google,organic,0.0,1,1,session_only
4366587.8376041830,8806377712,2021-01-07,1,0,0,0,0,0,desktop,Web,Netherlands,South Holland,(direct),(none),0.0,1,1,session_only
5683528.0511610149,1251451446,2021-01-15,1,0,0,0,0,0,desktop,Web,United States,California,google,organic,0.0,1,1,session_only
89798918.2416324972,7394784248,2021-01-26,1,0,0,0,0,0,desktop,Windows,Romania,(not set),<Other>,<Other>,0.0,1,1,session_only
5041078.8201977416,4759182237,2020-12-20,1,0,0,0,0,0,desktop,Web,United States,Hawaii,(direct),(none),0.0,1,1,session_only
77996608.4384679865,7155635411,2021-01-07,1,1,1,1,1,1,desktop,Web,United States,Texas,(direct),(none),0.0,9,6,purchase
2385181.0293493711,8739560499,2021-01-18,1,1,1,1,1,1,mobile,Web,United States,Connecticut,<Other>,<Other>,157.8,53,6,purchase
75643076.0163737358,8299893126,2020-12-28,1,0,0,0,0,0,desktop,Web,United States,Kentucky,shop.googlemerchandisestore.com,referral,0.0,1,1,session_only
2359964.2711501506,5462592697,2020-11-17,1,0,0,0,0,0,tablet,Web,India,Uttar Pradesh,<Other>,organic,0.0,1,1,session_only
45764019.7644877062,227173911,2020-11-29,1,0,0,0,0,0,desktop,Web,United States,Utah,google,organic,0.0,1,1,session_only
51223610.7466759803,675047971,2021-01-10,1,0,0,0,0,0,desktop,Web,United States,Georgia,google,organic,0.0,1,1,session_only
53002331.6531348277,2076550735,2020-11-11,1,1,0,0,0,0,desktop,Web,Mexico,Mexico City,google,organic,0.0,3,2,view_item
63502270.2911778325,1795428129,2021-01-29,1,0,0,0,0,0,desktop,Web,United States,New York,<Other>,referral,0.0,1,1,session_only
84819754.5097237718,8157770360,2021-01-09,1,0,0,0,0,0,mobile,iOS,Taiwan,New Taipei City,google,organic,0.0,1,1,session_only
57342905.1174047056,8983637047,2021-01-15,1,1,1,1,1,1,desktop,Web,United States,California,google,organic,2.7,10,6,purchase
89242707.6815921006,364415601,2020-12-17,1,0,0,0,0,0,mobile,Android,France,Hauts-de-France,google,organic,0.0,1,1,session_only
10914492.1446145410,6995939256,2020-11-24,1,0,0,0,0,0,mobile,iOS,France,Ile-de-France,google,cpc,0.0,1,1,session_only
7675651899.5577017877,8012018333,2020-12-26,1,1,0,0,0,0,mobile,Web,United States,California,shop.googlemerchandisestore.com,referral,0.0,2,2,view_item
83872574.9822526908,2996174007,2020-11-14,1,0,0,0,0,0,mobile,Android,Poland,(not set),<Other>,referral,0.0,1,1,session_only
5677348.3976730388,389918351,2021-01-04,1,1,0,0,0,0,desktop,Macintosh,United States,New York,(direct),(none),0.0,2,2,view_item
34215206.0558235387,1242906975,2020-12-21,1,0,0,0,0,0,mobile,Web,United States,New Jersey,google,organic,0.0,1,1,session_only
4422462.1974124879,3153399220,2021-01-25,1,0,0,0,0,0,desktop,Web,United States,California,google,organic,0.0,1,1,session_only
4651234.6787037490,6500963645,2020-12-17,1,1,1,1,1,1,desktop,Macintosh,United States,Arizona,google,cpc,0.0,20,6,purchase
1511003.3598132717,2858012797,2020-12-19,1,1,0,0,0,0,desktop,Macintosh,Canada,Ontario,<Other>,<Other>,0.0,2,2,view_item
8776300.3007761463,8746868326,2020-11-05,1,0,0,0,0,0,mobile,Web,United Kingdom,England,google,organic,0.0,1,1,session_only
2725594.5401974678,2268139686,2020-12-26,1,0,0,0,0,0,desktop,Web,Spain,Madrid,(direct),(none),0.0,1,1,session_only
5117578.4667811771,9074649177,2020-12-20,1,1,1,1,1,1,desktop,<Other>,Netherlands,North Holland,google,organic,34.15,56,6,purchase
91315340.0611374383,4417542082,2021-01-18,1,1,0,0,0,0,desktop,Macintosh,United States,California,<Other>,referral,0.0,5,2,view_item
67392032.3227380765,5391996768,2021-01-03,1,1,0,0,0,0,mobile,iOS,South Korea,Seoul,<Other>,organic,0.0,2,2,view_item
76927516.8724658581,6253671084,2020-11-09,1,1,0,0,0,0,desktop,Web,United States,Massachusetts,<Other>,<Other>,0.0,3,2,view_item
2786492.0666108225,3037903680,2020-11-12,1,0,0,0,0,0,desktop,Web,United States,California,<Other>,<Other>,0.0,1,1,session_only
1956083765.6456172686,8873498006,2021-01-08,1,0,0,0,0,0,desktop,Windows,United States,Alabama,(data deleted),(data deleted),0.0,1,1,session_only
52843409.8121265844,9514953797,2021-01-25,1,0,0,0,0,0,desktop,Web,Italy,Lombardy,google,organic,0.0,1,1,session_only
2823684.4108053333,8152372438,2020-12-14,1,0,0,0,0,0,desktop,Web,United States,Florida,google,organic,0.0,1,1,session_only
35845866.9123077632,7896815223,2021-01-28,1,0,0,0,0,0,mobile,Web,United States,California,(direct),(none),0.0,1,1,session_only
54514496.2863598146,6601596249,2021-01-12,1,0,0,0,0,0,desktop,Web,Ukraine,(not set),<Other>,<Other>,0.0,1,1,session_only
91054994.8752835984,365793555,2020-11-15,1,0,0,0,0,0,mobile,iOS,Spain,Madrid,<Other>,<Other>,0.0,1,1,session_only
6676929.6375413493,1406880860,2020-12-26,1,0,0,0,0,0,desktop,Web,United States,Texas,(direct),(none),0.0,1,1,session_only
91152806.9316305102,8513475526,2021-01-19,1,0,0,0,0,0,desktop,<Other>,United States,New Jersey,shop.googlemerchandisestore.com,referral,0.0,1,1,session_only
66300869.1490242150,5889331109,2021-01-26,1,1,0,0,0,0,desktop,Web,United States,New York,<Other>,<Other>,0.0,2,2,view_item
15139234.4652935751,3233190685,2021-01-12,1,1,0,0,0,0,desktop,Web,United States,Kansas,(direct),(none),0.0,4,2,view_item
6571263.6618239288,2992543926,2021-01-12,1,0,0,0,0,0,mobile,Android,United States,New York,<Other>,referral,0.0,1,1,session_only
32562233.7336460494,6086117592,2020-12-14,1,0,0,0,0,0,desktop,Windows,United States,Florida,shop.googlemerchandisestore.com,referral,0.0,1,1,session_only
1485288.2405788165,8199121,2021-01-29,1,0,0,0,0,0,mobile,iOS,Sri Lanka,Western Province,<Other>,<Other>,0.0,1,1,session_only
5357497.6939616353,5332487188,2020-12-24,1,0,0,0,0,0,mobile,Web,United States,Illinois,google,organic,0.0,1,1,session_only
16660603.8214642966,8374252756,2021-01-18,1,0,0,0,0,0,desktop,Windows,United States,California,(direct),(none),0.0,1,1,session_only
59487571.9263599382,5022679854,2021-01-15,1,1,1,1,1,1,mobile,iOS,Spain,Andalusia,<Other>,referral,77.6,31,6,purchase
8052247.2800525405,8859528699,2021-01-07,1,0,0,0,0,0,desktop,Macintosh,Germany,Hessen,(direct),(none),0.0,1,1,session_only
55902631.9993952139,3009833732,2021-01-07,1,0,0,0,0,0,desktop,Web,United States,Maryland,google,organic,0.0,1,1,session_only
27258692.7122862176,3998043021,2020-11-20,1,1,0,0,0,0,desktop,Web,United States,Pennsylvania,google,organic,0.0,2,2,view_item
24216413.3568094065,8394180643,2021-01-27,0,1,0,1,1,1,desktop,Windows,Finland,Uusimaa,(direct),(none),70.4,10,6,purchase
14631706.0708869720,9978594593,2021-01-30,1,1,0,0,0,0,desktop,Macintosh,United States,California,<Other>,<Other>,0.0,3,2,view_item
3438204.4822159044,269054034,2021-01-20,1,0,0,0,0,0,mobile,Android,South Korea,Busan,(direct),(none),0.0,1,1,session_only
9033491.3816563419,1644859149,2021-01-06,1,0,0,0,0,0,mobile,iOS,South Korea,Gyeonggi-do,google,organic,0.0,1,1,session_only
4528602.3221885062,2963224595,2020-12-04,1,0,0,0,0,0,desktop,Web,Germany,Berlin,(direct),(none),0.0,1,1,session_only
38690208.7182176252,5538220839,2021-01-11,1,1,1,0,0,0,desktop,Web,Germany,Berlin,(data deleted),(data deleted),0.0,7,3,add_to_cart
80956005.4341054749,6178685573,2021-01-29,1,0,0,0,0,0,mobile,iOS,United States,Arkansas,(direct),(none),0.0,1,1,session_only
3281203.4114387957,2695027319,2021-01-18,1,0,0,0,0,0,mobile,Web,United States,Alabama,google,organic,0.0,1,1,session_only
38464925.1730519200,9349875331,2020-11-07,1,0,0,0,0,0,desktop,Web,United States,Massachusetts,google,organic,0.0,1,1,session_only
84695623.1084693713,325008610,2020-12-23,1,0,0,0,0,0,desktop,Web,United States,Illinois,<Other>,<Other>,0.0,1,1,session_only
77072111.5074621012,5454651157,2020-12-26,1,0,0,0,0,0,mobile,iOS,Canada,Ontario,google,organic,0.0,1,1,session_only
5082523.5683009472,7133450440,2020-11-21,1,0,0,0,0,0,desktop,Macintosh,Canada,Ontario,(direct),(none),0.0,1,1,session_only
13203768.6218825578,5342347128,2020-12-20,1,0,0,0,0,0,desktop,Windows,United States,Kansas,<Other>,<Other>,0.0,1,1,session_only
18649287.4170417421,683976581,2021-01-24,1,0,0,0,0,0,mobile,Web,Puerto Rico,San Juan,google,organic,0.0,1,1,session_only
35006827.1590342004,586649166,2020-11-07,1,0,0,0,0,0,desktop,Web,Thailand,Bangkok,shop.googlemerchandisestore.com,referral,0.0,1,1,session_only
32439230.6781206839,1346966809,2021-01-09,1,0,0,0,0,0,mobile,Web,Singapore,(not set),google,organic,0.0,1,1,session_only
6526821.8926152173,3500703995,2020-11-05,1,0,0,0,0,0,desktop,Macintosh,India,Uttar Pradesh,(direct),(none),0.0,1,1,session_only
8087984.3302304270,5951694421,2021-01-24,1,0,0,0,0,0,desktop,Web,United States,California,(direct),(none),0.0,1,1,session_only
8329575.2471397459,7479342542,2021-01-09,1,1,0,0,0,0,desktop,Web,Belgium,Brussels,<Other>,<Other>,0.0,2,2,view_item
8894775.5253595050,9402940402,2020-12-14,1,1,1,0,0,0,desktop,Web,Hong Kong,(not set),<Other>,referral,0.0,5,3,add_to_cart
70483620.3788783066,9208132310,2021-01-20,1,1,1,1,1,1,desktop,Web,United Kingdom,England,<Other>,organic,140.8,16,6,purchase
29398674.9541548640,1385961311,2020-12-19,1,0,0,0,0,0,mobile,Web,Israel,South District,(direct),(none),0.0,1,1,session_only
65510126.6950227908,5112952705,2020-12-20,1,0,0,0,0,0,mobile,Web,France,Ile-de-France,google,cpc,0.0,1,1,session_only
2233087.8785365240,9450774195,2021-01-12,1,1,1,0,0,0,desktop,Windows,United States,California,<Other>,<Other>,0.0,44,3,add_to_cart
6144812.1476631019,488935263,2021-01-06,1,0,0,0,0,0,mobile,iOS,Bangladesh,Dhaka Division,google,organic,0.0,1,1,session_only
52383183.5034846094,590752630,2020-11-24,1,0,0,0,0,0,desktop,Web,Nigeria,Lagos,<Other>,referral,0.0,1,1,session_only
26750070.5155098516,1524878616,2020-12-28,1,1,0,0,0,0,desktop,Web,India,Kerala,google,organic,0.0,2,2,view_item
91568801.0009715449,3123450500,2021-01-07,1,0,0,0,0,0,desktop,Web,France,Pays de la Loire,(direct),(none),0.0,1,1,session_only
83875047.7708958688,3464761167,2021-01-16,1,0,0,0,0,0,desktop,Web,Canada,Quebec,google,organic,0.0,1,1,session_only
67953729.1067747758,4125220560,2020-11-15,1,0,0,0,0,0,desktop,Web,United States,North Carolina,<Other>,referral,0.0,1,1,session_only
33486320.9710572593,5855152395,2020-11-11,1,0,0,0,0,0,mobile,Web,Croatia,City of Zagreb,(direct),(none),0.0,1,1,session_only
25864690.1050387524,9879065959,2021-01-19,1,0,0,0,0,0,desktop,Web,Belgium,Flanders,google,organic,0.0,1,1,session_only
63304797.6547630397,9024417189,2020-11-02,1,0,0,0,0,0,desktop,Web,United States,Massachusetts,google,organic,0.0,1,1,session_only
6717719.5371562480,7690219274,2020-11-14,1,1,0,1,1,1,mobile,Web,Thailand,Bangkok,shop.googlemerchandisestore.com,referral,59.92,29,6,purchase
15057715.6424355735,2460643243,2021-01-03,1,0,0,0,0,0,mobile,Web,Canada,Ontario,shop.googlemerchandisestore.com,referral,0.0,1,1,session_only
7332341.5352656699,6005141480,2021-01-27,1,0,0,0,0,0,desktop,Macintosh,India,Delhi,<Other>,<Other>,0.0,1,1,session_only
5471923.5842384349,682160119,2020-11-10,1,0,0,0,0,0,desktop,<Other>,Canada,Ontario,shop.googlemerchandisestore.com,referral,0.0,1,1,session_only
4029755.2228931696,4296033196,2021-01-12,1,1,0,0,0,0,tablet,Web,Belgium,Flanders,google,organic,0.0,2,2,view_item
85442373.1807752525,4215684890,2020-11-21,1,1,0,0,0,0,desktop,Windows,United States,Indiana,google,organic,0.0,2,2,view_item
4345376.8747589955,8883875951,2021-01-04,1,0,0,0,0,0,desktop,Web,United States,California,(direct),(none),0.0,1,1,session_only
1723243971.4997718143,5166677511,2021-01-29,1,0,0,0,0,0,desktop,Web,United States,Ohio,<Other>,referral,0.0,1,1,session_only
337229386.3006113955,7306155354,2020-12-27,1,0,0,0,0,0,desktop,Windows,United States,Florida,google,organic,0.0,1,1,session_only
79749321.3940583114,5035280584,2021-01-01,1,0,0,0,0,0,desktop,Web,United Kingdom,Scotland,(direct),(none),0.0,1,1,session_only
29585026.5761645817,1221392448,2020-12-24,1,1,0,0,0,0,desktop,Web,United States,Maryland,(direct),(none),0.0,2,2,view_item
80564803.4943352399,2537743132,2020-11-21,1,0,0,0,0,0,desktop,Web,Germany,North Rhine-Westphalia,shop.googlemerchandisestore.com,referral,0.0,1,1,session_only
26936606.0658719380,4485230292,2021-01-27,1,0,0,0,0,0,desktop,Macintosh,Indonesia,East Java,google,cpc,0.0,1,1,session_only
74519985.0245344470,5782299964,2020-12-01,1,0,0,0,0,0,mobile,Web,United States,Texas,(direct),(none),0.0,1,1,session_only
8725916.9847857314,7670400528,2020-11-09,1,0,0,0,0,0,desktop,Windows,United States,North Carolina,google,cpc,0.0,1,1,session_only
56554105.5357257443,7810261019,2021-01-29,1,0,0,0,0,0,desktop,Macintosh,United States,California,google,cpc,0.0,1,1,session_only
41360675.8613821149,2396485636,2021-01-31,1,1,1,0,0,0,desktop,Web,India,Telangana,<Other>,<Other>,0.0,23,3,add_to_cart
11267399.9457494603,2686869370,2021-01-07,1,1,0,0,0,0,desktop,Web,India,Tamil Nadu,(data deleted),(data deleted),0.0,2,2,view_item
49434402.8306205049,8569379815,2020-12-17,1,1,0,0,0,0,mobile,Web,Chile,Santiago Metropolitan Region,shop.googlemerchandisestore.com,referral,0.0,2,2,view_item
3936379.9270843845,8626353305,2020-11-24,1,0,0,0,0,0,mobile,iOS,United States,Florida,google,cpc,0.0,1,1,session_only
25494233.5100217761,4291456659,2020-11-12,1,0,0,0,0,0,mobile,Android,United States,Wisconsin,shop.googlemerchandisestore.com,referral,0.0,1,1,session_only
8034571.8148818147,5075100243,2021-01-07,1,0,0,0,0,0,desktop,Web,United States,(not set),google,organic,0.0,1,1,session_only
98725740.1609587852,1922426265,2021-01-27,1,0,0,0,0,0,desktop,Web,United States,Maryland,google,organic,0.0,1,1,session_only
88839607.3955437015,2266586057,2020-12-21,1,1,1,1,1,1,desktop,Windows,Canada,British Columbia,google,organic,34.08,41,6,purchase
1269373.1385953553,1125818499,2020-11-17,1,0,0,0,0,0,mobile,Android,India,Uttar Pradesh,<Other>,referral,0.0,1,1,session_only
32791246.4120459493,1960179525,2021-01-20,1,0,0,0,0,0,mobile,iOS,United States,California,google,cpc,0.0,1,1,session_only
3627394.1761986443,4574275070,2021-01-07,1,0,0,0,0,0,desktop,Web,France,Brittany,(direct),(none),0.0,1,1,session_only
1867147.9380825367,5452507228,2020-12-21,1,1,0,0,0,0,desktop,Web,United States,Texas,<Other>,<Other>,0.0,2,2,view_item
8243754.0920271486,1074182218,2021-01-03,1,0,0,0,0,0,desktop,Windows,Czechia,Prague,<Other>,<Other>,0.0,1,1,session_only
7458867.4941197606,7444383896,2020-11-24,1,0,0,0,0,0,mobile,iOS,Bulgaria,(not set),google,organic,0.0,1,1,session_only
3024996.4154505667,1520749617,2020-12-27,1,0,0,0,0,0,mobile,iOS,United States,Pennsylvania,google,organic,0.0,1,1,session_only
57907306.9665159793,7585330576,2020-12-01,1,0,0,0,0,0,mobile,Android,United States,Virginia,google,cpc,0.0,1,1,session_only
47240553.9328260842,2053049972,2020-11-07,1,0,0,0,0,0,desktop,Web,United Kingdom,England,<Other>,<Other>,0.0,1,1,session_only
2262724.6807963688,5335487578,2021-01-04,1,0,0,0,0,0,desktop,Web,United States,California,(data deleted),(data deleted),0.0,1,1,session_only
45475163.6866181993,3793954225,2020-11-24,1,0,0,0,0,0,mobile,Web,Singapore,(not set),<Other>,<Other>,0.0,1,1,session_only
2090930799.1887281206,3653318282,2020-12-04,1,0,0,0,0,0,desktop,Windows,Poland,Lesser Poland Voivodeship,google,organic,0.0,1,1,session_only
29162595.2599047968,7116730102,2021-01-06,1,0,0,0,0,0,mobile,Web,United States,California,google,organic,0.0,1,1,session_only
17494590.8165007812,9946985411,2020-12-31,1,0,0,0,0,0,desktop,Macintosh,United States,Indiana,google,organic,0.0,1,1,session_only
1183227950.5255703771,4915010973,2021-01-20,1,0,0,0,0,0,desktop,Web,United Kingdom,England,<Other>,<Other>,0.0,1,1,session_only
4403024.2556003538,5917011190,2020-12-29,1,1,0,0,0,0,mobile,Web,Canada,Ontario,google,cpc,0.0,2,2,view_item
79140548.6595362255,8799697906,2021-01-25,1,0,0,0,0,0,mobile,Android,India,West Bengal,google,organic,0.0,1,1,session_only
5728081.3978927756,8040439232,2021-01-11,1,0,0,0,0,0,desktop,Web,United States,Minnesota,(direct),(none),0.0,1,1,session_only
76416521.6039087071,7859947794,2021-01-08,1,0,0,0,0,0,desktop,Web,United States,Nevada,(data deleted),(data deleted),0.0,1,1,session_only
72249587.4409026273,2879507253,2021-01-18,1,0,0,0,0,0,desktop,Web,Pakistan,Sindh,google,cpc,0.0,1,1,session_only
86766669.7628628066,9883792592,2020-12-19,1,0,0,0,0,0,mobile,iOS,Italy,Lombardy,(direct),(none),0.0,1,1,session_only
28666794.2907606624,8997275480,2020-11-12,1,0,0,0,0,0,desktop,Web,United States,Pennsylvania,<Other>,referral,0.0,1,1,session_only
82872592.7113515683,8194698591,2021-01-04,1,0,0,0,0,0,desktop,Web,China,Shanghai,shop.googlemerchandisestore.com,referral,0.0,1,1,session_only
2192610.3125906896,9669559027,2020-12-29,1,1,1,0,0,0,desktop,Web,India,Karnataka,<Other>,referral,0.0,3,3,add_to_cart
47877840.5570864959,4026637948,2020-12-21,1,0,0,0,0,0,desktop,<Other>,United States,California,google,organic,0.0,1,1,session_only
47680227.1549861259,254732210,2020-12-27,1,0,0,0,0,0,desktop,Windows,Canada,Ontario,google,organic,0.0,1,1,session_only
17934345.8845586944,749170959,2020-12-25,1,0,0,0,0,0,mobile,Web,United States,California,google,organic,0.0,1,1,session_only
88506223.3632088743,4315228170,2021-01-30,1,0,0,0,0,0,desktop,Web,United States,Texas,google,organic,0.0,1,1,session_only
30183910.2253501676,7293001936,2021-01-12,1,0,0,0,0,0,desktop,Windows,United States,Maryland,<Other>,organic,0.0,1,1,session_only
16910393.5498744454,434515390,2021-01-01,1,0,0,0,0,0,desktop,Web,United States,California,<Other>,<Other>,0.0,1,1,session_only
81400856.0292924087,2745616726,2020-12-17,1,0,0,0,0,0,desktop,Macintosh,Colombia,(not set),(direct),(none),0.0,1,1,session_only
77601476.1917567379,5844882120,2020-11-15,1,1,0,0,0,0,mobile,Android,Canada,Nova Scotia,google,organic,0.0,3,2,view_item
4988457.3763659239,9323901808,2021-01-31,1,0,0,0,0,0,mobile,Web,Brazil,State of Sao Paulo,<Other>,<Other>,0.0,1,1,session_only
1393292.7340025556,1088159977,2020-11-26,1,1,1,1,1,1,desktop,Windows,India,Odisha,<Other>,<Other>,27.2,23,6,purchase
46109692.9710715944,695977892,2021-01-01,1,0,0,0,0,0,mobile,Web,India,Kerala,(direct),(none),0.0,1,1,session_only
34144336.4341951865,2562396019,2020-12-17,1,0,0,0,0,0,mobile,Android,Taiwan,Kaohsiung City,google,organic,0.0,1,1,session_only
8517422.6792088492,9507094032,2020-11-20,1,0,0,0,0,0,desktop,<Other>,United States,California,<Other>,referral,0.0,1,1,session_only
1306493.1469289903,8136825610,2021-01-10,1,0,0,0,0,0,desktop,Windows,Pakistan,Islamabad Capital Territory,(data deleted),(data deleted),0.0,1,1,session_only
70992231.1995764035,701205619,2020-11-24,1,1,0,0,0,0,desktop,Web,India,Maharashtra,google,cpc,0.0,5,2,view_item
1211099.8247563235,3404756883,2021-01-06,1,0,0,0,0,0,desktop,Windows,Israel,Tel Aviv District,(data deleted),(data deleted),0.0,1,1,session_only
46436745.3591840330,4322380402,2020-11-15,1,0,0,0,0,0,desktop,Macintosh,Hong Kong,(not set),google,cpc,0.0,1,1,session_only
8675354.1977923046,5771760802,2020-11-11,1,0,0,0,0,0,mobile,Android,United States,California,(direct),(none),0.0,1,1,session_only
7863708.5056381393,5688835827,2020-12-17,1,1,0,1,1,1,desktop,Windows,Czechia,Prague,<Other>,organic,33.6,24,6,purchase
5309918.8542801368,4602401391,2021-01-27,1,0,0,0,0,0,desktop,Macintosh,India,West Bengal,google,organic,0.0,1,1,session_only
2339062.6277453603,7395438903,2021-01-13,1,0,0,0,0,0,mobile,Web,United States,California,<Other>,organic,0.0,1,1,session_only
21036417.4776828943,1176907461,2020-12-27,1,0,0,0,0,0,desktop,Macintosh,United States,Texas,(direct),(none),0.0,1,1,session_only
1983190.9273223192,7737945864,2021-01-18,1,0,0,0,0,0,desktop,Windows,Canada,Ontario,<Other>,(data deleted),0.0,1,1,session_only
3679314.8811022855,3244810082,2020-12-30,1,0,0,0,0,0,desktop,Web,United States,Florida,google,cpc,0.0,1,1,session_only
8748095.2729476932,6543620774,2021-01-10,1,0,0,0,0,0,desktop,Web,United States,Minnesota,google,organic,0.0,1,1,session_only
21236258.6589589222,8484642148,2020-11-02,1,1,0,0,0,0,desktop,Macintosh,United States,California,google,organic,0.0,2,2,view_item
39083619.6348036937,1702478923,2020-12-28,1,0,0,0,0,0,mobile,iOS,Bangladesh,(not set),google,organic,0.0,1,1,session_only
4777033.3943263498,343090197,2021-01-03,1,1,1,0,0,0,desktop,Web,Singapore,(not set),<Other>,organic,0.0,10,3,add_to_cart
18724632.5536795723,5320861797,2020-12-14,1,1,0,0,0,0,mobile,iOS,United States,Texas,google,organic,0.0,3,2,view_item
8507660.9042619650,1013715117,2020-12-14,1,0,0,0,0,0,desktop,Web,Indonesia,Jakarta,google,organic,0.0,1,1,session_only
31624311.7046471288,1846673732,2021-01-10,1,0,0,0,0,0,mobile,Android,India,Andhra Pradesh,<Other>,<Other>,0.0,1,1,session_only
11555622.0705372944,4223528856,2020-11-26,1,0,0,0,0,0,desktop,Macintosh,Mexico,Queretaro,<Other>,<Other>,0.0,1,1,session_only
32147260.8932729986,8464594274,2021-01-06,1,1,0,0,0,0,desktop,Windows,United Arab Emirates,Sharjah,google,organic,0.0,4,2,view_item
36500245.5074155984,9019302095,2020-12-19,1,0,0,0,0,0,desktop,Windows,India,Gujarat,google,cpc,0.0,1,1,session_only
82341069.9606353557,4087059168,2021-01-04,1,0,0,0,0,0,desktop,Windows,Indonesia,(not set),(data deleted),(data deleted),0.0,1,1,session_only
3367854699.2719709903,766484819,2021-01-09,1,1,0,0,0,0,desktop,Web,United States,Oregon,<Other>,<Other>,0.0,2,2,view_item
8809135101.5062303070,6997820730,2021-01-04,1,1,0,0,0,0,desktop,Web,Finland,Uusimaa,(direct),(none),0.0,2,2,view_item
2946509.7162436002,9790388767,2020-12-14,1,0,0,0,0,0,desktop,Web,Malaysia,(not set),(direct),(none),0.0,1,1,session_only
84426966.2287938546,7853193919,2020-12-19,1,1,0,0,0,0,desktop,Web,Italy,Lombardy,shop.googlemerchandisestore.com,referral,0.0,4,2,view_item
1475756.9062349506,9845777911,2020-11-08,1,0,0,0,0,0,desktop,Web,United Arab Emirates,Sharjah,shop.googlemerchandisestore.com,referral,0.0,1,1,session_only
7881579.7316242962,9116036468,2021-01-07,1,0,0,0,0,0,mobile,Web,India,Gujarat,shop.googlemerchandisestore.com,referral,0.0,1,1,session_only
6065939.8973619929,5751685727,2021-01-26,1,0,0,0,0,0,mobile,Web,United States,California,<Other>,<Other>,0.0,1,1,session_only
64450345.3626857875,1162714096,2020-12-31,1,0,0,0,0,0,desktop,Web,United States,Georgia,<Other>,<Other>,0.0,1,1,session_only
31763861.4962148473,4423271651,2021-01-01,1,0,0,0,0,0,mobile,iOS,Brazil,(not set),google,organic,0.0,1,1,session_only
82634664.1779971858,9681421453,2021-01-26,1,0,0,0,0,0,mobile,Web,France,Pays de la Loire,<Other>,referral,0.0,1,1,session_only
2582329.7898470280,7437443015,2020-11-10,1,1,0,1,1,1,desktop,Web,China,Shanghai,shop.googlemerchandisestore.com,referral,53.6,12,6,purchase
6738933.6723033621,8218834543,2020-11-24,1,0,0,0,0,0,mobile,Web,Taiwan,Taiwan Province,(direct),(none),0.0,1,1,session_only
9730086.1198760620,4025207148,2021-01-16,1,0,0,0,0,0,desktop,Macintosh,United States,California,google,organic,0.0,1,1,session_only
81548693.9714594481,5610454741,2020-12-21,1,0,0,0,0,0,desktop,Web,United States,Arizona,shop.googlemerchandisestore.com,referral,0.0,1,1,session_only
34068508.4546307013,6106816466,2021-01-08,1,0,0,0,0,0,desktop,Windows,United States,Georgia,google,organic,0.0,1,1,session_only
2503186.1981879799,3997819486,2021-01-12,1,0,0,0,0,0,desktop,Web,United States,New Jersey,google,organic,0.0,1,1,session_only
64122623.9214261302,4082227420,2020-12-31,1,0,0,0,0,0,mobile,Web,India,Tamil Nadu,google,organic,0.0,1,1,session_only
4057017.7445500408,2151189734,2020-12-14,1,1,1,1,1,1,mobile,Web,Portugal,Lisbon,(data deleted),(data deleted),84.88,75,6,purchase
2963253.5021141584,9809065667,2020-12-14,1,1,1,1,1,1,desktop,Web,Canada,British Columbia,(direct),(none),0.0,26,6,purchase
2537051.5139660380,6492904122,2021-01-30,1,0,0,0,0,0,mobile,Web,South Korea,Seoul,google,organic,0.0,1,1,session_only
55109400.5858354590,8484243805,2021-01-30,1,0,0,0,0,0,desktop,Web,India,Tamil Nadu,(direct),(none),0.0,1,1,session_only
68848825.3058576672,6998886473,2020-11-12,1,0,0,0,0,0,desktop,Windows,Poland,Lower Silesian Voivodeship,<Other>,referral,0.0,1,1,session_only
5177201.7556349001,2611888793,2021-01-10,1,0,0,0,0,0,mobile,Android,United States,Virginia,<Other>,<Other>,0.0,1,1,session_only
8287056.9375436898,5981740870,2020-11-24,1,0,0,0,0,0,desktop,Windows,(not set),(not set),google,organic,0.0,1,1,session_only
6462441.4867348187,1803694044,2021-01-10,1,0,0,0,0,0,desktop,Windows,United States,Georgia,google,cpc,0.0,1,1,session_only
70498550.3489657868,5955353223,2021-01-16,1,0,0,0,0,0,desktop,Windows,Taiwan,New Taipei City,<Other>,<Other>,0.0,1,1,session_only
8109282.4730538898,8145210856,2021-01-04,1,0,0,0,0,0,desktop,Macintosh,United States,Nevada,google,organic,0.0,1,1,session_only
81848109.0219356728,1816394360,2020-11-26,1,0,0,0,0,0,desktop,Windows,United States,Virginia,(direct),(none),0.0,1,1,session_only
16595386.2158971561,3256240239,2020-12-01,1,0,0,0,0,0,desktop,Macintosh,United States,California,google,organic,0.0,1,1,session_only
44659940.1931421150,6807671703,2021-01-15,1,0,0,0,0,0,desktop,Macintosh,United States,California,(direct),(none),0.0,1,1,session_only
67966491.9123823299,7309513760,2021-01-11,1,0,0,0,0,0,desktop,Web,France,Ile-de-France,<Other>,referral,0.0,1,1,session_only
9033859.6466210498,362363793,2020-12-23,1,0,0,0,0,0,mobile,Web,United States,Virginia,(direct),(none),0.0,1,1,session_only
85067703.4514130437,9276145443,2021-01-07,1,0,0,0,0,0,desktop,<Other>,United States,Idaho,google,organic,0.0,1,1,session_only
84997838.7614706793,9028468917,2021-01-08,1,0,0,0,0,0,desktop,Web,Portugal,Lisbon,<Other>,<Other>,0.0,1,1,session_only
45104331.4071075827,131784594,2020-12-17,1,0,0,0,0,0,mobile,iOS,United States,California,<Other>,organic,0.0,1,1,session_only
8104634.0475789275,535380298,2020-11-12,1,0,0,0,0,0,mobile,Web,United States,Oregon,<Other>,<Other>,0.0,1,1,session_only
4361863.6850101085,7403446276,2020-11-19,1,0,0,0,0,0,desktop,Web,Hong Kong,(not set),google,organic,0.0,1,1,session_only
9058604.1484760040,8280070020,2020-11-23,1,0,0,0,0,0,desktop,Web,United States,Wisconsin,<Other>,<Other>,0.0,1,1,session_only
5670470396.3315089724,8759393516,2021-01-03,1,0,0,0,0,0,mobile,Web,Tunisia,Tunis,<Other>,organic,0.0,1,1,session_only
30071374.9393353128,9425183262,2020-12-25,1,0,0,0,0,0,desktop,Web,Japan,Tokyo,(direct),(none),0.0,1,1,session_only
47404779.3400578000,1097996976,2021-01-30,1,0,0,0,0,0,mobile,Android,Singapore,(not set),<Other>,<Other>,0.0,1,1,session_only
36413206.4628075495,9819804388,2021-01-11,1,0,0,0,0,0,desktop,Web,United States,Massachusetts,<Other>,<Other>,0.0,1,1,session_only
2218243.6572984750,2238217665,2020-11-23,1,1,0,0,0,0,mobile,Web,India,Tamil Nadu,(direct),(none),0.0,3,2,view_item
71251361.7484506268,4576281063,2020-12-01,1,1,1,0,0,0,desktop,Windows,United States,Colorado,<Other>,<Other>,0.0,20,3,add_to_cart
2710038.5814240505,8336450719,2021-01-28,1,1,0,0,0,0,desktop,Web,United States,California,(direct),(none),0.0,2,2,view_item
6711585.5447785028,2199185589,2020-11-20,1,1,0,0,0,0,mobile,Android,United States,California,google,organic,0.0,7,2,view_item
8103672.6306076520,3310209517,2021-01-20,1,1,0,0,0,0,desktop,Windows,United States,Tennessee,shop.googlemerchandisestore.com,referral,0.0,4,2,view_item
68340330.6218248479,4877468926,2020-11-26,0,1,1,1,1,1,desktop,Web,United States,North Carolina,shop.googlemerchandisestore.com,referral,24.5,15,6,purchase
6577006.2383543914,7532137417,2021-01-06,1,0,0,0,0,0,desktop,Web,Canada,Ontario,(direct),(none),0.0,1,1,session_only
58552454.6138649044,2725813205,2021-01-17,1,0,0,0,0,0,mobile,Web,Taiwan,New Taipei City,shop.googlemerchandisestore.com,referral,0.0,1,1,session_only
79706339.2458208742,5224259276,2021-01-12,1,0,0,0,0,0,desktop,Macintosh,United States,Florida,<Other>,<Other>,0.0,1,1,session_only
21623728.9503481200,6543990212,2021-01-20,1,1,1,0,0,0,desktop,Web,United States,Virginia,<Other>,organic,0.0,3,3,add_to_cart
41062753.6296990704,7715489346,2021-01-10,1,0,0,0,0,0,desktop,Web,Ukraine,(not set),google,organic,0.0,1,1,session_only
26275601.6544751761,2048398256,2021-01-04,1,1,1,1,1,0,mobile,Web,United States,Washington,<Other>,<Other>,0.0,38,5,add_payment
7030030.8746725322,7596938020,2021-01-02,1,0,0,0,0,0,desktop,<Other>,United States,California,(direct),(none),0.0,1,1,session_only
5246031.8053429041,160596336,2020-11-19,1,0,0,0,0,0,desktop,Macintosh,United States,North Dakota,(direct),(none),0.0,1,1,session_only
27882838.5673367215,2598888734,2020-11-11,1,0,0,0,0,0,desktop,Web,United States,California,google,cpc,0.0,1,1,session_only
29337318.5069812379,9956208539,2020-12-04,1,0,0,0,0,0,desktop,Macintosh,United States,Missouri,(data deleted),(data deleted),0.0,1,1,session_only
8176578.6831693421,2680900823,2021-01-12,1,0,0,0,0,0,desktop,Macintosh,Canada,Ontario,google,organic,0.0,1,1,session_only
2066344.0314142871,4216457036,2021-01-31,1,0,0,0,0,0,desktop,<Other>,Canada,Quebec,google,organic,0.0,1,1,session_only
1749713.5490086448,2985586333,2020-12-27,1,0,0,0,0,0,mobile,Web,Canada,Ontario,<Other>,organic,0.0,1,1,session_only
54367052.5626871956,1326376435,2020-12-27,1,1,0,0,0,0,desktop,Web,Poland,Lesser Poland Voivodeship,google,organic,0.0,4,2,view_item
55857028.3481288949,1816059912,2021-01-16,1,0,0,0,0,0,desktop,Web,Canada,Ontario,(direct),(none),0.0,1,1,session_only
2381135.3788105215,9757246494,2020-12-25,1,0,0,0,0,0,mobile,Android,Belgium,Brussels,(direct),(none),0.0,1,1,session_only
5407155.9661697680,2561771996,2021-01-18,1,0,0,0,0,0,desktop,Web,Australia,New South Wales,google,organic,0.0,1,1,session_only
76371115.4848204176,9257730598,2020-11-07,1,0,0,0,0,0,mobile,Android,India,Maharashtra,google,organic,0.0,1,1,session_only
6260701.8259835633,3246161608,2020-12-21,1,0,0,0,0,0,mobile,Android,United States,California,(direct),(none),0.0,1,1,session_only
75194086.0862729672,3907961481,2020-12-25,1,0,0,0,0,0,mobile,Web,India,Uttar Pradesh,(direct),(none),0.0,1,1,session_only
85477955.3391554098,5188368753,2020-11-11,1,1,0,0,0,0,desktop,Windows,Venezuela,(not set),<Other>,referral,0.0,2,2,view_item
20444701.2572501069,9022168936,2021-01-13,1,1,0,0,0,0,mobile,iOS,Taiwan,Taipei City,(direct),(none),0.0,2,2,view_item
80688733.6632012927,7731261731,2020-12-04,1,0,0,0,0,0,mobile,Android,Canada,Alberta,google,organic,0.0,1,1,session_only
86986703.1487911187,4513289457,2020-11-29,1,1,0,0,0,0,desktop,Web,Saudi Arabia,Makkah Province,google,organic,0.0,2,2,view_item
76533571.3259401059,7544507468,2021-01-19,1,1,0,0,0,0,desktop,Windows,United Kingdom,England,google,cpc,0.0,2,2,view_item
38577717.1164916073,5174860131,2020-11-09,1,0,0,0,0,0,desktop,Web,United States,(not set),(direct),(none),0.0,1,1,session_only
41623901.4545684458,9655630537,2021-01-28,1,0,0,0,0,0,mobile,iOS,United States,California,(data deleted),(data deleted),0.0,1,1,session_only
41707336.2964414489,6707384730,2020-11-09,1,1,0,0,0,0,desktop,Web,Canada,Alberta,<Other>,referral,0.0,4,2,view_item
68647385.9775484713,6422221196,2020-11-08,1,0,0,0,0,0,mobile,Web,United States,Michigan,google,organic,0.0,1,1,session_only
80786141.8178279922,4186875200,2020-11-24,1,1,0,0,0,0,mobile,Android,India,Delhi,(direct),(none),0.0,16,2,view_item
96481146.5071257109,9964637939,2020-11-14,1,0,0,0,0,0,mobile,iOS,United States,New Jersey,(direct),(none),0.0,1,1,session_only
79231728.4966095755,4265948007,2020-12-24,1,0,0,0,0,0,mobile,Web,United States,California,google,organic,0.0,1,1,session_only
61521232.8837914895,8122159758,2020-12-17,1,1,0,0,0,0,mobile,Web,United States,Wisconsin,shop.googlemerchandisestore.com,referral,0.0,2,2,view_item
39512538.4186312477,3578102265,2020-11-11,1,0,0,0,0,0,desktop,Web,United States,Illinois,<Other>,<Other>,0.0,1,1,session_only
3292586.8301401057,6519731,2021-01-13,1,0,0,0,0,0,desktop,Macintosh,United States,California,<Other>,<Other>,0.0,1,1,session_only
2846616.3243274144,4184160903,2020-11-05,1,0,0,0,0,0,mobile,Web,United States,Washington,google,organic,0.0,1,1,session_only
28566296.8312421934,9809094021,2021-01-26,1,0,0,0,0,0,mobile,Android,United States,Virginia,(direct),(none),0.0,1,1,session_only
4724605.4800885026,1342423711,2020-12-01,1,0,0,0,0,0,mobile,iOS,Greece,Attica,(direct),(none),0.0,1,1,session_only
5452234.8076213209,4758168925,2020-11-20,1,0,0,0,0,0,mobile,Android,United States,New Jersey,shop.googlemerchandisestore.com,referral,0.0,1,1,session_only
2090454.8202974661,7084997987,2021-01-11,1,0,0,0,0,0,desktop,Web,United States,Michigan,google,organic,0.0,1,1,session_only
51171289.4289721828,4839772714,2020-11-17,1,0,0,0,0,0,desktop,Web,Hungary,Budapest,<Other>,referral,0.0,1,1,session_only
80938851.3517791376,5907370022,2020-12-04,1,0,0,0,0,0,mobile,Web,Germany,Berlin,(direct),(none),0.0,1,1,session_only
14295909.4412763786,789687410,2020-11-17,1,0,0,0,0,0,mobile,Web,China,Zhejiang,google,organic,0.0,1,1,session_only
81357816.9253095667,9859005907,2020-11-11,1,0,0,0,0,0,desktop,Web,India,Delhi,<Other>,organic,0.0,1,1,session_only
38464629.8960208190,1312312642,2020-11-23,1,0,0,0,0,0,mobile,Web,Singapore,(not set),(data deleted),(data deleted),0.0,1,1,session_only
51001351.8644009304,2865614428,2020-11-16,1,0,0,0,0,0,desktop,Web,United States,Idaho,shop.googlemerchandisestore.com,referral,0.0,1,1,session_only
1925073.0730395396,7905276535,2020-12-26,1,1,0,0,0,0,mobile,Web,Indonesia,Special Region of Yogyakarta,<Other>,<Other>,0.0,2,2,view_item
7195975.1014288023,2378434560,2020-12-30,1,1,1,0,0,0,mobile,Web,Poland,Lublin Voivodeship,shop.googlemerchandisestore.com,referral,0.0,19,3,add_to_cart
26345640.3482784656,9558498867,2020-12-28,1,0,0,0,0,0,desktop,Web,United Kingdom,England,google,cpc,0.0,1,1,session_only
7779309.9914592441,6891416331,2020-11-12,1,0,0,0,0,0,desktop,Web,United States,Washington,google,cpc,0.0,1,1,session_only
6801107.6326987045,8088630396,2021-01-29,1,0,0,0,0,0,desktop,Web,United States,Colorado,google,organic,0.0,1,1,session_only
75212332.0462614368,1585245021,2020-11-08,1,1,0,1,1,1,mobile,iOS,Poland,Lower Silesian Voivodeship,google,organic,0.0,9,6,purchase
4266476.3416706321,8080809129,2021-01-13,1,0,0,0,0,0,desktop,Web,United Kingdom,England,<Other>,<Other>,0.0,1,1,session_only
31219546.1992368858,8610647706,2021-01-04,1,0,0,0,0,0,desktop,Web,India,Tamil Nadu,<Other>,<Other>,0.0,1,1,session_only
56460399.1194105799,8209305592,2020-12-28,1,0,0,0,0,0,mobile,iOS,United States,Florida,<Other>,referral,0.0,1,1,session_only
4088812.1364228615,8196806187,2021-01-10,1,0,0,0,0,0,desktop,Web,United States,Connecticut,google,organic,0.0,1,1,session_only
4211935.8810857498,3686732755,2021-01-06,1,1,1,1,1,1,desktop,Windows,United Kingdom,England,(direct),(none),0.0,162,6,purchase
2893490.4177871640,5032273550,2020-12-04,1,0,0,0,0,0,mobile,iOS,Colombia,Bogota,(direct),(none),0.0,1,1,session_only
3246508.2704860040,1990749572,2021-01-27,1,0,0,0,0,0,desktop,Macintosh,Canada,Quebec,<Other>,<Other>,0.0,1,1,session_only
7661751.5437597643,2883819573,2020-12-25,1,0,0,0,0,0,desktop,Web,Canada,Ontario,google,organic,0.0,1,1,session_only
25693488.3617095732,5238303972,2021-01-12,1,0,0,0,0,0,tablet,Web,United States,New York,<Other>,referral,0.0,1,1,session_only
60318033.9287772846,3590591089,2020-12-25,1,0,0,0,0,0,desktop,Web,Poland,Greater Poland Voivodeship,google,organic,0.0,1,1,session_only
1868292.0593965251,2361373446,2020-12-17,1,0,0,0,0,0,desktop,Web,United States,California,google,organic,0.0,1,1,session_only
9043226.2903125307,8967440364,2020-12-24,1,1,0,0,0,0,mobile,Web,India,Bihar,google,organic,0.0,12,2,view_item
2873478.1759688484,2211147504,2021-01-18,1,0,0,0,0,0,desktop,Web,United States,California,<Other>,referral,0.0,1,1,session_only
18702797.6881475385,1109206286,2021-01-19,1,0,0,0,0,0,mobile,Web,United States,Arizona,<Other>,<Other>,0.0,1,1,session_only
6175864.7833716440,956248484,2021-01-20,1,0,0,0,0,0,mobile,iOS,United States,Virginia,google,organic,0.0,1,1,session_only
59409935.1803617257,8812552724,2021-01-15,1,1,1,1,1,1,mobile,Web,United States,(not set),google,organic,16.24,8,6,purchase
6008697.7424592219,3748786826,2020-12-28,1,0,0,0,0,0,desktop,Windows,Singapore,(not set),<Other>,organic,0.0,1,1,session_only
65874461.9897141333,162634037,2020-11-15,1,0,0,0,0,0,desktop,Windows,Taiwan,New Taipei City,(direct),(none),0.0,1,1,session_only
7059330183.3590018529,3461069632,2020-11-26,1,1,0,0,0,0,desktop,Macintosh,United States,Texas,<Other>,referral,0.0,2,2,view_item
67949225.5255956376,1044522559,2020-12-29,1,0,0,0,0,0,desktop,Web,United States,California,(direct),(none),0.0,1,1,session_only
20799221.0591661858,6018615489,2021-01-08,1,1,0,0,0,0,desktop,Windows,Canada,Quebec,<Other>,<Other>,0.0,4,2,view_item
80722550.5410437548,5739251349,2020-12-14,1,0,0,0,0,0,desktop,Windows,Canada,Quebec,(direct),(none),0.0,1,1,session_only
8053868.9732418159,8966421499,2020-12-30,1,0,0,0,0,0,mobile,Web,Germany,North Rhine-Westphalia,(direct),(none),0.0,1,1,session_only
28918554.9279306962,7870175025,2020-12-31,1,0,0,0,0,0,mobile,Web,Canada,Ontario,google,organic,0.0,1,1,session_only
4865997.7038586565,4965380327,2020-11-09,1,0,0,0,0,0,mobile,Web,United States,New York,google,cpc,0.0,1,1,session_only
2221028.0450684346,7397733707,2020-11-07,1,1,0,0,0,0,mobile,Web,United Kingdom,Wales,(data deleted),(data deleted),0.0,2,2,view_item
8188412.0611120683,4848348082,2021-01-11,1,0,0,0,0,0,desktop,Web,Pakistan,Punjab,<Other>,<Other>,0.0,1,1,session_only
84310714.0801968423,4991438146,2021-01-29,1,0,0,0,0,0,mobile,Android,United States,Illinois,google,organic,0.0,1,1,session_only
6596883.3435145167,8488438529,2021-01-06,1,0,0,0,0,0,desktop,Windows,United States,Kentucky,<Other>,organic,0.0,1,1,session_only
65353963.5877747415,3662708987,2020-12-21,1,0,0,0,0,0,mobile,iOS,United States,Mississippi,(direct),(none),0.0,1,1,session_only
34825681.8762989718,4387799832,2021-01-08,1,0,0,0,0,0,desktop,Web,Canada,Ontario,google,organic,0.0,1,1,session_only
71230332.1496517484,625335091,2020-11-02,1,0,0,0,0,0,desktop,Web,United States,Ohio,shop.googlemerchandisestore.com,referral,0.0,1,1,session_only
76689024.3054069961,5953467659,2020-12-27,1,0,0,0,0,0,desktop,Web,India,Gujarat,google,organic,0.0,1,1,session_only
28503289.2523966021,4648032339,2021-01-19,1,1,0,0,0,0,desktop,Web,United States,New York,google,cpc,0.0,2,2,view_item
41256596.8936617202,5911421541,2020-11-11,1,0,0,0,0,0,desktop,Web,Japan,(not set),(direct),(none),0.0,1,1,session_only
2207534.6528979386,1869491977,2020-12-26,1,0,0,0,0,0,desktop,Windows,United States,New York,(direct),(none),0.0,1,1,session_only
80987533.8714796235,3968421762,2021-01-28,1,0,0,0,0,0,desktop,Web,United States,Massachusetts,google,organic,0.0,1,1,session_only
5489365.4804204720,3034895598,2020-11-19,1,0,0,0,0,0,desktop,Macintosh,United Kingdom,England,google,organic,0.0,1,1,session_only
22926813.2972382413,5555536481,2021-01-12,1,0,0,0,0,0,desktop,Windows,United States,California,(direct),(none),0.0,1,1,session_only
8481126.7556443820,7916575056,2021-01-09,1,1,0,0,0,0,mobile,iOS,Singapore,(not set),(direct),(none),0.0,7,2,view_item
8818001.0865386393,8385535698,2020-12-04,1,0,0,0,0,0,desktop,Web,Canada,Quebec,google,cpc,0.0,1,1,session_only
7727873.6171982931,2935273722,2021-01-15,1,0,0,0,0,0,desktop,Web,United States,Massachusetts,google,cpc,0.0,1,1,session_only
83504428.7913424442,7708739154,2020-12-01,1,0,0,0,0,0,desktop,Macintosh,United States,California,<Other>,referral,0.0,1,1,session_only
25498790.6164844462,7626548848,2020-12-04,1,1,0,0,0,0,mobile,iOS,United States,Connecticut,(direct),(none),0.0,5,2,view_item
89099420.0111886421,8572040270,2020-11-20,1,0,0,0,0,0,desktop,Web,Hong Kong,(not set),google,organic,0.0,1,1,session_only
2150896.8439523961,1419603049,2020-11-12,1,0,0,0,0,0,tablet,iOS,United States,Indiana,google,organic,0.0,1,1,session_only
1881574068.6102383126,6499395180,2020-11-07,1,0,0,0,0,0,desktop,Web,India,Uttar Pradesh,(direct),(none),0.0,1,1,session_only
30682974.8537804631,3135616692,2021-01-06,1,1,1,0,0,0,mobile,iOS,Russia,Moscow,(direct),(none),0.0,4,3,add_to_cart
1605545.2656700011,5327033056,2021-01-11,1,0,0,0,0,0,desktop,Web,United States,Texas,<Other>,<Other>,0.0,1,1,session_only
51521096.5278846563,2738330387,2021-01-07,1,0,0,0,0,0,mobile,Web,India,Rajasthan,(direct),(none),0.0,1,1,session_only
74111785.3493585665,9279921114,2021-01-12,1,0,0,0,0,0,desktop,Macintosh,United States,Virginia,google,cpc,0.0,1,1,session_only
4225303.8068795482,5351685078,2021-01-29,1,0,0,0,0,0,mobile,Web,Ireland,County Cork,google,organic,0.0,1,1,session_only
4707585.5986417781,8682847425,2020-11-12,1,1,0,1,1,0,desktop,Web,Canada,Ontario,<Other>,referral,0.0,10,5,add_payment
8331021.0555047421,211170479,2021-01-07,1,1,0,0,0,0,desktop,Macintosh,United Kingdom,England,google,organic,0.0,2,2,view_item
93306474.9097205948,1892384577,2021-01-09,1,1,0,0,0,0,mobile,iOS,United States,New York,google,organic,0.0,2,2,view_item
87016345.8484065616,7752976026,2021-01-20,1,1,0,0,0,0,mobile,Web,United States,New York,<Other>,organic,0.0,2,2,view_item
23023007.7963340657,7967762342,2021-01-24,1,1,1,1,1,1,mobile,Web,United States,California,(direct),(none),0.0,15,6,purchase
38067757.0522298514,3627458570,2021-01-28,1,1,1,0,0,0,mobile,Web,United States,Texas,<Other>,referral,0.0,12,3,add_to_cart
46526562.0358325537,5344960270,2021-01-15,1,0,0,0,0,0,mobile,iOS,United States,Wisconsin,(direct),(none),0.0,1,1,session_only
4716410.4259318114,7694045306,2021-01-17,1,0,0,0,0,0,desktop,Web,Italy,Veneto,google,organic,0.0,1,1,session_only
1453712.6976349467,8197875947,2021-01-11,1,0,0,0,0,0,desktop,Web,Canada,British Columbia,<Other>,<Other>,0.0,1,1,session_only
23023144.7252923438,2320102394,2020-11-12,1,0,0,0,0,0,desktop,Web,Austria,(not set),(data deleted),(data deleted),0.0,1,1,session_only
4995159.0071517985,5285795513,2021-01-27,1,0,0,0,0,0,desktop,Web,Spain,Catalonia,google,organic,0.0,1,1,session_only
5665281.8773892233,5471741545,2020-11-12,1,0,0,0,0,0,desktop,Macintosh,United States,Arizona,<Other>,<Other>,0.0,1,1,session_only
49767223.5352585859,9104538336,2020-11-10,1,1,0,0,0,0,desktop,Web,United States,Minnesota,google,organic,0.0,2,2,view_item
3445247.3742794360,2075789236,2020-11-02,1,0,0,0,0,0,desktop,Web,Sri Lanka,Western Province,<Other>,<Other>,0.0,1,1,session_only
38647988.9322093451,5951355434,2020-11-15,1,0,0,0,0,0,desktop,Web,United States,Georgia,<Other>,<Other>,0.0,1,1,session_only
12160455.5141466621,9530322051,2020-12-20,1,0,0,0,0,0,tablet,Web,Mexico,Baja California,(data deleted),(data deleted),0.0,1,1,session_only
50683324.7270306410,8298268344,2021-01-23,1,1,0,1,1,1,mobile,Web,Netherlands,South Holland,(data deleted),(data deleted),0.0,7,6,purchase
85127792.5425701058,2066855134,2021-01-13,1,1,0,0,0,0,desktop,Web,Poland,Masovian Voivodeship,google,organic,0.0,2,2,view_item
81528300.1568981540,1113929904,2021-01-19,1,1,0,0,0,0,mobile,iOS,Malaysia,(not set),google,organic,0.0,2,2,view_item
6010626.5364836140,6025439105,2020-12-26,1,0,0,0,0,0,desktop,Web,United States,Ohio,google,organic,0.0,1,1,session_only
19599263.5925455783,580446186,2020-12-20,1,0,0,0,0,0,desktop,Web,Bangladesh,(not set),<Other>,referral,0.0,1,1,session_only
84455695.2134960850,4041308688,2021-01-18,1,0,0,0,0,0,desktop,<Other>,United States,Arkansas,google,organic,0.0,1,1,session_only
8960571.2576013813,8113015764,2020-12-17,1,0,0,0,0,0,desktop,Windows,India,Telangana,<Other>,referral,0.0,1,1,session_only
74327423.0129277030,2915543144,2020-12-01,1,1,1,1,1,1,desktop,Web,Colombia,(not set),(data deleted),(data deleted),0.0,11,6,purchase
4824792900.9893491073,2909134490,2021-01-26,1,1,0,0,0,0,mobile,Android,Russia,Moscow,google,organic,0.0,2,2,view_item
4508051.8876884022,6308546589,2021-01-29,1,0,0,0,0,0,desktop,Macintosh,Canada,Alberta,(data deleted),(data deleted),0.0,1,1,session_only
55548705.7940882350,9264606694,2021-01-11,1,1,1,1,0,0,mobile,iOS,United States,Maryland,<Other>,<Other>,0.0,6,4,begin_checkout
1961128.9287219940,8950613741,2020-11-20,1,1,0,1,0,0,mobile,Web,United States,California,google,organic,0.0,60,4,begin_checkout
18321306.1768162336,4967931257,2021-01-06,1,0,0,0,0,0,desktop,Web,United States,Washington,(direct),(none),0.0,1,1,session_only
46124782.0207872698,8734922702,2020-12-19,1,0,0,0,0,0,tablet,Windows,Spain,Valencian Community,(direct),(none),0.0,1,1,session_only
46146978.5100846398,4595836498,2020-12-26,1,1,0,1,1,1,mobile,iOS,United States,Florida,<Other>,<Other>,0.0,24,6,purchase
88740972.1801796068,2663485286,2021-01-11,1,0,0,0,0,0,mobile,<Other>,France,Occitanie,(direct),(none),0.0,1,1,session_only
5530954.1457893293,6935223974,2021-01-06,1,0,0,0,0,0,mobile,Web,Saudi Arabia,Riyadh Province,<Other>,referral,0.0,1,1,session_only
4241462.0095201545,6221071941,2021-01-19,1,0,0,0,0,0,desktop,Web,United States,Kentucky,google,cpc,0.0,1,1,session_only
6040349.1279422683,6998814707,2021-01-27,1,0,0,0,0,0,desktop,Web,South Africa,(not set),<Other>,<Other>,0.0,1,1,session_only
67942964.2350978333,7945010066,2021-01-12,1,0,0,0,0,0,desktop,Windows,Austria,Vienna,(data deleted),(data deleted),0.0,1,1,session_only
21949053.2950934911,5580267521,2021-01-13,1,0,0,0,0,0,desktop,Web,(not set),(not set),google,organic,0.0,1,1,session_only
42026433.8976454527,7195882293,2020-12-25,1,0,0,0,0,0,desktop,Macintosh,United States,Massachusetts,(direct),(none),0.0,1,1,session_only
80871823.5734061370,709120129,2021-01-12,1,0,0,0,0,0,desktop,<Other>,United States,Texas,(direct),(none),0.0,1,1,session_only
34691339.0282503694,9660227203,2020-12-20,1,0,0,0,0,0,desktop,Web,Vietnam,Hanoi,google,organic,0.0,1,1,session_only
8316881.1639820242,8514082013,2020-12-31,1,1,1,1,1,1,desktop,Web,Spain,Andalusia,shop.googlemerchandisestore.com,referral,0.0,59,6,purchase
64327920.9668348160,9959007842,2020-12-17,1,1,1,0,0,0,desktop,Web,France,Hauts-de-France,<Other>,(data deleted),0.0,10,3,add_to_cart
50821342.6418349752,9872927890,2021-01-11,1,0,0,0,0,0,desktop,Macintosh,Japan,Tokyo,<Other>,<Other>,0.0,1,1,session_only
42141098.7556807651,2053325665,2020-12-17,1,1,0,0,0,0,mobile,Android,India,Madhya Pradesh,google,organic,0.0,2,2,view_item
2116278.5223204033,4972059790,2021-01-03,1,0,0,0,0,0,desktop,Web,Austria,Lower Austria,google,organic,0.0,1,1,session_only
92088513.7289527377,853605624,2021-01-20,1,0,0,0,0,0,desktop,Web,India,Madhya Pradesh,shop.googlemerchandisestore.com,referral,0.0,1,1,session_only
72516549.4485616106,7762469896,2020-11-26,1,1,0,0,0,0,mobile,Web,United States,Virginia,(direct),(none),0.0,3,2,view_item
83714999.1117485272,3693123681,2021-01-20,1,0,0,0,0,0,desktop,Web,Canada,Quebec,shop.googlemerchandisestore.com,referral,0.0,1,1,session_only
35065384.1708928942,7796060195,2021-01-13,1,0,0,0,0,0,mobile,Web,Canada,British Columbia,google,organic,0.0,1,1,session_only
7477637.2776014049,1583409900,2020-12-29,1,1,0,1,1,1,mobile,Web,United States,Kentucky,(data deleted),(data deleted),56.8,22,6,purchase
8511716.0287479022,9055743522,2021-01-06,1,0,0,0,0,0,desktop,Web,Hong Kong,(not set),google,organic,0.0,1,1,session_only
31460792.8005345462,4806990587,2020-12-19,1,0,0,0,0,0,mobile,Web,Colombia,Valle del Cauca,google,organic,0.0,1,1,session_only
59423058.1573601580,5627251008,2021-01-26,1,0,0,0,0,0,desktop,Web,United States,California,<Other>,organic,0.0,1,1,session_only
88307349.3430554967,1569084125,2020-12-19,1,0,0,0,0,0,desktop,Web,United States,Michigan,(direct),(none),0.0,1,1,session_only
6911586.0665111008,3078481090,2021-01-29,1,0,0,0,0,0,desktop,Web,United States,California,(direct),(none),0.0,1,1,session_only
4013560.2321050370,8242858594,2020-12-19,1,0,0,0,0,0,desktop,Web,United States,California,<Other>,referral,0.0,1,1,session_only
20208240.7523578519,5174652499,2020-12-24,1,0,0,0,0,0,mobile,Android,Turkey,Istanbul,<Other>,<Other>,0.0,1,1,session_only
35805258.5620654511,5797331957,2021-01-02,1,0,0,0,0,0,desktop,Web,Netherlands,South Holland,(direct),(none),0.0,1,1,session_only
65867138.3306159727,7711778181,2020-12-20,1,0,0,0,0,0,desktop,Web,United States,Massachusetts,google,organic,0.0,1,1,session_only
28127879.2552942743,5481746506,2020-12-17,1,0,0,0,0,0,tablet,Web,United States,Utah,(direct),(none),0.0,1,1,session_only
59840231.3414995525,8656086249,2021-01-20,1,0,0,0,0,0,desktop,Windows,Malaysia,(not set),(data deleted),(data deleted),0.0,1,1,session_only
3354294.0996157745,4559451427,2020-12-20,1,0,0,0,0,0,mobile,Web,Japan,Osaka,shop.googlemerchandisestore.com,referral,0.0,1,1,session_only
5750642785.6057873888,5694131177,2020-12-24,1,1,0,0,0,0,desktop,Web,United States,California,google,organic,0.0,3,2,view_item
63056738.4369824247,4639763916,2021-01-09,1,0,0,0,0,0,desktop,Web,United States,Pennsylvania,(direct),(none),0.0,1,1,session_only
6800362.8222365581,7848629295,2021-01-13,1,0,0,0,0,0,desktop,Web,United States,Wisconsin,<Other>,referral,0.0,1,1,session_only
31073815.2012845114,4770536655,2020-12-25,1,0,0,0,0,0,desktop,Web,India,Chandigarh,(direct),(none),0.0,1,1,session_only
7352818.7780705047,7574592568,2021-01-12,1,0,0,0,0,0,desktop,Web,China,Henan,google,organic,0.0,1,1,session_only
6816481.3993859925,4354593038,2020-11-19,1,0,0,0,0,0,mobile,Android,United States,Maryland,<Other>,referral,0.0,1,1,session_only
4601255.3751659258,1870004681,2021-01-10,1,0,0,0,0,0,mobile,Web,South Korea,Seoul,shop.googlemerchandisestore.com,referral,0.0,1,1,session_only
6036775.5121875450,5726948485,2021-01-25,1,0,0,0,0,0,mobile,Web,Canada,Ontario,(direct),(none),0.0,1,1,session_only
67357054.9566811359,6067298858,2020-12-04,1,1,1,1,1,1,desktop,Web,Greece,(not set),google,cpc,29.6,52,6,purchase
23026518.6587772789,5673392065,2020-12-17,1,1,0,0,0,0,desktop,Web,United States,Wisconsin,(data deleted),(data deleted),0.0,17,2,view_item
6016797.5736875714,6714019175,2020-12-21,1,0,0,0,0,0,mobile,iOS,Saudi Arabia,Riyadh Province,(data deleted),(data deleted),0.0,1,1,session_only
388469101.1208434861,2823306952,2020-11-29,1,0,0,0,0,0,desktop,Web,United States,Virginia,<Other>,referral,0.0,1,1,session_only
52107449.8909676859,7346557559,2020-11-24,1,0,0,0,0,0,mobile,Web,Japan,(not set),<Other>,<Other>,0.0,1,1,session_only
30253758.5829976989,809741236,2021-01-17,1,0,0,0,0,0,desktop,Web,India,Telangana,(direct),(none),0.0,1,1,session_only
8179404.2555536315,93147223,2020-11-11,1,0,0,0,0,0,mobile,Web,Brazil,State of Sao Paulo,google,cpc,0.0,1,1,session_only
19567035.2289160415,2108472573,2021-01-10,1,0,0,0,0,0,desktop,Web,Turkey,Istanbul,google,organic,0.0,1,1,session_only
9108838.9164078068,1257929283,2020-11-09,1,0,0,0,0,0,desktop,Web,Peru,(not set),(data deleted),(data deleted),0.0,1,1,session_only
29336019.9133255022,5252579047,2020-12-21,1,1,0,0,0,0,mobile,iOS,Lebanon,Beirut Governorate,google,organic,0.0,2,2,view_item
33880797.3726789540,5485814838,2021-01-11,1,0,0,0,0,0,desktop,Web,Czechia,Prague,google,organic,0.0,1,1,session_only
50168082.8967124218,1429844999,2020-12-24,1,1,1,1,1,1,mobile,Web,United States,Kentucky,<Other>,<Other>,0.0,11,6,purchase
73058042.1171733750,9683035464,2020-12-23,1,1,0,0,0,0,mobile,Web,Hong Kong,(not set),<Other>,referral,0.0,6,2,view_item
3154941.9024321257,7918736831,2020-11-11,1,1,0,0,0,0,mobile,Web,Taiwan,Taiwan Province,(direct),(none),0.0,5,2,view_item
3644566278.6602625320,92761863,2020-11-23,1,1,0,1,1,1,desktop,Web,United States,Virginia,(direct),(none),114.88,24,6,purchase
95174381.4676082608,1997253800,2021-01-07,1,0,0,0,0,0,desktop,Web,United States,California,google,organic,0.0,1,1,session_only
4594558.0103160051,5065701801,2020-12-28,1,0,0,0,0,0,mobile,Web,United States,Michigan,<Other>,<Other>,0.0,1,1,session_only
13458388.7943493237,4605964432,2021-01-31,1,0,0,0,0,0,mobile,iOS,France,Occitanie,google,organic,0.0,1,1,session_only
35022641.7967590910,9918957091,2021-01-30,1,0,0,0,0,0,desktop,<Other>,Canada,Ontario,<Other>,<Other>,0.0,1,1,session_only
13282975.9201506463,7949429307,2021-01-20,1,0,0,0,0,0,mobile,Android,Singapore,(not set),(data deleted),(data deleted),0.0,1,1,session_only
72706898.7154255126,4034301322,2021-01-06,1,0,0,0,0,0,desktop,Windows,United States,Florida,<Other>,referral,0.0,1,1,session_only
91144269.9188029170,2314126270,2020-11-10,1,0,0,0,0,0,mobile,Web,India,Punjab,google,organic,0.0,1,1,session_only
3093938055.0563202026,3066285923,2020-12-23,1,0,0,0,0,0,desktop,Windows,Netherlands,Groningen,google,organic,0.0,1,1,session_only
7875389.9913805756,5950437453,2020-12-25,1,0,0,0,0,0,desktop,Windows,Canada,Alberta,google,organic,0.0,1,1,session_only
48173164.6653829548,7181206152,2020-11-10,1,0,0,0,0,0,desktop,Web,India,Madhya Pradesh,(data deleted),(data deleted),0.0,1,1,session_only
45677570.7087519151,25722403,2020-11-23,1,0,0,0,0,0,desktop,<Other>,United States,Texas,google,organic,0.0,1,1,session_only
3728159.0057715049,6526913525,2021-01-06,1,0,0,0,0,0,mobile,iOS,United States,Wisconsin,google,organic,0.0,1,1,session_only
4042052.3372035487,8110672411,2021-01-20,1,1,0,0,0,0,mobile,Web,Switzerland,(not set),google,organic,0.0,20,2,view_item
2682695.6781129762,1637457603,2021-01-29,1,0,0,0,0,0,desktop,Web,United States,Massachusetts,(direct),(none),0.0,1,1,session_only
64724317.8984579988,1583842261,2021-01-15,1,0,0,0,0,0,desktop,Windows,Switzerland,Vaud,(direct),(none),0.0,1,1,session_only
77650756.0906799422,1535275850,2020-11-19,1,1,0,0,0,0,mobile,Web,South Korea,Gyeonggi-do,(direct),(none),0.0,3,2,view_item
3306548.0726893671,7743665105,2021-01-17,1,0,0,0,0,0,desktop,Windows,United States,Massachusetts,google,organic,0.0,1,1,session_only
2908034.2046414667,7988472646,2020-11-07,1,0,0,0,0,0,desktop,Web,Malaysia,Penang,google,organic,0.0,1,1,session_only
44721262.2075005347,1403645817,2021-01-20,1,0,0,0,0,0,desktop,Web,United States,Washington,shop.googlemerchandisestore.com,referral,0.0,1,1,session_only
26367361.3378771444,2359837591,2020-12-14,1,0,0,0,0,0,desktop,Windows,United States,Connecticut,(direct),(none),0.0,1,1,session_only
63268662.4672553961,2354874038,2020-12-29,1,0,0,0,0,0,desktop,Web,Ukraine,Kharkiv Oblast,(direct),(none),0.0,1,1,session_only
28357954.6100392326,2256342039,2021-01-15,1,0,0,0,0,0,mobile,Web,United States,Iowa,google,organic,0.0,1,1,session_only
78018360.7936008924,8433321627,2020-12-25,1,0,0,0,0,0,desktop,Web,United States,Arizona,(direct),(none),0.0,1,1,session_only
6848083.4835378535,106149991,2021-01-27,1,0,0,0,0,0,desktop,<Other>,India,Telangana,<Other>,organic,0.0,1,1,session_only
8348184265.5640136978,3379704221,2020-11-20,1,1,0,1,1,1,desktop,Windows,Canada,Alberta,shop.googlemerchandisestore.com,referral,16.8,30,6,purchase
3754444.8798332433,3958741408,2020-12-28,0,1,1,0,0,0,desktop,Windows,Ukraine,(not set),google,cpc,0.0,2,3,add_to_cart
34249157.6362759143,3246435367,2020-12-25,1,0,0,0,0,0,desktop,Web,United States,Florida,google,organic,0.0,1,1,session_only
90326169.4943785433,7518983103,2020-11-17,1,1,1,1,1,0,mobile,iOS,United States,Florida,<Other>,referral,0.0,26,5,add_payment
6929670.5226488098,6821129030,2020-12-21,1,0,0,0,0,0,desktop,Windows,Vietnam,(not set),google,organic,0.0,1,1,session_only
54635381.2931988848,3253452881,2020-11-11,1,0,0,0,0,0,mobile,iOS,India,Maharashtra,google,organic,0.0,1,1,session_only
7181248.6759614119,1528366439,2021-01-16,1,1,0,0,0,0,mobile,Web,United States,Virginia,<Other>,<Other>,0.0,2,2,view_item
88430509.0514815677,2044355580,2021-01-20,1,0,0,0,0,0,desktop,Windows,United States,Washington,google,organic,0.0,1,1,session_only
50210386.5223769380,3666714465,2020-11-16,1,0,0,0,0,0,mobile,iOS,United States,California,(direct),(none),0.0,1,1,session_only
52443149.1275754542,904940395,2020-12-01,1,1,1,1,1,1,desktop,Windows,United States,Alabama,(direct),(none),0.0,30,6,purchase
6239146.7826045044,77430861,2021-01-28,1,0,0,0,0,0,desktop,Web,South Korea,Seoul,google,organic,0.0,1,1,session_only
21533523.5486314277,3090256296,2021-01-07,1,0,0,0,0,0,mobile,iOS,United States,Delaware,<Other>,organic,0.0,1,1,session_only
38454317.7942242985,3942370887,2021-01-23,1,0,0,0,0,0,desktop,<Other>,United States,New York,(direct),(none),0.0,1,1,session_only
7686730.0899019803,2170836922,2020-11-17,1,0,0,0,0,0,desktop,Macintosh,United States,Minnesota,(direct),(none),0.0,1,1,session_only
30015563.8542768971,3310422713,2020-12-14,1,1,1,1,1,1,desktop,Windows,Czechia,Central Bohemian Region,<Other>,<Other>,180.8,17,6,purchase
26933467.7697577912,992794541,2020-12-25,1,0,0,0,0,0,desktop,Web,United States,Texas,google,organic,0.0,1,1,session_only
4034161213.5921254710,2849837640,2020-11-15,1,0,0,0,0,0,desktop,Web,Spain,Valencian Community,google,organic,0.0,1,1,session_only
1263381.6090546672,7061818962,2020-11-20,1,1,0,0,0,0,mobile,Android,India,Bihar,(direct),(none),0.0,2,2,view_item
21931709.2711794057,1307718551,2021-01-09,1,0,0,0,0,0,desktop,Web,Taiwan,Taipei City,(direct),(none),0.0,1,1,session_only
7590035546.3214250240,9614663001,2021-01-28,1,1,0,0,0,0,desktop,Windows,United States,Illinois,<Other>,<Other>,0.0,3,2,view_item
72866179.6693010024,1888549079,2020-11-19,1,1,0,0,0,0,desktop,Windows,United States,New York,(direct),(none),0.0,3,2,view_item
6833260.9200674711,9627174209,2021-01-28,1,0,0,0,0,0,mobile,Web,United States,Virginia,<Other>,referral,0.0,1,1,session_only
8212475.2335239759,8097355670,2020-11-10,1,0,0,0,0,0,desktop,Web,Taiwan,Taipei City,<Other>,<Other>,0.0,1,1,session_only
2605316.1974003965,971475787,2021-01-15,1,0,0,0,0,0,mobile,Android,Canada,Ontario,google,organic,0.0,1,1,session_only
57013000.7986781843,1438579216,2021-01-09,1,0,0,0,0,0,mobile,Android,United States,Indiana,<Other>,referral,0.0,1,1,session_only
23202460.0189712546,9457236245,2020-12-30,1,0,0,0,0,0,desktop,Web,United States,New York,google,organic,0.0,1,1,session_only
44885988.0852152064,2191822421,2020-11-17,1,0,0,0,0,0,desktop,Web,India,Punjab,(direct),(none),0.0,1,1,session_only
3103930.2977434567,8495698247,2020-12-19,1,0,0,0,0,0,mobile,Android,United States,Massachusetts,(data deleted),(data deleted),0.0,1,1,session_only
77327517.5603080726,5489435147,2021-01-19,1,1,0,1,1,1,mobile,iOS,United States,New Jersey,google,organic,0.0,14,6,purchase
50625438.6453912217,7997542548,2021-01-27,0,1,1,0,0,0,desktop,Macintosh,Germany,North Rhine-Westphalia,(data deleted),(data deleted),0.0,4,3,add_to_cart
34001006.1287400461,9652127610,2021-01-16,1,0,0,0,0,0,mobile,Web,South Korea,Gyeonggi-do,(direct),(none),0.0,1,1,session_only
2048043.5222901716,4544615996,2021-01-31,1,0,0,0,0,0,desktop,Macintosh,Ukraine,(not set),(direct),(none),0.0,1,1,session_only
90170372.8150627613,4802035986,2021-01-11,1,0,0,0,0,0,desktop,Web,India,Maharashtra,(direct),(none),0.0,1,1,session_only
37108614.8429519809,906641934,2020-12-24,1,0,0,0,0,0,desktop,Windows,United States,California,(direct),(none),0.0,1,1,session_only
8954620.4784911789,5762362520,2021-01-31,1,0,0,0,0,0,desktop,Web,United States,New Jersey,(direct),(none),0.0,1,1,session_only
80775108.7916086235,1682162070,2021-01-12,1,0,0,0,0,0,mobile,Android,United States,Arizona,(direct),(none),0.0,1,1,session_only
8466512.3165163195,3233351800,2020-12-01,1,1,1,1,1,1,desktop,Web,Poland,West Pomeranian Voivodeship,<Other>,<Other>,0.0,18,6,purchase
81220354.3638953093,4666411329,2021-01-26,1,0,0,0,0,0,desktop,Web,Canada,Saskatchewan,<Other>,referral,0.0,1,1,session_only
82549703.5586381722,5588083720,2020-12-14,1,0,0,0,0,0,mobile,Web,Philippines,Metro Manila,<Other>,<Other>,0.0,1,1,session_only
22941794.6020285173,3154704681,2020-11-16,1,1,0,1,0,0,mobile,Web,United States,Oklahoma,shop.googlemerchandisestore.com,referral,0.0,60,4,begin_checkout
6413327.5119716001,6080467779,2020-12-25,1,0,0,0,0,0,desktop,Web,United States,New York,(direct),(none),0.0,1,1,session_only
89337508.7164762056,1626766200,2020-12-01,1,0,0,0,0,0,desktop,Web,Japan,Tokyo,(data deleted),(data deleted),0.0,1,1,session_only
81142712.0763522946,9833988844,2021-01-26,1,0,0,0,0,0,mobile,Android,United States,Texas,google,organic,0.0,1,1,session_only
1141720.0291311062,5987310417,2021-01-20,1,0,0,0,0,0,desktop,Macintosh,United States,Illinois,google,organic,0.0,1,1,session_only
68510683.2798833452,6149338009,2021-01-31,1,0,0,0,0,0,desktop,Web,United States,Colorado,<Other>,<Other>,0.0,1,1,session_only
63608933.3291724086,1386898358,2020-11-09,1,1,0,0,0,0,mobile,iOS,United States,California,shop.googlemerchandisestore.com,referral,0.0,6,2,view_item
54565481.1025615919,9530481592,2021-01-30,1,0,0,0,0,0,tablet,iOS,United States,Colorado,google,organic,0.0,1,1,session_only
9023554.2652047448,8359315210,2021-01-04,1,0,0,0,0,0,mobile,Web,United States,Texas,(direct),(none),0.0,1,1,session_only
75035561.6435018100,551091201,2020-12-17,1,0,0,0,0,0,tablet,iOS,China,Fujian,google,organic,0.0,1,1,session_only
73596941.4150906221,7886385030,2020-12-14,1,0,0,0,0,0,desktop,Windows,United States,Oklahoma,<Other>,referral,0.0,1,1,session_only
80921507.1393350408,8432745928,2020-11-14,1,1,0,1,1,0,desktop,Web,India,Uttar Pradesh,(direct),(none),0.0,24,5,add_payment
5869514.3092643036,1849867282,2020-12-04,1,0,0,0,0,0,desktop,Web,United Kingdom,England,<Other>,referral,0.0,1,1,session_only
61705842.2574897078,7620971137,2020-12-17,1,0,0,0,0,0,mobile,iOS,United States,Michigan,google,cpc,0.0,1,1,session_only
3772032.7110500950,5299044996,2021-01-07,1,1,0,0,0,0,mobile,Web,United States,Florida,google,organic,0.0,2,2,view_item
7470982.4051079408,5964228384,2020-11-05,1,0,0,0,0,0,mobile,Web,Romania,(not set),google,organic,0.0,1,1,session_only
7029619.5440749830,2703099999,2021-01-13,1,0,0,0,0,0,mobile,Web,Canada,British Columbia,<Other>,<Other>,0.0,1,1,session_only
82665451.3274555789,8602119508,2021-01-29,1,1,0,0,0,0,desktop,<Other>,United States,Georgia,<Other>,<Other>,0.0,3,2,view_item
7634450.7489916014,1584754804,2021-01-03,1,1,0,0,0,0,mobile,Web,Russia,(not set),google,organic,0.0,5,2,view_item
9118640389.3070643788,9401908496,2020-12-28,1,0,0,0,0,0,desktop,Web,Sweden,Skane County,google,organic,0.0,1,1,session_only
2870158.2779602840,4168881794,2021-01-07,1,0,0,0,0,0,desktop,Windows,United States,California,google,organic,0.0,1,1,session_only
4241545.4702198636,6283498441,2021-01-16,1,0,0,0,0,0,desktop,Web,Germany,Lower Saxony,(direct),(none),0.0,1,1,session_only
62553834.0063778123,1000552014,2021-01-30,1,0,0,0,0,0,mobile,iOS,Taiwan,Taipei City,(data deleted),(data deleted),0.0,1,1,session_only
52863042.1023514102,6527126723,2020-12-19,1,0,0,0,0,0,desktop,Web,United States,Illinois,(direct),(none),0.0,1,1,session_only
34518093.2505069224,192316905,2021-01-24,1,0,0,0,0,0,mobile,iOS,United States,California,<Other>,<Other>,0.0,1,1,session_only
64725511.9776165787,7038595440,2021-01-29,1,1,1,0,0,0,mobile,Web,France,Grand Est,<Other>,organic,0.0,29,3,add_to_cart
65236128.0781525520,3156954118,2020-11-02,1,0,0,0,0,0,mobile,Web,Indonesia,Jakarta,<Other>,<Other>,0.0,1,1,session_only
11035238.4933798149,9224297196,2021-01-19,1,0,0,0,0,0,mobile,Android,Canada,Ontario,(direct),(none),0.0,1,1,session_only
76899035.6790307258,9047923279,2020-11-26,1,0,0,0,0,0,desktop,Web,United States,Georgia,<Other>,referral,0.0,1,1,session_only
53707221.8886946788,7044762838,2021-01-17,1,0,0,0,0,0,desktop,Windows,United States,(not set),google,organic,0.0,1,1,session_only
59885200.6973433617,476399565,2021-01-09,1,0,0,0,0,0,desktop,Windows,Canada,Ontario,google,organic,0.0,1,1,session_only
7572885986.2170154451,5078415312,2021-01-18,1,0,0,0,0,0,desktop,<Other>,Netherlands,North Brabant,shop.googlemerchandisestore.com,referral,0.0,1,1,session_only
3729137.3107214391,1862401928,2020-11-24,1,0,0,0,0,0,desktop,Web,United States,Georgia,<Other>,referral,0.0,1,1,session_only
59093845.2079890753,3301848001,2020-12-19,1,0,0,0,0,0,desktop,Web,United States,Michigan,google,organic,0.0,1,1,session_only
5768373.6268937119,6362974861,2021-01-31,1,0,0,0,0,0,desktop,Web,India,West Bengal,google,organic,0.0,1,1,session_only
4620560.6934395487,4374519739,2021-01-30,1,0,0,0,0,0,desktop,Web,United States,California,(direct),(none),0.0,1,1,session_only
9049074.9633345968,2120357909,2020-12-24,1,0,0,0,0,0,desktop,Web,Taiwan,Tainan City,(direct),(none),0.0,1,1,session_only
6443162.3903008586,3429127116,2021-01-04,1,0,0,0,0,0,desktop,Web,United States,Virginia,<Other>,<Other>,0.0,1,1,session_only
2353161.4258305932,6899581260,2020-12-17,1,0,0,0,0,0,mobile,Web,United States,New York,google,organic,0.0,1,1,session_only
6584886.6475913465,5887053044,2021-01-26,1,1,0,0,0,0,desktop,Windows,India,Bihar,google,organic,0.0,3,2,view_item
5280336.3859327124,4796630875,2020-12-21,1,0,0,0,0,0,desktop,Windows,Singapore,(not set),(data deleted),(data deleted),0.0,1,1,session_only
71657957.2849361843,6178396601,2020-11-10,1,0,0,0,0,0,desktop,Windows,United States,Missouri,<Other>,<Other>,0.0,1,1,session_only
3217524.1791897937,5616749325,2020-11-02,1,0,0,0,0,0,mobile,Web,Canada,British Columbia,shop.googlemerchandisestore.com,referral,0.0,1,1,session_only
2601459.8761811611,443996294,2020-12-19,1,0,0,0,0,0,desktop,Web,Ecuador,(not set),(direct),(none),0.0,1,1,session_only
3479829.1992205403,7961655719,2020-11-07,1,0,0,0,0,0,desktop,Web,United States,California,shop.googlemerchandisestore.com,referral,0.0,1,1,session_only
4190103.1296618104,1306723239,2020-11-09,1,0,0,0,0,0,desktop,Windows,United States,Massachusetts,(direct),(none),0.0,1,1,session_only
76790406.1024577527,3683368439,2021-01-06,1,0,0,0,0,0,desktop,Macintosh,United Kingdom,Scotland,google,organic,0.0,1,1,session_only
6972254.6594965176,958841656,2021-01-03,1,0,0,0,0,0,mobile,Web,India,Maharashtra,(direct),(none),0.0,1,1,session_only
1981684.7069647510,7479716814,2020-11-24,1,0,0,0,0,0,desktop,Web,Canada,Ontario,(direct),(none),0.0,1,1,session_only
6070651.5955540976,6185321293,2021-01-13,1,0,0,0,0,0,desktop,Macintosh,United States,New York,(direct),(none),0.0,1,1,session_only
34987271.8319622545,5056944135,2021-01-16,1,0,0,0,0,0,desktop,Windows,Czechia,Prague,(direct),(none),0.0,1,1,session_only
3199520.0056553117,5049931985,2021-01-12,1,0,0,0,0,0,desktop,Web,(not set),(not set),google,organic,0.0,1,1,session_only
66134412.0638830265,5665167687,2021-01-06,1,0,0,0,0,0,mobile,Web,Singapore,(not set),(direct),(none),0.0,1,1,session_only
48083760.4232963839,8761713481,2021-01-15,1,0,0,0,0,0,mobile,Android,United States,Pennsylvania,google,organic,0.0,1,1,session_only
17809571.4308076628,8580058171,2020-12-01,1,0,0,0,0,0,mobile,iOS,Peru,(not set),(direct),(none),0.0,1,1,session_only
7739578.8279256165,9214052333,2020-11-21,1,1,0,0,0,0,desktop,Web,Spain,Basque Country,google,cpc,0.0,3,2,view_item
5148588.8237273946,9425520730,2021-01-10,1,0,0,0,0,0,desktop,Web,United States,Tennessee,(direct),(none),0.0,1,1,session_only
65163016.2468447960,6759687922,2021-01-09,1,0,0,0,0,0,mobile,Web,China,Fujian,google,organic,0.0,1,1,session_only
7954430.2344586566,2895422656,2021-01-28,1,0,0,0,0,0,desktop,Windows,India,Rajasthan,google,cpc,0.0,1,1,session_only
4730992.8722407824,1952533470,2020-12-21,1,1,1,1,1,0,mobile,Web,United States,Arkansas,shop.googlemerchandisestore.com,referral,0.0,35,5,add_payment
8231305.5834847575,7604123427,2021-01-13,1,0,0,0,0,0,mobile,Web,India,Maharashtra,google,organic,0.0,1,1,session_only
4376619.9958221943,1872825626,2020-11-09,1,0,0,0,0,0,desktop,Web,China,Guangdong Province,(data deleted),(data deleted),0.0,1,1,session_only
39460857.9330188152,1543880651,2020-12-17,1,0,0,0,0,0,desktop,Web,United States,Texas,shop.googlemerchandisestore.com,referral,0.0,1,1,session_only
21984495.3142877864,5760889189,2021-01-11,1,0,0,0,0,0,desktop,Windows,Singapore,(not set),google,organic,0.0,1,1,session_only
6801200.8968241705,1820714503,2020-11-12,1,1,0,1,0,0,desktop,Macintosh,Mexico,Baja California,shop.googlemerchandisestore.com,referral,0.0,10,4,begin_checkout
5360709.5313188269,1830116668,2020-12-17,1,1,0,0,0,0,desktop,Macintosh,Ireland,County Cork,google,cpc,0.0,2,2,view_item
68508305.6923218471,5600576939,2021-01-10,1,1,0,0,0,0,desktop,Web,United States,Florida,(direct),(none),0.0,2,2,view_item
71979187.4907585065,1616107377,2020-11-10,1,1,0,0,0,0,desktop,Web,United States,New York,google,cpc,0.0,2,2,view_item
4882780.7873705497,9629841852,2020-11-12,1,0,0,0,0,0,mobile,Web,United Kingdom,England,(direct),(none),0.0,1,1,session_only
5984221.3457089159,4813050115,2021-01-29,1,1,0,1,1,1,mobile,Web,Netherlands,South Holland,(data deleted),(data deleted),0.0,20,6,purchase
4475361.2873768664,5219429712,2020-12-01,1,0,0,0,0,0,desktop,Web,India,Uttar Pradesh,(direct),(none),0.0,1,1,session_only
8158983919.8293977249,4467856147,2020-11-14,1,1,0,1,0,0,desktop,Web,Hong Kong,(not set),<Other>,<Other>,0.0,6,4,begin_checkout
77907089.2002616156,7919650278,2020-12-31,1,1,1,0,0,0,tablet,iOS,United States,Maryland,google,organic,0.0,27,3,add_to_cart
78074793.0627454182,890016213,2020-12-14,1,0,0,0,0,0,desktop,Web,United States,North Carolina,<Other>,<Other>,0.0,1,1,session_only
5520648.0889053079,1493250735,2020-12-26,1,0,0,0,0,0,desktop,Web,Sweden,Vastra Gotaland County,google,organic,0.0,1,1,session_only
1617029.0745776943,7902902625,2021-01-11,1,0,0,0,0,0,desktop,Web,Belarus,Minsk Region,google,organic,0.0,1,1,session_only
9168856.2613814944,8550466225,2021-01-19,1,0,0,0,0,0,desktop,Windows,China,(not set),google,organic,0.0,1,1,session_only
23847304.8398737319,6168917958,2021-01-31,1,0,0,0,0,0,mobile,Android,Mexico,Baja California,(direct),(none),0.0,1,1,session_only
71256011.9734252329,1588825722,2021-01-16,1,0,0,0,0,0,desktop,Web,France,Ile-de-France,google,organic,0.0,1,1,session_only
6498957.2860835203,9330963424,2021-01-15,1,0,0,0,0,0,mobile,Android,Brazil,State of Sao Paulo,google,organic,0.0,1,1,session_only
74775172.2140759302,1010335667,2020-11-02,1,0,0,0,0,0,desktop,Web,India,Haryana,(data deleted),(data deleted),0.0,1,1,session_only
51226537.6573138035,1566752337,2020-11-15,1,1,0,0,0,0,mobile,Web,United States,Kansas,<Other>,referral,0.0,2,2,view_item
3454795739.3316423194,9190795856,2020-12-28,1,0,0,0,0,0,mobile,Android,Croatia,City of Zagreb,(direct),(none),0.0,1,1,session_only
5621266.1471524176,7084790683,2020-11-09,1,0,0,0,0,0,desktop,Web,United States,California,(direct),(none),0.0,1,1,session_only
19799646.4062882613,2203058168,2020-12-21,1,1,0,0,0,0,mobile,Web,United States,Minnesota,google,cpc,0.0,3,2,view_item
57475875.6926519678,159871612,2020-11-15,1,0,0,0,0,0,mobile,Web,China,Zhejiang,(direct),(none),0.0,1,1,session_only
6347641.6378925864,5215080084,2021-01-20,1,0,0,0,0,0,desktop,Web,United States,California,(direct),(none),0.0,1,1,session_only
8822878673.4974906772,8895055555,2021-01-28,1,1,1,1,1,1,mobile,Android,Poland,Masovian Voivodeship,shop.googlemerchandisestore.com,referral,0.0,37,6,purchase
21915769.6247161723,8809965472,2020-12-30,1,0,0,0,0,0,desktop,Web,South Korea,Seoul,(direct),(none),0.0,1,1,session_only
4366593.1184199920,7745741571,2020-11-02,1,0,0,0,0,0,desktop,Web,Vietnam,(not set),(direct),(none),0.0,1,1,session_only
3693288.9975167944,9864637108,2020-11-11,1,0,0,0,0,0,desktop,Windows,United States,California,<Other>,<Other>,0.0,1,1,session_only
19627026.7064356813,3139873107,2020-12-20,1,0,0,0,0,0,desktop,Web,United States,Georgia,<Other>,<Other>,0.0,1,1,session_only
4825024.8250959525,4210297850,2021-01-23,1,0,0,0,0,0,desktop,Windows,Australia,Queensland,<Other>,<Other>,0.0,1,1,session_only
4941025.1037689726,9596889496,2020-11-02,1,1,0,1,1,1,desktop,Web,United States,California,(data deleted),(data deleted),86.4,48,6,purchase
8923911.4190935528,8054315099,2021-01-19,1,0,0,0,0,0,desktop,Web,United States,Tennessee,google,organic,0.0,1,1,session_only
4591263.9966180583,2672253056,2021-01-27,1,0,0,0,0,0,mobile,Web,United States,New Hampshire,google,organic,0.0,1,1,session_only
4783448022.7117361410,6090583394,2021-01-19,1,0,0,0,0,0,desktop,Web,Spain,Andalusia,google,organic,0.0,1,1,session_only
60265707.6948302777,1217818169,2021-01-24,1,0,0,0,0,0,mobile,Android,Mexico,State of Mexico,<Other>,<Other>,0.0,1,1,session_only
16313863.6263510052,5398093444,2020-11-11,1,1,0,0,0,0,desktop,Web,United States,Illinois,google,organic,0.0,2,2,view_item
3859009.7531097071,4419605443,2021-01-13,1,0,0,0,0,0,desktop,Web,United States,West Virginia,<Other>,organic,0.0,1,1,session_only
63215058.9209523148,8295504797,2021-01-20,1,1,0,1,1,1,mobile,Web,Austria,Vienna,(data deleted),(data deleted),0.0,23,6,purchase
50203112.4513102744,3582444839,2020-12-04,1,0,0,0,0,0,desktop,Macintosh,Spain,Catalonia,<Other>,<Other>,0.0,1,1,session_only
69842952.4303371249,449724977,2020-12-20,1,0,0,0,0,0,mobile,Web,United States,Virginia,<Other>,referral,0.0,1,1,session_only
6276503.6994767880,1387472482,2021-01-07,1,0,0,0,0,0,mobile,Android,United States,New York,<Other>,<Other>,0.0,1,1,session_only
31844096.5499743319,4664393602,2020-12-23,1,1,1,1,1,1,desktop,Macintosh,Switzerland,(not set),(data deleted),(data deleted),32.48,43,6,purchase
8700955.1584521806,9135291561,2020-11-10,1,1,0,1,1,1,desktop,Web,Canada,Manitoba,<Other>,<Other>,0.0,18,6,purchase
51560875.0195764479,1549513240,2021-01-12,1,0,0,0,0,0,mobile,iOS,Canada,Quebec,(direct),(none),0.0,1,1,session_only
6637945.4595271771,2960830293,2020-11-10,1,0,0,0,0,0,mobile,Android,United States,Georgia,google,organic,0.0,1,1,session_only
9005232.1735327409,4536156999,2020-12-23,1,1,1,0,0,0,desktop,Web,United Kingdom,England,<Other>,<Other>,0.0,4,3,add_to_cart
70816567.7522191733,6335375722,2020-12-14,1,0,0,0,0,0,mobile,Web,United States,New York,<Other>,organic,0.0,1,1,session_only
5419363.1142774721,1836070915,2020-11-24,1,0,0,0,0,0,mobile,iOS,United States,Florida,(direct),(none),0.0,1,1,session_only
32154989.6806202027,8965603879,2020-12-21,1,1,1,1,1,1,desktop,Web,United States,Washington,<Other>,organic,0.0,8,6,purchase
645738251.6415440753,4980340772,2020-12-27,1,0,0,0,0,0,mobile,iOS,Vietnam,Hanoi,google,organic,0.0,1,1,session_only
8294549.6897740312,2130534508,2021-01-04,1,0,0,0,0,0,mobile,Web,United States,Michigan,(direct),(none),0.0,1,1,session_only
34505394.9245325410,2829670908,2020-12-25,1,0,0,0,0,0,desktop,Web,Canada,Saskatchewan,<Other>,<Other>,0.0,1,1,session_only
56599163.5966176250,6342700225,2021-01-10,1,0,0,0,0,0,desktop,Macintosh,Italy,Lazio,(direct),(none),0.0,1,1,session_only
3018471.2187154322,814601883,2020-12-17,1,0,0,0,0,0,mobile,iOS,India,Rajasthan,(direct),(none),0.0,1,1,session_only
51653888.8168746736,4152061880,2021-01-11,1,0,0,0,0,0,mobile,Android,France,Ile-de-France,(data deleted),(data deleted),0.0,1,1,session_only
46405243.3381177923,7784071230,2021-01-28,1,0,0,0,0,0,tablet,iOS,Italy,Sicily,google,organic,0.0,1,1,session_only
8567108.8477307616,5544364684,2020-11-09,1,0,0,0,0,0,desktop,Web,Peru,(not set),google,organic,0.0,1,1,session_only
74772502.4566440978,7551591784,2021-01-25,1,0,0,0,0,0,mobile,Web,(not set),(not set),google,organic,0.0,1,1,session_only
7098458.6529178160,3384302608,2020-11-10,1,1,0,1,1,1,desktop,Web,Canada,Manitoba,(direct),(none),87.4,21,6,purchase
4797037.7815029609,9986431283,2020-11-24,1,0,0,0,0,0,mobile,iOS,United States,Oklahoma,shop.googlemerchandisestore.com,referral,0.0,1,1,session_only
47889450.1728782493,1290606599,2020-11-23,1,0,0,0,0,0,desktop,Windows,Canada,Ontario,google,organic,0.0,1,1,session_only
84278607.3791995324,8764885917,2021-01-26,1,0,0,0,0,0,desktop,Web,United States,New York,<Other>,referral,0.0,1,1,session_only
76878378.4416225257,1730041906,2020-11-19,1,1,0,0,0,0,desktop,Web,United States,Oregon,(direct),(none),0.0,3,2,view_item
3962632390.8175401474,6961508315,2020-11-20,1,0,0,0,0,0,mobile,Web,United States,Georgia,google,organic,0.0,1,1,session_only
36301175.5109997611,8202772929,2021-01-04,1,0,0,0,0,0,mobile,Web,Switzerland,Zurich,google,organic,0.0,1,1,session_only
39794813.8477712173,2479990283,2021-01-27,1,0,0,0,0,0,mobile,Web,United States,Virginia,google,organic,0.0,1,1,session_only
77484293.5790536074,5671587875,2020-11-29,1,0,0,0,0,0,desktop,Web,United States,California,google,organic,0.0,1,1,session_only
9013289.9142451721,5508617245,2021-01-03,1,0,0,0,0,0,mobile,Web,United States,Texas,<Other>,referral,0.0,1,1,session_only
81721583.9250329248,8145543745,2020-12-19,1,0,0,0,0,0,desktop,Web,Singapore,(not set),shop.googlemerchandisestore.com,referral,0.0,1,1,session_only
2564831.7837083440,2291448365,2020-11-02,1,0,0,0,0,0,mobile,iOS,Germany,Baden-Wurttemberg,google,organic,0.0,1,1,session_only
6169463.2215240391,5920585226,2021-01-28,1,0,0,0,0,0,desktop,Macintosh,United States,California,google,organic,0.0,1,1,session_only
5573347986.2620254802,8949750042,2020-12-26,1,1,1,1,1,1,mobile,Web,United States,Texas,google,organic,35.2,18,6,purchase
7713049.2422929851,2018244194,2020-11-20,1,0,0,0,0,0,desktop,Web,South Africa,Gauteng,google,organic,0.0,1,1,session_only
32745391.5732970752,3502223071,2020-12-14,1,0,0,0,0,0,desktop,Web,United States,Mississippi,google,organic,0.0,1,1,session_only
54356025.0400063244,4467750154,2020-11-20,1,0,0,0,0,0,desktop,Windows,United Kingdom,England,<Other>,referral,0.0,1,1,session_only
86632358.3467836651,2761829159,2020-12-21,1,0,0,0,0,0,desktop,Web,United States,Texas,(direct),(none),0.0,1,1,session_only
71154460.4687705807,5953786425,2020-12-21,1,0,0,0,0,0,desktop,Windows,Sweden,Stockholm County,<Other>,<Other>,0.0,1,1,session_only
39571038.0042864152,804527002,2020-11-05,1,0,0,0,0,0,mobile,Web,United States,Alabama,(direct),(none),0.0,1,1,session_only
75126594.8173949759,8579521297,2021-01-11,1,0,0,0,0,0,mobile,Android,Turkey,Istanbul,google,organic,0.0,1,1,session_only
39428413.8893702867,9832101382,2020-12-19,1,0,0,0,0,0,mobile,iOS,United States,Texas,(direct),(none),0.0,1,1,session_only
6801821.5367611951,6071049951,2021-01-31,1,1,1,1,1,1,desktop,Web,Iraq,(not set),(direct),(none),0.0,42,6,purchase
4439956.3715982958,2791172993,2020-11-24,1,0,0,0,0,0,desktop,Web,Mexico,Nuevo Leon,(data deleted),(data deleted),0.0,1,1,session_only
72307001.1210508887,3264371068,2021-01-27,1,0,0,0,0,0,mobile,iOS,United States,California,<Other>,organic,0.0,1,1,session_only
696976342.8316235550,642499015,2020-12-29,1,0,0,0,0,0,desktop,Web,Turkey,Istanbul,(direct),(none),0.0,1,1,session_only
60375734.2639311396,7690834803,2020-12-17,1,0,0,0,0,0,mobile,Web,China,Jiangsu,google,organic,0.0,1,1,session_only
62074107.1528245972,5143582445,2020-11-16,1,0,0,0,0,0,desktop,Macintosh,United States,Virginia,google,cpc,0.0,1,1,session_only
13692359.6354552611,3510805697,2020-12-30,1,0,0,0,0,0,mobile,Android,Hong Kong,(not set),google,organic,0.0,1,1,session_only
7529566.5242088820,5729415317,2021-01-06,1,1,1,0,0,0,mobile,Web,United States,Washington,google,organic,0.0,4,3,add_to_cart
1800236.6952761557,3553542401,2021-01-20,1,0,0,0,0,0,desktop,Web,Canada,Ontario,(data deleted),(data deleted),0.0,1,1,session_only
3656193.2957548400,974572103,2021-01-10,1,0,0,0,0,0,desktop,Macintosh,India,Maharashtra,google,organic,0.0,1,1,session_only
2079366670.2535338540,6514484014,2021-01-03,1,0,0,0,0,0,desktop,Macintosh,Russia,(not set),(direct),(none),0.0,1,1,session_only
8800470.5602847591,1758308839,2021-01-26,1,0,0,0,0,0,desktop,Macintosh,Italy,Lombardy,<Other>,referral,0.0,1,1,session_only
77958242.3312380506,2991805807,2021-01-15,0,1,0,0,0,0,mobile,Android,India,Gujarat,google,organic,0.0,14,2,view_item
30693245.5713883454,2167494561,2021-01-04,1,0,0,0,0,0,mobile,Android,Argentina,Cordoba,google,organic,0.0,1,1,session_only
48293850.3499088450,2603447665,2021-01-01,1,1,0,1,0,0,mobile,Web,United States,Maryland,(direct),(none),0.0,6,4,begin_checkout
48280025.7795152407,7261159014,2020-11-11,1,0,0,0,0,0,desktop,Web,United States,Massachusetts,(direct),(none),0.0,1,1,session_only
6381487.6301962164,278667639,2021-01-26,1,0,0,0,0,0,desktop,Web,Canada,Ontario,<Other>,<Other>,0.0,1,1,session_only
2608462.0797346127,8419126866,2020-12-01,1,1,1,1,1,1,mobile,iOS,Peru,(not set),(direct),(none),0.0,40,6,purchase
2912516.2812833753,7949395257,2020-11-10,1,1,0,0,0,0,desktop,Windows,Ukraine,Lviv Oblast,google,organic,0.0,2,2,view_item
85143546.7700329681,9978026402,2020-11-26,1,1,0,0,0,0,desktop,Web,South Korea,Seoul,google,cpc,0.0,3,2,view_item
2012015.1305038416,7301869830,2020-11-17,1,0,0,0,0,0,desktop,Web,United States,Arizona,(direct),(none),0.0,1,1,session_only
70002194.6499534233,4537500055,2020-11-23,1,0,0,0,0,0,desktop,Web,United States,Washington,<Other>,referral,0.0,1,1,session_only
6039040477.2218508352,2220539396,2021-01-10,1,0,0,0,0,0,mobile,Web,United States,Pennsylvania,google,organic,0.0,1,1,session_only
57180138.8065151390,5268120453,2021-01-26,1,0,0,0,0,0,desktop,Web,Denmark,Capital Region of Denmark,(direct),(none),0.0,1,1,session_only
26435169.9586592708,8533787055,2021-01-29,1,1,1,1,1,1,desktop,Windows,United States,Florida,<Other>,referral,0.0,61,6,purchase
1419995.3398534167,2968955530,2020-12-01,1,0,0,0,0,0,tablet,iOS,United States,Illinois,google,organic,0.0,1,1,session_only
91486963.5336691089,9779524715,2021-01-20,1,0,0,0,0,0,desktop,Web,Hungary,(not set),(data deleted),(data deleted),0.0,1,1,session_only
6034593.0185549831,8900266264,2020-11-10,1,0,0,0,0,0,desktop,Web,India,Uttar Pradesh,<Other>,<Other>,0.0,1,1,session_only
2356120.6950330995,5542038438,2021-01-23,1,1,0,0,0,0,desktop,Windows,United States,New York,google,organic,0.0,2,2,view_item
5605237.7840714386,5720083316,2021-01-30,1,0,0,0,0,0,desktop,Windows,Sri Lanka,Western Province,(direct),(none),0.0,1,1,session_only
33772759.0202090833,5881035862,2020-11-24,1,0,0,0,0,0,mobile,iOS,Spain,Basque Country,<Other>,<Other>,0.0,1,1,session_only
11872066.8039488446,1571872520,2020-11-09,1,0,0,0,0,0,mobile,Android,India,West Bengal,(data deleted),(data deleted),0.0,1,1,session_only
45091158.4453644978,9662376973,2020-12-01,1,0,0,0,0,0,desktop,Windows,India,Rajasthan,(direct),(none),0.0,1,1,session_only
9101317.7466416999,1338624158,2020-12-01,1,0,0,0,0,0,desktop,Web,Japan,(not set),google,cpc,0.0,1,1,session_only
75752736.6140431699,2119783260,2020-11-12,1,1,0,0,0,0,desktop,Web,United Kingdom,England,<Other>,organic,0.0,6,2,view_item
7367164.5769715680,7662671106,2021-01-11,1,0,0,0,0,0,desktop,Web,United States,South Carolina,google,organic,0.0,1,1,session_only
1438931143.3374169100,6984846896,2020-11-02,1,0,0,0,0,0,desktop,Windows,India,West Bengal,google,organic,0.0,1,1,session_only
77713003.6357610057,4784935397,2020-12-14,1,1,1,1,1,1,tablet,iOS,United States,Wisconsin,google,organic,105.2,68,6,purchase
83856272.1479409931,9654434986,2020-11-05,1,0,0,0,0,0,mobile,Web,France,Nouvelle-Aquitaine,google,organic,0.0,1,1,session_only
34261513.7032428213,7484760413,2020-11-07,1,0,0,0,0,0,desktop,Web,United States,Massachusetts,google,organic,0.0,1,1,session_only
56680969.8213941349,8178202594,2021-01-12,1,0,0,0,0,0,desktop,Windows,Italy,Lombardy,google,organic,0.0,1,1,session_only
29904720.9786943360,246844923,2020-11-21,1,0,0,0,0,0,desktop,<Other>,(not set),(not set),<Other>,referral,0.0,1,1,session_only
3937574.6192746906,6672682266,2021-01-09,1,0,0,0,0,0,desktop,<Other>,India,Rajasthan,google,organic,0.0,1,1,session_only
29578272.7881196478,9790954070,2020-11-17,1,1,0,1,1,1,desktop,Web,United States,California,<Other>,referral,0.0,10,6,purchase
73982359.2317709443,8850329610,2020-12-17,1,0,0,0,0,0,mobile,Web,Italy,(not set),google,organic,0.0,1,1,session_only
4962292.4651917455,4966014053,2020-11-16,1,0,0,0,0,0,mobile,iOS,Switzerland,Zurich,google,organic,0.0,1,1,session_only
50837037.5294256808,5408697344,2020-11-29,1,0,0,0,0,0,desktop,Macintosh,United States,New Jersey,(direct),(none),0.0,1,1,session_only
16238480.8394306318,4125290691,2021-01-13,1,0,0,0,0,0,desktop,Macintosh,United States,Louisiana,google,organic,0.0,1,1,session_only
3236823.9216061386,8963385232,2020-12-01,1,1,0,0,0,0,mobile,Web,Canada,Ontario,(direct),(none),0.0,3,2,view_item
8378651.7788193643,5479430942,2021-01-28,0,1,0,0,0,0,desktop,Web,Germany,Hamburg,(data deleted),(data deleted),0.0,1,2,view_item
